Name,SMILES,HOMO /eV,LUMO /eV,EG /eV,Planarity,SA Score,Anionic Reorganisation Energy /eV,Cationic Reorganisation Energy /eV
58,COc1cc2c:C(c3c(OC)ncc4nsnc34):[nH]c2cc1OC,-4.720406,-2.74365,1.976756,0.9999999999943336,2.8583465163646,0.3750769999969634,0.3181829999957699
168,COc1cc2c:C(c3c(OC)ncc4nonc34):[nH]c2cc1OC,-4.870985,-2.788235,2.08275,0.9999999998499282,2.835151198638848,0.4124969999975292,0.3151360000010754
54,COc1cc2c:C(c3cc(C#N)cc4nsnc34):[nH]c2cc1OC,-5.158097,-3.002136,2.155961,0.9999999998351716,2.7944414996421933,0.2840549999964423,0.286818000000494
102,COc1cc2c:C(c3scc4nc(C=O)cnc34):[nH]c2cc1OC,-4.91146,-2.900615,2.010845,0.9999999998242616,2.986182636765937,0.3650730000008479,0.3120249999992666
46,COc1cc2c:C(c3cc(C=O)cc4nsnc34):[nH]c2cc1OC,-4.995353,-2.894281,2.101073,0.9999999997618604,2.8222221016488813,0.3419750000030035,0.310936000001675
110,COc1cc2c:C(c3scc4nc(C#N)cnc34):[nH]c2cc1OC,-5.033466,-3.009198,2.024268,0.9999999994131076,2.990107720377978,0.3061170000073616,0.2970950000017183
39,COc1cc2c:C(c3cccc4nsnc34):[nH]c2cc1OC,-4.838377,-2.465819,2.372558,0.9999999998672658,2.469794991802141,0.3136960000047111,0.3049430000028224
172,COc1cc2c:C(c3c(F)ncc4nonc34):[nH]c2cc1OC,-5.173316,-3.036777,2.136539,0.9999999992973148,2.895955856889918,0.403573999999935,0.2892880000035802
212,COc1cc2c:C(c3occ4nc(C=O)cnc34):[nH]c2cc1OC,-4.912858,-2.859929,2.052929,0.9999999995281592,3.0746715999766403,0.4398979999969015,0.3173989999995683
63,COc1cc2c:C(c3c(O)ncc4nsnc34):[nH]c2cc1OC,-4.765472,-2.794815,1.970657,0.999999997610082,2.983971241505301,0.3774209999974118,0.3093669999943813
62,COc1cc2c:C(c3c(F)ncc4nsnc34):[nH]c2cc1OC,-5.004327,-2.979523,2.024804,0.9999999965432668,2.9202055072395687,0.365354000001389,0.2942939999993541
88,COc1cc2c:C(c3scc4ncc(C=O)nc34):[nH]c2cc1OC,-5.019845,-2.936939,2.082906,0.9999999989816648,2.988143171882996,0.3069569999934174,0.2981109999964246
43,COc1cc2c:C(c3cc(NC(C)=O)cc4nsnc34):[nH]c2cc1OC,-4.777277,-2.403287,2.37399,0.9999999998678192,2.672280840815011,0.3435570000001462,0.3205940000043483
173,COc1cc2c:C(c3c(O)ncc4nonc34):[nH]c2cc1OC,-4.945274,-2.778161,2.167113,0.999999999404784,2.9597215911556525,0.3965860000025714,0.3046809999977995
73,COc1cc2c:C(c3nc(C=O)cc4nsnc34):[nH]c2cc1OC,-5.249653,-3.091061,2.158592,0.9999999995800258,3.026529125060253,0.3040010000040638,0.2904160000034608
307,COc1cc2c:C(c3cccc4nc(C=O)cnc34):[nH]c2cc1OC,-4.906303,-2.712,2.194304,0.9999999950166416,2.586020466945873,0.3943309999958728,0.3215170000003127
108,COc1cc2c:C(c3scc4nc(Br)cnc34):[nH]c2cc1OC,-4.913349,-2.626299,2.28705,0.999999999832196,2.962069143603204,0.3495700000057695,0.3207310000143479
74,COc1cc2c:C(c3nc(S(=O)(=O)O)cc4nsnc34):[nH]c2cc1OC,-5.669642,-3.437616,2.232027,0.999999999827005,3.0940880774510164,0.3348269999987678,0.5456140000096639
105,COc1cc2c:C(c3scc4nc(F)cnc34):[nH]c2cc1OC,-4.857186,-2.500341,2.356845,0.999999999998702,2.9725041086381694,0.3596120000001974,0.3196779999998398
164,COc1cc2c:C(c3cc(C#N)cc4nonc34):[nH]c2cc1OC,-5.326549,-3.05984,2.266709,0.999999997445357,2.7367592253947013,0.3037379999987024,0.2793299999975716
66,COc1cc2c:C(c3cncc4nsnc34):[nH]c2cc1OC,-4.991709,-2.842297,2.149412,0.999999992136523,2.7713187898790643,0.3453500000032363,0.2994229999967501
329,COc1cc2c:C(c3cccc4ncc(C#N)nc34):[nH]c2cc1OC,-5.002919,-2.801225,2.201694,0.999999967968435,2.560401236176641,0.3088190000016766,0.2950090000013006
94,COc1cc2c:C(c3scc4ncc(Br)nc34):[nH]c2cc1OC,-4.866814,-2.61651,2.250304,0.9999999986669792,2.9434083044423645,0.3449309999850811,0.3142599999991944
198,COc1cc2c:C(c3occ4ncc(C=O)nc34):[nH]c2cc1OC,-5.03527,-2.862693,2.172577,0.9999999985519964,3.076632135093698,0.3662559999975201,0.3111080000016955
207,COc1cc2c:C(c3occ4ncc(C#N)nc34):[nH]c2cc1OC,-5.076558,-2.936161,2.140397,0.9999999961182748,3.0667893257291485,0.3286410000000614,0.2887559999981022
321,COc1cc2c:C(c3cccc4ncc(C=O)nc34):[nH]c2cc1OC,-4.986079,-2.782281,2.203798,0.9999999633350468,2.569833928484334,0.3658509999986563,0.3037579999981972
201,COc1cc2c:C(c3occ4ncc(F)nc34):[nH]c2cc1OC,-4.78061,-2.406988,2.373622,0.9999999999085633,3.052671241505302,0.4887020000023767,0.3328449999971781
176,COc1cc2c:C(c3cncc4nonc34):[nH]c2cc1OC,-5.162992,-2.881602,2.28139,0.9999999926830891,2.72089931872522,0.3775989999994635,0.2911939999976312
83,COc1cc2c:C(c3nncc4nsnc34):[nH]c2cc1OC,-5.219654,-3.077489,2.142165,0.9999999840215178,2.929164943725219,0.3396659999925759,0.2963079999972251
220,COc1cc2c:C(c3occ4nc(C#N)cnc34):[nH]c2cc1OC,-5.040447,-2.963363,2.077084,0.9999999854640272,3.07859668358868,0.3770629999999073,0.3035660000023199
91,COc1cc2c:C(c3scc4ncc(F)nc34):[nH]c2cc1OC,-4.788978,-2.489113,2.299865,0.9999999982617664,2.960160052694114,0.3925339999987045,0.3269559999971534
93,COc1cc2c:C(c3scc4ncc(S)nc34):[nH]c2cc1OC,-4.753443,-2.421088,2.332355,0.9999999997035084,3.1688320806661405,0.3645410000026459,0.3213399999949615
218,COc1cc2c:C(c3occ4nc(Br)cnc34):[nH]c2cc1OC,-4.913148,-2.534262,2.378886,0.9999999998504178,3.0545803324143934,0.4299729999911506,0.3279599999950733
204,COc1cc2c:C(c3occ4ncc(Br)nc34):[nH]c2cc1OC,-4.866285,-2.531788,2.334497,0.9999999995026364,3.0359194932535543,0.4298759999946924,0.3193079999909969
52,COc1cc2c:C(c3cc(Br)cc4nsnc34):[nH]c2cc1OC,-5.019858,-2.688397,2.331461,0.9999999939433132,2.7214880247220847,0.3088330000027781,0.298183999984758
79,COc1cc2c:C(c3nc(Br)cc4nsnc34):[nH]c2cc1OC,-5.260654,-2.866374,2.39428,0.9999999997497742,2.9760243883584483,0.3153199999942444,0.2788049999944633
203,COc1cc2c:C(c3occ4ncc(S)nc34):[nH]c2cc1OC,-4.730351,-2.323919,2.406432,0.9999999998694944,3.261343269477329,0.4510079999963636,0.323194999997213
96,COc1cc2c:C(c3scc4ncc(C)nc34):[nH]c2cc1OC,-4.667456,-2.257643,2.409814,0.9999999992740668,2.784018094652154,0.3470400000005611,0.3186570000034407
95,COc1cc2c:C(c3scc4nccnc34):[nH]c2cc1OC,-4.732792,-2.398463,2.334329,0.9999999867692396,2.730829607186756,0.3239179999945918,0.3149000000048545
68,COc1cc2c:C(c3c(C#N)ncc4nsnc34):[nH]c2cc1OC,-5.310363,-3.228198,2.082165,0.999999777065672,2.989917084926473,0.2801590000017313,0.2548619999943184
92,COc1cc2c:C(c3scc4ncc(O)nc34):[nH]c2cc1OC,-4.686904,-2.254092,2.432813,0.9999999998661916,3.033406206540267,0.4473820000057458,0.3463650000048801
177,COc1cc2c:C(c3c(C)ncc4nonc34):[nH]c2cc1OC,-5.113538,-2.803182,2.310356,0.9999999752574644,2.7947950177290792,0.3774709999961487,0.2854100000040489
47,COc1cc2c:C(c3cc(S(=O)(=O)O)cc4nsnc34):[nH]c2cc1OC,-5.154014,-2.978221,2.175793,0.9999995132879383,2.7928981933625003,0.4512899999972433,0.340940000001865
49,COc1cc2c:C(c3cc(F)cc4nsnc34):[nH]c2cc1OC,-4.986046,-2.564408,2.421637,0.9999999974323868,2.6798530596871206,0.3308140000008279,0.2998160000061034
145,COc1cc2c:C(c3c(F)ccc4nonc34):[nH]c2cc1OC,-5.012911,-2.580495,2.432416,0.9999999945473728,2.6073642484983086,0.3669229999977688,0.3030240000007325
184,COc1cc2c:C(c3nc(S(=O)(=O)O)cc4nonc34):[nH]c2cc1OC,-5.875257,-3.518959,2.356299,0.9999999957377592,3.0452775400432177,0.3623769999976503,0.5583800000094925
76,COc1cc2c:C(c3nc(F)cc4nsnc34):[nH]c2cc1OC,-5.21467,-2.752153,2.462517,0.9999999997898096,2.970657954792016,0.3194939999957569,0.2770590000000084
151,COc1cc2c:C(c3c(C#N)ccc4nonc34):[nH]c2cc1OC,-5.342665,-2.990094,2.352571,0.9999998446420852,2.7370843090067414,0.2794549999998708,0.2537830000037502
107,COc1cc2c:C(c3scc4nc(S)cnc34):[nH]c2cc1OC,-4.777144,-2.408226,2.368918,0.9999999959909006,3.1811761366101976,0.3520239999998011,0.319311999999627
178,COc1cc2c:C(c3c(C#N)ncc4nonc34):[nH]c2cc1OC,-5.492829,-3.293355,2.199473,0.9999990956846416,2.9667217672007204,0.3000019999999495,0.2505220000020927
342,COc1cc2c:C(c3cc(C#N)cc4nccnc34):[nH]c2cc1OC,-5.064038,-2.672048,2.39199,0.9999998833134752,2.6056762361766435,0.3115219999999681,0.3036510000019916
103,COc1cc2c:C(c3scc4nc(S(=O)(=O)O)cnc34):[nH]c2cc1OC,-5.350077,-3.205649,2.144428,0.9999983098800428,3.080439183878835,0.530797999999777,0.6724500000054832
217,COc1cc2c:C(c3occ4nc(S)cnc34):[nH]c2cc1OC,-4.770891,-2.300571,2.47032,0.9999999998278458,3.2736873254213865,0.4337309999973513,0.3268800000005285
205,COc1cc2c:C(c3occ4nccnc34):[nH]c2cc1OC,-4.726242,-2.296891,2.429351,0.9999999923528724,2.826231770648296,0.4033060000001569,0.3206630000022414
552,COc1cc2c:C(c3sc(-c4nncc5nsnc45)cc3OC):[nH]c2cc1OC,-4.742387,-3.048958,1.693429,0.9999999881310876,3.186270416026721,0.2533220000041183,0.287625000004482
369,CNc1ncc2nonc2c1C#Cc1cc2cc(OC)c(OC)cc2[nH]1,-4.818223,-2.606326,2.211897,1.0,3.2241273356175064,100000.0,100000.0
445,COc1cc2c:C(C=Cc3occ4ncc(C#N)nc34):[nH]c2cc1OC,-4.924606,-2.854264,2.070341,0.9999999976245686,3.2500694894636606,0.2574410000015632,0.2969489999959478
549,COc1cc2c:C(c3sc(-c4occ5ncc(C#N)nc45)cc3OC):[nH]c2cc1OC,-4.715639,-2.955822,1.759818,0.9999999975987756,3.2893628220120785,0.2428729999955976,0.2756270000027143
446,COc1cc2c:C(c3sc(-c4c(C#N)ncc5nonc45)cc3OC):[nH]c2cc1OC,-4.958306,-3.231498,1.726808,0.9999958949881108,3.224962649151232,0.2251069999983883,0.2558520000020508
540,COc1cc2c:C(C=Cc3scc4nc(C#N)cnc34):[nH]c2cc1OC,-5.064583,-2.97079,2.093793,0.9999988826213126,3.2072368740790456,0.2564690000072005,0.519163999997545
548,COc1cc2c:C(N=Cc3cccc4ncc(C#N)nc34):[nH]c2cc1OC,-5.188013,-2.900172,2.287841,0.9999657966888422,2.973096967755181,0.276743999995233,0.5936319999964326
417,COc1cc2cc(C#Cc3scc4ncc(Br)nc34)n(C)c2cc1OC,-4.889458,-2.629129,2.26033,1.0,3.3117111942453645,100000.0,0.2911509999830741
538,COc1cc2cc(C#CC3:occ4ncc(C#N)nc:34)[nH]c2cc1OC,-5.292926,-3.03932,2.253607,1.0,3.412043643309815,100000.0,100000.0
544,COc1cc2c:C(C=Cc3cc(C#N)cc4nonc34):[nH]c2cc1OC,-5.383512,-3.042461,2.341051,0.9989980043691724,2.981773489463661,0.2424979999996139,0.5325119999979506
454,COc1cc2c:C(C=Cc3cc(F)cc4nsnc34):[nH]c2cc1OC,-4.889029,-2.448096,2.440933,0.9999986781917628,2.9015166207920267,0.2572539999964647,0.2925560000003315
455,COc1cc2c:C(N=Cc3c(F)ncc4nonc34):[nH]c2cc1OC,-5.239399,-3.19959,2.039809,0.999961942065524,3.2910377746381805,0.3891240000011748,0.3307070000009844
409,COc1cc2c:C(c3occ4ncc(F)nc34):n(C)c2cc1OC,-4.716979,-2.256241,2.460738,0.9999999863940396,3.077916061908571,0.4372929999954067,0.3471989999998186
420,COc1cc2cc(-c3cc(OC):C(c4cc(OC(C)=O)cc5nonc45):s3)[nH]c2cc1OC,-4.804233,-2.323187,2.481046,0.9810683478574402,3.0450038931886265,0.3404419999933452,0.3350129999962519
514,COc1cc2cc(-c3cc(OC):C(c4nc(O)cc5nsnc45):s3)[nH]c2cc1OC,-4.882672,-2.44036,2.442312,0.9796531915572756,3.250928236673791,0.3915280000073835,0.2736420000001089
527,COc1cc2cc[nH]c2c(C=Cc2scc3nc(C(F)(F)F)cnc23)c1OC,-5.124819,-2.675848,2.448971,0.9853966702919243,3.347648050991777,0.4159189999918453,0.447031000003335
413,COc1cc2cc(C(=O)O)[nH]c2c(C=Cc2occ3nc(S(=O)(=O)O)cnc23)c1OC,-5.573271,-3.144605,2.428666,0.9831471053124328,3.5244355461784265,0.5315240000054473,0.5754500000039116
486,COc1cc2cc(-c3cc(OC):C(c4nc(Br)cc5nsnc45):s3)n(C)c2cc1OC,-5.150026,-2.740035,2.409991,0.9028531825495176,3.28743132598002,0.4291210000083083,0.5558910000108881
518,COc1cc2cc(C(=O)O)n(C)c2c(C=Cc2c(F)ncc3nsnc23)c1OC,-5.446331,-3.026434,2.419896,0.9275138381641836,3.367837571093876,0.3632309999957215,100000.0
740,COc1cc2c:C(c3sc(-c4cc(C#N)cc5nonc45)cc3OC):[nH]c2cc1OC,-5.048183,-3.127789,1.920394,0.9999985669423488,3.0584898747346365,0.2333159999980125,0.5022140000073705
753,COc1cc2c:C(C#Cc3c(F)ncc4nonc34):[nH]c2cc1OC,-5.183179,-3.062196,2.120983,1.0,3.2365012361766423,0.3599510000021837,100000.0
686,COc1cc2cc(C=Cc3c(OC)ncc4nsnc34)[nH]c2cc1OC,-4.636853,-2.602917,2.033936,0.9999977437494634,3.08297225869443,0.3244880000056582,0.3139950000040699
749,COc1cc2cc(C=Cc3scc4ncc(C)nc34)[nH]c2cc1OC,-4.560796,-2.201966,2.35883,0.9999999998972432,3.021910851561257,0.2955040000088047,100000.0
733,COc1cc2cc(C=CC3:c(C#N)ncc4nonc:34)[nH]c2cc1OC,-5.294964,-3.170492,2.124472,0.9999998413531516,3.1521845663867367,0.224199000003864,0.2399360000017623
742,COc1cc2c:C(C=Cc3c(C#N)ncc4nonc34):[nH]c2cc1OC,-5.294969,-3.170491,2.124478,0.999999858139345,3.1521845663867367,0.2242010000009031,0.23996900000202
755,COc1cc2c:C(c3sc(-c4cc(F)cc5nsnc45)cc3OC):[nH]c2cc1OC,-4.756043,-2.636052,2.119991,0.9998706170132352,3.010074390519944,0.2474569999976665,0.3125139999974635
735,COc1cc2c:C(C#Cc3scc4nc(C#N)cnc34):[nH]c2cc1OC,-5.270874,-3.056241,2.214633,1.0,3.358994412540584,0.2577020000026095,100000.0
757,COc1cc2c:C(C#Cc3c(C)ncc4nonc34):[nH]c2cc1OC,-5.285751,-2.880311,2.40544,1.0,3.130585851561258,100000.0,100000.0
754,COc1cc2c:C(C=Cc3nc(F)cc4nsnc34):[nH]c2cc1OC,-5.053483,-2.735891,2.317592,0.999999999891857,3.177882005407412,0.2584920000081183,0.2684670000016922
566,COc1cc2ccn(C)c2c(C#Cc2nncc3nonc23)c1OC,-5.546012,-3.174953,2.371059,1.0,3.395635851561257,100000.0,100000.0
745,COc1cc2c:C(N=Cc3occ4ncc(C#N)nc34):[nH]c2cc1OC,-5.326276,-3.268591,2.057685,0.9999703680006544,3.478874412540584,0.3000510000019858,100000.0
732,COc1cc2cc(C=NC3:occ4ncc(C#N)nc:34)[nH]c2cc1OC,-5.168753,-2.904961,2.263792,0.9999999989343328,3.3548054894636605,0.2554889999992156,0.3115509999988717
736,COc1cc2cc(C=Cc3scc4nc(C#N)cnc34)n(C)c2cc1OC,-5.01723,-2.950327,2.066903,0.9996821274994134,3.2364466411587003,0.2576150000022608,0.5184060000028694
730,COc1cc2cc(C=NC3:occ4ncc(C#N)nc:34)[nH]c2cc1OC,-5.16882,-2.904941,2.263879,0.9999999938824702,3.3548054894636605,0.2553889999981038,0.3117129999991448
672,COc1cc2cc(C=Cc3occ4ncc(C#N)nc34)n(C)c2cc1OC,-5.049356,-2.917744,2.131613,0.9999361510033364,3.2781667210787795,0.2589779999980237,0.5069190000067465
688,COc1cc2cc(C=Cc3occ4ncc(C#N)nc34)n(C)c2cc1OC,-5.0494,-2.917762,2.131637,0.9999372416428088,3.2781667210787795,0.2589710000029299,0.5069520000033663
628,COc1cc2cc(C=Nc3scc4nc(C=O)cnc34)n(C)c2cc1OC,-5.320361,-2.878058,2.442303,0.9999993215856195,3.302496391408451,0.3036940000019967,0.6619329999957699
758,COc1cc2cc(C=NC3:scc4ncc(Br)nc:34)n(C)c2cc1OC,-4.988921,-2.530079,2.458843,0.9999824138691324,3.2695739801081505,100000.0,0.3260360000131186
941,COc1cc2cc(C=Cc3cc(C=O)cc4nsnc34)[nH]c2cc1OC,-4.891654,-2.751801,2.139853,0.9999939010467735,3.0305377971559686,0.2828979999976582,0.2979600000035134
939,COc1cc2cc(C=Cc3scc4ncc(C=O)nc34)[nH]c2cc1OC,-4.869199,-2.852888,2.016311,0.9999982630801068,3.205429489463661,0.2629830000005313,0.2995149999915156
936,COc1cc2c:C(c3sc(-c4scc5ncc(C=O)nc45)cc3OC):[nH]c2cc1OC,-4.686271,-2.953787,1.732485,0.9999926858336972,3.239527558399286,0.2424009999958798,0.2780120000024908
952,COc1cc2c:C(c3sc(-c4c(F)ncc5nonc45)cc3OC):[nH]c2cc1OC,-4.905295,-3.108411,1.796883,0.9998756900353922,3.1636958574251315,0.33009999999922,0.5051389999935054
922,COc1cc2cc(C#CC3:nncc4nsnc:34)[nH]c2cc1OC,-5.243377,-3.0443,2.199077,1.0,3.32561060618782,0.284166000004916,0.2747779999990598
946,COc1cc2c:C(C=Cc3c(C#N)ccc4nonc34):[nH]c2cc1OC,-5.171875,-2.920348,2.251527,0.9999992482967848,2.9589679510021227,0.2162490000009711,0.2477139999973587
948,COc1cc2c:C(C=Cc3cccc4ncc(C#N)nc34):[nH]c2cc1OC,-4.89284,-2.623202,2.269638,0.9999852472470504,2.7787928257433467,0.2387349999989965,0.2957799999967392
930,COc1cc2c:C(N=Cc3cc(C#N)cc4nsnc34):[nH]c2cc1OC,-5.318796,-3.146199,2.172597,0.9999066139927952,3.216702104848276,0.2658880000017234,0.5735039999999572
951,COc1cc2c:C(C=Cc3cc(Br)cc4nsnc34):[nH]c2cc1OC,-4.922096,-2.563509,2.358587,0.999999419324045,2.91946854386895,0.2480309999955352,0.2920650000014575
953,COc1cc2c:C(C#Cc3cncc4nsnc34):[nH]c2cc1OC,-5.26457,-2.878333,2.386238,1.0,3.1393897270669413,100000.0,100000.0
928,COc1cc2cc(C=NC3:scc4nc(C#N)cnc:34)[nH]c2cc1OC,-5.163721,-2.911794,2.251927,0.999999847209851,3.262820874079045,0.2604920000012498,0.2994770000077551
945,COc1cc2c:C(N=Cc3c(F)ncc4nsnc34):[nH]c2cc1OC,-5.091825,-3.077439,2.014386,0.998125887815046,3.3300646977151045,0.3605180000013206,0.3499529999971855
800,COc1cc2cc(C=Cc3cncc4nonc34)[nH]c2cc1OC,-5.033909,-2.76238,2.271529,0.9998410173026668,2.980772144649359,0.2986619999974209,0.2853680000007443
857,COc1cc2c(ccn2C)c(C#Cc2cc(S(=O)(=O)O)cc3nsnc23)c1OC,-5.278067,-2.847424,2.430643,1.0,3.199511075367379,100000.0,100000.0
934,COc1cc2cc(C=Cc3c(C(F)(F)F)ncc4nonc34)[nH]c2cc1OC,-5.182413,-3.014795,2.167618,0.954894928054474,3.143769569979119,0.3101029999961611,0.2786039999991772
929,COc1cc2cc(-c3cc(OC)c(C4:occ5ncc(C#N)nc:45)s3)[nH]c2cc1OC,-4.953437,-2.770052,2.183385,0.983332621214857,3.277693159090729,0.2590499999932945,0.4757789999930537
940,COc1cc2cc(C3:nc(C=O)cc4nsnc:34)n(C)c2cc1OC,-5.235439,-2.961056,2.274384,0.9865044220752652,3.072393381355408,0.3072350000002188,0.2927680000066175
932,COc1cc2cc(-c3s:C(c4c(C(F)(F)F)ccc5nonc45):cc3OC)[nH]c2cc1OC,-4.859976,-2.828531,2.031445,0.9018143312114408,3.059527894033356,0.3620369999916875,0.3332880000016303
927,COc1cc2cc(-c3cc(OC)c(C4:occ5ncc(C#N)nc:45)s3)[nH]c2cc1OC,-4.952275,-2.701716,2.25056,0.9766751533836586,3.277693159090729,0.2534839999934775,0.3295489999945857
931,COc1cc2c(ccn2C)c(C=Cc2scc3nc(C#N)cnc23)c1OC,-5.058919,-2.784798,2.27412,0.9862679093181608,3.3201835042955645,0.2852109999948879,0.3525119999976596
1144,COc1cc2c:C(N=Cc3c(C#N)ncc4nonc34):[nH]c2cc1OC,-5.349519,-3.389052,1.960468,0.9999999993445736,3.340019643309814,0.2587889999995241,0.2392909999980474
1113,COc1cc2cc(C#CC3:scc4ncc(C=O)nc:34)[nH]c2cc1OC,-5.179346,-2.940125,2.239221,1.0,3.3571870279252,0.2846430000063265,0.3080809999955818
1135,COc1cc2cc(N=Cc3scc4nc(C#N)cnc34)n(C)c2cc1OC,-5.089961,-3.157301,1.93266,0.9999987750188392,3.40480867912074,0.2884860000049229,0.3534509999954025
1129,COc1cc2cc(C#Cc3occ4nc(C#N)cnc34)[nH]c2cc1OC,-5.278357,-3.033386,2.244971,1.0,3.422906412540584,100000.0,100000.0
1139,COc1cc2c:C(N=Cc3cc(C#N)cc4nonc34):[nH]c2cc1OC,-5.464082,-3.276648,2.187433,0.9999969286673132,3.185319335617507,0.2873269999981858,0.5634179999979096
1111,COc1cc2cc(C=NC3:c(C#N)ncc4nonc:34)[nH]c2cc1OC,-5.537198,-3.280577,2.256621,0.9999996418989314,3.2496651817713538,0.2480510000023059,0.2432249999983469
1158,COc1cc2cc(C=Cc3scc4nc(C)cnc34)[nH]c2cc1OC,-4.568849,-2.205024,2.363825,0.999999999394932,3.029391620792028,0.2873490000056335,0.3241130000096746
1126,COc1cc2c:C(N=Cc3c(C#N)ncc4nsnc34):[nH]c2cc1OC,-5.535922,-3.430281,2.105641,0.9999866472669824,3.377485489463661,0.2366439999968861,0.7020919999995385
1149,COc1cc2c:C(C=Cc3cncc4nsnc34):[nH]c2cc1OC,-4.890012,-2.679572,2.210439,0.9943302773818916,3.003636100693315,0.2805790000056731,0.3001319999966654
1014,COc1cc2cc(C=Nc3occ4nc(S(=O)(=O)O)cnc34)[nH]c2cc1OC,-5.272306,-3.019455,2.252851,0.9999998750688316,3.4386803781582813,0.4870420000006561,0.4486689999976079
1107,COc1cc2cc(-c3s:C(c4scc5nc(F)cnc45):cc3OC)[nH]c2cc1OC,-4.548715,-2.566218,1.982497,0.9988300952940669,3.220328236673791,0.2800219999917317,0.2979899999918416
1153,COc1cc2cc(C=Cc3cncc4nonc34)n(C)c2cc1OC,-4.991404,-2.735215,2.256189,0.9993032686662748,3.014030082330489,0.3015299999970011,0.2896489999984624
1125,COc1cc2cc(C=Cc3c(F)ccc4nsnc34)[nH]c2cc1OC,-4.758352,-2.415896,2.342456,0.9999787512424184,2.862660851561259,0.2684339999977965,0.3029080000051181
1161,COc1cc2c:C(N=Cc3nc(O)cc4nsnc34):[nH]c2cc1OC,-5.212107,-2.925336,2.28677,0.9999009427763924,3.4342916207920275,0.3008350000018254,0.3228779999990365
1100,COc1cc2cc(C=Cc3nc(F)cc4nonc34)n(C)c2cc1OC,-5.182159,-2.810291,2.371868,0.9999787917556188,3.158632607966778,0.2817829999985406,0.2699450000072829
1110,COc1cc2cc(C=NC3:cc(C#N)cc4nonc:34)[nH]c2cc1OC,-5.598923,-3.100866,2.498057,0.999997936268485,3.086594412540583,0.2552450000002864,0.2741860000023735
1115,COc1cc2cc(C=Cc3occ4nc(S)cnc34)[nH]c2cc1OC,-4.651094,-2.259286,2.391808,0.9999999980438335,3.4419050823304884,0.3401539999977103,0.331875999996555
1147,COc1cc2cc(N=Cc3nc(C(F)(F)F)cc4nonc34)[nH]c2cc1OC,-5.679347,-3.360356,2.318992,0.9998507806415804,3.3612032603393907,0.3281730000016978,0.7407820000007632
1154,COc1cc2c:C(N=Cc3cc(F)cc4nsnc34):[nH]c2cc1OC,-5.186235,-2.769897,2.416337,0.9998240980729088,3.11354354386895,0.3039800000042305,0.5856740000017453
1140,COc1cc2cc(C=Cc3c(C(F)(F)F)ncc4nsnc34)[nH]c2cc1OC,-5.025941,-2.925609,2.100332,0.9491079741716416,3.179338411264416,0.2906579999980749,0.2877299999963725
1134,COc1cc2cc(-c3cc(OC)c(C4:cc(C#N)cc5nonc:45)s3)[nH]c2cc1OC,-5.158858,-2.873081,2.285777,0.98004366153222,3.069089183291249,0.2452659999980824,0.3054169999959413
1133,COc1cc2cc(C=Cc3c(OC(C)=O)ccc4nonc34)n(C)c2cc1OC,-4.886188,-2.418104,2.468084,0.987044933575405,2.920502257356123,0.3279149999943911,0.3546260000002803
1156,COc1cc2c(ccn2C)c(C=Cc2occ3ncc(C#N)nc23)c1OC,-5.155367,-2.808187,2.34718,0.9919525839172048,3.361903584215644,0.2922049999906448,0.3144719999982044
1324,COc1cc2cc(-c3s:C(c4cc(S(=O)(=O)O)cc5nonc45):cc3OC)[nH]c2cc1OC,-4.846841,-3.012401,1.834441,0.999932156111896,3.0711824846040754,0.3841529999990598,0.3002229999983683
1359,COc1cc2cc(C=Cc3scc4ncc(Br)nc34)[nH]c2cc1OC,-4.737799,-2.541871,2.195928,0.999999996820332,3.16801854386895,0.287425999995321,0.3150659999955678
1321,COc1cc2cc(C3:occ4ncc(C#N)nc:34)n(C)c2cc1OC,-5.011211,-2.775863,2.235348,0.999999979512295,3.0929110411603915,0.297340000004624,0.3031080000000656
1318,COc1cc2cc(C#Cc3nncc4nsnc34)n(C)c2cc1OC,-5.200187,-3.034765,2.165422,1.0,3.308914697715103,100000.0,0.2790160000004107
1358,COc1cc2c:C(c3sc(-c4c(C)ncc5nonc45)cc3OC):[nH]c2cc1OC,-4.865633,-2.878715,1.986918,0.9999163540457638,3.086060794813326,0.3101329999917652,0.5102620000034221
1338,COc1cc2c:C(c3sc(-c4c(F)ncc5nsnc45)cc3OC):[nH]c2cc1OC,-4.72737,-3.019614,1.707756,0.9997907266236838,3.182306054205096,0.3075619999945047,0.3074080000005779
1299,COc1cc2cc(-c3s:C(c4scc5ncc(C#N)nc45):cc3OC)[nH]c2cc1OC,-4.969059,-3.13274,1.836319,0.9999314333006372,3.2318966163076697,0.2092809999958262,0.3468299999949522
1328,COc1cc2cc(C=Cc3cc(C=O)cc4nsnc34)n(C)c2cc1OC,-4.84968,-2.72887,2.12081,0.9998338122747018,3.0643371506492105,0.2823199999984354,0.3021709999957238
1317,COc1cc2cc(C=Cc3scc4ncc(OC(C)=O)nc34)[nH]c2cc1OC,-4.638832,-2.334465,2.304367,0.9999967763811226,3.163719467739586,0.3692389999996521,0.3607039999988046
1241,COc1cc2cc(-c3cc(OC):C(c4occ5nc(S(=O)(=O)O)cnc45):s3)[nH]c2cc1OC,-5.003707,-2.906838,2.096869,0.9998761246335266,3.3702504746785173,100000.0,0.433273000002373
1351,COc1cc2c:C(N=Cc3nc(F)cc4nsnc34):[nH]c2cc1OC,-5.270061,-3.071469,2.198592,0.9999577767112108,3.42559354386895,0.2976849999977276,0.3102269999944838
1224,COc1cc2cc(C=Cc3scc4ncc(Br)nc34)n(C)c2cc1OC,-4.868278,-2.599739,2.268539,0.999678009107052,3.197186662020833,0.2875510000158101,0.5292790000094101
1331,COc1cc2cc(N=Cc3nc(O)cc4nonc34)[nH]c2cc1OC,-5.448301,-3.09868,2.349621,0.9999955350318296,3.384803159253565,0.3283950000004552,0.5513360000004468
1254,COc1cc2cc(C(=O)O)n(C)c2c(C#Cc2scc3nc(C=O)cnc23)c1OC,-5.348732,-2.938842,2.40989,1.0,3.4974476591118178,0.3446620000031544,0.4331320000055711
1316,COc1cc2cc(C=NC3:scc4nc(C#N)cnc:34)n(C)c2cc1OC,-5.319355,-2.950417,2.368938,0.9999723025196297,3.306013674125733,0.2536239999972167,0.5256199999930686
1352,COc1cc2cc(-c3cc(OC)c(C4:cncc5nonc:45)s3)[nH]c2cc1OC,-4.892235,-2.63761,2.254626,0.9808267370030446,3.046696240202545,0.3025180000040564,0.2971200000029057
1301,COc1cc2cc(N=Cc3c(NC(C)=O)ncc4nonc34)[nH]c2cc1OC,-5.452267,-3.14553,2.306737,0.9955867010628846,3.234417929278047,0.4513829999996233,0.79116200000135
1322,COc1cc2cc(-c3cc(OC)c(C4:scc5nc(C#N)cnc:45)s3)[nH]c2cc1OC,-4.951263,-2.790943,2.16032,0.9756469734034452,3.2276105316058548,0.2679860000062035,0.4948310000036144
1557,COc1cc2c:C(c3sc(-c4cncc5nonc45)cc3OC):[nH]c2cc1OC,-4.747449,-2.891727,1.855723,0.999999532880356,3.0354660204223247,0.2894699999960721,0.2845589999924414
1503,COc1cc2c:C(c3sc(-c4c(C#N)ncc5nsnc45)cc3OC):[nH]c2cc1OC,-4.819958,-3.158469,1.66149,0.9999989030862536,3.242945535927377,0.2137409999995725,0.2611779999933787
1559,COc1cc2c:C(C=Cc3c(C)ncc4nonc34):[nH]c2cc1OC,-4.933822,-2.73464,2.199182,0.9999996930400148,3.0135704669458736,0.3058959999980288,0.2778170000055979
1490,COc1cc2cc(-c3s:C(c4occ5ncc(C)nc45):cc3OC)[nH]c2cc1OC,-4.379565,-2.233329,2.146236,0.999999995086436,3.135147020215828,0.3288750000065192,0.3109389999954146
1498,COc1cc2cc(-c3s:C(c4occ5nc(S(=O)(=O)O)cnc45):cc3OC)[nH]c2cc1OC,-4.778362,-3.081574,1.696788,0.9999875533979168,3.3814182166140005,0.4745910000056028,0.3837280000007013
1546,COc1cc2cc(C=CC3:nncc4nsnc:34)n(C)c2cc1OC,-5.01318,-2.869597,2.143583,0.9999710929664168,3.1949550823304893,0.2616119999947841,0.2816699999966658
1549,COc1cc2c:C(C=Cc3nc(Br)cc4nsnc34):[nH]c2cc1OC,-5.097989,-2.840558,2.25743,0.999999995834172,3.197766620792025,0.2737090000155149,0.2666279999975813
1538,COc1cc2c:C(N=Cc3scc4nc(C#N)cnc34):[nH]c2cc1OC,-5.131927,-3.165006,1.966921,0.9999972342090716,3.393716874079045,0.2882109999991371,0.3534259999942151
1487,COc1cc2cc(-c3s:C(c4occ5ncc(S(=O)(=O)O)nc45):cc3OC)[nH]c2cc1OC,-4.780191,-3.008137,1.772054,0.9999541025049,3.3991085391946454,0.4804819999990286,0.4008509999985108
1488,COc1cc2cc(C=Cc3c(C#N)ncc4nonc34)n(C)c2cc1OC,-5.248639,-3.134575,2.114064,0.9990532839309768,3.1828242635363235,0.2250360000034561,0.242844000000332
1510,COc1cc2c:C(N=Cc3scc4nc(C#N)cnc34):[nH]c2cc1OC,-5.194298,-3.190096,2.004202,0.9999438871613966,3.393716874079045,0.2911929999972926,0.5746080000026268
1515,COc1cc2c:C(N=Cc3scc4ncc(C=O)nc34):[nH]c2cc1OC,-5.28209,-3.208999,2.073091,0.9999333050551746,3.3919094894636608,0.3151989999969373,0.7049199999964912
1500,COc1cc2cc(-c3cc(OC)c(C4:cccc5ncc(C#N)nc:45)s3)[nH]c2cc1OC,-4.871862,-2.629507,2.242356,0.9882081390573731,2.930746190556471,0.250651000002108,0.302960000000894
1491,COc1cc2cc(-c3s:C(c4cc(Br)cc5nccnc45):cc3OC)[nH]c2cc1OC,-4.568239,-2.378857,2.189382,0.9809423969124902,2.8942029257285853,0.2680430000036722,0.30777999998827
1492,CNc1cnc2c(C=Cc3cc4cc(OC)c(OC)cc4[nH]3)scc2n1,-4.436373,-2.0152,2.421173,0.9999703462116568,3.128127335617508,0.3694160000013653,0.3581539999941014
1517,COc1cc2cc(C=Cc3occ4ncc(O)nc34)[nH]c2cc1OC,-4.528008,-2.090686,2.437323,0.9999999999302138,3.30644931309972,0.4323300000032759,0.3506510000006528
1525,COc1cc2cc(-c3cc(OC)c(C4:cc(C#N)cc5nsnc:45)s3)[nH]c2cc1OC,-4.913765,-2.766231,2.147534,0.9778676194382336,3.1138091487190787,0.2380580000026384,0.295657000002393
1539,COc1cc2cc(C=Cc3occ4ncc(OC(C)=O)nc34)[nH]c2cc1OC,-4.624152,-2.245505,2.378647,0.9998969343277296,3.21405889081651,0.4271479999952134,0.374537000003329
1506,COc1cc2cc(C=Cc3nc(F)cc4nsnc34)n(C)c2cc1OC,-5.195861,-2.801519,2.394342,0.9999332002391788,3.206783543517714,0.2569479999947361,0.5134499999912805
1542,COc1cc2cc(C3:nncc4nsnc:34)n(C)c2cc1OC,-5.429562,-3.011469,2.418093,0.9878655386205925,2.9768761366101977,0.3468880000000354,0.6330359999992652
1486,COc1cc2cc(-c3s:C(c4c(C=O)ccc5nonc45):cc3OC)[nH]c2cc1OC,-4.873277,-2.941483,1.931794,0.9154179717093618,3.059594455547081,0.3049980000068899,0.2938609999982873
1380,COc1cc2c:C(c3occ4ncc(S)nc34):n(C)c2cc1OC,-4.659748,-2.175537,2.484211,0.9999998706315516,3.280450677293185,0.4071059999914723,0.3333749999947031
1514,COc1cc2cc[nH]c2c(N=Cc2scc3nc(C#N)cnc23)c1OC,-5.317811,-3.135695,2.182116,0.9755649650233498,3.490501489463661,0.3381099999969592,0.5965400000059162
1529,CNc1cc2nsnc2c(C=Nc2cc3cc(OC)c(OC)cc3[nH]2)n1,-5.108836,-2.652954,2.455882,0.999926121961619,3.392806720232892,0.369397000009485,0.5041960000016843
1530,COc1cc2cc(-c3cc(OC)c(C4:scc5nc(C)cnc:45)s3)[nH]c2cc1OC,-4.505577,-2.068511,2.437066,0.9737293181605202,3.068030204473432,0.2919410000031348,0.3452160000015283
1748,COc1cc2c:C(c3sc(-c4nc(Br)cc5nsnc45)cc3OC):[nH]c2cc1OC,-4.785021,-2.939512,1.84551,0.999999885449906,3.2079310989278147,0.2527910000062547,0.2838029999984428
1681,COc1cc2cc(-c3s:C(c4occ5ncc(Br)nc45):cc3OC)[nH]c2cc1OC,-4.539732,-2.585533,1.954199,0.9999999956691245,3.2574697393571537,0.3258630000054836,0.3032710000115912
1694,COc1cc2c:C(C=Cc3c(C#N)ncc4nsnc34):[nH]c2cc1OC,-5.13127,-3.067652,2.063618,0.9999995998952989,3.189650412540584,100000.0,100000.0
1704,COc1cc2c:C(c3sc(-c4scc5nc(C#N)cnc45)cc3OC):[nH]c2cc1OC,-4.684454,-3.001293,1.683161,0.9999984878139112,3.241050635322363,0.2410190000009606,0.2804359999936423
1627,COc1cc2cc(C#Cc3occ4nc(C=O)cnc34)[nH]c2cc1OC,-5.118383,-2.907771,2.210611,1.0,3.419295335617506,100000.0,100000.0
1728,COc1cc2c:C(C=Cc3c(F)ncc4nsnc34):[nH]c2cc1OC,-4.873989,-2.819503,2.054486,0.9999969805516244,3.1344031592535657,0.3078679999962332,0.2864139999946928
1715,COc1cc2nonc2c(C=Cc2cc3cc(OC)c(OC)cc3[nH]2)n1,-5.098929,-2.66553,2.433399,0.9999999996328418,3.0444134894636594,0.2898470000000088,0.2923369999989518
1716,COc1cc2cc(C=CC3:scc4nc(F)cnc:34)[nH]c2cc1OC,-4.726422,-2.442048,2.284374,0.9999999615011436,3.1946896977151047,0.2974459999895771,0.3212510000012116
1699,COc1cc2c:C(C=Cc3cc(C#N)cc4nsnc34):[nH]c2cc1OC,-5.033053,-2.856699,2.176354,0.9999734031663728,3.01315625869443,0.2270579999967594,0.2778239999970537
1746,COc1cc2c:C(c3sc(-c4cc(Br)cc5nsnc45)cc3OC):[nH]c2cc1OC,-4.82404,-2.757231,2.066809,0.9994101514058762,3.0420268055467776,0.2390220000088447,0.5069249999942258
1719,COc1cc2cc(C=Nc3c(C#N)ccc4nonc34)[nH]c2cc1OC,-5.409235,-2.996771,2.412464,0.9999998965494968,3.045881181771353,0.2300990000003366,0.2389149999980873
1677,COc1cc2cc(C=Cc3c(S)ncc4nsnc34)[nH]c2cc1OC,-4.818785,-2.714363,2.104421,0.9999983801724056,3.2988550823304887,0.2946599999995669,0.2846749999953317
1675,COc1cc2cc(-c3s:C(c4scc5nc(S)cnc45):cc3OC)[nH]c2cc1OC,-4.48851,-2.480112,2.008398,0.99999485466094,3.380471886047671,0.2789650000049732,0.2996660000062547
1745,COc1cc2cc(C=NC3:c(C(F)(F)F)ncc4nsnc:34)[nH]c2cc1OC,-5.289302,-3.05682,2.232482,0.9999995834519132,3.2718832992877847,0.2756800000061048,0.2639950000011595
1721,COc1cc2c:C(N=Cc3c(C#N)ccc4nonc34):[nH]c2cc1OC,-5.445062,-3.255778,2.189284,0.9999879714649365,3.1468030279252,0.2516219999997702,0.5328760000011243
1684,COc1cc2cc(C=NC3:c(C#N)ccc4nonc:34)[nH]c2cc1OC,-5.409898,-2.997636,2.412262,0.9999985146678448,3.045881181771353,0.2292650000017602,0.2396450000014738
1737,COc1cc2cc(N=Cc3cc(C=O)cc4nsnc34)[nH]c2cc1OC,-5.182105,-3.0125,2.169605,0.9999298848489326,3.2340836433098143,0.3112949999922421,0.5934399999969173
1702,COc1cc2cc(C=NC3:cncc4nonc:34)[nH]c2cc1OC,-5.284995,-2.849243,2.435752,0.9999992159048956,3.09393082596804,0.3140390000007755,0.2580010000019683
1753,COc1cc2cc(C=NC3:cncc4nonc:34)[nH]c2cc1OC,-5.285001,-2.849245,2.435756,0.9999992145868288,3.09393082596804,0.3140349999994214,0.258003999999346
1685,COc1cc2cc(N=Cc3scc4nc(C)cnc34)[nH]c2cc1OC,-4.828051,-2.520356,2.307694,0.9999972204828192,3.2236416207920264,0.3381410000074538,0.3771820000038133
1672,COc1cc2cc(C=Cc3occ4nc(O)cnc34)[nH]c2cc1OC,-4.594065,-2.113796,2.480269,0.9999999978176154,3.3009666207920274,0.3728450000016892,0.3423309999998309
1917,COc1cc2cc(-c3s:C(c4c(OC)ncc5nonc45):cc3OC)[nH]c2cc1OC,-4.514873,-2.813571,1.701302,0.9999995158240912,3.122958500490902,100000.0,0.3002520000009099
1939,COc1cc2c:C(N=Cc3cncc4nsnc34):[nH]c2cc1OC,-4.963642,-2.889365,2.074278,0.999999918446697,3.2044429138801283,0.3173970000061672,0.3073489999951562
1949,COc1cc2c:C(c3sc(-c4nc(F)cc5nsnc45)cc3OC):[nH]c2cc1OC,-4.74474,-2.840717,1.904023,0.9999976439427094,3.203812673167529,0.2448859999931301,0.2821249999979045
1914,COc1cc2cc(C=Cc3nncc4nonc34)[nH]c2cc1OC,-5.224775,-2.979556,2.245219,0.9999999998459213,3.1267244523416657,0.2844270000023243,0.2738339999996242
1919,COc1cc2c:C(C#Cc3c(F)ncc4nsnc34):[nH]c2cc1OC,-5.203715,-3.019818,2.183897,1.0,3.275528159253565,100000.0,100000.0
1911,COc1cc2c:C(c3sc(-c4c(C#N)ccc5nonc45)cc3OC):[nH]c2cc1OC,-4.978688,-3.042415,1.936273,0.9999252032253274,3.0469291141469093,0.2047290000045905,0.2836949999982607
1877,COc1cc2cc(-c3s:C(c4nc(O)cc5nonc45):cc3OC)[nH]c2cc1OC,-4.855747,-2.801769,2.053977,0.9999932896199926,3.183726089983272,0.2615180000066175,0.2823669999997946
1865,COc1cnc2c(C3:cc(OC)c(-c4cc5cc(OC)c(OC)cc5[nH]4)s:3)scc2n1,-4.403442,-2.256905,2.146537,0.9999965085054896,3.129718223913547,0.3058129999990342,0.31200899999385
1904,COc1cc2cc(N=Cc3cc(Br)cc4nsnc34)n(C)c2cc1OC,-4.95567,-2.771962,2.183708,0.999996952455316,3.147838221272392,0.2895260000077542,0.3074300000007497
1875,COc1cc2cc(C=Cc3occ4ncc(Br)nc34)[nH]c2cc1OC,-4.74237,-2.465794,2.276576,0.9999999959664604,3.2239512361766423,0.3332329999975627,0.3267919999925652
1867,COc1cc2cc(-c3s:C(c4cc(C(F)(F)F)cc5nonc45):cc3OC)[nH]c2cc1OC,-5.06949,-2.944795,2.124695,0.999915302224076,3.043713501973804,0.3209930000011809,0.6391480000020238
1957,COc1cc2c:C(N=Cc3c(C)ncc4nonc34):[nH]c2cc1OC,-5.053947,-2.924631,2.129316,0.9999935092775596,3.2092320054074115,0.351756000000023,0.2969360000024608
1857,COc1cc2cc(C=NC3:c(C#N)ncc4nsnc:34)[nH]c2cc1OC,-5.375094,-3.183271,2.191823,0.9999999371061198,3.287131027925198,0.2335249999960069,0.2516610000020591
1866,COc1cc2cc(C#CC3:nc(Br)cc4nsnc:34)[nH]c2cc1OC,-5.269468,-2.95779,2.311679,1.0,3.326126236176643,0.2886989999969955,0.2587529999873368
1965,COc1cc2c:C(C=Cc3nc(O)cc4nsnc34):[nH]c2cc1OC,-4.991988,-2.594103,2.397885,0.9999999938018378,3.1865800823304893,0.2613859999983106,0.2854179999994812
1876,COc1cc2[nH]ccc2c(C#Cc2scc3nc(C#N)cnc23)c1OC,-5.251844,-2.904241,2.347603,1.0,3.40987625869443,100000.0,100000.0
1840,COc1cc2cc(C=Nc3cncc4nsnc34)[nH]c2cc1OC,-5.142037,-2.774929,2.367108,0.9999980807907912,3.1340728039900174,0.291879999997036,0.265969000000041
1922,COc1cc2cc(C=Nc3cc(C#N)cc4nonc34)n(C)c2cc1OC,-5.416602,-2.99459,2.422013,0.9999995129523008,3.1343645232765827,0.2530429999969783,0.2449399999968591
1947,COc1cc2c:C(C#Cc3nc(Br)cc4nsnc34):[nH]c2cc1OC,-5.488262,-3.060653,2.427609,1.0,3.326126236176643,100000.0,100000.0
1893,COc1cc2cc(C=Cc3cccc4ncc(C=O)nc34)[nH]c2cc1OC,-4.873241,-2.580866,2.292375,0.998006575993764,2.7874999263350624,100000.0,0.3011669999978039
1931,COc1cc2cc(N=Cc3cccc4nonc34)[nH]c2cc1OC,-5.205223,-2.76623,2.438993,0.999975716348172,2.8979325842098,0.319844000001467,0.5873010000032082
1905,COc1cc2cc(-c3cc(OC)c(C4:cc(C=O)cc5nsnc:45)s3)[nH]c2cc1OC,-4.830165,-2.728363,2.101801,0.9771050647276236,3.135346918814152,0.2723039999982575,0.3103780000019469
1930,COc1cc2cc(N=Cc3nc(S(=O)(=O)O)cc4nonc34)[nH]c2cc1OC,-5.77465,-3.661896,2.112754,0.9998149903939646,3.4677660646237136,0.4415249999947264,0.4740090000050259
1871,COc1cc2cc(C=Cc3nc(S(=O)(=O)O)cc4nonc34)[nH]c2cc1OC,-5.539444,-3.275765,2.263679,0.9973401818826716,3.2420036498233245,0.4455140000063693,0.4261520000000018
1862,COc1cc2cc(C=NC3:nncc4nsnc:34)[nH]c2cc1OC,-5.383583,-2.907704,2.475879,0.9999999904814708,3.272247529264744,0.2578439999997499,0.2763510000004316
1941,COc1cc2cc(C=NC3:scc4nc(F)cnc:34)[nH]c2cc1OC,-4.993714,-2.505715,2.487999,0.9999992424740002,3.252589697715104,0.2946999999985564,0.3317499999975553
2117,COc1cc2c:C(C#Cc3cc(C=O)cc4nsnc34):[nH]c2cc1OC,-5.05148,-2.874,2.17748,1.0,3.198943951002123,100000.0,100000.0
2138,COc1cc2c:C(C=Cc3nncc4nsnc34):[nH]c2cc1OC,-5.058124,-2.899967,2.158157,0.9999999999044644,3.166866430363644,0.2600299999976414,0.2789599999960046
2109,COc1cc2c:C(c3sc(-c4nc(C=O)cc5nsnc45)cc3OC):[nH]c2cc1OC,-4.958977,-3.148268,1.81071,0.9999936700022054,3.254697653472752,0.230851000000257,0.5027070000069216
2064,COc1cc2cc(C=Cc3scc4nccnc34)[nH]c2cc1OC,-4.615575,-2.329587,2.285988,0.9999999995685258,2.975342474319689,0.2739410000067437,0.3202450000026147
2118,COc1cc2cc(C=Cc3scc4ncc(C#N)nc34)n(C)c2cc1OC,-5.018419,-2.968809,2.04961,0.9999365491395048,3.225866021778081,0.2261249999937717,0.4974789999978384
2068,COc1cc2cc(-c3s:C(c4c(C)ccc5nonc45):cc3OC)[nH]c2cc1OC,-4.718513,-2.509331,2.209182,0.9999573959435166,2.925542011271286,0.2693660000004456,0.3130130000063218
2146,COc1cc2c:C(N=Cc3nc(Br)cc4nsnc34):[nH]c2cc1OC,-5.160275,-3.089302,2.070973,0.9999997792467894,3.4454781592535664,0.3118230000109179,0.269375999996555
2127,COc1cc2c:C(N=Cc3occ4ncc(C#N)nc34):n(C)c2cc1OC,-5.101165,-3.163759,1.937406,0.9999906726247556,3.487754333466393,0.2965390000026673,0.3358310000112396
2149,COc1cc2c:C(N=Cc3cncc4nonc34):[nH]c2cc1OC,-5.264286,-3.072871,2.191416,0.9999747810683972,3.181578957836172,0.3451720000011846,0.3352909999994153
2153,COc1cc2c(ccn2C)c(C#CC2:scc3nc(C#N)cnc:23)c1OC,-5.195855,-2.887771,2.308084,1.0,3.396705981818041,100000.0,100000.0
2129,COc1cc2cc(C#CC3:nc(F)cc4nsnc:34)n(C)c2cc1OC,-5.193499,-2.842036,2.351463,1.0,3.2760461214802934,100000.0,0.2622890000056941
2033,COc1cc2cc(C=Cc3nc(C)cc4nonc34)[nH]c2cc1OC,-5.053577,-2.630651,2.422926,0.9999999997515034,2.969897390022796,0.2651540000006207,0.2763080000004265
2136,COc1cc2nsnc2c(C=Cc2cc3cc(OC)c(OC)cc3[nH]2)n1,-4.928089,-2.56157,2.366518,0.9999999963729967,3.091922412540584,0.2667199999996228,0.2837919999947189
2125,COc1cc2cc(C=NC3:c(S)ncc4nsnc:34)[nH]c2cc1OC,-5.070116,-2.822472,2.247644,0.999999974889412,3.383599313099719,0.3068780000030529,0.2594509999980801
2069,COc1cc2cc(N=Cc3nc(C#N)cc4nsnc34)[nH]c2cc1OC,-5.460843,-3.3681,2.092743,0.9999452393291192,3.4756381048482776,0.2534379999997327,0.5707939999992959
2115,COc1cc2cc(C=Cc3cccc4nsnc34)[nH]c2cc1OC,-4.762282,-2.33711,2.425172,0.9999973958419576,2.695879617176832,0.246289999995497,0.3025150000030407
2159,COc1cc2c:C(N=Cc3cncc4nonc34):[nH]c2cc1OC,-5.468547,-3.163742,2.304806,0.9998930959539364,3.181578957836172,0.3478329999961715,0.7458559999977297
2053,COc1cc2cc(C=Cc3cc(NC(C)=O)cc4nonc34)[nH]c2cc1OC,-4.838981,-2.357681,2.4813,0.9999935009621992,2.8749181215857416,0.3061180000077002,0.3052870000028633
2162,COc1cc2cc(C=Cc3occ4nc(C(F)(F)F)cnc34)[nH]c2cc1OC,-4.975222,-2.643913,2.331309,0.9999847735006306,3.2210766780609106,0.4217760000028647,0.5473940000010771
2147,COc1cc2cc(-c3cc(OC)c(C4:cncc5nsnc:45)s3)[nH]c2cc1OC,-4.778314,-2.597945,2.180368,0.9767295816090786,3.0851110753673785,0.2905239999963669,0.3112059999984922
2101,COc1cc2cc(C=Cc3nc(C)cc4nsnc34)n(C)c2cc1OC,-4.859744,-2.490225,2.369519,0.9998378788878256,3.05257106950524,0.2495829999970737,0.2845090000046184
2100,COc1cc2cc(C=NC3:scc4ncc(Br)nc:34)[nH]c2cc1OC,-5.015572,-2.577526,2.438046,0.9999999395994936,3.22591854386895,0.2798889999976381,0.3220549999823561
2131,COc1cc2cc(N=Cc3nc(OC(C)=O)cc4nsnc34)[nH]c2cc1OC,-5.273403,-3.017289,2.256114,0.9998547369330814,3.4209152369703544,0.3510339999920688,100000.0
2105,COc1cc2cc(C=Cc3nc(C(F)(F)F)cc4nonc34)[nH]c2cc1OC,-5.469396,-3.049314,2.420082,0.9999021045827076,3.1354408455390024,0.2780179999972461,0.5380440000008093
2063,COc1cc2c(ccn2C)c(C=Nc2c(C#N)ncc3nonc23)c1OC,-5.46883,-3.189718,2.279112,0.996419447746516,3.3508014863135456,0.2668689999991329,0.4146790000013425
2111,COc1cc2ccn(C)c2c(N=Cc2nncc3nsnc23)c1OC,-5.235151,-3.143924,2.091228,0.9782083150946648,3.496412774638181,0.3957129999980679,0.6809780000039609
2106,COc1cc2cc[nH]c2c(N=Cc2c(C(F)(F)F)ncc3nsnc23)c1OC,-5.333424,-3.212896,2.120527,0.9761347831345982,3.44954697991096,0.3418860000092536,0.8642720000061672
2236,COc1cc2cc(-c3s:C(c4occ5nc(C=O)cnc45):cc3OC)[nH]c2cc1OC,-4.574153,-2.862687,1.711466,0.999999999840692,3.2954737986758644,0.3507769999996526,0.3024969999969471
2298,COc1cc2cc(C=Cc3scc4nc(C=O)cnc34)[nH]c2cc1OC,-4.774458,-2.783595,1.990863,0.9999999991551524,3.203625797155968,0.308283999991545,0.3129879999978584
2345,COc1cc2cc(-c3s:C(c4occ5nc(NC(C)=O)cnc45):cc3OC)[nH]c2cc1OC,-4.391324,-2.273873,2.117451,0.99999998623647,3.200104384186991,0.376442999993742,0.3271009999953094
2320,COc1cc2cc(C=Cc3nc(C=O)cc4nonc34)[nH]c2cc1OC,-5.266965,-3.051404,2.215561,0.9999999997768614,3.1916294894636605,0.2518049999926006,0.2687220000007073
2246,COc1cc2cc(C=CC3:nc(C=O)cc4nsnc:34)[nH]c2cc1OC,-5.098023,-2.949764,2.148259,0.9999999982305054,3.2391384125405835,0.2377469999919412,0.2730910000027506
2344,COc1cc2cc(C#CC3:c(S)ncc4nsnc:34)[nH]c2cc1OC,-4.979791,-2.836123,2.143668,1.0,3.423182005407412,100000.0,0.2653439999994589
2247,COc1cc2cc(-c3s:C(c4occ5ncc(O)nc45):cc3OC)[nH]c2cc1OC,-4.374812,-2.225954,2.148858,0.999999993217178,3.326537896781124,0.4284800000023097,0.3305739999996149
2256,COc1cc2cc(C=NC3:cc(C#N)cc4nsnc:34)[nH]c2cc1OC,-5.281193,-2.944015,2.337178,0.9999998375836032,3.1341033356175068,0.2407760000060079,0.2518130000098608
2340,COc1cc2ccn(C)c2c(C#Cc2nncc3nsnc23)c1OC,-5.394005,-3.078613,2.315392,1.0,3.4346627746381806,100000.0,100000.0
2349,COc1cc2cc(N=Cc3cncc4nsnc34)n(C)c2cc1OC,-5.140071,-2.968109,2.171962,0.9999471041719024,3.217291620792027,0.3265059999976074,0.6009689999991679
2240,COc1cc2cc(C=Cc3cc(C#N)cc4nccnc34)[nH]c2cc1OC,-4.940598,-2.525382,2.415217,0.9999864132582136,2.833364423376484,0.2392520000030344,0.2914620000046852
2303,COc1cc2c:C(N=Cc3nc(C=O)cc4nsnc34):[nH]c2cc1OC,-5.508624,-3.330401,2.178223,0.999992261461114,3.4769414894636608,0.2673880000074859,0.7400810000035563
2261,COc1cc2cc(C(=O)O)n(C)c2c(C#Cc2scc3nc(C#N)cnc23)c1OC,-5.45765,-3.060292,2.397358,1.0,3.500671834935993,0.3019360000034794,0.4216419999938807
2259,COc1cc2cc(C=NC3:c(C#N)ncc4nonc:34)n(C)c2cc1OC,-5.692445,-3.317136,2.375309,0.9999988388481476,3.2931996881117485,0.242233999997552,0.2667629999996279
2293,COc1cc2nsnc2c(C=NC2:cc3cc(OC)c(OC)cc3[nH]:2)n1,-5.338395,-2.972413,2.365982,0.999990025960839,3.32972548946366,0.3097679999991669,100000.0
2287,COc1cc2cc(C=Cc3occ4ncc(C(F)(F)F)nc34)[nH]c2cc1OC,-4.989163,-2.658927,2.330237,0.9988290012914408,3.2075389954903155,0.3999789999943459,0.5439009999972768
2311,COc1cc2cc(C=Cc3scc4nc(C)cnc34)n(C)c2cc1OC,-4.694072,-2.267254,2.426818,0.9996872827071124,3.0623064125405826,0.2907759999943664,0.5269969999935711
2302,COc1cc2cc(-c3cc(OC)c(C4:nncc5nsnc:45)s3)[nH]c2cc1OC,-4.925167,-2.747845,2.177323,0.9854633973420548,3.19038964679595,0.4307699999990291,0.2805299999963608
2265,COc1cc2cc(C=Nc3scc4nc(S(=O)(=O)O)cnc34)[nH]c2cc1OC,-5.471063,-3.149839,2.321224,0.9998635288804356,3.341040456055068,0.4266590000042924,0.6418240000057267
2365,COc1cc2c:C(c3nc(C#N)cc4nsnc34):n(C)c2cc1OC,-5.564842,-3.134966,2.429876,0.9930539801849136,3.084648202590511,0.2567259999923408,0.6008550000042305
2294,COc1cc2cc(C=Cc3occ4ncc(S)nc34)[nH]c2cc1OC,-4.77604,-2.338171,2.43787,0.9999994851259688,3.4305896977151047,0.3550699999977951,0.5297329999957583
2304,CNc1cnc2coc(C=Nc3cc4cc(OC)c(OC)cc4[nH]3)c2n1,-4.526049,-2.144537,2.381512,0.9998922838292584,3.415108258694429,0.5387059999993653,0.417994000003091
2262,COc1cc2cc(C(=O)O)[nH]c2c(N=Cc2c(C#N)ccc3nonc23)c1OC,-5.695654,-3.345462,2.350191,0.9916114881704596,3.2638142648608115,0.3049100000062026,100000.0
2339,COc1cc2[nH]ccc2c(N=Cc2c(C#N)ncc3nonc23)c1OC,-5.356766,-3.343725,2.013041,0.9768284423748244,3.4056965663867373,0.3047680000017863,0.4401120000038645
2354,COc1cnc2c(C=Nc3cc4cc(OC)c(OC)cc4[nH]3)scc2n1,-4.997994,-2.517203,2.480791,0.9997773665810264,3.261602412540584,0.3792649999959394,0.7312329999986105
2361,COc1cc2cc(C=Cc3c(OC(C)=O)ccc4nonc34)[nH]c2cc1OC,-4.923205,-2.434577,2.488628,0.9886066853919108,2.881320236970355,0.3293939999930444,0.353159999998752
2428,COc1cc2cc(-c3s:C(c4c(OC)ccc5nonc45):cc3OC)[nH]c2cc1OC,-4.419867,-2.419379,2.000488,0.9999998286768352,2.9132250519170046,0.3040540000001783,0.3119270000024698
2437,COc1cc2cc(C=CC3:scc4ncc(C#N)nc:34)[nH]c2cc1OC,-4.892675,-2.907049,1.985626,0.9999999999108832,3.1963741048482763,0.2239300000001094,0.2819000000090454
2440,COc1cc2cc(C=Cc3c(Br)ncc4nonc34)[nH]c2cc1OC,-5.088467,-3.023201,2.065266,0.9999995923645136,3.145422390022796,0.3272599999909289,0.2629220000089844
2524,COc1cc2nonc2c(-c2cc(OC)c(C3:cc4cc(OC)c(OC)cc4[nH]:3)s2)n1,-4.97961,-2.842794,2.136816,0.9999977654908256,3.09418183670525,0.2679710000011255,0.4909529999931692
2446,COc1cc2cc(C#CC3:nc(C=O)cc4nonc:34)[nH]c2cc1OC,-5.426652,-3.208287,2.218365,1.0,3.298728566386738,100000.0,0.2624529999957303
2427,COc1cc2cc(-c3s:C(c4c(C=O)ncc5nsnc45):cc3OC)[nH]c2cc1OC,-4.897751,-3.139782,1.757969,0.9999870415850188,3.289061006973183,0.2042610000062268,0.2803260000000591
2475,COc1cc2cc(C#Cc3c(C=O)ccc4nonc34)[nH]c2cc1OC,-5.329562,-2.981758,2.347804,1.0,3.1098891817713525,0.2696329999998852,0.2530769999975746
2504,COc1cc2cc(-c3s:C(c4scc5ncc(F)nc45):cc3OC)[nH]c2cc1OC,-4.608309,-2.584524,2.023785,0.9999803463274616,3.2108548914143986,0.3106709999992745,0.3227570000017294
2477,COc1cc2cc(C#CC3:nncc4nonc:34)[nH]c2cc1OC,-5.400599,-3.141008,2.259591,1.0,3.2854686281658427,0.3145340000046417,0.2701750000014726
2488,COc1cc2cc(C=Cc3occ4nc(Br)cnc34)[nH]c2cc1OC,-4.778338,-2.475372,2.302966,0.9999999997708754,3.241057005407412,0.33806700000423,0.3314609999943059
2453,COc1cc2ccn(C)c2c(C#Cc2scc3nc(C#N)cnc23)c1OC,-5.258448,-3.02002,2.238427,1.0,3.464091796003854,0.3041149999917252,0.4538229999961913
2514,COc1cc2cc(-c3s:C(c4nc(C(F)(F)F)cc5nonc45):cc3OC)[nH]c2cc1OC,-5.210754,-3.169264,2.04149,0.9995418144086792,3.1827541967628843,0.2569839999996475,0.6430839999957243
2536,COc1cc2cc(N=Cc3cc(C#N)cc4nccnc34)[nH]c2cc1OC,-5.167625,-2.784167,2.383458,0.99999801089088,3.0290815831397966,0.2781140000042796,0.3476499999997031
2526,COc1cc2cc(N=Cc3c(Br)ncc4nonc34)[nH]c2cc1OC,-5.322076,-3.247583,2.074493,0.999978982244611,3.341083928484334,0.3527560000075027,0.3383899999898858
2530,COc1cc2c:C(N=Cc3nncc4nsnc34):[nH]c2cc1OC,-5.282499,-3.202708,2.079792,0.9999823909054332,3.404377419374633,0.2974500000054831,0.3237040000021807
2480,COc1cc2cc(C=Cc3scc4nc(S)cnc34)[nH]c2cc1OC,-4.657768,-2.352561,2.305207,0.9999999996837636,3.385972390022797,0.2968629999959375,0.3231710000036401
2556,COc1cc2cc(C=Cc3nc(C=O)cc4nonc34)n(C)c2cc1OC,-5.224503,-3.0208,2.203703,0.9999508420045592,3.2212446431567017,0.2534939999968628,0.2725879999925382
2518,COc1cc2cc(C=Cc3c(F)ccc4nsnc34)n(C)c2cc1OC,-4.71781,-2.394766,2.323044,0.9997809022535412,2.900081880316052,0.2684740000040619,0.3071029999991879
2502,COc1cc2cc(N=Cc3scc4ncc(F)nc34)[nH]c2cc1OC,-4.927221,-2.699259,2.227961,0.9999869336669572,3.3776243130997186,0.3652900000015506,0.3868849999926169
2452,COc1cc2cc(C=Cc3scc4ncc(NC(C)=O)nc34)[nH]c2cc1OC,-4.600272,-2.290761,2.309511,0.999935472998633,3.078660813893432,0.3425050000005285,0.3591440000018338
2468,COc1cc2cc(C=CC3:nc(O)cc4nonc:34)[nH]c2cc1OC,-5.16525,-2.702945,2.462305,0.99999999944708,3.1370916207920274,0.2846740000022691,0.2896630000032019
2549,COc1cc2cc(N=Cc3occ4nc(S(=O)(=O)O)cnc34)[nH]c2cc1OC,-5.361468,-3.296556,2.064913,0.9995855101958168,3.5564673304465,0.5943299999998999,0.7756319999971311
2448,COc1cc2cc(C=Cc3cc(F)cc4nonc34)[nH]c2cc1OC,-5.035674,-2.537702,2.497971,0.999997848232639,2.868826236176643,0.2811739999960991,0.2882269999972777
2460,COc1cc2cc[nH]c2c(N=Cc2c(C#N)ncc3nonc23)c1OC,-5.531181,-3.488225,2.042956,0.994324890447356,3.43680425869443,100000.0,100000.0
2542,COc1cc2cc(C=Cc3c(S)ncc4nsnc34)n(C)c2cc1OC,-4.962615,-2.766957,2.195658,0.9997661253222808,3.3244870778212494,0.2931939999980386,0.5244279999969876
2539,COc1cc2[nH]ccc2c(C#Cc2c(S)ncc3nsnc23)c1OC,-5.161711,-2.732763,2.428948,1.0,3.4761839284843346,100000.0,100000.0
2444,COc1cc2cc(C=Cc3cc(NC(C)=O)cc4nsnc34)[nH]c2cc1OC,-4.706722,-2.289865,2.416857,0.999938263122056,2.904339467739586,0.2840390000055777,0.3080709999994724
2432,COc1cc2cc(C=NC3:nc(C=O)cc4nsnc:34)[nH]c2cc1OC,-5.415181,-2.960483,2.454698,0.99999998574073,3.3536202586944297,0.2396119999975781,0.2596289999928558
2487,COc1cc2cc(C=NC3:occ4ncc(C#N)nc:34)n(C)c2cc1OC,-5.311421,-2.946313,2.365107,0.9999799967114348,3.3956090787211384,100000.0,0.5281430000031833
2677,COc1cc2nsnc2c(-c2cc(OC)c(C3:cc4cc(OC)c(OC)cc4[nH]:3)s2)n1,-4.664242,-2.69244,1.971802,0.9999999990375028,3.1342174460397354,0.2509510000090813,0.2792360000094049
2622,COc1cc2cc(-c3s:C(c4c(F)ccc5nsnc45):cc3OC)[nH]c2cc1OC,-4.499225,-2.575065,1.924159,0.9999962469922348,2.953986197317798,0.2672319999983301,0.3031990000017686
2649,COc1cc2c:C(c3sc(-c4cc(C#N)cc5nsnc45)cc3OC):[nH]c2cc1OC,-4.746428,-2.982334,1.764094,0.9999984426403048,3.103209840162468,0.2222959999999147,0.2817109999959939
2621,COc1cc2cc(-c3s:C(c4c(O)ncc5nsnc45):cc3OC)[nH]c2cc1OC,-4.429048,-2.803711,1.625336,0.9999989247832716,3.231242547943916,0.3256620000101975,0.3004770000043208
2726,COc1cc2c:C(c3sc(-c4cncc5nsnc45)cc3OC):[nH]c2cc1OC,-4.623227,-2.833852,1.789375,0.9999937328040872,3.07388085558716,0.2718719999975292,0.2908899999965797
2753,COc1cc2cc(N=Cc3c(C#N)ccc4nsnc34)[nH]c2cc1OC,-5.07668,-3.015681,2.060999,0.9999999939145978,3.1764227202328907,0.2321860000010929,0.262605000003532
2631,COc1cc2cc(C=Cc3occ4nc(C#N)cnc34)[nH]c2cc1OC,-4.890461,-2.857052,2.03341,0.9999999930477692,3.26093225869443,0.2953210000014223,0.3088539999989734
2724,COc1cc2cc(C#CC3:c(Br)ncc4nonc:34)[nH]c2cc1OC,-5.26054,-3.102979,2.157561,1.0,3.2697493130997195,100000.0,0.2521669999987352
2640,COc1cc2cc(C=Cc3c(C=O)ncc4nonc34)[nH]c2cc1OC,-5.171884,-3.125035,2.046848,0.9999984132234884,3.2069082586944297,0.229814999991504,0.2561869999917689
2728,COc1cc2c:C(C#Cc3nc(C#N)cc4nsnc34):n(C)c2cc1OC,-5.317156,-3.159793,2.157363,1.0,3.3485213664334257,100000.0,0.2625069999994593
2739,COc1cc2cc(C#Cc3nc(C#N)cc4nonc34)n(C)c2cc1OC,-5.479445,-3.265128,2.214317,1.0,3.3022464413585,100000.0,0.261661999997159
2637,COc1cc2cc(-c3s:C(c4cc(C)cc5nsnc45):cc3OC)[nH]c2cc1OC,-4.506201,-2.404187,2.102014,0.999978526807684,2.9839808305915003,0.2429379999957746,0.3030850000068312
2709,COc1cc2cc(C=Cc3scc4ncc(F)nc34)[nH]c2cc1OC,-4.663608,-2.40479,2.258817,0.999999999873423,3.183374313099719,0.3253420000037295,0.3258589999968535
2736,COc1cc2cc(C=Cc3nc(Br)cc4nonc34)[nH]c2cc1OC,-5.267648,-2.938566,2.329082,0.9999999998727956,3.1482781592535645,0.3004220000148052,0.2655660000018542
2617,COc1cc2cc(-c3s:C(c4cc(S)cc5nonc45):cc3OC)[nH]c2cc1OC,-4.870955,-2.645695,2.22526,0.9999931298845488,3.2041105264770104,0.3595929999937652,0.5108970000001136
2664,COc1cc2cc(C=Cc3scc4ncc(C(F)(F)F)nc34)[nH]c2cc1OC,-4.967631,-2.719898,2.247733,0.9999867781208552,3.1565623645263434,0.3486259999990579,0.5326139999961015
2722,COc1cc2c:C(c3sc(-c4cccc5ncc(C#N)nc45)cc3OC):[nH]c2cc1OC,-4.811736,-2.850665,1.961071,0.9879345725883172,2.909058899586574,0.2475719999929424,0.512840999996115
2743,COc1cc2cc(-c3s:C(c4cc(NC(C)=O)cc5nonc45):cc3OC)[nH]c2cc1OC,-4.86754,-2.543952,2.323588,0.9999896318293372,2.975550701699266,0.2866540000104578,0.5209830000021611
2613,COc1cc2cc(-c3s:C(c4cc(C(F)(F)F)cc5nsnc45):cc3OC)[nH]c2cc1OC,-4.946014,-2.875729,2.070285,0.9976499642534752,3.086510028028393,0.3092660000038449,0.6349599999957718
2714,COc1cc2cc(C=CC3:cc(Br)cc4nsnc:34)n(C)c2cc1OC,-4.880681,-2.541733,2.338948,0.9999657660345356,2.9553542295884,0.2483720000018365,0.2958339999895543
2720,COc1cc2nonc2c(C=NC2:cc3cc(OC)c(OC)cc3[nH]:2)n1,-5.382234,-3.051287,2.330946,0.9999970098936406,3.2822165663867384,0.3345050000061746,0.5414000000018859
2685,COc1cc2cc(C=Cc3c(Br)ccc4nsnc34)[nH]c2cc1OC,-5.019864,-2.646657,2.373207,0.9999346045829554,2.9325166207920272,0.2425600000133272,0.5278390000021318
2733,COc1cc2cc[nH]c2c(C#Cc2nncc3nonc23)c1OC,-5.68167,-3.224137,2.457533,1.0,3.404418957836172,100000.0,100000.0
2654,COc1cc2cc(C=Nc3occ4nc(C#N)cnc34)[nH]c2cc1OC,-5.332245,-2.957291,2.374955,0.9999925897829322,3.365668258694429,0.2964189999984228,0.5384679999988293
2686,COc1cc2cc(C=Cc3cc(F)cc4nsnc34)n(C)c2cc1OC,-4.848667,-2.427352,2.421315,0.9998563237282112,2.9378874936216643,0.2575470000010682,0.2975190000070142
2684,COc1cc2cc(N=Cc3occ4nc(F)cnc34)n(C)c2cc1OC,-4.982785,-2.70794,2.274845,0.999964633868508,3.49564237927655,0.3917249999940395,0.590161000007356
2691,COc1cc2cc(N=Cc3nc(S)cc4nsnc34)[nH]c2cc1OC,-5.430398,-3.085933,2.344464,0.9999948594924422,3.58479931309972,0.2974160000012489,0.6765680000025895
2612,COc1cc2cc(-c3s:C(c4c(Br)ncc5nsnc45):cc3OC)[nH]c2cc1OC,-4.791254,-3.039913,1.751341,0.952884593744202,3.229052923614756,0.3194479999947361,0.3103729999857023
2766,COc1cc2c:C(c3nc(C=O)cc4nonc34):n(C)c2cc1OC,-5.42052,-3.044237,2.376283,0.9995428282024156,3.022207899231897,0.334885000003851,0.2878320000017993
2841,COc1cc2cc(-c3s:C(c4cc(C=O)cc5nonc45):cc3OC)[nH]c2cc1OC,-4.795383,-3.021085,1.774299,0.9999992891518126,3.080027644829711,0.2737520000009681,0.2849889999997685
2810,COc1cc2cc(-c3s:C(c4occ5nccnc45):cc3OC)[nH]c2cc1OC,-4.437482,-2.372595,2.064887,0.9999999962334758,3.089238547894851,0.303198000008706,0.3072550000069896
2803,COc1cc2cc(-c3s:C(c4nc(C#N)cc5nsnc45):cc3OC)[nH]c2cc1OC,-4.864244,-3.125082,1.739162,0.999998856912018,3.264473971536712,0.2083219999913126,0.2771920000013779
2890,COc1cc2cc(C=Cc3nc(C#N)cc4nsnc34)[nH]c2cc1OC,-5.186084,-3.029825,2.156259,0.9999999967255884,3.2378350279251986,0.217823999999382,0.2598520000028657
2815,COc1cc2cc(C=Cc3cc(C=O)cc4nonc34)[nH]c2cc1OC,-5.03124,-2.840728,2.190512,0.9999905872778834,2.9991550279252,0.302205000003596,0.2922929999986081
2811,COc1cc2cc(-c3s:C(c4cccc5nonc45):cc3OC)[nH]c2cc1OC,-4.816912,-2.611529,2.205383,0.9999655079826392,2.795255031411335,0.254743999990751,0.5118299999958253
2807,COc1cc2cc(-c3s:C(c4scc5ncc(O)nc45):cc3OC)[nH]c2cc1OC,-4.41471,-2.327898,2.086812,0.9999925581133188,3.267067055994005,0.3564549999937298,0.322227999997267
2885,COc1cc2cc(N=Cc3cc(C#N)cc4nonc34)n(C)c2cc1OC,-5.41777,-3.261185,2.156585,0.9999850022741992,3.2018240637361224,100000.0,0.566925999999512
2962,COc1cc2cc(N=Cc3cncc4nonc34)n(C)c2cc1OC,-5.219089,-3.060998,2.158091,0.9999704013983548,3.1950627746381803,0.3452429999997548,0.3396470000006957
2919,COc1cc2cc(C=Cc3c(Br)ncc4nonc34)n(C)c2cc1OC,-5.067042,-2.929949,2.137093,0.9997965744513456,3.1752012150353863,0.318554999990738,0.2670249999937368
2935,COc1cc2cc(N=Cc3scc4ncc(C#N)nc34)[nH]c2cc1OC,-5.140405,-3.200235,1.94017,0.9999441836280156,3.382854104848276,0.2665249999990919,0.3373660000070231
2843,COc1cc2cc(C=Nc3cc(C=O)cc4nsnc34)[nH]c2cc1OC,-5.18969,-2.8922,2.297489,0.9999994691292924,3.185871335617507,0.2783530000015162,0.2658430000010412
2921,COc1cc2cc(C=Nc3c(OC)ncc4nonc34)[nH]c2cc1OC,-5.033628,-2.697444,2.336184,0.9999997692981246,3.1429870279252,0.3539640000017243,0.2924179999972693
2927,COc1cc2cc(C#Cc3nccc4nsnc34)[nH]c2cc1OC,-5.108931,-2.705096,2.403835,1.0,3.054030166627381,0.2569299999959185,0.2666219999955501
2835,COc1cc2cc(C=Cc3nc(S)cc4nsnc34)[nH]c2cc1OC,-5.023181,-2.681264,2.341916,0.9999999975242824,3.3370877746381806,0.2541470000069239,0.2648040000058245
2840,COc1cc2cc(C=Nc3occ4nc(C=O)cnc34)[nH]c2cc1OC,-5.035496,-2.754781,2.280715,0.999998940716912,3.3620571817713527,0.3503149999960442,0.338437000005797
2874,COc1cc2cc(N=Cc3cc(C#N)cc4nccnc34)n(C)c2cc1OC,-5.120918,-2.777938,2.342981,0.9999603590476294,3.0510048523549704,0.2784389999942505,0.3527899999971851
2819,COc1cc2cc(-c3s:C(c4cc(C=O)cc5nccnc45):cc3OC)[nH]c2cc1OC,-4.718479,-2.639797,2.078682,0.9829517076178772,2.981290672161822,0.3039999999964493,0.5307820000016363
2966,COc1cc2c:C(C=Cc3nc(C=O)cc4nsnc34):n(C)c2cc1OC,-5.187242,-2.98446,2.202782,0.9996137761006526,3.267519568231627,0.236246000007668,0.3051140000025043
2953,COc1cc2cc(N=Cc3occ4nc(Br)cnc34)[nH]c2cc1OC,-5.005112,-2.792341,2.212771,0.999975471582692,3.4793954669458733,0.3834280000155559,0.3733000000065658
2806,COc1cc2cc(-c3s:C(c4cccc5nc(Br)cnc45):cc3OC)[nH]c2cc1OC,-4.563847,-2.408269,2.155578,0.9820829825987724,2.8915550432739625,0.3014370000018971,0.313389000002644
2955,COc1cc2cc(C#Cc3nccc4nsnc34)n(C)c2cc1OC,-5.2193,-2.755611,2.463689,1.0,3.0448781592535656,0.267995999995037,0.3043179999876884
2952,COc1cc2cc(N=Cc3occ4nc(F)cnc34)[nH]c2cc1OC,-4.961561,-2.69135,2.27021,0.99997131303594,3.4889608515612576,0.3884440000001632,0.3728440000013506
2856,COc1cc2cc(-c3cc(OC)c(C4:nncc5nonc:45)s3)[nH]c2cc1OC,-5.061716,-2.795657,2.266059,0.9942385930417266,3.156937998444304,0.2660299999915878,0.2694489999994403
2823,COc1cc2cc[nH]c2c(N=Cc2c(C#N)ccc3nonc23)c1OC,-5.433212,-3.223853,2.209359,0.9942063489633894,3.243587643309814,0.2891850000014528,100000.0
2846,COc1cc2c(ccn2C)c(N=Cc2c(C#N)ncc3nonc23)c1OC,-5.440805,-3.36946,2.071345,0.983328726370278,3.386172115684176,0.3092779999933555,0.6522139999942738
2865,COc1cc2cc(C(=O)O)n(C)c2c(C#Cc2scc3ncc(C=O)nc23)c1OC,-5.411165,-2.990347,2.420818,1.0,3.499058098672256,0.3235449999992852,0.4175580000010086
2847,COc1cc2cc(-c3cc(OC):C(c4occ5nc(C=O)cnc45):s3)[nH]c2cc1OC,-4.701072,-2.634796,2.066275,0.9753809935996276,3.283804135754515,0.3601469999994151,0.3420570000016596
2942,COc1cc2cc(-c3cc(OC)c(C4:nc(C=O)cc5nonc:45)s3)[nH]c2cc1OC,-5.118728,-2.865002,2.253727,0.9869345184167622,3.23956334059462,0.4239069999966887,0.271999999997206
2798,COc1cc2cc(-c3s:C(c4cccc5nc(C(F)(F)F)cnc45):cc3OC)[nH]c2cc1OC,-4.867451,-2.617561,2.24989,0.971812426696139,2.934073880884556,0.3183250000001862,0.6496059999990393
2828,COc1cc2cc(-c3s:C(c4c(C)ncc5nsnc45):cc3OC)[nH]c2cc1OC,-4.70202,-2.788536,1.913484,0.9432327320148888,3.1046709915932897,0.3364880000081029,0.3316459999987273
2911,COc1cc2cc(N=Cc3cc(C(F)(F)F)cc4nonc34)[nH]c2cc1OC,-5.502112,-3.115028,2.387084,0.9991619717833198,3.129094399579897,0.3912520000012591,0.7515669999993406
2831,COc1cc2cc(C=Cc3cccc4nonc34)[nH]c2cc1OC,-4.904612,-2.415739,2.488873,0.9999524284131952,2.681422254539468,0.2673480000012205,0.2959640000008221
2868,COc1cc2cc(C=Cc3occ4nc(NC(C)=O)cnc34)n(C)c2cc1OC,-4.522424,-2.139605,2.382819,0.9986919031773828,3.158043157918974,0.3852939999997034,0.3644490000006044
3001,COc1cc2cc(-c3s:C(c4nncc5nonc45):cc3OC)[nH]c2cc1OC,-4.884703,-3.072838,1.811865,0.999999999484388,3.152818767675072,0.2671369999952731,0.2852349999957368
3011,COc1cc2cc(-c3s:C(c4nncc5nonc45):cc3OC)[nH]c2cc1OC,-4.884739,-3.072924,1.811815,0.9999999987813084,3.152818767675072,0.2671770000088145,0.28519999999844
3059,COc1cc2cc(C=Cc3c(OC)ncc4nonc34)[nH]c2cc1OC,-4.735996,-2.734251,2.001746,0.9999978136900016,3.0455064125405835,0.3624309999941033,0.3120869999984279
2993,COc1cc2cc(-c3s:C(c4cc(C)cc5nonc45):cc3OC)[nH]c2cc1OC,-4.615977,-2.446322,2.169655,0.999998954353438,2.937700866369676,0.2596439999979338,0.2975709999955143
3141,COc1cc2cc(C=Cc3nccc4nsnc34)[nH]c2cc1OC,-4.923427,-2.591322,2.332105,0.9999999999326804,2.953766210583426,0.241693000003579,0.2770299999974668
3051,COc1cc2cc(C#Cc3occ4nc(S(=O)(=O)O)cnc34)[nH]c2cc1OC,-5.187167,-3.095577,2.09159,1.0,3.4930203976324776,100000.0,100000.0
3028,COc1cc2cc(-c3s:C(c4nc(S)cc5nonc45):cc3OC)[nH]c2cc1OC,-4.982123,-2.916985,2.065137,0.9999948373584352,3.309732530054828,0.257251000002725,0.2991850000034901
3103,COc1cc2cc(N=Cc3c(C)ncc4nsnc34)[nH]c2cc1OC,-4.915284,-2.823308,2.091976,0.9999941105732938,3.2482589284843346,0.3230719999992288,0.312897999996494
3125,COc1cc2cc(C=Cc3c(OC)ccc4nonc34)[nH]c2cc1OC,-4.664323,-2.282234,2.382089,0.9999971415067268,2.793288566386739,0.3081739999979618,0.3234499999962281
2978,COc1cc2cc(C=Cc3occ4ncc(F)nc34)[nH]c2cc1OC,-4.659775,-2.332595,2.32718,0.9999999998435536,3.239307005407412,0.3786920000020473,0.3366439999990689
3064,COc1cc2cc(C=Cc3occ4nc(C#N)cnc34)n(C)c2cc1OC,-4.848847,-2.832937,2.01591,0.999938196303504,3.2887473404594,0.2981219999928726,0.3131290000019362
3145,COc1cc2cc(C=Cc3c(F)ncc4nsnc34)n(C)c2cc1OC,-4.832092,-2.793862,2.03823,0.9998450250669308,3.164479801313973,0.3078410000016447,0.2897489999959362
3017,CNc1cnc2c(C3:cc(OC)c(-c4cc5cc(OC)c(OC)cc5[nH]4)s:3)scc2n1,-4.309206,-2.149896,2.15931,0.9999640231302253,3.1743852939221906,0.3506720000004861,0.3253230000045732
3066,COc1cc2cc(C=Cc3cc(Br)cc4nonc34)[nH]c2cc1OC,-5.061488,-2.646465,2.415024,0.9999988338869754,2.8867781592535646,0.270965999996406,0.2843790000042645
3123,COc1cc2cc(-c3s:C(c4scc5nc(S(=O)(=O)O)cnc45):cc3OC)[nH]c2cc1OC,-4.954922,-3.208712,1.74621,0.9997309300799432,3.326423675671073,0.3985419999953592,0.5739599999942584
3030,COc1cc2cc(-c3s:C(c4c(Br)ncc5nonc45):cc3OC)[nH]c2cc1OC,-4.963914,-3.125901,1.838013,0.9981108335731264,3.210442726834791,0.3124279999901773,0.4946030000137398
2999,COc1cc2cc(-c3s:C(c4occ5ncc(C(F)(F)F)nc45):cc3OC)[nH]c2cc1OC,-4.766078,-2.752028,2.01405,0.999811728559738,3.2695368270358376,0.3866790000029141,0.5001249999986612
3114,COc1cc2cc(N=Cc3cc(Br)cc4nonc34)[nH]c2cc1OC,-5.348511,-2.98749,2.361021,0.9999835869776972,3.098805082330488,0.3218049999995855,0.5739570000005187
3107,COc1cc2c:C(C=Cc3c(F)ncc4nonc34):[nH]c2cc1OC,-5.320239,-3.110954,2.209285,0.9999163412989388,3.0953762361766426,0.3483369999994465,0.6803189999991446
3169,COc1cc2c:C(N=Cc3nc(C=O)cc4nonc34):n(C)c2cc1OC,-5.436285,-3.354443,2.081843,0.9999512035575228,3.4395966911087505,0.285385999995924,0.3257309999971767
3005,COc1cc2cc(C=Cc3cc(S(=O)(=O)O)cc4nsnc34)[nH]c2cc1OC,-5.017137,-2.833451,2.183686,0.9997342007567428,3.0175960548866154,0.3767140000054496,0.3108530000099563
3139,COc1cc2cc(C=Cc3occ4nc(NC(C)=O)cnc34)[nH]c2cc1OC,-4.560189,-2.153163,2.407026,0.9999943739028224,3.1247996600472785,0.3888020000013057,0.358038000005763
3019,COc1cc2cc(-c3s:C(c4cccc5nc(C#N)cnc45):cc3OC)[nH]c2cc1OC,-4.828988,-2.817818,2.01117,0.9778623958357768,2.9320525450715227,0.2581990000035148,0.5238370000006398
3062,COc1cc2cc(C=Cc3occ4ncc(C=O)nc34)n(C)c2cc1OC,-5.000332,-2.842131,2.158202,0.999909877413388,3.2869869008989605,0.2991770000007818,0.5200350000013714
3134,COc1cc2cc(C=Cc3nncc4nonc34)n(C)c2cc1OC,-5.378279,-3.047472,2.330807,0.9999553982745328,3.1559281592535653,0.2805389999994077,0.5460889999958454
3137,COc1cc2cc(C=Nc3c(C(F)(F)F)ccc4nonc34)[nH]c2cc1OC,-5.319547,-2.834056,2.485491,0.999999861067038,3.0560112447600343,100000.0,0.2577050000109011
2990,COc1cc2cc(-c3s:C(c4cc(OC(C)=O)cc5nsnc45):cc3OC)[nH]c2cc1OC,-4.824568,-2.616404,2.208163,0.9994884264044992,3.0773096215028666,0.313890999997966,0.415103999999701
3050,COc1cc2cc(C=Nc3scc4ncc(C#N)nc34)n(C)c2cc1OC,-5.310596,-2.991112,2.319484,0.9999804406102646,3.2954330547451143,100000.0,0.5115440000008675
3004,COc1cc2cc(C=NC3:scc4ncc(C#N)nc:34)n(C)c2cc1OC,-5.310599,-2.991118,2.319481,0.999980185315796,3.2954330547451143,100000.0,0.5115500000028987
3102,COc1cc2cc(N=Cc3cccc4nsnc34)[nH]c2cc1OC,-4.999031,-2.621187,2.377844,0.999839968603186,2.9123899468471617,0.2926040000020293,0.3603840000068885
3058,COc1cc2nsnc2c(C=Cc2cc3cc(OC)c(OC)cc3n2C)n1,-5.062726,-2.626961,2.435765,0.9999903381214752,3.12412736043942,0.2653419999987818,0.4996330000067246
3021,COc1cc2cc(C=Cc3scc4ncc(S(=O)(=O)O)nc34)[nH]c2cc1OC,-4.929616,-2.909149,2.020467,0.9965889859528116,3.309096152257601,0.5609039999981178,0.3547270000053686
3157,COc1cc2cc(C=Cc3occ4nc(Br)cnc34)n(C)c2cc1OC,-4.737341,-2.455569,2.281772,0.999896998982254,3.2682511110852825,0.3377940000063972,0.3355409999930998
3322,COc1cc2cc(C=Cc3c(O)ncc4nonc34)[nH]c2cc1OC,-4.77769,-2.783644,1.994045,0.9999999996534068,3.1480377746381816,0.3673910000034084,0.3002350000024307
3212,COc1cc2cc(-c3s:C(c4occ5ncc(C=O)nc45):cc3OC)[nH]c2cc1OC,-4.686207,-2.890103,1.796104,0.9999999996107258,3.2969937641036946,0.2763210000048275,0.2898159999967902
3172,COc1cc2cc(C=Cc3occ4ncc(C=O)nc34)[nH]c2cc1OC,-4.877138,-2.778479,2.09866,0.9999999986697212,3.2591248740790446,0.2977289999980712,0.3143889999992098
3239,COc1cc2cc(C=Cc3c(C#N)ccc4nsnc34)[nH]c2cc1OC,-5.015609,-2.814088,2.20152,0.9999999759441104,2.988587643309815,100000.0,100000.0
3340,COc1cc2cc(C=Cc3scc4nc(Br)cnc34)[nH]c2cc1OC,-4.779354,-2.556097,2.223257,0.9999999995538632,3.1851243130997204,0.2969319999974686,0.3209449999994831
3205,COc1cc2cc(-c3s:C(c4scc5ncc(Br)nc45):cc3OC)[nH]c2cc1OC,-4.554002,-2.665008,1.888994,0.999994879991634,3.1979988985700336,0.2713379999913741,0.2942629999888595
3233,COc1cc2cc(-c3s:C(c4scc5nc(NC(C)=O)cnc45):cc3OC)[nH]c2cc1OC,-4.409877,-2.3839,2.025977,0.9999932618023442,3.1456948915519662,0.3159010000017588,0.3179740000050515
3228,COc1cc2cc(-c3s:C(c4occ5ncc(C=O)nc45):cc3OC)[nH]c2cc1OC,-4.919064,-2.954557,1.964507,0.9999982947376408,3.2969937641036946,0.2834080000029644,0.3658900000009453
3208,COc1cc2cc(-c3s:C(c4occ5nc(O)cnc45):cc3OC)[nH]c2cc1OC,-4.425657,-2.241495,2.184162,0.9999999974514844,3.321947735779336,0.3535859999901731,0.3167570000005071
3371,COc1cc2c:C(N=Cc3nc(C=O)cc4nsnc34):n(C)c2cc1OC,-5.123745,-3.153285,1.97046,0.9999999526465932,3.485871616183675,0.2659500000008847,0.2780469999997876
3210,COc1cc2cc(N=Cc3c(C#N)ccc4nonc34)n(C)c2cc1OC,-5.385892,-3.251589,2.134302,0.999994993045008,3.164308179620239,0.242686000005051,0.5354060000026948
3176,COc1cc2cc(-c3s:C(c4scc5nc(O)cnc45):cc3OC)[nH]c2cc1OC,-4.443622,-2.352251,2.091371,0.999993397714726,3.2624768949922167,0.3076539999965462,0.3072759999922709
3349,COc1cc2cc(C#CC3:occ4ncc(C=O)nc:34)n(C)c2cc1OC,-5.211101,-2.960447,2.250655,1.0,3.4070006871127454,100000.0,100000.0
3203,COc1cc2cc(C=Cc3scc4nc(NC(C)=O)cnc34)[nH]c2cc1OC,-4.561044,-2.2457,2.315345,0.9999999409248976,3.074460236970354,0.3416069999948377,0.345404999992752
3215,COc1cc2cc(-c3s:C(c4c(OC(C)=O)ncc5nsnc45):cc3OC)[nH]c2cc1OC,-4.72997,-2.923382,1.806588,0.9984399011494705,3.2398384267401816,0.3374630000034813,0.3608319999984815
3177,COc1cc2cc(N=Cc3scc4nccnc34)[nH]c2cc1OC,-4.876567,-2.642867,2.2337,0.999998086407184,3.175142474319688,0.3267659999983152,0.3740619999953196
3323,COc1cc2cc(C=Cc3occ4nccnc34)[nH]c2cc1OC,-4.609098,-2.246712,2.362386,0.9999999900466174,3.0328732435504584,0.3139689999989059,0.3285370000012335
3174,COc1cc2cc(C#CC3:nc(C#N)cc4nsnc:34)[nH]c2cc1OC,-5.579376,-3.255668,2.323708,1.0,3.3610602586944296,0.2270690000004833,100000.0
3330,COc1cc2cc(N=Cc3c(C#N)ncc4nonc34)n(C)c2cc1OC,-5.499289,-3.476151,2.023138,0.9999163132687306,3.3525061816182404,0.2695660000026691,0.5251619999980903
3256,COc1cc2cc(C=Cc3c(Br)ncc4nsnc34)n(C)c2cc1OC,-4.919654,-2.851593,2.068061,0.9995687594901882,3.213173356407527,0.2972940000036033,0.2741160000150557
3175,COc1cc2cc(-c3s:C(c4c(OC(C)=O)ccc5nonc45):cc3OC)[nH]c2cc1OC,-4.762426,-2.599319,2.163107,0.9986341188295016,3.011201601862931,0.3129849999968428,0.3494930000015301
3213,COc1cc2cc(C=Nc3c(O)ncc4nsnc34)[nH]c2cc1OC,-4.95918,-2.647574,2.311605,0.9999999860126614,3.271808928484335,0.3355799999917508,0.2861899999988964
3331,COc1cc2cc(C=NC3:c(Br)ncc4nonc:34)[nH]c2cc1OC,-5.368769,-3.079003,2.289766,0.9999998763277704,3.230166620792027,0.3344170000054873,0.2425339999899733
3189,COc1cc2cc(-c3s:C(c4scc5ncc(S(=O)(=O)O)nc45):cc3OC)[nH]c2cc1OC,-4.764353,-3.060853,1.7035,0.9968133193695704,3.344113998251718,0.4147419999935664,0.4072539999906439
3317,COc1cc2cc(C=Cc3cc(S(=O)(=O)O)cc4nonc34)[nH]c2cc1OC,-5.160645,-2.917388,2.243257,0.9998823194008244,2.987802286629556,0.4084159999911207,0.3014759999932721
3265,COc1cc2cc(C=Cc3occ4ncc(NC(C)=O)nc34)[nH]c2cc1OC,-4.542261,-2.182395,2.359866,0.9999999140463272,3.1290002369703567,0.3944510000001173,0.363829000001715
3219,COc1cc2cc(C=Cc3scc4nc(O)cnc34)[nH]c2cc1OC,-4.602677,-2.220296,2.382381,0.9999999995425608,3.245033928484335,0.3278389999977662,0.3325760000006994
3274,COc1cc2cc(N=Cc3c(C(F)(F)F)ccc4nsnc34)[nH]c2cc1OC,-5.146893,-2.926474,2.22042,0.9991132290117382,3.169910757905118,0.2888149999998859,0.3343430000022636
3362,COc1cc2cc(N=Cc3nc(C#N)cc4nonc34)[nH]c2cc1OC,-5.77054,-3.577961,2.192579,0.9999879518392364,3.4281291817713537,0.2732519999990472,0.7152229999919655
3197,COc1cc2cc(-c3s:C(c4c(C#N)ccc5nccnc45):cc3OC)[nH]c2cc1OC,-4.74725,-2.690245,2.057005,0.9729829947124672,2.944854217312324,0.2423019999987445,0.3074110000015935
3324,COc1cc2cc(N=Cc3cc(NC(C)=O)cc4nonc34)n(C)c2cc1OC,-5.008933,-2.629974,2.378959,0.9999998057466312,3.0879613567932704,0.339191999999457,0.3326990000059595
3319,COc1cc2cc(N=Cc3scc4ncc(Br)nc34)n(C)c2cc1OC,-4.949316,-2.822984,2.126332,0.999175686997007,3.372374188008359,0.3261429999984102,0.3761069999891333
3333,COc1cc2cc(C=Cc3occ4nc(C)cnc34)[nH]c2cc1OC,-4.556746,-2.107247,2.449499,0.9999999961116748,3.0853243130997194,0.3283919999994396,0.3302890000013576
3294,COc1cc2cc(C=Cc3c(Br)ccc4nonc34)[nH]c2cc1OC,-4.984838,-2.580054,2.404784,0.9999952038561905,2.901662774638181,100000.0,0.2782399999996414
3385,COc1cc2cc(-c3s:C(c4c(O)ncc5nonc45):cc3OC)[nH]c2cc1OC,-4.545429,-2.863347,1.682081,0.9999994759333992,3.2126323511639523,0.3506629999974393,0.295073000001139
3382,COc1cc2cc(-c3s:C(c4c(O)ncc5nonc45):cc3OC)[nH]c2cc1OC,-4.54543,-2.863385,1.682045,0.9999994358234222,3.2126323511639523,0.3506689999921946,0.2950959999943734
3496,COc1cc2cc(-c3s:C(c4scc5nc(C=O)cnc45):cc3OC)[nH]c2cc1OC,-4.588829,-2.895607,1.693223,0.9999957801070872,3.238007592971456,0.2910140000021783,0.2939470000055735
3404,COc1cc2cc(-c3s:C(c4scc5nc(Br)cnc45):cc3OC)[nH]c2cc1OC,-4.590667,-2.675894,1.914773,0.9999946657572998,3.212320007693468,0.2762169999914476,0.2974190000095404
3452,COc1cc2cc(-c3s:C(c4cc(C=O)cc5nsnc45):cc3OC)[nH]c2cc1OC,-4.852793,-3.001257,1.851536,0.9999401201472808,3.1247476102575407,0.2597529999984544,0.5072460000010324
3408,COc1cc2cc(C=Cc3nc(C#N)cc4nonc34)[nH]c2cc1OC,-5.359747,-3.130061,2.229686,0.999999999927168,3.1903261048482765,0.2345279999972263,0.2575900000010733
3390,COc1cnc2csc(C3:cc(OC)c(-c4cc5cc(OC)c(OC)cc5[nH]4)s:3)c2n1,-4.383999,-2.228872,2.155127,0.9999932533816004,3.119534299972321,0.3415600000007543,0.3275640000065323
3531,COc1cc2cc(C=Cc3nc(S(=O)(=O)O)cc4nsnc34)[nH]c2cc1OC,-5.463438,-3.300883,2.162554,0.9999999817377148,3.287107057807745,0.2677879999973811,0.2719529999958467
3516,COc1cc2nsnc2c(C=Nc2cc3cc(OC)c(OC)cc3n2C)n1,-4.971108,-2.80541,2.165698,0.9999999904235248,3.342479408391468,0.3027260000017122,0.2876160000014351
3412,COc1cc2cc(C=Cc3cc(C#N)cc4nsnc34)n(C)c2cc1OC,-4.991153,-2.831333,2.15982,0.9999122908722232,3.0474070807191405,0.2287790000045788,0.2810609999942244
3479,COc1cc2cc(-c3s:C(c4nc(OC(C)=O)cc5nonc45):cc3OC)[nH]c2cc1OC,-4.819093,-2.843581,1.975511,0.9997250485811622,3.203763303990592,0.310154999999213,0.3123169999962556
3480,COc1cc2cc(C=Cc3occ4nc(S(=O)(=O)O)cnc34)[nH]c2cc1OC,-5.018801,-2.995893,2.022907,0.9999612041327376,3.339247466765876,0.4806240000034449,0.429004999998142
3484,COc1cc2cc(C=Cc3nc(C)cc4nsnc34)[nH]c2cc1OC,-4.890198,-2.54442,2.345779,0.9999999960258812,3.019385851561257,0.2426029999987804,0.2792540000009467
3400,COc1cc2cc(-c3s:C(c4scc5ncc(OC(C)=O)nc45):cc3OC)[nH]c2cc1OC,-4.464361,-2.461927,2.002434,0.9997627728768992,3.221660194334289,0.3562899999888032,0.3282589999944321
3550,COc1cc2cc(C=CC3:nc(C#N)cc4nsnc:34)n(C)c2cc1OC,-5.142836,-2.998883,2.143953,0.999958210897741,3.266250037762097,0.2190369999952963,0.2638379999989411
3416,COc1cc2cc(N=Cc3occ4nc(C(F)(F)F)cnc34)[nH]c2cc1OC,-5.020475,-2.877925,2.14255,0.9999758141216248,3.4382965417415337,100000.0,0.3698070000027655
3394,COc1cc2cc(-c3s:C(c4scc5nc(OC(C)=O)cnc45):cc3OC)[nH]c2cc1OC,-4.473338,-2.464776,2.008562,0.9992419176325908,3.2313024201935363,0.3596199999956297,0.3209349999960977
3409,COc1cc2cc(C=Cc3scc4nc(S(=O)(=O)O)cnc34)[nH]c2cc1OC,-5.014551,-3.055726,1.958826,0.9992760360406636,3.288270835801904,0.408263999997871,0.4258749999935389
3512,COc1cc2cc(N=Cc3scc4nc(O)cnc34)[nH]c2cc1OC,-4.719731,-2.471921,2.247811,0.9999999802681552,3.4392839284843344,0.3754690000059781,0.3507379999937257
3427,COc1cc2cc(-c3s:C(c4c(S)ncc5nonc45):cc3OC)[nH]c2cc1OC,-4.787818,-2.951063,1.836754,0.9943347686337016,3.306224301074506,0.3259850000031292,0.3035910000035073
3517,COc1cc2cc(N=Cc3nc(Br)cc4nonc34)n(C)c2cc1OC,-5.481609,-3.259381,2.222228,0.9999948728795812,3.40518395931813,0.3446839999960502,0.5563030000048457
3495,COc1cc2cc(N=Cc3c(C(F)(F)F)ncc4nonc34)[nH]c2cc1OC,-5.265203,-3.26563,1.999573,0.9950148349882364,3.322094010095965,0.3218280000000959,0.2814440000001923
3472,COc1cc2cc(C=CC3:nccc4nsnc:34)n(C)c2cc1OC,-4.881003,-2.566324,2.31468,0.9999000968870682,2.9877743130997203,0.2428770000042277,0.2811799999981303
3510,COc1cc2cc(C=Cc3scc4nc(OC(C)=O)cnc34)[nH]c2cc1OC,-4.64347,-2.338099,2.30537,0.999916608316738,3.175049083124202,0.3790749999971012,0.3535150000025169
3545,COc1cc2cc(-c3s:C(c4cccc5nc(C=O)cnc45):cc3OC)[nH]c2cc1OC,-4.855481,-2.773884,2.081598,0.9808220277309664,2.929108732362492,0.3022879999989527,0.4058379999987664
3457,COc1cc2cc[nH]c2c(C#Cc2c(C=O)ccc3nonc23)c1OC,-5.574905,-3.141087,2.433818,1.0,3.2209094894636605,100000.0,100000.0
3456,COc1cc2cc(C=Cc3c(OC(C)=O)ncc4nonc34)[nH]c2cc1OC,-5.020458,-2.811635,2.208824,0.9938888798595132,3.131359275431894,0.3742329999950016,0.370785999999498
3467,COc1cc2cc(C=Cc3c(OC(C)=O)ncc4nonc34)n(C)c2cc1OC,-4.983678,-2.787787,2.195891,0.9925268892077808,3.164442782684453,0.3799819999985629,0.3721319999967818
3405,COc1cc2cc(N=Cc3scc4nc(OC(C)=O)cnc34)[nH]c2cc1OC,-4.960033,-2.664841,2.295192,0.9999333666751178,3.3498740831242024,0.4270370000085677,0.6169970000046305
3444,CNc1cnc2c(C=Nc3cc4cc(OC)c(OC)cc4[nH]3)occ2n1,-4.526038,-2.17352,2.352518,0.9999991568503336,3.410627643309814,0.4606339999991178,0.3724929999989399
3587,COc1cc2cc(C=Cc3cc(C#N)cc4nonc34)n(C)c2cc1OC,-5.332674,-3.013417,2.319256,0.9988750947137872,3.016839448351508,0.2415009999967878,0.5308330000043497
3553,COc1cc2cc(C=Cc3nc(C(F)(F)F)cc4nonc34)n(C)c2cc1OC,-5.416614,-3.016614,2.4,0.999965089972393,3.1684563745126777,0.2765660000004573,0.5367179999957443
3539,COc1cc2cc(C=Cc3cccc4nonc34)n(C)c2cc1OC,-4.863014,-2.393977,2.469037,0.9999749077390024,2.722995466945873,0.2685269999965385,0.300228000003699
3422,COc1cc2cc(N=Cc3cccc4nc(C=O)cnc34)n(C)c2cc1OC,-5.198278,-2.821497,2.376781,0.9998232041507652,3.0094231215857388,0.2947249999924679,0.7699240000001737
3491,COc1cc2cc(N=Cc3c(C(F)(F)F)ncc4nsnc34)n(C)c2cc1OC,-5.199633,-3.197805,2.001828,0.9857393328770332,3.3725726138289174,0.3054720000000088,0.3454469999996945
3552,COc1cc2cc[nH]c2c(C#Cc2nncc3nsnc23)c1OC,-5.534073,-3.119289,2.414785,1.0,3.4445609358581493,100000.0,100000.0
3502,COc1cc2cc(C=Cc3c(OC)ccc4nccnc34)[nH]c2cc1OC,-4.466549,-1.967573,2.498975,0.999984461256844,2.6854928257433475,0.2872560000032536,0.3342010000014852
3574,COc1cc2cc(N=Cc3cccc4ncc(C=O)nc34)[nH]c2cc1OC,-5.29823,-2.892544,2.405686,0.9997817331001002,2.9818040683468965,0.3282250000047497,0.7485640000013518
3794,COc1cc2cc(-c3s:C(c4nc(C)cc5nonc45):cc3OC)[nH]c2cc1OC,-4.73088,-2.726475,2.004405,0.999999998663004,3.030553818069139,0.246966999999131,0.2847390000024461
3614,COc1cc2cc(-c3s:C(c4nc(F)cc5nonc45):cc3OC)[nH]c2cc1OC,-4.889437,-2.919711,1.969727,0.9999999980392144,3.1623804728097475,0.2603019999951357,0.280745999996725
3782,COc1cc2cc(C#CC3:cc(C=O)cc4nonc:34)[nH]c2cc1OC,-5.176941,-2.967456,2.209485,1.0,3.1514350279252,100000.0,100000.0
3777,COc1cc2cc(C3:occ4nc(C#N)cnc:34)n(C)c2cc1OC,-4.977111,-2.813687,2.163424,0.9999999846677576,3.1043857973900764,0.3355589999955555,0.3175080000000889
3665,COc1cc2cc(C=Cc3occ4nc(C=O)cnc34)[nH]c2cc1OC,-4.781352,-2.755014,2.026338,0.9999999986927696,3.2573211817713545,0.3534540000036941,0.3228710000039427
3611,COc1cc(C2:cc(OC)c(-c3cc4cc(OC)c(OC)cc4[nH]3)s:2)c2nsnc2c1,-4.500897,-2.314502,2.186395,0.9999993241197396,2.979420557534981,0.2674279999991995,0.3065350000033504
3617,COc1cc2cc(-c3s:C(c4occ5ncc(F)nc45):cc3OC)[nH]c2cc1OC,-4.469513,-2.460757,2.008755,0.9999999918141932,3.2703257322015187,0.3729279999970458,0.3156440000020666
3731,COc1cc2cc(-c3s:C(c4c(C=O)ncc5nonc45):cc3OC)[nH]c2cc1OC,-4.922242,-3.161848,1.760394,0.999999300677985,3.2710781201970383,0.213967000003322,0.2611199999955715
3818,COc1cc2cc(C#CC3:c(OC)ncc4nonc:34)[nH]c2cc1OC,-5.081923,-2.857564,2.224359,1.0,3.147242412540584,0.3891680000015185,0.3243809999985387
3772,COc1cc2cc(-c3s:C(c4cc(O)cc5nonc45):cc3OC)[nH]c2cc1OC,-4.704054,-2.49681,2.207244,0.9999994745980896,3.029409095349997,0.263864000000467,0.2963869999948656
3667,COc1cc2cc(C=Cc3c(Br)ncc4nsnc34)[nH]c2cc1OC,-4.961465,-2.877146,2.084319,0.9999996187837664,3.18444931309972,0.294794000001275,0.2709250000043539
3768,COc1cc2cc(C=Cc3c(C=O)ncc4nsnc34)[nH]c2cc1OC,-5.012676,-3.035136,1.97754,0.9999989033555794,3.2443741048482764,0.2173499999989872,0.2644760000039241
3779,COc1cc2c:C(N=Cc3cc(Br)cc4nsnc34):[nH]c2cc1OC,-4.992907,-2.780038,2.212869,0.9999999369364324,3.1314954669458723,0.2894780000060564,0.3057710000139195
3602,COc1cc2cc(-c3s:C(c4nc(S)cc5nsnc45):cc3OC)[nH]c2cc1OC,-4.727262,-2.809662,1.9176,0.9999980132333964,3.3511647304126093,0.2379320000181906,0.2798820000025444
3761,COc1cc2cc(C=Cc3c(O)ncc4nsnc34)[nH]c2cc1OC,-4.67069,-2.646509,2.024181,0.999988163324952,3.1870646977151047,0.3276889999979175,0.3041599999996833
3716,COc1cc2cc(N=Cc3nccc4nonc34)n(C)c2cc1OC,-5.24805,-2.985637,2.262413,0.9999998851527168,3.1736377746381805,0.3116359999985434,0.3219849999986763
3683,CNc1cnc2coc(C3:cc(OC)c(-c4cc5cc(OC)c(OC)cc5[nH]4)s:3)c2n1,-4.177359,-2.004452,2.172907,0.999992707802642,3.235627299108016,0.4765939999997499,0.3513569999995525
3746,COc1cc2cc(N=Cc3occ4nc(C#N)cnc34)n(C)c2cc1OC,-5.075471,-3.132458,1.943013,0.999987996405428,3.4983349528470136,0.3340290000051027,0.352365999999165
3780,COc1cc2cc(C#Cc3cc(S(=O)(=O)O)cc4nonc34)[nH]c2cc1OC,-5.472532,-3.09854,2.373991,1.0,3.1100498036694795,100000.0,100000.0
3630,COc1cc2cc(-c3s:C(c4occ5nc(C)cnc45):cc3OC)[nH]c2cc1OC,-4.508447,-2.279758,2.228689,0.9999961937589604,3.14140998980438,0.3189779999956954,0.3233089999994263
3644,COc1cc2cc(C=Cc3nccc4nonc34)[nH]c2cc1OC,-5.087966,-2.679354,2.408612,0.9999999998847148,2.92203082596804,0.2636219999985769,0.2736220000006142
3764,COc1cc2cc(C=Nc3cc(C=O)cc4nonc34)[nH]c2cc1OC,-5.325583,-2.986783,2.338799,0.9999999464643629,3.138362412540584,0.2987100000100327,0.257649000006495
3706,COc1cc2cc(C=Cc3nc(F)cc4nonc34)[nH]c2cc1OC,-5.226821,-2.84088,2.385941,0.9999999994211526,3.1283935438689507,0.2820939999983238,0.2661190000035276
3796,COc1cc2cc(C=CC3:nc(C#N)cc4nonc:34)n(C)c2cc1OC,-5.315774,-3.09577,2.220004,0.9999830800519444,3.2199751126871714,0.235091000002285,0.2614660000035655
3834,COc1cc2c:C(N=Cc3nc(C=O)cc4nonc34):[nH]c2cc1OC,-5.544744,-3.403979,2.140765,0.9999803965044868,3.429432566386737,0.288434000001871,0.5566399999952409
3804,COc1cc2cc(C=NC3:occ4ncc(C=O)nc:34)n(C)c2cc1OC,-5.088563,-2.787911,2.300651,0.9999999935872996,3.4044292585413185,0.2962570000017877,0.3381599999993341
3632,COc1cc2cc(C=Cc3c(F)ccc4nonc34)[nH]c2cc1OC,-4.896963,-2.487538,2.409424,0.9999987070586074,2.8318070054074127,0.2912149999974645,0.2968439999967813
3601,COc1cc2cc(C=Cc3occ4ncc(S(=O)(=O)O)nc34)[nH]c2cc1OC,-5.125031,-2.985061,2.13997,0.999791494075477,3.3600727832215727,0.5390140000017709,100000.0
3702,COc1cc2cc(C=Cc3cccc4nc(C=O)cnc34)[nH]c2cc1OC,-4.817753,-2.554984,2.262769,0.999110667273738,2.7921295121338794,0.2915799999973387,0.3158750000038708
3646,COc1cc2cc(C=Cc3nc(Br)cc4nonc34)n(C)c2cc1OC,-5.223832,-2.908279,2.315553,0.999988000339025,3.177979801313972,0.3002129999949829,0.2689269999973476
3830,COc1cc2cc(C#CC3:c(C(F)(F)F)ccc4nonc:34)[nH]c2cc1OC,-5.388282,-2.895308,2.492973,1.0,3.066224097729849,100000.0,100000.0
3704,COc1cc2cc(C=Cc3nc(Br)cc4nsnc34)n(C)c2cc1OC,-5.055348,-2.812856,2.242492,0.9999485515590216,3.226130736864908,0.2735459999967133,0.2701200000010431
3806,COc1cc2cc(C=NC3:c(S)ncc4nsnc:34)n(C)c2cc1OC,-5.04698,-2.778289,2.268691,0.9999965962526716,3.4229931069272777,0.3038880000021891,0.2641530000037164
3622,COc1cnc2coc(C3:cc(OC)c(-c4cc5cc(OC)c(OC)cc5[nH]4)s:3)c2n1,-4.449582,-2.111548,2.338034,0.9999869818893374,3.177000505676728,0.4015960000033374,0.3520539999954053
3663,COc1cc2cc(C=CC3:nc(S)cc4nonc:34)[nH]c2cc1OC,-5.192192,-2.778962,2.41323,0.9999999994331776,3.28759931309972,0.2790159999931347,0.2651840000035008
3831,COc1cc2cc(C=Cc3c(C)ncc4nsnc34)[nH]c2cc1OC,-4.835461,-2.61359,2.221871,0.99452256113253,3.052597390022796,0.2877880000014556,0.2943100000047707
3649,COc1cc2cc(N=Cc3nc(F)cc4nsnc34)n(C)c2cc1OC,-5.409263,-3.148159,2.261105,0.9999836046518732,3.433987701521872,0.2991309999997611,0.7154850000079023
3666,COc1cc2cc(-c3s:C(c4cccc5ncc(C=O)nc45):cc3OC)[nH]c2cc1OC,-4.750587,-2.794595,1.955992,0.9711806853694788,2.9164410066099844,0.3277970000053756,0.3216140000076848
3717,COc1cc2cc(C=Cc3c(OC(C)=O)ncc4nsnc34)[nH]c2cc1OC,-4.888368,-2.739365,2.149003,0.9889682284959228,3.166483506201125,0.3428490000005695,0.376775999997335
3722,COc1cc2cc(N=Cc3c(NC(C)=O)ncc4nsnc34)[nH]c2cc1OC,-5.330321,-3.01281,2.317511,0.9999739283443656,3.269542160047279,0.4023480000032577,0.7818160000024363
3730,COc1cc2cc(C#CC3:scc4nc(Br)cnc:34)[nH]c2cc1OC,-5.163833,-2.693973,2.46986,1.0,3.3432050823304893,100000.0,100000.0
3890,COc1cc2cc(-c3s:C(c4nc(C#N)cc5nonc45):cc3OC)[nH]c2cc1OC,-5.00947,-3.202939,1.806531,0.9999999986602258,3.2244383622022257,0.2183119999972405,0.2754090000089491
3843,COc1cc2cc(-c3s:C(c4occ5nc(C#N)cnc45):cc3OC)[nH]c2cc1OC,-4.673221,-2.961887,1.711334,0.9999999952503074,3.298516841026771,0.2922160000016447,0.2896479999981238
3986,COc1cc2cc(C#CC3:c(O)ncc4nonc:34)[nH]c2cc1OC,-4.970433,-2.87187,2.098563,1.0,3.272364697715104,0.3872540000011213,0.2816109999985201
3851,COc1cc2cc(-c3s:C(c4c(OC)ncc5nsnc45):cc3OC)[nH]c2cc1OC,-4.570017,-2.782688,1.787329,0.999976182390498,3.1409413872670475,0.3145580000054906,0.5038240000067162
4010,COc1cc2cc(-c3s:C(c4c(OC)ncc5nsnc45):cc3OC)[nH]c2cc1OC,-4.517465,-2.801557,1.715908,0.9999533702913213,3.1409413872670475,0.3268549999993411,0.320558000006713
3919,COc1cc2cc(-c3s:C(c4scc5nc(C)cnc45):cc3OC)[nH]c2cc1OC,-4.528611,-2.388423,2.140187,0.9999956371907636,3.081939149017259,0.2734750000017811,0.3160940000016126
3902,COc1cc2cc(-c3s:C(c4c(F)ccc5nonc45):cc3OC)[nH]c2cc1OC,-4.790848,-2.687768,2.10308,0.9999763257704928,2.942218576566457,0.2873309999995399,0.5170779999971273
3840,COc1cc2cc(-c3s:C(c4nc(OC(C)=O)cc5nsnc45):cc3OC)[nH]c2cc1OC,-4.692989,-2.803795,1.889194,0.9999794683635754,3.241669359637071,0.2883470000015222,0.3112730000066221
4074,COc1cc2cc(C=Cc3c(S)ncc4nonc34)[nH]c2cc1OC,-4.927544,-2.849119,2.078425,0.9999976010661352,3.2598281592535656,0.3273400000034598,0.275461000004725
3951,COc1cc2cc(C=Cc3nc(C(F)(F)F)cc4nsnc34)[nH]c2cc1OC,-5.093535,-2.884968,2.208567,0.999999946256864,3.180544253523422,0.2508839999936754,0.2714369999957853
3997,COc1cc2cc(N=Cc3c(Br)ccc4nsnc34)[nH]c2cc1OC,-4.920831,-2.713019,2.207812,0.9999975138024404,3.128178159253565,0.2725869999994756,0.303983000019798
3968,COc1cc2cc(-c3s:C(c4scc5nccnc45):cc3OC)[nH]c2cc1OC,-4.61566,-2.528696,2.086963,0.9999378382978558,3.0283517347080373,0.2619989999948302,0.4904509999978472
3992,COc1cc2cc(N=Cc3c(Br)ncc4nsnc34)[nH]c2cc1OC,-5.02634,-3.066729,1.95961,0.9999955310533828,3.380110851561257,0.323236000011093,0.2843980000034207
3867,COc1cc2cc(-c3s:C(c4occ5ncc(OC(C)=O)nc45):cc3OC)[nH]c2cc1OC,-4.44191,-2.36863,2.07328,0.9999806638799076,3.276069686969314,0.4197520000016084,0.3402629999982309
4046,COc1cc2cc(C3:occ4ncc(C=O)nc:34)n(C)c2cc1OC,-4.960924,-2.694509,2.266415,0.9999992905899538,3.102476588289319,0.33483100000376,0.3226490000015474
3855,COc1cc2cc(-c3s:C(c4cc(S(=O)(=O)O)cc5nsnc45):cc3OC)[nH]c2cc1OC,-4.899443,-3.017607,1.881835,0.9995496005273908,3.1139790106586656,0.3635749999957625,0.5213009999861242
3837,COc1cc2cc(-c3s:C(c4cccc5nc(S(=O)(=O)O)cnc45):cc3OC)[nH]c2cc1OC,-4.720555,-2.886645,1.83391,0.9942342722340854,3.031318592423017,0.4615230000053998,0.3676259999992908
4021,COc1cc2cc(C#CC3:nncc4nonc:34)n(C)c2cc1OC,-5.518729,-3.195883,2.322846,1.0,3.269887774638181,100000.0,0.3173549999992247
3860,COc1cc2cc(-c3s:C(c4occ5nc(C(F)(F)F)cnc45):cc3OC)[nH]c2cc1OC,-4.854196,-2.783521,2.070675,0.9999650246380534,3.281036578896879,100000.0,0.3786410000029718
4067,COc1cc2cc(C=Cc3occ4nc(C=O)cnc34)n(C)c2cc1OC,-4.740091,-2.733184,2.006907,0.999940169634174,3.285230057742117,0.3522610000072745,0.3270370000027469
3892,COc1cc2cc(C=Cc3scc4ncc(C=O)nc34)n(C)c2cc1OC,-4.828968,-2.834445,1.994523,0.9999112256505652,3.23468620159826,0.2624749999959022,0.3012189999935799
4004,COc1cc2cc(C=Cc3c(C)ncc4nonc34)n(C)c2cc1OC,-4.888836,-2.713809,2.175027,0.9998516697021658,3.0469128574470288,0.3081500000007509,0.2818180000031134
3937,COc1cc2cc(C=NC3:occ4ncc(C=O)nc:34)[nH]c2cc1OC,-5.116511,-2.835054,2.281457,0.9999999985680104,3.363860874079045,0.2998760000045877,0.3325310000000172
3975,COc1cc2cc(-c3s:C(c4nc(S(=O)(=O)O)cc5nonc45):cc3OC)[nH]c2cc1OC,-5.153492,-3.321478,1.832014,0.9997469703504472,3.2848613927926618,0.4049509999967995,0.38165399999707
4019,COc1cc2cc(C=NC3:occ4nc(C#N)cnc:34)n(C)c2cc1OC,-5.125871,-2.834831,2.29104,0.9999999990683588,3.406189698101757,0.2763300000005984,0.3264520000011544
4012,COc1cc2cc(N=Cc3scc4ncc(C#N)nc34)n(C)c2cc1OC,-5.099632,-3.190377,1.909256,0.999931742734566,3.3942280597401195,0.2671950000003562,0.3369949999978416
3854,COc1cc2cc(C#CC3:nc(C#N)cc4nonc:34)[nH]c2cc1OC,-5.743806,-3.391176,2.35263,1.0,3.3135513356175066,100000.0,100000.0
3960,COc1cc2cc(C=NC3:c(Br)ncc4nsnc:34)[nH]c2cc1OC,-5.223843,-2.998756,2.225087,0.9999770057441708,3.269193543868949,0.3094780000101309,0.2496000000101048
3899,COc1cc2cc(C=Nc3c(S)ncc4nonc34)[nH]c2cc1OC,-5.199354,-2.898608,2.300746,0.9999998811640436,3.344572390022796,0.3348320000004605,0.2527629999967757
4013,COc1cc2[nH]ccc2c(C#Cc2c(Br)ncc3nonc23)c1OC,-5.408518,-3.030495,2.378022,1.0,3.322751236176643,100000.0,100000.0
3985,COc1cc2cc(N=Cc3occ4nc(Br)cnc34)n(C)c2cc1OC,-4.964736,-2.783152,2.181585,0.9999784240956662,3.486335518569689,0.3825610000058077,0.3737369999871589
4025,COc1cc2cc(C#CC3:nc(C(F)(F)F)cc4nonc:34)n(C)c2cc1OC,-5.603555,-3.159697,2.443859,1.0,3.231733297589601,100000.0,100000.0
3863,COc1cc2cc(-c3s:C(c4scc5ncc(S)nc45):cc3OC)[nH]c2cc1OC,-4.730052,-2.5828,2.147251,0.9999376085377956,3.37099854078828,0.2945160000017495,0.3660630000013043
3845,COc1cc2cc(C=Cc3nc(NC(C)=O)cc4nsnc34)[nH]c2cc1OC,-4.988104,-2.572708,2.415396,0.99999958941199,3.103819275431894,0.2801650000037625,0.3012319999979809
4064,COc1cc2cc(N=Cc3scc4ncc(O)nc34)n(C)c2cc1OC,-4.782561,-2.476701,2.305859,0.9999964614944112,3.452642587176758,0.4065669999909005,0.4065309999932651
3853,COc1cc2cc(C=Cc3nc(NC(C)=O)cc4nonc34)[nH]c2cc1OC,-5.151171,-2.670614,2.480557,0.9999999700896866,3.0592796600472782,0.3062300000019604,0.3047069999956875
3893,COc1cc2cc(-c3s:C(c4cc(S(=O)(=O)O)cc5nccnc45):cc3OC)[nH]c2cc1OC,-4.769066,-2.677855,2.091212,0.9787713940809444,2.980521957807632,0.3918199999970966,0.339576999998826
3973,COc1cc2cc(N=Cc3occ4ncc(OC(C)=O)nc34)[nH]c2cc1OC,-4.856292,-2.550203,2.306089,0.9999835290959114,3.428563506201124,0.4721070000014151,0.4248679999946034
3839,CNc1cc(C2:cc(OC)c(-c3cc4cc(OC)c(OC)cc4[nH]3)s:2)c2nsnc2c1,-4.474986,-2.171018,2.303969,0.998607280369216,3.086972502219512,0.2931590000007418,0.3078420000092592
3969,COc1cc2cc(C=NC3:scc4nc(Br)cnc:34)[nH]c2cc1OC,-5.053106,-2.606223,2.446883,0.999999978336447,3.2430243130997187,0.2994290000060573,0.3297549999988405
3920,COc1cc2cc(C=NC3:scc4nc(Br)cnc:34)[nH]c2cc1OC,-5.053104,-2.606223,2.446881,0.999999975521678,3.2430243130997187,0.2994250000047032,0.3297639999946113
4117,COc1cc2cc(-c3s:C(c4c(F)ccc5nccnc45):cc3OC)[nH]c2cc1OC,-4.435006,-2.268264,2.166742,0.9999994491201624,2.8379128652272883,0.2650210000065272,0.3112860000037472
4092,COc1cc2cc(-c3s:C(c4cc(OC(C)=O)cc5nonc45):cc3OC)[nH]c2cc1OC,-4.655011,-2.565576,2.089435,0.9999913990904908,3.034968377640345,0.3311289999983273,0.321072999991884
4084,COc1cc2cc(-c3s:C(c4nc(C=O)cc5nonc45):cc3OC)[nH]c2cc1OC,-4.93111,-3.148786,1.782324,0.9999991353229544,3.214662044138267,0.2454539999962435,0.2791660000002594
4095,COc1cc2cc(-c3s:C(c4nc(C=O)cc5nonc45):cc3OC)[nH]c2cc1OC,-4.931112,-3.148788,1.782324,0.9999991279345088,3.214662044138267,0.2454390000057174,0.2791479999941657
4088,COc1cc2cc(-c3s:C(c4occ5nc(F)cnc45):cc3OC)[nH]c2cc1OC,-4.535521,-2.475082,2.06044,0.9999999945865392,3.2797990774609094,0.3250929999994696,0.3072439999959897
4079,COc1cc2cc(-c3s:C(c4cc(O)cc5nsnc45):cc3OC)[nH]c2cc1OC,-4.531513,-2.38357,2.147942,0.9999982021865405,3.075689059571824,0.268383000002359,0.3023289999982808
4176,COc1cc2cc(-c3s:C(c4cc(F)cc5nonc45):cc3OC)[nH]c2cc1OC,-4.926291,-2.71822,2.20807,0.9999902964573164,2.9637944262981204,0.264789999993809,0.5130040000003646
4167,COc1cc2cc(C#CC3:scc4ncc(C=O)nc:34)n(C)c2cc1OC,-5.211038,-2.96139,2.249648,1.0,3.344748739060797,100000.0,100000.0
4114,COc1cc2cc(C#CC3:occ4ncc(C=O)nc:34)[nH]c2cc1OC,-5.057296,-2.853057,2.204239,1.0,3.421099027925199,0.3151560000005702,100000.0
4168,COc1cc2cc(C=Cc3c(OC)ncc4nsnc34)n(C)c2cc1OC,-4.598754,-2.582877,2.015877,0.9993597606099188,3.115409678121738,0.3245679999963613,0.3170290000052773
4085,COc1cc2cc(N=Cc3occ4nccnc34)[nH]c2cc1OC,-4.853804,-2.578613,2.275191,0.999993159365882,3.2780213754185894,0.3654410000017378,0.3724669999974139
4202,COc1cc2cc(C#CC3:occ4ncc(C=O)nc:34)[nH]c2cc1OC,-5.191069,-2.907066,2.284003,1.0,3.421099027925199,100000.0,100000.0
4089,COc1cc2cc(C=Cc3cccc4ncc(S(=O)(=O)O)nc34)[nH]c2cc1OC,-4.887319,-2.693352,2.193967,0.9934467106518694,2.911932838969632,0.5840330000064569,0.3708959999930812
4278,COc1cc2cc(C=Cc3c(C)ncc4nsnc34)n(C)c2cc1OC,-4.889647,-2.716251,2.173396,0.9996091689153116,3.0848849988191693,0.2870190000030561,0.3169229999984964
4259,COc1cc2cc(C#CC3:occ4ncc(C=O)nc:34)[nH]c2cc1OC,-5.241361,-2.930994,2.310367,1.0,3.421099027925199,100000.0,100000.0
4273,COc1cc2cc(C=Cc3c(S)ncc4nonc34)n(C)c2cc1OC,-5.008992,-2.888905,2.120087,0.9997387115147162,3.286514936449107,0.3314959999988787,0.3032830000011017
4223,COc1cc2cc(N=Cc3scc4nc(C(F)(F)F)cnc34)[nH]c2cc1OC,-5.230921,-3.004363,2.226559,0.9999903588785244,3.3471380217804825,0.4040569999997387,100000.0
4236,COc1cc2cc(C=NC3:c(O)ncc4nonc:34)[nH]c2cc1OC,-5.084629,-2.743257,2.341372,0.9999998425474002,3.232782005407412,0.3555870000018331,0.2800310000020545
4301,COc1cc2cc(C=Cc3scc4nc(NC(C)=O)cnc34)n(C)c2cc1OC,-4.520807,-2.238306,2.282502,0.9998098148279484,3.1089315256488046,0.3347340000036638,0.34913200000301
4161,COc1cnc2c(C=Cc3cc4cc(OC)c(OC)cc4[nH]3)scc2n1,-4.557954,-2.122982,2.434972,0.9999999998991568,3.0751224125405834,0.3252130000037141,0.3383649999959743
4094,COc1cc2cc(C=Cc3scc4ncc(S)nc34)[nH]c2cc1OC,-4.639809,-2.357931,2.281878,0.99998004117096,3.3746570054074123,0.3063559999936842,0.3251859999945736
4246,COc1cc2cc(N=Cc3c(OC)ccc4nsnc34)[nH]c2cc1OC,-4.807229,-2.524338,2.282892,0.9977087251633112,3.010743335617506,0.3177179999984219,0.3654279999973369
4306,COc1cc2cc(N=Cc3occ4ncc(C)nc34)[nH]c2cc1OC,-4.785191,-2.425848,2.359343,0.9999997452963646,3.316182005407412,0.3862609999996493,0.3783379999986209
4293,COc1cc2cc(C=Cc3cc(Br)cc4nonc34)n(C)c2cc1OC,-5.019852,-2.622941,2.39691,0.9999279150474844,2.92354736888154,0.2705660000065109,0.2881839999899966
4245,COc1cc2cc(C=Cc3nc(OC(C)=O)cc4nsnc34)n(C)c2cc1OC,-4.94836,-2.645535,2.302825,0.9985216504913236,3.229433589438674,0.3056979999964824,0.3215009999985341
4181,COc1cc2cc(C=Cc3nc(C(F)(F)F)cc4nsnc34)n(C)c2cc1OC,-5.358426,-2.972441,2.385984,0.9999717491797172,3.212446118102422,0.2494250000017928,0.6630970000041998
4166,COc1cc2cc(C=Cc3cc(C#N)cc4nccnc34)n(C)c2cc1OC,-4.900669,-2.504415,2.396254,0.9978732706855712,2.872957160047278,0.2401850000023841,0.2977030000038212
4211,COc1cc2cc(C=Nc3cc(C#N)cc4nsnc34)n(C)c2cc1OC,-5.282764,-2.909241,2.373523,0.9967894680197038,3.180639448351508,0.2426819999964209,0.2546480000091833
4308,COc1cc2cc(C=NC3:c(Br)ncc4nonc:34)n(C)c2cc1OC,-5.495265,-3.097524,2.39774,0.9998796177652298,3.2737072441414155,0.3286269999953219,0.2782299999962561
4101,COc1cc2cc(-c3s:C(c4cc(S)cc5nccnc45):cc3OC)[nH]c2cc1OC,-4.500732,-2.218072,2.28266,0.976159658916916,3.0955431158755173,0.3489000000045053,0.3119450000012875
4123,COc1cc2cc(N=Cc3c(OC)ccc4nsnc34)n(C)c2cc1OC,-4.968849,-2.605997,2.362852,0.9846498355753216,3.031782505294565,0.3274410000012722,0.6270559999902616
4226,CNc1cnc2c(C=Cc3cc4cc(OC)c(OC)cc4n3C)occ2n1,-4.370172,-1.885605,2.484566,0.9997407154927764,3.2116925952046547,0.4136370000051101,0.3714810000019497
4262,COc1cc2c(ccn2C)c(C=Cc2occ3nc(C#N)cnc23)c1OC,-5.07157,-2.756965,2.314605,0.9895369252043916,3.3724842035962626,0.325753999997687,0.3637080000044079
4292,COc1cc2cc(C=Cc3cc(C(F)(F)F)cc4nsnc34)n(C)c2cc1OC,-5.092458,-2.691991,2.400467,0.9876153504426788,3.002856374512679,0.3100210000047809,0.5571360000030836
4295,COc1cc2cc(-c3cc(OC)c(C4:scc5nc(Br)cnc:45)s3)[nH]c2cc1OC,-4.709803,-2.406747,2.303056,0.9731729398122844,3.1984110631496394,0.2971830000024056,0.3437299999932293
4355,COc1cc2cc(-c3s:C(c4c(OC)ccc5nsnc45):cc3OC)[nH]c2cc1OC,-4.316391,-2.382041,1.93435,0.999999907504408,2.9245960112947067,0.284220000001369,100000.0
4414,COc1cc2cc(-c3s:C(c4c(OC)ccc5nsnc45):cc3OC)[nH]c2cc1OC,-4.316389,-2.382023,1.934367,0.999999743431056,2.9245960112947067,0.2842320000054315,100000.0
4415,COc1cc2cc(-c3s:C(c4cccc5nsnc45):cc3OC)[nH]c2cc1OC,-4.524606,-2.492652,2.031954,0.999994402335484,2.826664372070676,0.2380009999978938,0.2993169999899692
4461,COc1cc2cc(-c3s:C(c4occ5nc(Br)cnc45):cc3OC)[nH]c2cc1OC,-4.576121,-2.590601,1.98552,0.9999999994862824,3.271790848480588,0.3257860000012442,0.3068339999881573
4488,COc1cc2cc(N=Cc3c(F)ncc4nonc34)n(C)c2cc1OC,-5.050686,-3.110202,1.940484,0.9999999365668848,3.3030685747027464,0.3814199999906122,0.2871509999968111
4462,COc1cc2cc(C#CC3:c(Br)ncc4nsnc:34)[nH]c2cc1OC,-5.126639,-3.013926,2.112713,1.0,3.308776236176642,100000.0,0.2596049999847309
4366,COc1cc2cc(C=Cc3c(OC)ncc4nonc34)n(C)c2cc1OC,-4.69203,-2.713849,1.978181,0.9998478087643656,3.07891697082903,0.3638990000035846,0.3154130000039004
4436,COc1cc2cc(C=Cc3c(O)ncc4nonc34)n(C)c2cc1OC,-4.733404,-2.762393,1.971011,0.9997378389032288,3.177745913580085,0.3688039999979082,0.304004999998142
4357,COc1cc(C2:cc(OC)c(-c3cc4cc(OC)c(OC)cc4[nH]3)s:2)c2nonc2c1,-4.606319,-2.354662,2.251657,0.9999996872858056,2.9347005921071503,0.2872379999971599,0.3022720000008121
4353,COc1cc2cc(-c3s:C(c4c(C#N)ccc5nsnc45):cc3OC)[nH]c2cc1OC,-5.001948,-3.027028,1.97492,0.9995225315796458,3.058300073524612,0.1921159999983501,0.6035780000020168
4566,COc1cc2cc(N=Cc3c(Br)ccc4nonc34)[nH]c2cc1OC,-5.055287,-2.81868,2.236607,0.9999997722755628,3.097324313099719,0.2947279999934835,0.2891019999806303
4382,COc1cnc2c(C3:cc(OC)c(-c4cc5cc(OC)c(OC)cc5[nH]4)s:3)occ2n1,-4.382454,-2.137859,2.244595,0.9999999981172852,3.187184429617954,0.349248999998963,0.3208260000028531
4514,COc1cc2cc(-c3s:C(c4nc(O)cc5nsnc45):cc3OC)[nH]c2cc1OC,-4.990814,-2.846123,2.144691,0.9999874520806356,3.225158290341053,0.2444639999957871,100000.0
4469,COc1cc2cc(N=Cc3cc(C=O)cc4nsnc34)n(C)c2cc1OC,-5.19029,-3.074681,2.11561,0.999967772959126,3.249321766033825,0.299116000009235,0.5906910000048811
4412,COc1cc2cc(-c3s:C(c4nc(S(=O)(=O)O)cc5nsnc45):cc3OC)[nH]c2cc1OC,-5.177187,-3.324587,1.8526,0.999520143353617,3.3231750404353413,0.382050000000163,0.601394999990589
4388,COc1cc2cc(-c3s:C(c4occ5nc(OC(C)=O)cnc45):cc3OC)[nH]c2cc1OC,-4.456948,-2.367089,2.089859,0.9999086983546333,3.285711912828562,0.4160960000008344,0.3305760000002919
4491,COc1cc2cc(C=Cc3c(O)ncc4nsnc34)n(C)c2cc1OC,-4.631563,-2.625369,2.006194,0.9992278987916986,3.2157180549522257,0.329531000003044,0.3082930000018677
4419,COc1cc2cc(-c3s:C(c4c(OC(C)=O)ccc5nsnc45):cc3OC)[nH]c2cc1OC,-4.654176,-2.551918,2.102258,0.997278008752734,3.021967722975861,0.2917840000009164,0.3509879999983241
4360,COc1cc2cc(-c3s:C(c4c(OC(C)=O)ccc5nsnc45):cc3OC)[nH]c2cc1OC,-4.654215,-2.551891,2.102324,0.997277321138806,3.021967722975861,0.2917559999987134,0.3509979999944335
4398,COc1cc2cc(-c3s:C(c4c(Br)ccc5nonc45):cc3OC)[nH]c2cc1OC,-4.806666,-2.728213,2.078452,0.9916089981224248,2.992758648122805,0.2595200000068871,0.3056159999978263
4507,COc1cc2c:C(N=Cc3nc(C#N)cc4nsnc34):n(C)c2cc1OC,-5.413098,-3.344897,2.068201,0.9999593038916522,3.484602085714145,0.2537880000018049,0.578086000008625
4498,COc1cc2cc(-c3s:C(c4c(OC(C)=O)ccc5nsnc45):cc3OC)[nH]c2cc1OC,-4.704392,-2.566119,2.138273,0.9964412233743094,3.021967722975861,0.2918850000060047,0.5379880000036792
4452,COc1cc2cc(N=Cc3cccc4nonc34)n(C)c2cc1OC,-5.160522,-2.758141,2.402381,0.999999774942264,2.919295466945874,0.3195979999982228,0.589244000002509
4335,COc1cc2cc(-c3s:C(c4cc(C#N)cc5nccnc45):cc3OC)[nH]c2cc1OC,-4.661993,-2.667481,1.994513,0.9817965813315456,2.960455220656806,0.2504189999963273,0.300413999997545
4472,CNc1cc2nsnc2c(C2:cc(OC)c(-c3cc4cc(OC)c(OC)cc4[nH]3)s:2)n1,-4.823731,-2.536565,2.287165,0.999933102677248,3.1714698228763822,0.3144509999983711,0.3572189999977126
4580,COc1cc2c:C(N=Cc3scc4nc(Br)cnc34):[nH]c2cc1OC,-5.087818,-2.875416,2.212402,0.9998850559096786,3.379374313099719,0.3445619999984046,0.5899749999953201
4574,COc1cc2cc(C=Nc3cc(S(=O)(=O)O)cc4nsnc34)[nH]c2cc1OC,-5.267575,-2.922234,2.345341,0.9999436053072646,3.1159826176909,0.3959520000062184,0.2825950000042212
4501,COc1cc2cc(C=Nc3c(O)ncc4nsnc34)n(C)c2cc1OC,-4.956123,-2.625772,2.330351,0.9999994339072324,3.314224084058255,0.3289359999980661,0.2874230000015814
4532,COc1cc2cc(C=Cc3c(Br)ccc4nsnc34)n(C)c2cc1OC,-4.804991,-2.484789,2.320202,0.9990416464883962,2.968049655783826,0.2387809999927412,0.2899880000040866
4421,COc1cc2cc(C=Cc3scc4nccnc34)n(C)c2cc1OC,-4.743383,-2.391862,2.351521,0.9997170236363786,3.008751236176642,0.2777879999994184,0.5289349999948172
4438,COc1cc2cc(C=Cc3nc(O)cc4nsnc34)n(C)c2cc1OC,-4.950896,-2.571627,2.379269,0.9999794860640704,3.2152465372807075,0.2615739999964717,0.2892320000028121
4463,COc1cc2cc(C=Cc3c(C#N)ccc4nonc34)n(C)c2cc1OC,-5.315073,-2.987802,2.327271,0.998122962096345,2.994626261538322,0.2146930000089923,0.5043479999949341
4533,COc1cc2cc(C=Cc3c(S(=O)(=O)O)ncc4nonc34)n(C)c2cc1OC,-5.484741,-3.427819,2.056922,0.9839286425215416,3.2573076565639605,0.3210210000033839,0.5521149999985937
4471,COc1cc2cc(C=Cc3scc4nc(Br)cnc34)n(C)c2cc1OC,-4.91086,-2.61623,2.29463,0.999550196022564,3.213830113164283,0.2991719999845372,0.5341349999944214
4450,COc1cc2cc(N=Cc3scc4ncc(O)nc34)[nH]c2cc1OC,-4.821857,-2.477075,2.344783,0.9999985725258712,3.444766620792027,0.4066949999978533,0.4061140000048908
4481,COc1cc2cc(C=Cc3cccc4ncc(C#N)nc34)n(C)c2cc1OC,-4.988849,-2.651684,2.337164,0.9934777047253532,2.8197498523549704,0.2415600000022095,0.3327730000019073
4525,COc1cc2c(ccn2C)c(C#Cc2c(S)ncc3nsnc23)c1OC,-5.103612,-2.720813,2.382799,1.0,3.4584018387360107,100000.0,100000.0
4500,COc1cc2cc(C=Cc3nc(NC(C)=O)cc4nsnc34)n(C)c2cc1OC,-4.949608,-2.552429,2.397179,0.9999357768189,3.137574490001525,0.27887699999701,0.3055359999998472
4403,COc1cc2cc(C=Cc3nc(S)cc4nsnc34)n(C)c2cc1OC,-4.981818,-2.656652,2.325167,0.999835545126364,3.3616864541206244,0.2551710000043385,0.268954000006488
4370,COc1cc2cc(-c3s:C(c4c(S(=O)(=O)O)ncc5nsnc45):cc3OC)[nH]c2cc1OC,-4.866705,-3.32749,1.539215,0.9523863245227284,3.3201973729415446,0.3044680000020889,0.3318049999943468
4485,COc1cc2cc(N=Cc3c(S(=O)(=O)O)ncc4nonc34)n(C)c2cc1OC,-5.709413,-3.735472,1.973941,0.9784693110137678,3.418610220666525,0.3672030000088853,0.3694450000039069
4464,CNc1cc(C2:cc(OC)c(-c3cc4cc(OC)c(OC)cc4[nH]3)s:2)c2nonc2c1,-4.755606,-2.281488,2.474119,0.999959491244718,3.042252536791681,0.3123570000025211,0.5134580000012647
4331,COc1cc2cc[nH]c2c(C=Cc2scc3ncc(C#N)nc23)c1OC,-5.205383,-2.982586,2.222797,0.9884607942373632,3.3833913356175067,0.2668090000006486,0.4322309999988647
4538,COc1cc2cc(C3:nc(Br)cc4nsnc:34)n(C)c2cc1OC,-5.229392,-2.805519,2.423873,0.9995454585137364,3.0229529397366246,0.3406989999930374,0.2817369999975199
4540,COc1cc2cc(C=Cc3scc4ncc(O)nc34)n(C)c2cc1OC,-4.543162,-2.183813,2.359349,0.9981458292346348,3.277455061189232,0.3749319999988074,0.3496200000008684
4429,CNc1ncc2nsnc2c1C=Cc1cc2cc(OC)c(OC)cc2n1C,-4.579166,-2.464219,2.114946,0.9463546645121838,3.157430057742117,0.4016899999987799,0.398630999996385
4669,COc1cc2cc(-c3s:C(c4nccc5nonc45):cc3OC)[nH]c2cc1OC,-4.760086,-2.776819,1.983267,0.9999999996573656,2.9817610753673787,0.2452649999977438,0.2857230000008712
4656,COc1cc2cc(-c3s:C(c4nccc5nonc45):cc3OC)[nH]c2cc1OC,-4.760082,-2.77677,1.983312,0.9999999989496632,2.9817610753673787,0.2451979999968898,0.2857380000059493
4677,COc1cc2cc(-c3s:C(c4scc5ncc(C)nc45):cc3OC)[nH]c2cc1OC,-4.404822,-2.339541,2.065282,0.9999995874635366,3.0756761794287097,0.2788800000053015,0.3034410000036587
4658,COc1cc2cc(-c3s:C(c4nc(NC(C)=O)cc5nsnc45):cc3OC)[nH]c2cc1OC,-4.698293,-2.706329,1.991964,0.9999987913884972,3.146477051944764,0.2642320000013569,0.2989539999980479
4704,COc1cc2cc(-c3s:C(c4nc(NC(C)=O)cc5nsnc45):cc3OC)[nH]c2cc1OC,-4.698256,-2.706318,1.991939,0.9999987853588792,3.146477051944764,0.2642510000005131,0.2989499999966938
4868,COc1cc2cc(C#CC3:c(Br)ncc4nonc:34)n(C)c2cc1OC,-5.217708,-3.108428,2.10928,1.0,3.256884167218338,100000.0,0.2547930000000633
4622,COc1cc2cc(-c3s:C(c4scc5ncc(C)nc45):cc3OC)[nH]c2cc1OC,-4.404828,-2.339529,2.065299,0.9999995662933138,3.0756761794287097,0.2789000000047963,0.303436000009242
4659,COc1cc2cc(-c3s:C(c4scc5ncc(C)nc45):cc3OC)[nH]c2cc1OC,-4.404829,-2.339498,2.065331,0.999999425263457,3.0756761794287097,0.2789229999980307,0.3034530000004451
4652,COc1cc2cc(-c3s:C(c4nc(C(F)(F)F)cc5nsnc45):cc3OC)[nH]c2cc1OC,-5.062253,-3.085098,1.977155,0.9999976111439046,3.221067844405564,0.2445380000062869,0.6318459999965853
4641,COc1cc2cc(-c3s:C(c4occ5ncc(NC(C)=O)nc45):cc3OC)[nH]c2cc1OC,-4.392904,-2.272405,2.120499,0.9999999527305624,3.20367934327046,0.3916510000053677,0.3406059999979334
4763,COc1cc2cc(-c3s:C(c4occ5ncc(NC(C)=O)nc45):cc3OC)[nH]c2cc1OC,-4.392891,-2.272454,2.120437,0.9999999500299536,3.20367934327046,0.3915249999990919,0.3405430000057095
4753,COc1cc2cc(N=Cc3cc(C#N)cc4nsnc34)n(C)c2cc1OC,-5.060811,-3.046534,2.014277,0.9999994176962236,3.232391696103756,0.2621900000012829,0.2911539999913657
4833,COc1cc2cc(C#CC3:c(O)ncc4nsnc:34)[nH]c2cc1OC,-5.050976,-2.822463,2.228513,1.0,3.311391620792026,0.3516340000060154,0.5351519999967422
4632,COc1cc2cc(-c3s:C(c4occ5ncc(S)nc45):cc3OC)[nH]c2cc1OC,-4.439386,-2.392433,2.046953,0.99999999894466,3.4304693815754,0.3485170000058133,0.3107810000001336
4841,COc1cc2cc(C#CC3:c(S)ncc4nonc:34)[nH]c2cc1OC,-5.103206,-2.922205,2.181001,1.0,3.384155082330489,100000.0,0.2593129999950179
4616,COc1cc2cc(-c3s:C(c4nc(NC(C)=O)cc5nonc45):cc3OC)[nH]c2cc1OC,-5.010599,-2.847479,2.16312,0.9999966453858232,3.108570996298284,0.283607999997912,0.5142820000037318
4615,COc1cc2cc(-c3s:C(c4occ5nc(S)cnc45):cc3OC)[nH]c2cc1OC,-4.471015,-2.38161,2.089405,0.9999999918543918,3.4399427268347926,0.3274860000019544,0.3087309999973513
4598,COc1cc2cc(-c3s:C(c4scc5nc(C(F)(F)F)cnc45):cc3OC)[nH]c2cc1OC,-4.866083,-2.859365,2.006718,0.9998483054054824,3.2260420379539507,0.3465179999984684,0.3714800000016112
4592,COc1cc2cc(-c3s:C(c4c(OC(C)=O)ncc5nonc45):cc3OC)[nH]c2cc1OC,-4.725198,-2.931653,1.793545,0.998650714638062,3.222812076494684,0.3624419999978272,0.3367739999957848
4837,COc1cc2cc(C=Cc3occ4nc(S(=O)(=O)O)cnc34)n(C)c2cc1OC,-4.980353,-2.973072,2.007281,0.9999928929282976,3.367230733487037,0.4778430000005755,0.4350549999944633
4762,COc1cc2cc(C#CC3:nc(Br)cc4nsnc:34)n(C)c2cc1OC,-5.22857,-2.946758,2.281812,1.0,3.3117373896715607,100000.0,0.2632860000012442
4608,CNc1cc2nonc2c(C2:cc(OC)c(-c3cc4cc(OC)c(OC)cc4[nH]3)s:2)n1,-4.678945,-2.491341,2.187604,0.9999589175947762,3.1314342135418967,0.332100999999966,0.2893169999952079
4708,COc1cc2cc(C=Cc3c(F)ncc4nonc34)n(C)c2cc1OC,-5.086086,-3.006322,2.079764,0.9992857760991258,3.126507659941831,0.34967499999766,0.3125760000039008
4614,CNc1cnc2c(C3:cc(OC)c(-c4cc5cc(OC)c(OC)cc5[nH]4)s:3)occ2n1,-4.281323,-2.028058,2.253265,0.9999982190069004,3.2318514996265977,0.3968499999973573,0.333783999994921
4728,COc1cc2cc(-c3s:C(c4cc(S)cc5nsnc45):cc3OC)[nH]c2cc1OC,-4.611759,-2.560458,2.051301,0.998620167034511,3.250390490698835,0.3118949999989127,0.2949880000014673
4733,COc1cc2cc(-c3s:C(c4c(NC(C)=O)ncc5nonc45):cc3OC)[nH]c2cc1OC,-4.880662,-2.932277,1.948385,0.9834170862921368,3.160653156691083,0.3708860000042477,0.354695999994874
4747,COc1cc2cc(N=Cc3scc4ncc(NC(C)=O)nc34)[nH]c2cc1OC,-4.824003,-2.551762,2.27224,0.9999977376820016,3.253485813893432,0.3921550000086427,0.4180970000015804
4722,COc1cc2cc(C#CC3:nc(C(F)(F)F)cc4nsnc:34)n(C)c2cc1OC,-5.44578,-3.05171,2.39407,1.0,3.275723041179345,100000.0,100000.0
4738,COc1cc2cc(C#Cc3nc(F)cc4nonc34)[nH]c2cc1OC,-5.397438,-2.959835,2.437604,1.0,3.239955082330489,100000.0,100000.0
4829,COc1cc2cc(N=Cc3cccc4nc(C=O)cnc34)[nH]c2cc1OC,-5.121103,-2.782521,2.338582,0.999959758744098,2.986433654145713,0.297655999995186,0.6141570000036154
4746,COc1cc2cc(C=Cc3occ4ncc(Br)nc34)n(C)c2cc1OC,-4.700163,-2.445699,2.254464,0.9999640495946518,3.251607659941831,0.3315880000009201,0.3297769999917364
4634,COc1cc2cc(C#CC3:nc(C(F)(F)F)cc4nsnc:34)[nH]c2cc1OC,-5.494307,-3.064117,2.43019,1.0,3.282220592374445,100000.0,100000.0
4794,COc1cc2cc(N=Cc3nc(F)cc4nonc34)[nH]c2cc1OC,-5.447122,-3.212497,2.234625,0.9999874103625132,3.376105082330489,0.3242979999995441,0.3056070000020554
4839,COc1cc2cc(N=Cc3cc(F)cc4nccnc34)n(C)c2cc1OC,-4.841641,-2.367691,2.47395,0.9999997898898376,2.9432893984014576,100000.0,0.3269280000022263
4725,COc1cc2cc(N=Cc3scc4ncc(Br)nc34)[nH]c2cc1OC,-5.054341,-2.852444,2.201897,0.999894469881106,3.362268543868951,0.3281330000027083,0.5922620000055758
4662,COc1cc2cc(N=Cc3c(C=O)ccc4nonc34)[nH]c2cc1OC,-5.469837,-3.246844,2.222993,0.9915213138529784,3.153434412540584,0.3044490000029327,0.5558900000032736
4827,COc1cc2cc(N=Cc3cccc4nc(S(=O)(=O)O)cnc34)[nH]c2cc1OC,-5.256153,-2.957309,2.298844,0.9979789350877384,3.082748786436798,100000.0,0.6554159999941476
4805,COc1cc2cc(N=Cc3nc(NC(C)=O)cc4nsnc34)n(C)c2cc1OC,-5.226073,-2.899387,2.326687,0.9999985151223952,3.342612388688205,0.3223639999996521,0.5676989999992657
4719,COc1cc2cc(C=Cc3occ4ncc(F)nc34)n(C)c2cc1OC,-4.618428,-2.313677,2.304751,0.9999471293834634,3.2665484083825795,0.3765499999935855,0.3407750000042142
4605,COc1cc2cc(-c3s:C(c4c(S(=O)(=O)O)ncc5nonc45):cc3OC)[nH]c2cc1OC,-5.028134,-3.409882,1.618252,0.9716863907782384,3.302987943661148,0.3016869999992195,0.3403949999992619
4640,COc1cc2cc(C=Cc3cccc4nc(C=O)cnc34)n(C)c2cc1OC,-4.972389,-2.600263,2.372127,0.9962357383216058,2.832753121585739,0.2846680000002379,0.5645429999931366
4678,COc1cc2cc(-c3s:C(c4c(S(=O)(=O)O)ncc5nonc45):cc3OC)[nH]c2cc1OC,-5.028138,-3.409873,1.618265,0.9716727301125668,3.302987943661148,0.3016950000019278,0.3404979999977513
4768,COc1cc2cc(N=Cc3cc(C(F)(F)F)cc4nsnc34)[nH]c2cc1OC,-5.35949,-2.984769,2.374721,0.9999454162112305,3.158888167836958,100000.0,0.7490180000022519
4736,COc1cc2cc(N=Cc3occ4ncc(C(F)(F)F)nc34)[nH]c2cc1OC,-5.223105,-2.977746,2.245358,0.9990011846068444,3.4247588591709395,100000.0,0.7309389999936684
4665,COc1cc2nonc2c(C=Nc2cc3cc(OC)c(OC)cc3n2C)n1,-5.431735,-3.044089,2.387645,0.9999888373639269,3.2962044833165427,0.3444909999961965,0.6851730000053067
4655,COc1cc2cc(C#CC3:nc(S)cc4nonc:34)[nH]c2cc1OC,-5.350874,-2.871243,2.479631,1.0,3.4159589284843346,0.2952299999960814,0.248885999993945
4603,COc1cc2cc(-c3s:C(c4cccc5ncc(F)nc45):cc3OC)[nH]c2cc1OC,-4.619453,-2.310182,2.309271,0.9817512978028072,2.875524619764887,0.2971859999961452,0.3344180000058259
4855,COc1cc2cc(C=Nc3c(NC(C)=O)ncc4nsnc34)[nH]c2cc1OC,-5.314216,-2.840328,2.473888,0.9999981577175228,3.184834852354971,0.3594850000008591,0.5538980000055744
4960,COc1cc2cc(-c3s:C(c4nc(C)cc5nsnc45):cc3OC)[nH]c2cc1OC,-4.606954,-2.695525,1.911429,0.9999999537745752,3.0719860184269203,0.2308789999951841,0.2871779999986756
4873,COc1cc2cc(-c3s:C(c4cc(Br)cc5nonc45):cc3OC)[nH]c2cc1OC,-4.763459,-2.750805,2.012655,0.9999993678015998,2.9957468413249533,0.2527899999986402,0.2864360000094166
4942,COc1cc2cc(-c3s:C(c4nc(Br)cc5nonc45):cc3OC)[nH]c2cc1OC,-4.92584,-3.013083,1.912758,0.9999999999815532,3.166498898570035,0.2706230000039795,0.2830769999854965
4872,COc1cc2cc(-c3s:C(c4nc(Br)cc5nonc45):cc3OC)[nH]c2cc1OC,-4.925784,-3.013112,1.912672,0.9999999921549244,3.166498898570035,0.2704740000044694,0.28289400000358
4936,COc1cc2cc(-c3s:C(c4nc(Br)cc5nonc45):cc3OC)[nH]c2cc1OC,-4.925817,-3.013038,1.912778,0.9999999984368906,3.166498898570035,0.27058300000499,0.282999999995809
4938,COc1cc2cc(-c3s:C(c4nc(C)cc5nsnc45):cc3OC)[nH]c2cc1OC,-4.777617,-2.765051,2.012566,0.9999885173512671,3.0719860184269203,0.2311269999991054,0.4931309999956283
4877,COc1cc2cc(-c3s:C(c4cc(NC(C)=O)cc5nsnc45):cc3OC)[nH]c2cc1OC,-4.581126,-2.426628,2.154498,0.9997702918596166,3.017891945561786,0.2653490000011516,0.3130270000037853
5095,COc1cc2cc(C#Cc3nc(S(=O)(=O)O)cc4nsnc34)[nH]c2cc1OC,-5.532683,-3.324173,2.20851,1.0,3.40409303638613,100000.0,100000.0
5028,COc1cc2cc(N=Cc3c(C#N)ccc4nccnc34)[nH]c2cc1OC,-5.123399,-2.780816,2.342583,0.9999991951461048,3.0254105772226367,0.250092999998742,0.3216470000006666
5130,COc1cc2cc(C=Cc3scc4nc(C=O)cnc34)n(C)c2cc1OC,-4.906418,-2.835544,2.070874,0.999886197041946,3.2329293584414174,0.3069170000017038,0.5288870000076713
5037,COc1cc2cc(N=Cc3c(O)ncc4nonc34)[nH]c2cc1OC,-5.017177,-2.98582,2.031356,0.9999597172884844,3.3436993130997203,0.4179080000030808,0.3515000000006694
5060,COc1cc2cc(C=Cc3cncc4nsnc34)n(C)c2cc1OC,-4.844892,-2.655702,2.189191,0.998671713328751,3.036258928484335,0.2804280000054859,0.2992010000016307
4913,COc1cc2cc(N=Cc3occ4nccnc34)n(C)c2cc1OC,-4.814029,-2.571841,2.242187,0.9999926704270852,3.288826236176642,0.366081000000122,0.3732080000008864
5068,COc1cc2cc(N=Cc3c(C(F)(F)F)ccc4nonc34)[nH]c2cc1OC,-5.300996,-3.057039,2.243957,0.9995391142595574,3.1417907968535097,0.3154710000017076,100000.0
4990,COc1cc2cc(N=Cc3nccc4nsnc34)[nH]c2cc1OC,-5.346972,-3.002008,2.344964,0.999990675515034,3.1912771995944142,0.2860289999953238,0.7412770000009914
5040,COc1cc2cc(N=Cc3nc(C)cc4nsnc34)[nH]c2cc1OC,-5.179363,-2.888287,2.291076,0.9999635789105792,3.267097390022796,0.2886910000015632,0.5763740000038524
5005,COc1cc2cc(N=Cc3scc4nc(F)cnc34)[nH]c2cc1OC,-4.978087,-2.752448,2.225639,0.9999727890000656,3.388939697715104,0.3483959999939543,0.3728339999943273
4967,COc1cc2cc(C#Cc3scc4nc(C(F)(F)F)cnc34)[nH]c2cc1OC,-5.176962,-2.778459,2.398503,1.0,3.3141736595604243,0.3800530000007711,0.5283560000025318
5090,COc1cc2cc(C=Cc3cc(NC(C)=O)cc4nsnc34)n(C)c2cc1OC,-4.664173,-2.275342,2.388831,0.999775689527629,2.942960043472445,0.2778410000028088,0.3131929999944987
4979,COc1cc2cc(C=Cc3cc(S(=O)(=O)O)cc4nsnc34)n(C)c2cc1OC,-5.167906,-2.88764,2.280266,0.9980364978167372,3.053521331777634,0.374735999997938,0.5612189999956172
5056,COc1cc2cc(N=Cc3occ4nc(C)cnc34)n(C)c2cc1OC,-4.762585,-2.436565,2.326021,0.9999916502317362,3.3348118179459885,0.3766300000024785,0.3765370000000985
4878,COc1cc2cc(N=Cc3c(S)ncc4nonc34)[nH]c2cc1OC,-5.343018,-3.122959,2.220059,0.999957411080436,3.4554896977151035,0.386119000002509,0.5902729999943404
4969,COc1cc2cc(N=Cc3nc(S)cc4nsnc34)n(C)c2cc1OC,-5.258893,-3.010652,2.248242,0.9999767369276584,3.588890612124784,0.2962840000036522,0.5503309999985504
4995,COc1cc2cc(N=Cc3nc(NC(C)=O)cc4nsnc34)[nH]c2cc1OC,-5.267452,-2.911015,2.356437,0.9999931854736344,3.326759660047278,0.3242890000037732,0.563694000004034
4948,COc1cc2cc(-c3s:C(c4cc(F)cc5nccnc45):cc3OC)[nH]c2cc1OC,-4.548844,-2.283091,2.265752,0.9858659173951224,2.863327558399286,0.267626000000746,100000.0
5066,COc1cc2cc(N=Cc3c(F)ccc4nonc34)[nH]c2cc1OC,-5.307957,-2.847523,2.460434,0.9999073398694284,3.0274685438689497,0.3522789999988163,0.7527499999996508
4971,COc1cc2cc(-c3s:C(c4c(NC(C)=O)ncc5nsnc45):cc3OC)[nH]c2cc1OC,-4.774409,-2.862537,1.911872,0.9636597069883944,3.177679506936581,0.3631419999946956,0.3665639999962877
5135,COc1cc2cc(C=NC3:scc4nc(Br)cnc:34)n(C)c2cc1OC,-5.043838,-2.568739,2.475099,0.9999995948888336,3.286217431251602,0.2960920000041369,0.3349190000153612
5077,COc1cc2cc(N=Cc3cc(S)cc4nsnc34)n(C)c2cc1OC,-5.122232,-2.720066,2.402166,0.9999127114508866,3.4194735643077365,0.3010740000026999,0.5826660000093398
4906,COc1cc2cc(-c3s:C(c4cc(F)cc5nccnc45):cc3OC)[nH]c2cc1OC,-4.727531,-2.335633,2.391898,0.9815921887156318,2.863327558399286,0.2774240000071586,0.5259040000019013
4884,COc1cc2cc(-c3s:C(c4c(C(F)(F)F)ncc5nonc45):cc3OC)[nH]c2cc1OC,-5.022638,-3.17076,1.851878,0.9274905697862496,3.223712013140056,0.3179879999952391,0.5283689999996568
5138,COc1cc2c(ccn2C)c(C=Cc2occ3nc(C=O)cnc23)c1OC,-4.961394,-2.651177,2.310217,0.9904944201645354,3.3689669208789805,0.3826719999997294,0.3789010000109556
4912,COc1cc2cc(C=Cc3occ4nc(OC(C)=O)cnc34)n(C)c2cc1OC,-4.716586,-2.28738,2.429206,0.9995489302709122,3.256178617581264,0.4251100000037695,0.3866280000002007
4986,COc1cc2cc(N=Cc3c(OC(C)=O)ccc4nsnc34)n(C)c2cc1OC,-4.825582,-2.65386,2.171721,0.9341666693323398,3.106928899007155,100000.0,100000.0
4891,COc1cc2cc(-c3s:C(c4c(C(F)(F)F)ncc5nonc45):cc3OC)[nH]c2cc1OC,-4.971281,-3.148813,1.822468,0.9259814337325574,3.223712013140056,0.3181400000030407,0.3230809999949997
5004,COc1cc2cc(-c3s:C(c4c(S)ncc5nsnc45):cc3OC)[nH]c2cc1OC,-4.68729,-2.885509,1.801781,0.9262571923076636,3.3248344978544697,0.3404620000073919,0.3342180000181542
4966,COc1cc2cc(C=Cc3occ4ncc(S)nc34)n(C)c2cc1OC,-4.730229,-2.321014,2.409215,0.9997329627155858,3.4526612981954683,0.3520050000006449,0.5293769999989308
4901,COc1cc2cc(-c3s:C(c4c(S)ncc5nsnc45):cc3OC)[nH]c2cc1OC,-4.687107,-2.885461,1.801646,0.9255564627978404,3.3248344978544697,0.3410149999981513,0.3342810000031022
5107,COc1cc2cc[nH]c2c(N=Cc2c(Br)ncc3nonc23)c1OC,-5.436433,-3.241011,2.195422,0.978715746162875,3.4419012361766423,0.4209759999939706,0.6902249999984633
5114,COc1cc2c(ccn2C)c(C=Cc2c(O)ncc3nsnc23)c1OC,-4.863475,-2.522329,2.341146,0.986079286206208,3.3028496557838274,0.3690399999977671,0.3464160000003176
5051,COc1cc2c(cc(C(=O)O)n2C)c(C=Cc2scc3ncc(C#N)nc23)c1OC,-5.280752,-2.94061,2.340143,0.9871436018206408,3.3510097470239053,100000.0,0.3965080000052694
5247,COc1cc2cc(C#CC3:cccc4ncc(C#N)nc:34)n(C)c2cc1OC,-4.978491,-2.763933,2.214558,1.0,2.9656017754318924,100000.0,0.2781439999962458
5235,COc1cc2cc(N=Cc3cccc4ncc(C=O)nc34)n(C)c2cc1OC,-5.055794,-2.815713,2.240081,0.9999848788586544,3.004909275431893,100000.0,0.3623910000023898
5170,COc1cc2cc(N=Cc3scc4nc(C=O)cnc34)[nH]c2cc1OC,-4.889284,-2.979764,1.90952,0.9999999425103052,3.390105797155968,0.3258940000014263,0.3340129999996861
5307,COc1cc2cc(N=Cc3c(C(F)(F)F)ncc4nsnc34)[nH]c2cc1OC,-5.10879,-3.142495,1.966295,0.9999906537783234,3.357662851381262,0.2889959999956772,0.2790309999982128
5335,COc1cc2cc(N=Cc3c(Br)ncc4nsnc34)n(C)c2cc1OC,-4.983483,-3.059836,1.923647,0.9999957776913256,3.3897342711684413,100000.0,100000.0
5219,COc1cc2cc(N=Cc3c(OC)ncc4nonc34)[nH]c2cc1OC,-4.969098,-2.932545,2.036553,0.9999550501079912,3.233341489463661,0.4150140000056126,0.3638320000027306
5293,COc1cc2cc(N=Cc3cc(C=O)cc4nonc34)[nH]c2cc1OC,-5.374419,-3.217893,2.156526,0.999963746704724,3.2027008740790457,0.3199130000066361,0.5782970000000205
5382,COc1cc2cc(N=Cc3occ4nc(C#N)cnc34)[nH]c2cc1OC,-5.116802,-3.144571,1.972231,0.9999930025086948,3.489737181771352,0.3338589999948453,0.3515480000023672
5227,CNc1cnc2csc(C3:cc(OC)c(-c4cc5cc(OC)c(OC)cc5[nH]4)s:3)c2n1,-4.226042,-2.111778,2.114264,0.9998133473714672,3.178161093403608,0.4081339999975171,0.3436909999945783
5222,COc1cc2cc(C=Nc3c(C#N)ccc4nsnc34)[nH]c2cc1OC,-5.254983,-2.900477,2.354506,0.9999996900509974,3.075500874079045,0.213504000006651,0.2481679999982589
5208,CNc1cnc2csc(C3:cc(OC)c(-c4cc5cc(OC)c(OC)cc5[nH]4)s:3)c2n1,-4.226343,-2.112112,2.114231,0.9996981832782088,3.178161093403608,0.4081640000003972,0.3439789999902132
5164,CNc1cnc2csc(C3:cc(OC)c(-c4cc5cc(OC)c(OC)cc5[nH]4)s:3)c2n1,-4.226442,-2.112143,2.114299,0.999692630034305,3.178161093403608,0.4081999999980326,0.3440859999973327
5279,COc1cc2cc(C=Cc3scc4nc(S(=O)(=O)O)cnc34)n(C)c2cc1OC,-5.127062,-3.091394,2.035668,0.9998208511837192,3.3175127847690886,0.4340969999975641,0.6250159999981406
5347,COc1cc2cc(C#CC3:c(C)ncc4nsnc:34)[nH]c2cc1OC,-5.212603,-2.801877,2.410726,1.0,3.169612774638182,100000.0,100000.0
5181,COc1cc2cc(C=Cc3nccc4nonc34)n(C)c2cc1OC,-5.044226,-2.651138,2.393088,0.9999253568693804,2.9569204669458724,0.2645539999975881,0.2776469999989785
5357,COc1cc2cc(C=Cc3cccc4ncc(C=O)nc34)n(C)c2cc1OC,-4.836714,-2.562848,2.273866,0.9915352377324076,2.8282392754318924,0.2950619999974151,0.3102149999976973
5333,COc1cc2cc(C=Cc3c(F)ccc4nonc34)n(C)c2cc1OC,-4.854584,-2.463806,2.390779,0.9998644011822286,2.870061921896093,0.2905640000026324,0.3004190000065136
5256,COc1cc2cc(C=Cc3occ4ncc(NC(C)=O)nc34)n(C)c2cc1OC,-4.505354,-2.175191,2.330163,0.9998026407180758,3.1621412817463668,0.3828100000027916,0.3691259999977774
5289,CNc1cnc2csc(C=Nc3cc4cc(OC)c(OC)cc4n3C)c2n1,-4.545544,-2.241588,2.303955,0.9998804988154636,3.3321181696302293,0.4691039999961504,0.4216660000020056
5377,COc1cc2cc(C=Cc3c(S(=O)(=O)O)ncc4nsnc34)n(C)c2cc1OC,-5.126683,-3.230259,1.896424,0.9804308281069568,3.2919982548545583,0.319244999998773,0.2859250000037718
5245,COc1cc2cc(C=Cc3c(Br)ccc4nonc34)n(C)c2cc1OC,-4.943279,-2.555906,2.387373,0.9995680677980217,2.938029697363868,100000.0,0.2820340000034775
5240,COc1cc2cc(C=Cc3cc(NC(C)=O)cc4nonc34)n(C)c2cc1OC,-4.794741,-2.335276,2.459464,0.9998283735664268,2.914256291127229,0.3065130000031786,0.3086130000010598
5272,COc1cc2cc(N=Cc3c(S)ncc4nsnc34)[nH]c2cc1OC,-5.153219,-2.979206,2.174014,0.9978462895372584,3.4945166207920275,0.3538300000000163,0.3651289999979781
5364,COc1cnc2c(C=Nc3cc4cc(OC)c(OC)cc4n3C)occ2n1,-4.749629,-2.349682,2.399948,0.9999135426003636,3.369652035764095,0.41041199999745,0.3906720000013592
5228,COc1cc2cc(C=Cc3c(Br)ccc4nccnc34)n(C)c2cc1OC,-4.706567,-2.261255,2.445312,0.9986595642387348,2.822806281518341,0.2468940000107977,0.3019020000065211
5194,COc1cc2cc(C=Cc3scc4ncc(C)nc34)n(C)c2cc1OC,-4.687658,-2.26286,2.424797,0.99963014247674,3.055027826261997,0.2981169999984558,0.5277740000019548
5262,COc1cc2cc(N=Cc3c(S(=O)(=O)O)ncc4nonc34)[nH]c2cc1OC,-5.789223,-3.74208,2.047143,0.98234114753421,3.4048659672527304,0.3722070000003441,0.3591829999932088
5286,COc1cc2cc(C=Cc3occ4ncc(OC(C)=O)nc34)n(C)c2cc1OC,-4.584812,-2.229732,2.35508,0.9989394991212566,3.245125334279199,0.4254330000039772,0.3791419999979553
5349,COc1cc2cc(N=Cc3occ4nc(S)cnc34)[nH]c2cc1OC,-5.07086,-2.663799,2.407061,0.9999989351316688,3.680243543868951,0.3901010000045062,0.7215800000049057
5309,COc1cc2cc(C=Cc3scc4nc(F)cnc34)n(C)c2cc1OC,-4.860564,-2.507383,2.353181,0.9971783221893132,3.223136973871145,0.3011380000025383,0.5389070000092033
5324,COc1cc2cc(C=Cc3c(OC)ccc4nonc34)n(C)c2cc1OC,-4.736836,-2.297,2.439836,0.9926969857495096,2.8332502375622965,0.3560480000014649,0.4480929999990621
5361,COc1cc2cc(C=Cc3occ4ncc(C(F)(F)F)nc34)n(C)c2cc1OC,-5.044065,-2.687555,2.35651,0.997917361620025,3.2387743232306274,0.3944080000001122,0.6598710000034771
5312,CNc1cnc2coc(C=Nc3cc4cc(OC)c(OC)cc4n3C)c2n1,-4.490886,-2.146782,2.344103,0.9997709510980478,3.4256444433565028,0.5351730000038515,0.4189690000057453
5182,COc1cc2cc(N=Cc3occ4nc(O)cnc34)[nH]c2cc1OC,-4.899452,-2.483753,2.415699,0.9999654355939936,3.539305082330488,0.4212719999995897,0.597276000004058
5397,COc1cc2cc(-c3cc(OC):C(c4nc(S(=O)(=O)O)cc5nonc45):s3)[nH]c2cc1OC,-5.347549,-3.055542,2.292007,0.9820948814327142,3.308691665745515,100000.0,0.4017390000008163
5409,COc1cc2cc(-c3cc(OC):C(c4cccc5nc(S(=O)(=O)O)cnc45):s3)[nH]c2cc1OC,-5.062394,-2.741554,2.32084,0.9661173551760438,3.052102246269171,0.4616239999959362,0.6024249999973108
5253,COc1cc2[nH]ccc2c(C=Cc2occ3nc(C#N)cnc23)c1OC,-5.117776,-2.771356,2.34642,0.98919710042244,3.3715501048482768,0.3241809999999532,0.378128000000288
5232,COc1cc2cc(N=Cc3c(C=O)ncc4nsnc34)[nH]c2cc1OC,-5.273277,-3.274227,1.999049,0.954178994194963,3.432209181771352,0.2782860000006621,0.5862750000014785
5404,COc1cc2cc[nH]c2c(N=Cc2cc(S(=O)(=O)O)cc3nsnc23)c1OC,-5.463716,-3.112885,2.35083,0.9802826380272808,3.3027199107775607,0.4622700000036275,0.7924789999960922
5421,COc1cc2cc(-c3s:C(c4nccc5nsnc45):cc3OC)[nH]c2cc1OC,-4.633568,-2.747621,1.885947,0.9999987278837824,3.008207229213533,0.2305899999992107,0.2881410000045434
5438,COc1cc2cc(C=Cc3cc(C=O)cc4nonc34)n(C)c2cc1OC,-4.987965,-2.814716,2.173249,0.9996838645803574,3.033769518281579,0.3046299999987241,0.2961690000011003
5431,COc1cc2cc(N=Cc3occ4nc(C=O)cnc34)[nH]c2cc1OC,-5.012481,-3.020247,1.992235,0.99999953465499,3.4861261048482755,0.379666000000725,0.3680349999995087
5449,COc1cc2cc(N=Cc3c(O)ncc4nonc34)n(C)c2cc1OC,-5.153752,-3.070939,2.082813,0.9999707332570396,3.3543068283409987,0.4150530000115395,0.7300510000059148
5640,COc1cc2cc(N=Cc3scc4ncc(C(F)(F)F)nc34)[nH]c2cc1OC,-5.105106,-2.961305,2.143801,0.9999585518193794,3.333600339209889,100000.0,0.5849349999989499
5535,COc1cc2cc(N=Cc3cc(S(=O)(=O)O)cc4nonc34)[nH]c2cc1OC,-5.436946,-3.235285,2.201661,0.9990276684045912,3.181042013990803,0.4300399999992805,0.5885550000020885
5558,COc1cc2cc(N=Cc3c(OC)ccc4nonc34)[nH]c2cc1OC,-4.935064,-2.620155,2.314908,0.9989005594497976,2.9811236433098145,0.3458759999921312,0.4047239999927114
5436,COc1cc2cc(C#CC3:nc(Br)cc4nonc:34)[nH]c2cc1OC,-5.427881,-3.059426,2.368455,1.0,3.276637774638181,100000.0,100000.0
5495,COc1cc2cc(C=Cc3scc4ncc(OC(C)=O)nc34)n(C)c2cc1OC,-4.598399,-2.321209,2.27719,0.9995563476255936,3.196013702009031,0.3731649999972433,0.3625820000088424
5526,COc1cc2cc(C=Nc3c(S(=O)(=O)O)ncc4nsnc34)n(C)c2cc1OC,-5.638675,-3.4526,2.186076,0.9998970004297034,3.381991417247721,0.3019200000053388,0.5545700000002398
5485,COc1cc2cc(N=Cc3nc(C(F)(F)F)cc4nsnc34)[nH]c2cc1OC,-5.508799,-3.260561,2.248237,0.9999917682123196,3.4063066683238112,0.2937029999957303,0.727004999993369
5569,COc1cc2cc(N=Cc3occ4ncc(OC(C)=O)nc34)n(C)c2cc1OC,-4.816626,-2.544909,2.271717,0.99997305575798,3.441933214204152,0.4718730000022333,0.4238550000009127
5488,COc1cc2cc(N=Cc3cccc4ncc(S(=O)(=O)O)nc34)n(C)c2cc1OC,-5.218271,-2.934292,2.28398,0.9924855858550012,3.119403153617311,100000.0,0.6973089999955846
5443,COc1cc2cc(N=Cc3c(C(F)(F)F)ccc4nsnc34)n(C)c2cc1OC,-5.155361,-2.949474,2.205887,0.991116418334156,3.1894563745126785,0.2994239999970887,0.5954510000010487
5624,COc1cc2cc(C=NC3:c(C)ncc4nonc:34)n(C)c2cc1OC,-5.21915,-2.749954,2.469195,0.999999495237546,3.1748419634761342,0.3059100000027683,0.2590190000009897
5593,COc1cc2cc[nH]c2c(C#Cc2nc(C#N)cc3nsnc23)c1OC,-5.647717,-3.246588,2.401129,1.0,3.4720805663867367,100000.0,100000.0
5656,COc1cc2cc(-c3cc(OC):C(c4scc5nc(S(=O)(=O)O)cnc45):s3)[nH]c2cc1OC,-4.914965,-2.895668,2.019297,0.9783674357479708,3.313561640931619,0.4061449999862816,0.4301010000053793
5556,COc1cc2cc(N=Cc3occ4nc(OC(C)=O)cnc34)[nH]c2cc1OC,-4.937216,-2.593814,2.343402,0.9999095630555448,3.43989312158574,0.4796420000056969,0.6196759999947972
5425,COc1cc2c(ccn2C)c(C=Cc2nc(C#N)cc3nonc23)c1OC,-5.459784,-3.061995,2.397788,0.9936629514598094,3.3037119758240348,0.2622830000036629,0.3106540000007953
5515,COc1cc2cc(N=Cc3c(S)ccc4nonc34)[nH]c2cc1OC,-5.260844,-2.794491,2.466353,0.9966167400555502,3.259714697715104,0.3314849999951548,0.6058849999972153
5595,COc1cc2cc(N=Cc3c(S)ncc4nsnc34)n(C)c2cc1OC,-5.160724,-3.008481,2.152243,0.9756011771385982,3.501047992582164,0.3672580000056769,0.6106639999998151
5542,COc1cc2cc(C=Cc3c(C(F)(F)F)ccc4nsnc34)n(C)c2cc1OC,-4.878832,-2.599352,2.27948,0.9435836398883932,3.0281538104101147,0.3033179999983986,0.308562999991409
5490,COc1cc2c(ccn2C)c(C=Cc2nc(C=O)cc3nonc23)c1OC,-5.401364,-2.978405,2.422959,0.9911864362022658,3.304981506293565,0.2803959999946528,0.3131339999963529
5553,COc1cc2cc(-c3cc(OC):C(c4cc(C)cc5nsnc45):s3)[nH]c2cc1OC,-4.643962,-2.16589,2.478073,0.9754290080222816,2.9949498824698537,0.3025090000010095,0.3203119999961927
5476,COc1cc2cc(-c3cc(OC):C(c4scc5ncc(OC(C)=O)nc45):s3)[nH]c2cc1OC,-4.713245,-2.241214,2.472031,0.9711255880184276,3.208934989751638,0.3621790000106557,0.5282440000009956
5520,COc1cc2[nH]ccc2c(C=Cc2c(Br)ncc3nsnc23)c1OC,-5.195794,-2.804195,2.391599,0.9448668267028916,3.2996762361766425,0.3483820000110427,0.3296100000006845
5865,COc1cc2cc(N=Cc3c(OC)ncc4nonc34)n(C)c2cc1OC,-5.126241,-3.035514,2.090727,0.9999903537093702,3.2485988889109487,100000.0,0.7452979999943636
5832,COc1cc2cc(C=NC3:c(F)ncc4nsnc:34)n(C)c2cc1OC,-5.126172,-2.898483,2.227689,0.9999999653761468,3.279329905264076,0.3246470000012778,0.268859000003431
5718,COc1cc2cc(N=Cc3c(C=O)ncc4nonc34)[nH]c2cc1OC,-5.449218,-3.413754,2.035464,0.9999872599954984,3.394743335617507,0.2551630000016303,0.5350720000060392
5803,COc1cc2c(ccn2C)c(C#Cc2c(Br)ncc3nonc23)c1OC,-5.340472,-3.014207,2.326265,1.0,3.3091159759501467,100000.0,100000.0
5859,COc1cc2cc(C#CC3:nc(Br)cc4nonc:34)n(C)c2cc1OC,-5.386443,-3.044581,2.341862,1.0,3.2635864541206248,0.3197400000062771,0.2626040000031935
5741,COc1cc2cc(C=Cc3cc(S(=O)(=O)O)cc4nonc34)n(C)c2cc1OC,-5.118769,-2.891084,2.227685,0.9993887186718856,3.024463212119516,0.4051489999983459,0.3052699999971082
5888,COc1cc2c:C(N=Cc3nc(Br)cc4nsnc34):n(C)c2cc1OC,-5.323405,-3.168548,2.154856,0.999997795210013,3.453334894869066,0.3150209999876097,0.5497639999957755
5792,COc1cc2cc(N=Cc3nccc4nonc34)[nH]c2cc1OC,-5.367285,-3.012552,2.354733,0.9999446229027034,3.159541814979029,0.3240699999987555,0.5692349999990256
5799,COc1cc2cc(N=Cc3cc(NC(C)=O)cc4nsnc34)n(C)c2cc1OC,-4.878453,-2.513508,2.364946,0.9999163922938916,3.116665109138486,0.3179830000008223,0.3442379999978584
5753,COc1cc2cc(N=Cc3scc4ncc(S)nc34)[nH]c2cc1OC,-4.87917,-2.635413,2.243757,0.9999992115429353,3.568907005407412,0.3440930000069784,0.3854740000024321
5755,COc1cc2cc(N=Cc3cc(F)cc4nonc34)[nH]c2cc1OC,-5.330212,-2.89882,2.431391,0.999945720056924,3.080853159253566,0.3293110000013257,0.5784770000027493
5749,COc1cnc2c(C=Nc3cc4cc(OC)c(OC)cc4n3C)scc2n1,-4.776096,-2.437719,2.338377,0.999927044284434,3.2761257620378217,0.3752040000035777,0.3881970000002184
5834,COc1cc2cc(C=Cc3occ4nc(C(F)(F)F)cnc34)n(C)c2cc1OC,-4.920583,-2.62756,2.293023,0.9991684366885766,3.251977742034045,0.4112899999963701,0.5403409999998985
5733,COc1cc2cc(C=Cc3cc(F)cc4nonc34)n(C)c2cc1OC,-4.993118,-2.514771,2.478348,0.9998827274041848,2.9060806329148043,0.2818369999949937,0.2919869999968796
5690,CNc1cc2nonc2c(C=Nc2cc3cc(OC)c(OC)cc3n2C)n1,-5.138836,-2.684634,2.454203,0.9999917488660588,3.3576472405593,0.4029129999980796,0.3131940000021131
5692,COc1cc2cc(N=Cc3cc(S)cc4nsnc34)[nH]c2cc1OC,-5.164703,-2.726729,2.437974,0.9999905241875744,3.4106762361766423,0.2996660000062547,0.5780129999984638
5846,COc1cc2cc(C=Nc3occ4ncc(Br)nc34)[nH]c2cc1OC,-4.989262,-2.507217,2.482044,0.9999997923983944,3.333051236176643,0.3139599999994971,0.3429789999936474
5712,COc1cc2cc(N=Cc3c(S(=O)(=O)O)ccc4nsnc34)[nH]c2cc1OC,-5.538432,-3.314836,2.223595,0.9723736145632372,3.194078430738612,0.6421680000057677,0.3828700000012759
5760,COc1cc2cc(C=Nc3c(C#N)ccc4nsnc34)n(C)c2cc1OC,-5.392274,-2.917412,2.474863,0.9975436936659708,3.123559128671189,0.2261209999996936,0.2763759999943431
5721,COc1cc2cc(C=Cc3occ4nc(O)cnc34)n(C)c2cc1OC,-4.553726,-2.098001,2.455725,0.9995808646387124,3.326541547675718,0.3713200000020151,0.3469650000006368
5756,COc1cc2cc(-c3cc(OC):C(c4occ5ncc(S(=O)(=O)O)nc45):s3)[nH]c2cc1OC,-5.056342,-2.888554,2.167788,0.9700794935652192,3.387940797259162,0.3806509999994887,100000.0
5809,COc1cc2cc(N=Cc3c(C=O)ccc4nsnc34)[nH]c2cc1OC,-5.457878,-3.122765,2.335113,0.9716435027389696,3.183054104848276,0.3220320000036736,0.7290740000025835
5691,COc1cc2cc[nH]c2c(C=Cc2nc(C#N)cc3nsnc23)c1OC,-5.504129,-3.094745,2.409383,0.9904791766440616,3.4248522586944308,0.2475369999956456,0.5414719999971567
5868,COc1cc2cc(C(=O)O)[nH]c2c(N=Cc2occ3nc(C#N)cnc23)c1OC,-5.555183,-3.236317,2.318866,0.9775612754035649,3.577473551915221,0.3997900000031222,0.5459249999985332
5842,COc1cc2[nH]c(C(=O)O)cc2c(C=Cc2occ3ncc(C=O)nc23)c1OC,-5.323468,-2.861475,2.461992,0.989355147118347,3.3835024449733835,0.3576439999960712,0.4361839999983203
5764,COc1cc2cc[nH]c2c(N=Cc2cc(C=O)cc3nsnc23)c1OC,-5.329248,-3.032704,2.296545,0.9558810866580492,3.33086825869443,0.3494509999945876,100000.0
5685,COc1cc2[nH]c(C(=O)O)cc2c(N=Cc2c(C#N)ncc3nsnc23)c1OC,-5.68185,-3.428876,2.252974,0.957129785947807,3.4295611691760097,0.3017209999961778,0.6788269999960903
5672,COc1cc2c(cc(C(=O)O)n2C)c(C=Cc2nc(C#N)cc3nsnc23)c1OC,-5.604765,-3.107848,2.496917,0.9903920820949886,3.3880284283425866,0.2669280000045546,0.4139579999973648
5854,COc1cc2cc(C(=O)O)[nH]c2c(C=Cc2c(S(=O)(=O)O)ncc3nsnc23)c1OC,-5.632414,-3.508801,2.123613,0.9168532890214238,3.4535770488617894,0.3549039999998058,0.6373410000014701
5964,COc1cc2cc(C#Cc3cccc4ncc(C=O)nc34)n(C)c2cc1OC,-4.985511,-2.722643,2.262868,1.0,2.974091198508816,0.328525000004447,0.2769279999993159
6062,COc1cc2cc(N=Cc3c(Br)ncc4nonc34)n(C)c2cc1OC,-5.129024,-3.164012,1.965012,0.9999998905077168,3.3517621297963007,0.3466190000181086,100000.0
5922,COc1cc2cc(N=Cc3c(Br)ccc4nonc34)n(C)c2cc1OC,-5.154126,-2.869754,2.284372,0.9999519683014376,3.1145906121247826,0.2961969999887515,100000.0
5967,COc1cc2cc(N=Cc3scc4nc(S(=O)(=O)O)cnc34)[nH]c2cc1OC,-5.286138,-3.318708,1.96743,0.9999965990194264,3.465308810485448,0.4699879999971017,0.6639999999970314
5919,COc1cc2cc(C=Cc3c(C#N)ncc4nsnc34)n(C)c2cc1OC,-5.085435,-3.035893,2.049542,0.9987737474405388,3.2193169708290315,0.2124589999948511,100000.0
6051,COc1cc2cc(C#Cc3c(NC(C)=O)ncc4nonc34)[nH]c2cc1OC,-5.3181,-2.929804,2.388297,1.0,3.1619575446626627,100000.0,100000.0
6099,COc1cc2cc(N=Cc3c(C(F)(F)F)ccc4nonc34)n(C)c2cc1OC,-5.100615,-2.974168,2.126447,0.9944446992932507,3.162030733487038,100000.0,0.2954030000037164
5940,COc1cc2cc(N=Cc3nc(C)cc4nonc34)n(C)c2cc1OC,-5.2741,-2.945822,2.328278,0.9999961956018948,3.231624291958462,0.3191349999979138,0.5549969999956375
5991,COc1cc2cc(C=Cc3occ4nccnc34)n(C)c2cc1OC,-4.567769,-2.228356,2.339413,0.9996482390630756,3.0646839284843352,0.3141360000008717,0.3332080000000132
5936,COc1cc2cc(N=Cc3c(C)ccc4nsnc34)[nH]c2cc1OC,-4.96366,-2.554594,2.409065,0.999946769005046,3.048633928484336,0.2927619999900344,0.364320000000589
5984,COc1cc2cc(N=Cc3nc(OC(C)=O)cc4nonc34)[nH]c2cc1OC,-5.357307,-3.058507,2.2988,0.9999836906204508,3.376375621585739,0.3940359999978682,0.3497769999958109
5973,COc1cc2cc(N=Cc3cccc4ncc(S(=O)(=O)O)nc34)[nH]c2cc1OC,-5.268155,-2.93905,2.329105,0.99735697842144,3.0967587301516195,100000.0,0.6908039999980247
6024,COc1cc2cc(C#Cc3scc4ncc(OC(C)=O)nc34)[nH]c2cc1OC,-4.839223,-2.401892,2.437332,1.0,3.3059921600472784,0.3884269999980461,100000.0
6067,COc1cc2cc(N=Cc3scc4ncc(C)nc34)[nH]c2cc1OC,-4.880967,-2.531552,2.349415,0.9998936023052702,3.2161608515612583,0.3468549999961396,0.5957570000027772
6058,COc1cc2cc(N=Cc3c(O)ncc4nsnc34)[nH]c2cc1OC,-5.192451,-2.921146,2.271304,0.999751842508271,3.3827262361766417,0.4304319999937434,0.6281149999922491
5963,COc1cc2cc(C=Cc3occ4ncc(C)nc34)n(C)c2cc1OC,-4.499417,-2.087607,2.41181,0.9997884636691052,3.1094488241829943,0.3370580000009795,0.3336509999971895
6048,CNc1cnc2csc(C=Nc3cc4cc(OC)c(OC)cc4[nH]3)c2n1,-4.580368,-2.237079,2.343289,0.9999425383412436,3.319087951002122,0.4710750000012922,0.41971399999602
6030,COc1cc2cc(N=Cc3occ4ncc(NC(C)=O)nc34)[nH]c2cc1OC,-4.958567,-2.546994,2.411573,0.9999786733166268,3.34350485235497,0.4463099999993574,0.7489539999951376
6031,CNc1ncc2nonc2c1C=Cc1cc2cc(OC)c(OC)cc2n1C,-4.692258,-2.536077,2.156181,0.949927565319769,3.1209373504494096,0.4391249999971478,0.3929639999987557
5971,CNc1cnc2csc(C=Cc3cc4cc(OC)c(OC)cc4n3C)c2n1,-4.470687,-2.032399,2.438288,0.996712123309835,3.1637561316681904,0.4235499999995227,0.5581979999915347
6016,COc1cc2cc(N=Cc3c(S(=O)(=O)O)ccc4nsnc34)n(C)c2cc1OC,-5.511897,-3.353443,2.158454,0.9588353816854338,3.213027314683619,0.3533699999970849,0.6307460000025458
5948,COc1cc2cc(-c3cc(OC):C(c4occ5ncc(Br)nc45):s3)[nH]c2cc1OC,-4.663323,-2.338353,2.32497,0.9742969962468484,3.2453929951711062,0.3294580000074347,0.3436350000120001
6032,COc1cc2cc(C=Cc3c(C(F)(F)F)ccc4nonc34)n(C)c2cc1OC,-5.026259,-2.683277,2.342982,0.9510171146688589,3.000728169384473,0.3223629999993136,0.296492000001308
6097,COc1cc2cc(C=Cc3c(C)ccc4nsnc34)n(C)c2cc1OC,-4.702883,-2.245627,2.457256,0.9665764824576514,2.89065526908944,0.2790679999961867,0.3308149999938905
5926,COc1cc2[nH]c(C(=O)O)cc2c(C=Cc2scc3ncc(C=O)nc23)c1OC,-5.395763,-2.9538,2.441963,0.9893679483193372,3.334390812703214,0.335257000006095,0.3592940000016824
6002,COc1cc2cc(-c3cc(OC):C(c4occ5nc(NC(C)=O)cnc45):s3)[nH]c2cc1OC,-4.486997,-2.044128,2.442869,0.9744189490468674,3.189055448016779,0.367807000009634,0.3771620000043185
6027,COc1cc2cc(C(=O)O)[nH]c2c(N=Cc2occ3ncc(C=O)nc23)c1OC,-5.515313,-3.189789,2.325525,0.9795420177158976,3.575820456230418,0.4191170000049169,0.5309820000111358
6259,COc1cc2cc(C#Cc3c(C#N)ncc4nsnc34)n(C)c2cc1OC,-5.232823,-3.18389,2.048933,1.0,3.29781747032953,100000.0,100000.0
6182,COc1cc2cc(N=Cc3nncc4nsnc34)n(C)c2cc1OC,-5.233233,-3.182525,2.050708,0.9999810406675032,3.411672390022796,0.2969210000010207,0.329342999990331
6233,COc1cc2cc(N=Cc3scc4nc(NC(C)=O)cnc34)[nH]c2cc1OC,-4.884443,-2.569211,2.315233,0.9999835008373744,3.249285236970355,0.3953069999988656,0.6016289999970468
6177,COc1cc2ccn(C)c2c(C#Cc2scc3ncc(C=O)nc23)c1OC,-5.305971,-3.008059,2.297912,1.0,3.462331356443416,0.3255349999963073,0.5215429999952903
6209,COc1cc2cc(N=Cc3cc(C(F)(F)F)cc4nonc34)n(C)c2cc1OC,-5.443282,-3.104934,2.338348,0.9976390658245344,3.149647827504131,100000.0,100000.0
6206,COc1cc2cc(N=Cc3occ4ncc(C=O)nc34)[nH]c2cc1OC,-5.276018,-3.188039,2.087979,0.9999245883333948,3.487929797155968,0.3448590000043623,0.7050900000031106
6273,COc1cc2cc(N=Cc3occ4ncc(S)nc34)n(C)c2cc1OC,-4.80369,-2.559557,2.244133,0.999997125468372,3.670745705679877,0.3938469999993685,0.382398000008834
6248,COc1cc2c(ccn2C)c(C#Cc2c(S)ncc3nonc23)c1OC,-5.216045,-2.811138,2.404907,1.0,3.4204296973638684,100000.0,100000.0
6195,COc1cc2cc(N=Cc3nc(NC(C)=O)cc4nonc34)[nH]c2cc1OC,-5.428519,-3.04596,2.382559,0.999968138568062,3.2822200446626626,0.3529829999970388,0.5650659999955678
6285,COc1cc2cc(C=Nc3c(C(F)(F)F)ncc4nonc34)n(C)c2cc1OC,-5.435571,-3.088258,2.347313,0.9930994303960334,3.281504237760542,0.3051029999915045,0.2599609999961103
6135,COc1cc2cc(N=Cc3nc(S)cc4nonc34)n(C)c2cc1OC,-5.425122,-3.139457,2.285665,0.9999762864265154,3.540739676573848,0.3237589999989723,0.539372999999614
6205,CNc1ncc2nonc2c1C=Nc1cc2cc(OC)c(OC)cc2n1C,-4.930994,-2.794025,2.136969,0.968878831446628,3.290619268531328,0.4975029999986873,0.6300909999990836
6292,COc1cc2cc(-c3cc(OC):C(c4scc5nc(OC(C)=O)cnc45):s3)[nH]c2cc1OC,-4.572846,-2.198966,2.37388,0.9796404197104536,3.2185772156108854,0.3713280000010854,0.3661030000002938
6240,COc1cc2cc[nH]c2c(C#Cc2c(S)ncc3nsnc23)c1OC,-5.389535,-2.929522,2.460013,1.0,3.538828159253565,100000.0,100000.0
6200,COc1cc2cc(N=Cc3occ4ncc(S)nc34)[nH]c2cc1OC,-5.027567,-2.641321,2.386246,0.9999454782111478,3.668928159253565,0.3969029999934719,100000.0
6122,COc1cc2[nH]ccc2c(C=Cc2nc(C#N)cc3nsnc23)c1OC,-5.373409,-2.971515,2.401894,0.9916444020594042,3.3484528740790447,0.24130800000421,0.2807089999987511
6244,COc1cc2ccn(C)c2c(C=Cc2c(Br)ncc3nsnc23)c1OC,-5.196847,-2.989895,2.206952,0.9435252605858688,3.373262961397132,0.3490970000129891,0.4982180000079097
6199,COc1cc2cc(-c3cc(OC):C(c4scc5ncc(F)nc45):s3)[nH]c2cc1OC,-4.737043,-2.303251,2.433792,0.972465332729518,3.19694594687057,0.3295249999937368,0.514458999998169
6250,COc1cc2c(ccn2C)c(N=Cc2c(F)ncc3nsnc23)c1OC,-4.987966,-2.931515,2.056451,0.9057362330645852,3.3760714853056566,0.4617660000003525,0.4599430000016582
6161,COc1cc2cc(-c3cc(OC):C(c4scc5nc(OC(C)=O)cnc45):s3)[nH]c2cc1OC,-4.708787,-2.250475,2.458313,0.9758563654449502,3.2185772156108854,0.3770099999965168,0.5194919999994454
6187,COc1cc2ccn(C)c2c(N=Cc2c(C#N)ccc3nsnc23)c1OC,-5.172556,-3.051827,2.120729,0.8994640839030945,3.2723962915083504,100000.0,0.635405000000901
6211,COc1cc(-c2nncc3nonc23)s:C:1c1c(OC)c(OC)cc2cc[nH]c12,-5.276964,-3.117261,2.159704,0.9019055107768412,3.3253929434992475,0.324295999998867,0.5585909999936121
6390,COc1cc2cc(C#CC3:c(C#N)ccc4nsnc:34)n(C)c2cc1OC,-5.121519,-2.899917,2.221602,1.0,3.083613873925934,0.2032440000039059,100000.0
6470,COc1cc2cc(N=Cc3scc4nc(Br)cnc34)n(C)c2cc1OC,-4.984463,-2.84613,2.138333,0.9999774455651776,3.3890176391518096,0.3402260000148089,0.3737810000020545
6387,COc1cc2cc(N=Cc3nc(C)cc4nonc34)[nH]c2cc1OC,-5.341656,-3.011429,2.330228,0.9999980778615724,3.217608928484335,0.3149709999997867,0.5601509999978589
6351,COc1cc2cc(N=Cc3cc(S(=O)(=O)O)cc4nsnc34)n(C)c2cc1OC,-5.250183,-3.102701,2.147483,0.9990706874064568,3.229370904427208,0.3980760000049486,100000.0
6463,COc1cc2cc(N=Cc3cc(OC(C)=O)cc4nsnc34)[nH]c2cc1OC,-4.876098,-2.59734,2.278758,0.9997559879069788,3.138410429278048,0.3698740000036196,0.3488169999982347
6373,COc1cc2cc(C=Cc3cccc4ncc(Br)nc34)n(C)c2cc1OC,-4.700289,-2.286184,2.414105,0.99955207628183,2.773762125674184,0.2748960000026272,0.3070780000125523
6361,COc1cc2cc(N=Cc3nc(S(=O)(=O)O)cc4nsnc34)[nH]c2cc1OC,-5.659199,-3.5497,2.109498,0.9999263396729006,3.512869472608135,0.4051499999986845,0.7002920000013546
6346,COc1cc2cc(N=Cc3occ4nc(OC(C)=O)cnc34)n(C)c2cc1OC,-4.834171,-2.561434,2.272737,0.999991359848472,3.452986497506217,0.4743969999981345,0.405841000007058
6407,COc1cc2cc(N=Cc3scc4ncc(S)nc34)n(C)c2cc1OC,-4.839081,-2.632887,2.206195,0.9999829262975216,3.5734278262619963,0.3448149999967427,0.3849459999983082
6433,CNc1ncc2nsnc2c1C=Nc1cc2cc(OC)c(OC)cc2[nH]1,-4.847836,-2.673706,2.17413,0.9909667082646796,3.31394825869443,0.4381129999965196,0.6101740000012796
6406,COc1cc2cc(N=Cc3scc4nc(S)cnc34)n(C)c2cc1OC,-4.930559,-2.671823,2.258736,0.9999881135774502,3.584437389671561,0.3487739999982295,0.5854860000108602
6430,COc1cc2cc(C=Nc3scc4nc(S(=O)(=O)O)cnc34)n(C)c2cc1OC,-5.444186,-3.11035,2.333836,0.9998234652705456,3.3836444087007127,0.4312499999941792,0.6502479999981006
6396,COc1cc2ccn(C)c2c(C#Cc2nc(Br)cc3nsnc23)c1OC,-5.429838,-2.985956,2.443882,1.0,3.4340868699210416,100000.0,100000.0
6462,COc1cnc2coc(C=Nc3cc4cc(OC)c(OC)cc4n3C)c2n1,-4.697979,-2.275489,2.42249,0.9999723408763748,3.3578810067930656,0.4512310000063735,0.4149970000071334
6344,COc1cc2cc(C(=O)O)[nH]c2c(N=Cc2c(C#N)ccc3nsnc23)c1OC,-5.548859,-3.196713,2.352146,0.9894595097657032,3.290905446849556,0.2793910000036703,0.5948040000002948
6475,COc1cc2cc(N=Cc3c(C=O)ccc4nsnc34)n(C)c2cc1OC,-5.39775,-3.09592,2.30183,0.9591966881177896,3.1996176701297294,0.3439170000056037,0.7238629999992554
6480,COc1cc2cc(N=Cc3nc(S)cc4nonc34)[nH]c2cc1OC,-5.588844,-3.166567,2.422277,0.9999806374625976,3.535310851561258,0.337627999993856,0.6910050000005867
6420,COc1cc2cc(N=Cc3cc(S)cc4nonc34)n(C)c2cc1OC,-5.258929,-2.843706,2.415222,0.999134091750982,3.387666703600876,0.3277930000040214,0.5839919999998529
6439,COc1cc2cc[nH]c2c(N=Cc2cc(C=O)cc3nonc23)c1OC,-5.467059,-3.175614,2.291445,0.9669366419026976,3.2994854894636605,0.3798330000063288,0.8869160000031115
6425,COc1cc2cc(N=Cc3c(OC(C)=O)ccc4nonc34)n(C)c2cc1OC,-5.105763,-2.82003,2.285733,0.9350606780209404,3.0798377170184112,100000.0,100000.0
6332,COc1cc2cc[nH]c2c(C=Cc2c(C=O)ncc3nsnc23)c1OC,-5.418086,-3.21948,2.198607,0.953006330043784,3.4313913356175068,0.2834749999965424,0.7656149999893387
6507,COc1cc2cc(-c3cc(OC):C(c4cc(S)cc5nsnc45):s3)[nH]c2cc1OC,-4.757982,-2.326298,2.431684,0.9768720370932172,3.261359542577189,0.3281299999944167,0.3103820000033011
6466,COc1cc2cc(C(=O)O)[nH]c2c(N=Cc2c(Br)ncc3nonc23)c1OC,-5.705178,-3.361197,2.343981,0.975303000451727,3.43847356218944,0.4284960000077262,0.6756579999928363
6342,COc1cc2c(cc(C(=O)O)n2C)c(N=Cc2c(C#N)ncc3nsnc23)c1OC,-5.470851,-3.367499,2.103352,0.9419570362982344,3.4560064503206087,0.303699999996752,100000.0
6497,COc1cc2cc(-c3cc(OC):C(c4cc(S)cc5nsnc45):s3)[nH]c2cc1OC,-4.757848,-2.326142,2.431706,0.9768192251148508,3.261359542577189,0.3303650000016205,0.3103009999977075
6366,COc1cc2cc(C(=O)O)n(C)c2c(N=Cc2nc(C=O)cc3nsnc23)c1OC,-5.513417,-3.299129,2.214287,0.9437714177614538,3.593271285485443,0.377559000000474,0.6466609999915818
6410,COc1cc2cc(-c3cc(OC):C(c4occ5nc(S)cnc45):s3)[nH]c2cc1OC,-4.585037,-2.141645,2.443391,0.97267865779785,3.427865982648745,0.3330739999946672,0.3550390000018524
6574,COc1cc2cc(N=Cc3c(F)ccc4nsnc34)[nH]c2cc1OC,-4.831653,-2.623245,2.208407,0.9999981910558856,3.0583223900227967,0.31377199999406,0.3234919999958947
6564,COc1cc2cc(N=Cc3scc4ncc(F)nc34)n(C)c2cc1OC,-4.746314,-2.633004,2.11331,0.9999997355568536,3.3873149364491075,0.3626920000024256,0.3497260000003734
6565,COc1cc2cc(C#Cc3nc(S(=O)(=O)O)cc4nonc34)[nH]c2cc1OC,-5.682771,-3.420469,2.262303,1.0,3.3589896284017087,100000.0,100000.0
6682,COc1cc2cc(N=Cc3c(F)ncc4nsnc34)n(C)c2cc1OC,-4.90515,-3.002199,1.902951,0.9994027611333184,3.341040716074887,0.3558999999950174,0.310989999998128
6646,COc1cc2cc(N=Cc3occ4ncc(C=O)nc34)n(C)c2cc1OC,-5.228357,-3.174418,2.053939,0.9999681229397114,3.496574513286573,0.3433179999992717,0.6969310000058613
6705,COc1cc2c:C(c3occ4ncc(S(=O)(=O)O)nc34):n(C)c2cc1OC,-5.233457,-2.911354,2.322103,0.9863066274965376,3.21184350029956,0.6552329999976791,0.4608029999944847
6579,COc1cc2cc(-c3cc(OC):C(c4scc5ncc(C(F)(F)F)nc45):s3)[nH]c2cc1OC,-4.848109,-2.547896,2.300213,0.9758686044927968,3.201680251353455,0.3423089999923832,0.5033439999970142
6629,COc1cc2cc(C#Cc3scc4ncc(S(=O)(=O)O)nc34)[nH]c2cc1OC,-5.706093,-3.292692,2.413402,1.0,3.4531697647210864,0.5028750000055879,0.959737999997742
6692,COc1cc2cc(N=Cc3cc(C)cc4nsnc34)n(C)c2cc1OC,-5.004396,-2.553213,2.451183,0.9984027558027876,3.0986563085904795,0.2999049999925773,0.6031440000006114
6599,COc1cc2cc[nH]c2c(N=Cc2occ3nc(C#N)cnc23)c1OC,-5.290994,-3.115232,2.175761,0.9812670204884548,3.586521797155968,0.3832680000014079,0.5761590000001888
6668,COc1cc2cc[nH]c2c(C=NC2:c(C=O)ncc3nsnc:23)c1OC,-5.460037,-3.188445,2.271592,0.979925587836611,3.501751951002122,100000.0,100000.0
6655,COc1cc2[nH]ccc2c(C=Cc2c(S)ncc3nonc23)c1OC,-5.22698,-2.80221,2.42477,0.9899616352674898,3.375055082330489,0.3635450000001583,0.2955340000044089
6576,COc1cc2cc(N=Cc3c(S)ccc4nonc34)n(C)c2cc1OC,-5.206319,-2.794591,2.411728,0.9767515682339912,3.27259206742624,0.3430449999941629,0.6145140000007814
6623,COc1cc2cc[nH]c2c(C=Nc2occ3ncc(C#N)nc23)c1OC,-5.458546,-3.015115,2.443431,0.999992102811835,3.530828874079046,0.2920209999974759,0.4594260000012582
6627,COc1cc(-c2scc3nc(C#N)cnc23)s:C:1c1c(OC)c(OC)cc2cc(C(=O)O)[nH]c12,-5.274107,-3.107467,2.166641,0.9076451979140808,3.4373541693460936,0.2831959999966784,0.4232219999976223
6638,COc1cc2ccn(C)c2c(C=Cc2c(C)ncc3nsnc23)c1OC,-5.072658,-2.694427,2.37823,0.9291693231373008,3.2449746038087746,0.329050999993342,0.4486630000028526
6677,COc1cc2c(ccn2C)c(C=Cc2c(C(F)(F)F)ncc3nsnc23)c1OC,-5.180786,-2.803746,2.37704,0.9264835493255714,3.2908717591280627,0.3421219999945606,0.3128529999958118
6558,COc1c:C(c2c(OC)c(OC)cc3[nH]ccc23):sc1-c1scc2ncc(C#N)nc12,-4.929379,-2.616699,2.31268,0.905748461277471,3.319188059695743,0.2630810000118799,0.3111950000020442
6597,COc1c:C(c2c(OC)c(OC)cc3cc[nH]c23):sc1-c1scc2nc(C=O)cnc12,-4.974996,-2.666491,2.308505,0.9065474315850351,3.3846570311737025,0.3467319999981555,0.3336879999988014
6608,COc1cc2c(ccn2C)c(N=Cc2cc(C=O)cc3nsnc23)c1OC,-5.097974,-2.915733,2.18224,0.8879332219548883,3.28298770009976,0.3699020000058226,0.431789000002027
6784,COc1cc2cc(C#Cc3c(NC(C)=O)ncc4nsnc34)[nH]c2cc1OC,-5.050216,-2.798394,2.251821,1.0,3.1970817754318936,100000.0,100000.0
6778,COc1cc2cc(N=Cc3scc4ncc(C=O)nc34)n(C)c2cc1OC,-5.059044,-3.117178,1.941865,0.9999993417212754,3.403048239560299,0.3090880000017932,0.3503120000023045
6827,COc1cc2cc(N=Cc3c(C#N)ncc4nsnc34)n(C)c2cc1OC,-5.341393,-3.359901,1.981492,0.9998942939313796,3.3889988889109484,0.2311899999986053,0.5408360000001267
6839,COc1cc2cc(N=Cc3cc(C(F)(F)F)cc4nsnc34)n(C)c2cc1OC,-5.302886,-2.976736,2.326149,0.9994211642224832,3.17870594716225,0.3574500000031548,0.7517560000051162
6862,COc1cc2ccn(C)c2c(C#Cc2nc(C=O)cc3nonc23)c1OC,-5.581362,-3.261865,2.319497,1.0,3.405391296503356,100000.0,100000.0
6844,COc1cc2c(cc(C(=O)O)n2C)c(C#Cc2c(Br)ncc3nsnc23)c1OC,-5.540019,-3.041085,2.498935,1.0,3.378311075367379,100000.0,100000.0
6888,COc1cc2cc(C(=O)O)[nH]c2c(N=Cc2c(OC)ncc3nonc23)c1OC,-5.367172,-3.040476,2.326696,0.9887696837618084,3.3429652967557466,0.4852400000017951,0.5316470000034315
6791,COc1cc2cc(-c3cc(OC):C(c4scc5nc(C(F)(F)F)cnc45):s3)[nH]c2cc1OC,-4.855556,-2.53141,2.324146,0.9742382595545156,3.213180003214496,100000.0,0.5069539999967674
6852,CNc1ccc2nsnc2c1C=Nc1cc2cc(OC)c(OC)cc2n1C,-4.555246,-2.248671,2.306575,0.9672464552580132,3.1769944933065526,0.3983619999999064,0.4019910000060918
6901,COc1cc2cc(-c3cc(OC):C(c4occ5nc(Br)cnc45):s3)[nH]c2cc1OC,-4.701916,-2.350263,2.351652,0.9785504319976116,3.2597141042945426,0.330073999997694,0.3474969999952009
6910,COc1cc2cc(-c3cc(OC):C(c4cc(C(F)(F)F)cc5nsnc45):s3)[nH]c2cc1OC,-4.99121,-2.592469,2.398741,0.9738795390895718,3.0966534523460103,100000.0,0.5124159999977564
6887,COc1cc2cc[nH]c2c(N=Cc2c(Br)ncc3nsnc23)c1OC,-5.296905,-3.117799,2.179106,0.977868837148361,3.480928159253565,0.3826990000088699,0.7098330000007991
6744,COc1cc2[nH]ccc2c(C=Cc2nc(S(=O)(=O)O)cc3nonc23)c1OC,-5.705547,-3.227042,2.478505,0.9855334066510976,3.347020592374445,0.4969920000003185,0.4831150000027264
6843,COc1cc2ccn(C)c2c(N=Cc2occ3ncc(C=O)nc23)c1OC,-5.15149,-3.022487,2.129003,0.9646798420845012,3.575812275524336,0.4339909999980591,0.5436759999938658
6773,COc1cc2ccn(C)c2c(N=Cc2c(C#N)ncc3nsnc23)c1OC,-5.268624,-3.321722,1.946902,0.9078732913220278,3.468236651148711,0.305382999998983,0.6307580000066082
6886,COc1cc2c(ccn2C)c(N=Cc2occ3nc(C#N)cnc23)c1OC,-5.078975,-3.007578,2.071397,0.9172331847934796,3.5320008869129467,0.4053769999954966,0.3996029999980237
6793,COc1cc2c(ccn2C)c(N=Cc2nc(C=O)cc3nsnc23)c1OC,-5.142179,-3.1284,2.013779,0.906321400483903,3.519537550249609,0.3657590000002528,0.4603600000045844
6988,COc1cc2cc(N=Cc3c(C#N)ccc4nsnc34)n(C)c2cc1OC,-5.230986,-3.114546,2.11644,0.9999175418465578,3.1931585292705886,0.2255390000063926,0.5457020000030752
7017,COc1cc2cc(C=Nc3c(S(=O)(=O)O)ncc4nonc34)n(C)c2cc1OC,-5.593834,-3.448363,2.145472,0.9999999520621884,3.3473008189571214,100000.0,100000.0
7006,COc1cc2cc(N=Cc3cccc4ncc(Br)nc34)n(C)c2cc1OC,-4.826682,-2.443174,2.383508,0.999999926327492,2.9573153724274306,0.3023919999977806,0.3368530000007013
7075,COc1cc2cc(C#Cc3scc4ncc(S(=O)(=O)O)nc34)n(C)c2cc1OC,-5.484135,-3.274023,2.210111,1.0,3.4424512463075505,100000.0,100000.0
7060,COc1cc2cc(N=Cc3c(C(F)(F)F)ncc4nonc34)n(C)c2cc1OC,-5.219948,-3.247843,1.972105,0.993897703826429,3.3378820155383195,0.3195919999925536,100000.0
7083,COc1cc2cc(N=Cc3scc4nc(F)cnc34)n(C)c2cc1OC,-4.937176,-2.747699,2.189477,0.999999225462368,3.3983244998586706,0.3484790000002249,0.3729240000029676
6990,COc1cc2cc(N=Cc3occ4nc(NC(C)=O)cnc34)n(C)c2cc1OC,-4.624235,-2.40444,2.219796,0.9999981695428046,3.354851037843927,0.4318989999956102,0.3680309999981546
7011,COc1cc2cc(N=Cc3cccc4nc(F)cnc34)n(C)c2cc1OC,-4.814638,-2.354841,2.459796,0.9999967994141394,2.9887011866132465,0.3324900000006892,0.3357730000061565
7092,COc1cc2cc(N=Cc3cc(OC(C)=O)cc4nsnc34)n(C)c2cc1OC,-5.045043,-2.6741,2.370943,0.9965157851379624,3.1588570415962725,0.3826329999865265,0.6284510000041337
6989,COc1cc2cc(N=Cc3scc4ncc(S(=O)(=O)O)nc34)n(C)c2cc1OC,-5.306153,-3.346806,1.959347,0.9857185075173216,3.4978717591280635,0.3884199999956763,0.6088539999982459
7069,COc1cc2cc[nH]c2c(C#Cc2nc(C#N)cc3nonc23)c1OC,-5.787626,-3.369942,2.417685,1.0,3.4245716433098146,100000.0,100000.0
7085,COc1cc2cc(N=Cc3c(O)ccc4nonc34)n(C)c2cc1OC,-4.949748,-2.568264,2.381485,0.9839893042167168,3.08335630859048,0.3993940000000293,0.3635530000028666
7087,COc1cc2cc(-c3cc(OC):C(c4scc5nc(NC(C)=O)cnc45):s3)[nH]c2cc1OC,-4.493223,-2.120069,2.373154,0.9771885977041728,3.1329696869693144,0.3282350000008591,0.3612869999997201
7028,COc1cc2cc(N=Cc3c(S)ncc4nonc34)n(C)c2cc1OC,-5.223872,-3.104952,2.11892,0.9809996592077236,3.463075851210024,0.3976800000018556,0.3635409999988042
7084,COc1cc2cc(C=Nc3scc4ncc(C(F)(F)F)nc34)n(C)c2cc1OC,-5.229122,-2.737587,2.491535,0.9991760963739486,3.2551879984443026,0.3375470000028144,100000.0
7004,COc1cc2cc(-c3cc(OC):C(c4occ5nc(C(F)(F)F)cnc45):s3)[nH]c2cc1OC,-4.856849,-2.48894,2.367909,0.9701279894234636,3.269868836961395,0.4131989999950747,0.5160369999939576
6916,CNc1ncc2nsnc2c1N=Cc1c(OC)c(OC)cc2c1cc(C(=O)O)n2C,-4.966359,-2.480706,2.485652,0.985919412795482,3.365497109661268,100000.0,0.4372040000016568
7039,COc1cc2cc(-c3cc(OC)c(C4:cncc5nsnc:45)s3)n(C)c2cc1OC,-4.969524,-2.620165,2.34936,0.920306273736506,3.141878505010105,0.2983680000033928,0.568623999999545
7231,COc1cc2cc(C#Cc3c(OC(C)=O)ncc4nonc34)[nH]c2cc1OC,-5.176509,-3.030115,2.146393,1.0,3.2432535062011247,100000.0,100000.0
7248,COc1cc2cc(N=Cc3c(C)ncc4nonc34)n(C)c2cc1OC,-5.012289,-2.914434,2.097855,0.9998640791293064,3.223473772207944,100000.0,0.3103570000021136
7220,COc1cc2cc(C#Cc3scc4nc(S(=O)(=O)O)cnc34)[nH]c2cc1OC,-5.381278,-3.204794,2.176484,1.0,3.4323444482653898,100000.0,100000.0
7303,COc1cc2cc(N=Cc3scc4nc(C(F)(F)F)cnc34)n(C)c2cc1OC,-5.181695,-2.99795,2.183745,0.9999708127140094,3.362307656563961,100000.0,0.7251190000024508
7199,COc1cc2cc(N=Cc3occ4nc(C(F)(F)F)cnc34)n(C)c2cc1OC,-5.040566,-2.895504,2.145063,0.999575289368703,3.451215348871653,0.4572960000004968,0.5880539999998291
7212,COc1cc2cc(-c3cc(OC):C(c4scc5nc(C=O)cnc45):s3)[nH]c2cc1OC,-4.700245,-2.641623,2.058622,0.975587601684981,3.224567489254947,0.3113719999964814,0.3339199999973061
7268,COc1cc2cc(C#Cc3c(S)ccc4nsnc34)[nH]c2cc1OC,-4.969642,-2.472915,2.496727,1.0,3.2024358515612583,100000.0,0.2792239999980666
7128,COc1cc2cc(C=Nc3c(S)ncc4nonc34)n(C)c2cc1OC,-5.172615,-2.84994,2.322675,0.9999999885087676,3.385020965555137,0.3298670000003767,0.2567360000030021
7266,COc1cc2cc(N=Cc3occ4nc(O)cnc34)n(C)c2cc1OC,-4.797112,-2.452211,2.344902,0.9999902921868152,3.544625955160126,0.4159929999950691,0.3846120000016526
7242,COc1cc2cc(-c3cc(OC):C(c4cc(C=O)cc5nccnc45):s3)[nH]c2cc1OC,-4.891427,-2.445438,2.44599,0.9713639589435478,2.9915443510915907,0.2991859999965527,0.5214360000027227
7306,COc1cc2cc[nH]c2c(N=Cc2c(C(F)(F)F)ncc3nonc23)c1OC,-5.496488,-3.322928,2.17356,0.9728301206269132,3.4139781386256622,0.3994160000002011,0.8242349999927683
7224,COc1cc2cc(C(=O)O)[nH]c2c(N=Cc2nncc3nsnc23)c1OC,-5.648004,-3.309252,2.338752,0.9852843730608678,3.4927263614384207,0.3648119999998016,100000.0
7160,COc1cc2cc(C(=O)O)[nH]c2c(C=Cc2scc3nc(C=O)cnc23)c1OC,-5.329766,-2.930722,2.399043,0.983351991531114,3.398316141033421,0.3378410000004805,0.4439579999962006
7304,COc1cc2ccn(C)c2c(N=Cc2cc(S(=O)(=O)O)cc3nsnc23)c1OC,-5.329708,-3.087864,2.241844,0.9362848620227128,3.304695690751995,0.4826869999960763,100000.0
7191,COc1cc2cc(C(=O)O)[nH]c2c(C=Cc2c(C=O)ncc3nsnc23)c1OC,-5.668162,-3.230491,2.43767,0.9594510906292272,3.4355859346544344,0.2856340000071213,0.5805660000041826
7207,COc1cc2cc(C(=O)O)[nH]c2c(C=Nc2c(C=O)ncc3nonc23)c1OC,-5.871082,-3.391855,2.479227,0.9706513364741386,3.465672613828918,0.3109400000030291,0.7628219999969588
7237,COc1cc(-c2cc(C=O)cc3nsnc23)s:C:1c1c(OC)c(OC)cc2cc[nH]c12,-5.099515,-2.945427,2.154088,0.8964580920107958,3.2876266076646266,0.2990129999961937,0.451746999999159
7478,COc1cc2cc(C#Cc3c(OC(C)=O)ncc4nonc34)n(C)c2cc1OC,-5.141416,-2.998087,2.143329,1.0,3.2381566663617507,100000.0,100000.0
7390,COc1cc2cc(N=Cc3scc4ncc(C)nc34)n(C)c2cc1OC,-4.776915,-2.505748,2.271167,0.9999886275335064,3.2302153522495223,0.3442719999948167,0.3812770000004093
7398,COc1cc2cc(N=Cc3c(Br)ccc4nsnc34)n(C)c2cc1OC,-5.018665,-2.77306,2.245605,0.9972810967607154,3.1446105705447422,0.2775350000010803,0.3785149999894202
7448,COc1cc2cc(N=Cc3occ4ncc(NC(C)=O)nc34)n(C)c2cc1OC,-4.739648,-2.471204,2.268444,0.999935799670168,3.358949161671319,0.441820000000007,0.4161420000018552
7474,COc1cc2cc(N=Cc3occ4nc(S(=O)(=O)O)cnc34)n(C)c2cc1OC,-5.230604,-3.276056,1.954547,0.99961653833647,3.5664683403246444,0.5373289999988629,0.6646859999964363
7387,COc1cc2cc(N=Cc3nc(Br)cc4nonc34)[nH]c2cc1OC,-5.532882,-3.269501,2.263381,0.9999695437038008,3.395989697715104,0.3549129999883007,0.5564449999947101
7431,COc1cc2cc(N=Cc3occ4ncc(Br)nc34)n(C)c2cc1OC,-4.928847,-2.763256,2.165591,0.99981140528601,3.469692067426239,0.3698949999961769,0.3736310000094818
7442,CNc1cc2nsnc2c(C=Nc2cc3cc(OC)c(OC)cc3n2C)n1,-4.876037,-2.558072,2.317965,0.999994441499235,3.403922165634224,0.3573720000058529,0.2843700000012177
7464,COc1cc2cc(C#Cc3nc(OC(C)=O)cc4nonc34)[nH]c2cc1OC,-5.320038,-2.867479,2.452559,1.0,3.260699660047279,100000.0,100000.0
7432,COc1cc2cc(N=Cc3nc(C(F)(F)F)cc4nonc34)n(C)c2cc1OC,-5.612153,-3.352585,2.259568,0.9996377958370756,3.3760256052819084,0.3203359999970416,0.7290749999956461
7420,COc1cc2cc(C=Nc3occ4ncc(S(=O)(=O)O)nc34)n(C)c2cc1OC,-5.490153,-3.099971,2.390182,0.999913755793916,3.4991845796408825,0.4186809999955585,0.6738879999975325
7488,COc1cc2[nH]ccc2c(C=Cc2c(S(=O)(=O)O)ncc3nsnc23)c1OC,-5.280654,-3.203395,2.077259,0.9430383383392872,3.367127310972304,0.34499599999981,0.3369569999995292
7424,COc1cc2cc(C#Cc3occ4ncc(S)nc34)[nH]c2cc1OC,-4.81577,-2.336625,2.479146,1.0,3.599312774638181,100000.0,0.301210000005085
7502,COc1cc2cc(-c3cc(OC):C(c4occ5ncc(C(F)(F)F)nc45):s3)[nH]c2cc1OC,-4.942366,-2.551136,2.391229,0.9747069307928792,3.2583690851003526,100000.0,0.39828700000362
7503,COc1cc2c(ccn2C)c(C=Cc2occ3ncc(S(=O)(=O)O)nc23)c1OC,-5.314343,-2.964565,2.349777,0.9832908953330484,3.4671435539998576,100000.0,100000.0
7352,COc1cc2cc[nH]c2c(C=Cc2c(OC)ncc3nsnc23)c1OC,-5.047068,-2.697765,2.349303,0.9627081860902544,3.2699894894636614,0.4029020000016317,0.5321900000053574
7460,COc1cc2ccn(C)c2c(N=Cc2cc(C=O)cc3nonc23)c1OC,-5.323745,-3.164491,2.159255,0.9086558254070058,3.297991895903955,0.3916279999975813,0.6699510000034934
7470,COc1cc2cc(C=Nc3c(F)ncc4nonc34)n(C)c2cc1OC,-5.32882,-2.86967,2.45915,0.9732755644311092,3.2413577638919344,0.3731420000040089,0.2848830000002635
7435,COc1cc2cc(C3:sc(-c4nncc5nonc45)cc:3OC)n(C)c2cc1OC,-5.136806,-3.231329,1.905477,0.878280194452153,3.2060522080512506,0.2992549999980838,0.6031950000033248
7463,COc1cc2c(ccn2C)c(C=Cc2c(S)ncc3nonc23)c1OC,-5.137738,-2.682837,2.454901,0.9688232666359566,3.3736465372807087,0.3718920000028447,0.3348020000048564
7626,COc1cc2cc(N=Cc3scc4nccnc34)n(C)c2cc1OC,-4.836315,-2.639784,2.196532,0.9999993349047442,3.1888050823304885,0.3275299999950221,0.3741300000037881
7607,COc1cc2cc(N=Cc3nncc4nonc34)n(C)c2cc1OC,-5.465324,-3.302214,2.163109,0.9999737553631262,3.3726454669458734,0.3334440000035101,0.579834000003757
7675,COc1cc2cc(N=Cc3c(OC)ccc4nonc34)n(C)c2cc1OC,-4.886983,-2.618592,2.268391,0.9889674852777,3.0029321556442152,0.3531460000012885,0.3929409999982454
7649,COc1cc2cc(N=Cc3scc4ncc(NC(C)=O)nc34)n(C)c2cc1OC,-4.785396,-2.551035,2.234361,0.9999548538995792,3.271125709513722,0.3921840000039083,0.4171960000021499
7637,COc1cc2cc(N=Cc3cc(F)cc4nsnc34)n(C)c2cc1OC,-5.141139,-2.76192,2.379219,0.9997433560425149,3.1303714853056555,0.3040829999954439,0.5883239999966463
7638,COc1cc2cc(N=Cc3cc(F)cc4nonc34)n(C)c2cc1OC,-5.284952,-2.888004,2.396948,0.9999477644165746,3.0985646245987963,0.3288590000083786,0.5815890000012587
7707,COc1cc2cc(N=Cc3c(C)ccc4nsnc34)n(C)c2cc1OC,-4.984086,-2.574812,2.409274,0.9994002275322508,3.0672161838503547,0.2965169999952195,0.6088260000033188
7694,COc1cc2cc(N=Cc3scc4nc(OC(C)=O)cnc34)n(C)c2cc1OC,-5.034113,-2.713886,2.320227,0.9998130356054744,3.365163045348618,0.4285119999985909,0.7452790000024834
7614,COc1cc2ccn(C)c2c(N=Cc2nc(C=O)cc3nsnc23)c1OC,-5.298215,-3.196218,2.101997,0.9765792120723272,3.565109378421438,0.3585989999919547,0.6799510000055307
7664,COc1cc2ccn(C)c2c(C#Cc2nc(Br)cc3nonc23)c1OC,-5.578588,-3.085908,2.492679,1.0,3.3859359343701048,0.4102629999979399,0.5871190000034403
7627,COc1cc(-c2cc(C#N)cc3nonc23)s:C:1c1c(OC)c(OC)cc2cc[nH]c12,-5.27766,-3.08425,2.19341,0.9013829877698548,3.221368872141724,0.2785189999995054,0.5263279999999213
7654,COc1cc2[nH]ccc2:C(N=Cc2scc3ncc(C#N)nc23):c1OC,-5.297337,-3.100872,2.196464,0.9403162154678482,3.448531027925199,0.3377689999979338,0.4087629999994533
7673,COc1cc2[nH]c(C(=O)O)cc2c(C=Cc2c(C=O)ncc3nsnc23)c1OC,-5.599365,-3.138269,2.461096,0.9846290782009428,3.3700108877501176,0.2534000000014202,0.3039939999944181
7605,COc1cc2cc(N=Cc3c(S)ccc4nsnc34)n(C)c2cc1OC,-5.217936,-2.727138,2.490798,0.9644470823627402,3.302612025846197,0.3199920000042766,0.7689360000003944
7853,COc1cc2cc(N=Cc3c(OC)ncc4nsnc34)[nH]c2cc1OC,-4.707554,-2.795878,1.911676,0.9999992097593936,3.270807335617508,0.3756779999966966,0.3416979999965406
7829,COc1cc2cc(N=Cc3cccc4nc(C#N)cnc34)n(C)c2cc1OC,-4.952233,-2.793748,2.158486,0.9999967319657312,3.012808506201125,0.2583529999974416,0.3193629999950644
7837,COc1cc2cc(C#Cc3c(OC(C)=O)ncc4nsnc34)[nH]c2cc1OC,-5.063128,-2.927659,2.135469,1.0,3.278377736970355,0.3903770000033546,0.346482000000833
7868,COc1cc2cc(N=Cc3cc(C=O)cc4nonc34)n(C)c2cc1OC,-5.330857,-3.206444,2.124413,0.9996372892877456,3.2187541336661933,0.3276659999974072,0.5888479999921401
7764,CNc1ncc2nsnc2c1C#Cc1c(OC)c(OC)cc2cc[nH]c12,-4.951007,-2.638983,2.312024,1.0,3.37261348946366,100000.0,100000.0
7848,COc1cc2cc(N=Cc3c(F)ccc4nsnc34)n(C)c2cc1OC,-5.009597,-2.698735,2.310863,0.9998883573416846,3.0766427950769666,0.3171469999942928,0.6018670000048587
7889,COc1cc2cc(N=Cc3nc(OC(C)=O)cc4nsnc34)n(C)c2cc1OC,-5.022259,-2.905556,2.116702,0.9998980555887322,3.434471488125353,0.3423079999920446,100000.0
7860,COc1cc2cc(N=Cc3nc(C(F)(F)F)cc4nsnc34)n(C)c2cc1OC,-5.328275,-3.175454,2.152821,0.9999476792923772,3.4200153488716527,0.2963010000021313,100000.0
7851,COc1cc2cc(N=Cc3c(C)ccc4nonc34)n(C)c2cc1OC,-4.902423,-2.594333,2.30809,0.9988256838457148,3.0371962254303977,100000.0,0.3204980000009527
7898,COc1cc2cc(N=Cc3nc(F)cc4nonc34)n(C)c2cc1OC,-5.450811,-3.176513,2.274298,0.9999681288002716,3.3858367659709367,0.3313790000029257,0.5570410000000265
7839,COc1cc2cc(C=Nc3c(OC)ncc4nsnc34)n(C)c2cc1OC,-4.90954,-2.582513,2.327027,0.9998554113236816,3.225785102697163,0.3281219999989844,0.2999009999984992
7832,COc1cc2cc(N=Cc3occ4ncc(F)nc34)n(C)c2cc1OC,-4.923937,-2.655443,2.268495,0.9998515489730158,3.484632815866988,0.4256870000026538,0.6055150000029244
7861,COc1cc2cc(N=Cc3occ4ncc(C(F)(F)F)nc34)n(C)c2cc1OC,-5.172507,-2.965839,2.206668,0.9969612358887204,3.438011930068233,100000.0,0.7251689999902737
7881,COc1cc2cc[nH]c2c(N=Cc2c(C=O)ncc3nonc23)c1OC,-5.414684,-3.428928,1.985756,0.9647218127040024,3.491527951002122,0.3661229999997886,0.8891629999998258
7824,COc1cc2cc(C(=O)O)[nH]c2c(N=Cc2c(C#N)ncc3nsnc23)c1OC,-5.633879,-3.461517,2.172362,0.9894937364142342,3.4748043211459905,100000.0,100000.0
7798,COc1cc2cc[nH]c2c(C=Nc2c(S(=O)(=O)O)ncc3nsnc23)c1OC,-5.559689,-3.444002,2.115687,0.9647005903516556,3.506456424896353,0.391553000001295,100000.0
7834,COc1cc2cc(-c3cc(OC):C(c4c(F)ncc5nonc45):s3)[nH]c2cc1OC,-4.916265,-2.830058,2.086207,0.8675505173275817,3.166582619500266,0.4871029999994789,0.3263859999933629
8056,COc1cc2cc(N=Cc3nccc4nsnc34)n(C)c2cc1OC,-5.168343,-2.925698,2.242645,0.9999932634014204,3.2044916207920267,0.2862820000009378,0.5891080000001239
8043,COc1cc2cc(N=Cc3cc(S(=O)(=O)O)cc4nonc34)n(C)c2cc1OC,-5.389689,-3.218383,2.171306,0.9996080183304747,3.200312784769089,0.4309060000086901,0.5947770000057062
8018,COc1cc2cc(N=Cc3scc4nc(C)cnc34)n(C)c2cc1OC,-4.788637,-2.518324,2.270313,0.9999890637837292,3.237493938528109,0.3392670000030193,0.3776419999994687
8061,COc1cc2[nH]ccc2c(C#Cc2c(Br)ncc3nsnc23)c1OC,-5.294263,-2.930934,2.363329,1.0,3.361778159253566,100000.0,100000.0
8114,COc1cc2c:C(c3occ4nc(S(=O)(=O)O)cnc34):n(C)c2cc1OC,-5.310143,-3.036681,2.273462,0.9998343114832284,3.18990750029956,0.5737820000067586,0.705562999995891
8116,COc1cc2cc(C=Nc3cncc4nsnc34)n(C)c2cc1OC,-5.139701,-2.746128,2.393574,0.999999923106663,3.179570466945874,0.2871250000025611,0.266857999995409
8095,COc1cc2cc(C=Nc3c(O)ncc4nonc34)n(C)c2cc1OC,-5.08328,-2.716043,2.367237,0.9999990043504676,3.2762519426861134,0.3538700000062817,0.2811710000023595
8044,COc1cc2cc(N=Cc3c(F)ccc4nonc34)n(C)c2cc1OC,-5.145211,-2.805776,2.339435,0.9998091256808064,3.046622836657008,0.3436289999954169,0.5934609999967506
8097,COc1cc2cc(N=Cc3scc4nc(O)cnc34)n(C)c2cc1OC,-4.819754,-2.531727,2.288027,0.9999983195938178,3.447308075742246,0.3785009999992326,0.3829320000004372
8036,COc1cc2cc(N=Cc3occ4ncc(C)nc34)n(C)c2cc1OC,-4.746542,-2.421288,2.325254,0.9999978940863444,3.3275332316674024,0.3863000000019383,0.3794060000000172
8052,COc1cc2cc(N=Cc3c(OC(C)=O)ncc4nonc34)n(C)c2cc1OC,-5.206333,-3.178655,2.027677,0.9440388437472522,3.3237782423467426,0.4486460000043735,0.4165179999981774
8058,CNc1cnc2c(C=Nc3cc4cc(OC)c(OC)cc4n3C)occ2n1,-4.621771,-2.232425,2.389346,0.9999960284788668,3.421280207592268,0.4589550000018789,0.3959519999989425
8028,COc1cc2cc(N=Cc3occ4nc(S)cnc34)n(C)c2cc1OC,-5.024382,-2.656421,2.367962,0.999989450446536,3.681755269089441,0.3892450000057579,0.7168780000065453
8228,COc1cc2cc(C#Cc3c(OC)ncc4nsnc34)[nH]c2cc1OC,-4.947426,-2.780655,2.166771,1.0,3.184708258694431,100000.0,100000.0
8304,COc1cc2cc(N=Cc3c(C)ncc4nsnc34)n(C)c2cc1OC,-4.874152,-2.816152,2.057999,0.9998343640423588,3.2614459135800846,100000.0,100000.0
8289,COc1cc2cc(N=Cc3scc4nc(C=O)cnc34)n(C)c2cc1OC,-4.852967,-2.972318,1.880649,0.9999990267113734,3.4012913964034563,0.325859999997192,0.3333950000014738
8272,COc1cc2cc(N=Cc3c(S(=O)(=O)O)ccc4nonc34)n(C)c2cc1OC,-5.658022,-3.49911,2.158912,0.969952863102482,3.185601673657977,0.3840069999932893,0.6163720000040485
8295,COc1cc2cc(N=Cc3c(NC(C)=O)ncc4nsnc34)n(C)c2cc1OC,-5.094129,-2.956093,2.138036,0.9714395131431408,3.286790437468693,0.4181460000036168,0.435100999995484
8309,COc1cc2cc(N=Cc3nc(S(=O)(=O)O)cc4nonc34)n(C)c2cc1OC,-5.901856,-3.734332,2.167524,0.9998803786308984,3.479957229213533,0.4544349999996484,0.8877849999989849
8224,COc1cc2cc(C#Cc3occ4nc(C(F)(F)F)cnc34)[nH]c2cc1OC,-5.179009,-2.720991,2.458018,1.0,3.374849608927512,0.4523090000002412,0.5346229999995558
8231,COc1cc2cc(N=Cc3nc(O)cc4nsnc34)n(C)c2cc1OC,-5.170613,-2.913461,2.257151,0.9998806131155454,3.442450695284866,0.2998870000010356,0.3268729999981588
8234,COc1cc2cc(N=Cc3cc(O)cc4nsnc34)n(C)c2cc1OC,-5.087836,-2.618002,2.469834,0.9990779909101142,3.201117847052017,0.3072119999924325,0.5899929999941378
8241,COc1cc2cc(N=Cc3c(C=O)ccc4nonc34)n(C)c2cc1OC,-5.420639,-3.19678,2.223859,0.969246556848862,3.1707673204793805,0.3506319999942207,0.5656419999941136
8232,COc1cc(-c2cc(C#N)cc3nsnc23)s:C:1c1c(OC)c(OC)cc2cc[nH]c12,-5.161308,-2.998633,2.162675,0.8992271020259728,3.266088837569554,0.261834999997518,0.5060989999983576
8317,COc1cc2cc(C(=O)O)n(C)c2c(N=Cc2c(F)ncc3nonc23)c1OC,-5.458072,-3.277182,2.18089,0.906263300971567,3.4235196223759274,0.5189790000003995,0.6213780000034603
8250,COc1cc2cc[nH]c2c(C=Cc2c(OC(C)=O)ncc3nsnc23)c1OC,-5.336116,-2.85418,2.481936,0.952905074847495,3.3418121600472794,0.4199850000004517,0.6554079999987152
8233,COc1cc2nonc2c(-c2cc(OC):C(c3cc4cc(OC)c(OC)cc4n3C):s2)n1,-5.070407,-2.853597,2.21681,0.8732665098559143,3.149281945269986,0.2998779999979888,0.580710000002
8306,COc1cc2c(ccn2C)c(N=Cc2c(OC)ncc3nsnc23)c1OC,-4.894722,-2.706791,2.187931,0.8942636202388426,3.3187575302695898,100000.0,100000.0
8463,COc1cc2c(ccn2C)c(C#Cc2c(Br)ncc3nsnc23)c1OC,-5.230634,-2.914948,2.315686,1.0,3.347088117322288,100000.0,100000.0
8435,COc1cc2cc(N=Cc3nc(C#N)cc4nonc34)n(C)c2cc1OC,-5.585357,-3.474216,2.111142,0.9999911361415156,3.4383271606392203,0.2761129999998957,0.5503920000046492
8459,COc1cc2cc(N=Cc3cc(Br)cc4nonc34)n(C)c2cc1OC,-5.240625,-2.953332,2.287293,0.9999331432437716,3.1160313605655308,0.3178120000084163,0.3392000000021653
8500,COc1cc2cc(N=Cc3nc(C)cc4nsnc34)n(C)c2cc1OC,-5.134167,-2.874045,2.260121,0.9999780777587478,3.2797752275093988,0.2881140000026789,0.5704259999911301
8428,COc1cc2cc(N=Cc3nc(OC(C)=O)cc4nonc34)n(C)c2cc1OC,-5.305715,-3.05392,2.251795,0.9999903915300627,3.3910182048232898,0.3835680000047432,0.3513110000058077
8492,COc1cc2cc(N=Cc3occ4nc(C=O)cnc34)n(C)c2cc1OC,-5.033123,-3.033211,1.999912,0.9999581653966858,3.4948176701297298,0.3814770000026328,0.5868019999979879
8473,COc1cc2cc(N=Cc3c(C#N)ccc4nccnc34)n(C)c2cc1OC,-5.245139,-2.874329,2.37081,0.9999162726555634,3.04742562158574,0.2436519999973825,100000.0
8498,COc1cc2cc(C=Nc3cc(S(=O)(=O)O)cc4nsnc34)n(C)c2cc1OC,-5.271608,-2.885846,2.385762,0.9992079358680565,3.164143553999857,0.403336000003037,0.287955999992846
8439,COc1cc2cc(N=Cc3c(S(=O)(=O)O)ncc4nsnc34)n(C)c2cc1OC,-5.547694,-3.585249,1.962445,0.9712805332173436,3.453300818957123,0.3424240000094869,0.3835270000054152
8429,COc1cc2cc(N=Cc3occ4ncc(O)nc34)n(C)c2cc1OC,-4.918435,-2.461611,2.456824,0.999976433046073,3.549960466594637,0.4732589999985066,0.7495099999941885
8456,COc1cc2cc(C=Nc3scc4ncc(S(=O)(=O)O)nc34)n(C)c2cc1OC,-5.402825,-3.003789,2.399036,0.9869849602205216,3.403955519811824,0.532232000005024,0.6124940000081551
8427,COc1cc2c(ccn2C)c(C=Cc2c(C#N)ncc3nsnc23)c1OC,-5.400101,-3.066544,2.333557,0.9611377166350216,3.303053833965893,0.2548509999978705,0.4629110000023502
8392,COc1cc2[nH]c(C(=O)O)cc2c(C=Cc2c(C#N)ncc3nsnc23)c1OC,-5.600071,-3.145758,2.454314,0.980817334279199,3.319958730151619,0.2540259999950649,0.4222410000002128
8423,COc1cc2cc(C3:cc(OC)c(-c4cccc5nsnc45)s:3)n(C)c2cc1OC,-4.68777,-2.243739,2.444031,0.8963970442435896,2.912642547943916,0.2668699999994715,0.3975740000023506
8697,COc1cc2cc(C#Cc3cccc4nsnc34)n(C)c2cc1OC,-4.879775,-2.45733,2.422445,1.0,2.882857005407411,100000.0,0.2793490000040037
8701,COc1cc2cc(N=Cc3scc4nc(NC(C)=O)cnc34)n(C)c2cc1OC,-4.649488,-2.484898,2.164589,0.9999989547982876,3.2670275856863293,0.3858249999975669,0.3631850000019767
8653,COc1cc2cc(N=Cc3cccc4nsnc34)n(C)c2cc1OC,-5.022318,-2.641678,2.38064,0.9987024545141938,2.9333512361766427,0.2983289999974658,0.6017960000099265
8662,COc1cc2cc(C=Nc3occ4nc(C=O)cnc34)n(C)c2cc1OC,-5.005631,-2.714209,2.291423,0.9999999302070036,3.402672415384475,0.3488690000012866,0.3424290000039036
8655,COc1cc2cc(N=Cc3c(C=O)ncc4nsnc34)n(C)c2cc1OC,-5.244789,-3.272391,1.972398,0.9999030855705338,3.442301186613247,0.2326829999947222,0.5482409999967786
8638,COc1cc2cc(N=Cc3nc(O)cc4nonc34)n(C)c2cc1OC,-5.404381,-3.080902,2.323479,0.9999978952045256,3.394299759733931,0.3268160000006901,0.5541440000015427
8571,COc1cc2ccn(C)c2c(C#Cc2scc3nc(C(F)(F)F)cnc23)c1OC,-5.23799,-2.787426,2.450564,1.0,3.418663212119517,0.4270479999977397,100000.0
8676,COc1cc2cc(N=Cc3cc(OC(C)=O)cc4nonc34)n(C)c2cc1OC,-5.178158,-2.781883,2.396275,0.9972905787676808,3.130153289251057,0.4153200000000652,0.6199990000095568
8715,COc1cc2c:C(c3occ4nc(C(F)(F)F)cnc34):n(C)c2cc1OC,-5.057097,-2.579039,2.478058,0.9988320337127308,3.0654342695303285,0.5053639999969164,0.5859689999997499
8637,COc1cc2[nH]ccc2c(C=Cc2c(C#N)ncc3nsnc23)c1OC,-5.289397,-3.008532,2.280865,0.9837535088757484,3.3002682586944303,0.2365710000085528,0.2878019999989192
8714,COc1cc2cc(C(=O)O)[nH]c2c(N=Cc2c(C(F)(F)F)ncc3nonc23)c1OC,-5.759724,-3.471678,2.288046,0.98563714701817,3.4299870667508774,0.387049000004481,100000.0
8688,COc1cc2cc[nH]c2c(N=Cc2nc(F)cc3nsnc23)c1OC,-5.376881,-3.034096,2.342785,0.989863290593158,3.5264108515612573,0.3588569999992614,0.6212779999987106
8643,CNc1ccc2nonc2c1C=Nc1cc2cc(OC)c(OC)cc2n1C,-4.857299,-2.410962,2.446337,0.9666287188654104,3.1481441436562028,0.4365500000058091,0.6436100000064471
8657,COc1cc2cc[nH]c2c(C=Cc2c(C#N)ncc3nsnc23)c1OC,-5.412065,-3.168165,2.243901,0.9462934229775564,3.3766676433098137,0.2598780000043916,0.8696130000025732
8849,COc1cc2cc(C#CC3:c(C#N)ccc4nccnc:34)n(C)c2cc1OC,-5.013143,-2.564878,2.448265,1.0,2.941988890816509,0.2226110000046901,0.264831000007689
8853,COc1cc2cc(N=Cc3c(C=O)ncc4nonc34)n(C)c2cc1OC,-5.393753,-3.408596,1.985156,0.9806754617681868,3.405808479320539,0.285597999994934,0.5909169999940787
8860,CNc1ncc2nsnc2c1C=Nc1cc2cc(OC)c(OC)cc2n1C,-4.762486,-2.664405,2.09808,0.969796123094977,3.3271119758240344,0.4490010000008624,0.4165159999975003
8857,COc1cc2cc(C=Nc3c(C(F)(F)F)ncc4nsnc34)n(C)c2cc1OC,-5.300501,-2.973749,2.326753,0.9684070877236052,3.3161948360511406,100000.0,100000.0
8840,COc1cc2c(ccn2C)c(N=Cc2c(C#N)ncc3nsnc23)c1OC,-5.136347,-3.194321,1.942026,0.9627024182893216,3.4226648229768823,0.2830970000068191,0.4450090000100317
8887,COc1cc2cc[nH]c2c(N=Cc2c(C=O)ncc3nsnc23)c1OC,-5.229995,-3.302475,1.927521,0.9321912008740544,3.5289937971559686,0.3421979999984614,0.9316559999933816
8851,COc1cc2cc(C(=O)O)[nH]c2c(C=Cc2c(C#N)ncc3nsnc23)c1OC,-5.670946,-3.268608,2.402338,0.9547188256432184,3.385533777055935,0.2509520000021439,0.5526449999961187
8885,COc1cc(-c2cccc3nsnc23)s:C:1c1c(OC)c(OC)cc2cc[nH]c12,-4.949959,-2.467596,2.482363,0.893927497526555,2.999238547894852,0.2867439999972703,0.4412179999999353
9104,CNc1cnc2c(C=Nc3cc4cc(OC)c(OC)cc4n3C)scc2n1,-4.65481,-2.321444,2.333366,0.9999422987011016,3.327753933865994,0.4214900000006309,0.391581000003498
8925,COc1cc2c(ccn2C)c(C=Cc2scc3ncc(C(F)(F)F)nc23)c1OC,-4.998121,-2.591913,2.406209,0.9921966556012132,3.2686580839143886,0.3504140000004554,0.337561000000278
9116,COc1cc2c:C(c3nc(S(=O)(=O)O)cc4nsnc34):n(C)c2cc1OC,-5.485375,-3.11964,2.365735,0.964910847599533,3.1393985772226367,0.4754670000038459,0.4482730000017909
9007,COc1cc2ccn(C)c2c(C=Cc2c(OC)ncc3nonc23)c1OC,-4.976555,-2.754769,2.221786,0.9471506757207968,3.23276931848138,0.4156919999950332,0.4253760000065085
9115,COc1cc2[nH]ccc2c(N=Cc2c(C(F)(F)F)ncc3nonc23)c1OC,-5.316376,-3.200489,2.115886,0.9466151830887102,3.384445519346208,0.407893999996304,0.4724679999999353
9088,COc1cc2[nH]ccc2c(N=Cc2c(F)ncc3nsnc23)c1OC,-5.042488,-2.955621,2.086867,0.8865409270243425,3.3984781592535658,100000.0,0.4591969999964931
9118,COc1cc(-c2cc(C=O)cc3nccnc23)s:C:1c1c(OC)c(OC)cc2cc[nH]c12,-5.04575,-2.607106,2.438644,0.8592564772841756,3.138858397914332,0.3413710000022547,100000.0
9278,COc1cc2cc(C#Cc3scc4ncc(F)nc34)n(C)c2cc1OC,-4.821645,-2.49749,2.324156,1.0,3.326651942686114,100000.0,0.3007330000036745
9308,COc1cc2cc(-c3cc(OC):C(c4cc(S(=O)(=O)O)cc5nsnc45):s3)n(C)c2cc1OC,-5.089757,-2.776889,2.312868,0.9184049114938104,3.181108379872409,0.3887219999887747,0.5803279999963706
9289,COc1cc2cc(C(=O)O)[nH]c2c(N=Cc2c(F)ncc3nsnc23)c1OC,-5.519233,-3.164292,2.354941,0.9801194544912764,3.428430718956724,0.4209770000015851,0.6559539999943809
9256,COc1cc(-c2c(OC)c(OC)cc3[nH]c(C(=O)O)cc23)s:C:1c1occ2nc(S(=O)(=O)O)cnc12,-5.246562,-2.829785,2.416777,0.939300913724514,3.5070580325402254,0.449629000009736,0.5097079999977723
9322,COc1cc2c(cc(C(=O)O)n2C)c(N=Cc2c(F)ncc3nonc23)c1OC,-5.466243,-3.233121,2.233122,0.8967371183077463,3.3732597933160964,0.5031699999890407,0.6851719999976922
9396,COc1cc2[nH]c(C(=O)O)cc2c(C#Cc2c(S(=O)(=O)O)ncc3nonc23)c1OC,-5.944974,-3.631039,2.313935,1.0,3.4127405551229693,100000.0,100000.0
9381,COc1cc2c(ccn2C)c(C=Nc2c(O)ncc3nonc23)c1OC,-5.123742,-2.633368,2.490374,0.9955648575350882,3.33618894892312,0.384676000001491,0.338489000001573
9523,COc1cc2cc[nH]c2c(N=Cc2c(F)ncc3nonc23)c1OC,-5.378193,-3.174629,2.203565,0.9875264469167035,3.391855082330488,0.4553190000005997,0.6360679999997956
9327,COc1cc2cc[nH]c2c(C=Nc2c(S(=O)(=O)O)ncc3nonc23)c1OC,-5.688438,-3.560489,2.127949,0.987026298659586,3.4708875836110566,100000.0,0.809095000004163
9496,COc1cc2cc[nH]c2c(N=Cc2nc(C(F)(F)F)cc3nsnc23)c1OC,-5.403595,-3.145847,2.257749,0.9896772092088938,3.4981907968535086,0.3458479999972041,0.8033310000027996
9510,COc1cc2c(ccn2C)c(C=Cc2nc(S(=O)(=O)O)cc3nonc23)c1OC,-5.634838,-3.205048,2.42979,0.9888993360432043,3.351989707846011,0.4982469999958994,0.48583299999882
9333,COc1cc2cc[nH]c2c(C=Cc2c(O)ncc3nonc23)c1OC,-5.114574,-2.846563,2.268011,0.9845313441184974,3.342847390022796,0.4342900000010559,0.4937549999995099
9345,COc1cc2ccn(C)c2c(C=Cc2scc3nc(C=O)cnc23)c1OC,-5.03172,-2.80621,2.22551,0.9503681024843847,3.3867817060937657,0.3426810000019031,0.3916529999987688
9429,COc1cc(-c2c(OC)c(OC)cc3cc[nH]c23)s:C:1c1scc2nc(C(F)(F)F)cnc12,-5.034934,-2.53799,2.496945,0.9121786552482962,3.366383973437822,100000.0,0.3480270000000018
9680,COc1cc2[nH]ccc2c(C=Cc2scc3nc(C=O)cnc23)c1OC,-5.062924,-2.732776,2.330148,0.9875892083614596,3.3142436433098155,0.332353999998304,0.3433569999979227
9669,COc1cc2[nH]ccc2c(C=Nc2c(S(=O)(=O)O)ncc3nonc23)c1OC,-5.770047,-3.439154,2.330892,0.9574500587046916,3.398356522267337,0.4122419999985141,0.7031070000011823
9698,COc1cc2ccn(C)c2c(N=Cc2c(F)ncc3nsnc23)c1OC,-5.072279,-3.043137,2.029142,0.921258721515455,3.423490820024992,0.4518879999959608,0.6353889999954845
9687,COc1cc2nsnc2c(C=Nc2c(OC)c(OC)cc3c2ccn3C)n1,-5.04017,-2.717886,2.322284,0.9104611732725936,3.3761453424574013,100000.0,0.3932849999982863
9715,COc1cc2nonc2c(-c2cc(OC):C(c3c(OC)c(OC)cc4cc[nH]c34):s2)n1,-5.207107,-2.77387,2.433236,0.8960028053903708,3.257060834112337,0.3331879999968805,0.4541140000001178
9704,COc1cc2cc(-c3s:C(c4occ5ncc(OC(C)=O)nc45):cc3OC)n(C)c2cc1OC,-4.750983,-2.414186,2.336797,0.8566441682172807,3.3278700347307097,0.4650419999961741,0.6360139999960666
9758,COc1cc2c(ccn2C)c(C=Cc2c(F)ncc3nonc23)c1OC,-5.192216,-2.804908,2.387309,0.989852355150662,3.213639260773432,0.3778920000040671,0.3183089999947697
9811,COc1cc2ccn(C)c2c(C#Cc2nc(C(F)(F)F)cc3nsnc23)c1OC,-5.520292,-3.065381,2.454911,1.0,3.387499109555413,100000.0,100000.0
9873,COc1cc2cc[nH]c2c(C=Nc2c(C=O)ncc3nonc23)c1OC,-5.588129,-3.32105,2.267079,0.9985433330345808,3.4642861048482763,100000.0,0.7653659999923548
9888,COc1cc2cc(C(=O)O)[nH]c2c(C=Cc2c(OC)ncc3nonc23)c1OC,-5.300666,-2.899141,2.401526,0.9833127267199004,3.253694752665692,0.4201739999916754,0.4598779999942053
9786,COc1cc2cc(C(=O)O)n(C)c2c(C#Cc2nc(C=O)cc3nsnc23)c1OC,-5.67684,-3.200802,2.476038,1.0,3.489281725045883,100000.0,100000.0
9882,COc1cc2cc[nH]c2c(C=Cc2c(F)ncc3nonc23)c1OC,-5.379778,-2.953296,2.426482,0.984492382684898,3.290185851561258,0.3837310000017169,0.5289680000023509
9925,COc1cc2cc(C(=O)O)[nH]c2c(N=Cc2c(F)ncc3nonc23)c1OC,-5.651515,-3.302844,2.348671,0.981595913682979,3.392861877671427,0.4664879999982076,0.617060999997193
9867,COc1cc2[nH]c(C(=O)O)cc2c(C=Cc2occ3nc(S(=O)(=O)O)cnc23)c1OC,-5.538903,-3.094705,2.444198,0.9908310024836458,3.461910501455708,0.5289449999982025,0.6265410000050906
9877,COc1cc2cc[nH]c2c(C=Nc2c(C(F)(F)F)ncc3nsnc23)c1OC,-5.553668,-3.089925,2.463743,0.9511258130941462,3.4389941074669474,0.3722560000023804,0.8101079999978538
9919,COc1cc2[nH]ccc2c(N=Cc2c(OC)ncc3nsnc23)c1OC,-4.846799,-2.71592,2.13088,0.8476790256582423,3.33648425869443,100000.0,0.6693080000040936
9902,COc1cc2cc(-c3s:C(c4nc(S(=O)(=O)O)cc5nsnc45):cc3OC)n(C)c2cc1OC,-5.233315,-3.358808,1.874507,0.882565938835659,3.3741966389817213,0.417291000005207,0.6745289999962552
10018,COc1cc2[nH]ccc2c(C#Cc2c(S(=O)(=O)O)ncc3nonc23)c1OC,-5.662392,-3.516082,2.146311,1.0,3.3881576907191384,100000.0,100000.0
10095,COc1cc2c(ccn2C)c(C=Nc2occ3ncc(C=O)nc23)c1OC,-5.188696,-2.740361,2.448335,0.9999317688730592,3.462031056743116,0.3304029999999329,0.4058999999979278
10119,COc1cc2cc(C3:sc(-c4cccc5nsnc45)cc:3OC)n(C)c2cc1OC,-4.832073,-2.548328,2.283745,0.8549020324386394,2.887482798391142,0.2681690000026719,0.6220699999976205
10105,COc1cc2cc(-c3cc(OC):C(c4occ5nccnc45):s3)n(C)c2cc1OC,-4.579011,-2.111318,2.467693,0.891245233446223,3.133833245618333,0.3236739999993006,0.4334619999935967
10269,COc1cc2[nH]ccc2c(C=Cc2c(O)ncc3nonc23)c1OC,-4.994647,-2.680177,2.31447,0.989120180166602,3.2632646977151047,0.4122360000001208,0.3536149999999907
10317,COc1cc2cc[nH]c2c(N=Cc2c(C)ncc3nonc23)c1OC,-5.381829,-2.944616,2.437212,0.97908237479374,3.310049313099719,0.4206780000058643,0.9107230000008713
10408,COc1cc2ccn(C)c2c(C#Cc2scc3nc(C=O)cnc23)c1OC,-5.149571,-2.904962,2.244609,1.0,3.460574513286573,0.3549700000003213,0.4590130000069621
10521,COc1cc2c(ccn2C)c(C=Cc2c(OC)ncc3nonc23)c1OC,-4.900513,-2.614573,2.285939,0.98704973615916,3.1626538339658934,0.4082259999995585,0.3577320000040345
10387,COc1cc2[nH]ccc2c(C#Cc2cc(C#N)cc3nsnc23)c1OC,-5.359411,-2.896461,2.46295,1.0,3.2200454894636605,100000.0,100000.0
10528,COc1cc2[nH]ccc2c(C=Cc2c(F)ncc3nonc23)c1OC,-5.252843,-2.821363,2.43148,0.9908608533916564,3.210603159253565,0.3763530000032915,0.3204450000012002
10507,COc1cc2cc[nH]c2c(N=Cc2c(F)ncc3nsnc23)c1OC,-5.237473,-3.045794,2.191679,0.9824977319370104,3.430882005407412,0.410373000006075,0.6392390000037267
10525,COc1cc2cc(C(=O)O)[nH]c2c(N=Cc2c(OC)ncc3nsnc23)c1OC,-5.28641,-2.923338,2.363073,0.9821800740335126,3.37723283896963,100000.0,0.6276959999959217
10405,COc1cc2cc[nH]c2c(C=Nc2occ3ncc(C=O)nc23)c1OC,-5.405765,-2.940272,2.465493,0.9999863156948952,3.53988425869443,0.3396139999968,0.4636960000061663
10389,COc1cc2ccn(C)c2c(C=Nc2occ3nc(C=O)cnc23)c1OC,-5.245752,-2.813006,2.432746,0.9668091289009731,3.5303896981017573,0.3620730000038747,0.4696460000050138
10502,COc1cc(-c2scc3ncc(C#N)nc23)s:C:1c1c(OC)c(OC)cc2cc[nH]c12,-5.085465,-3.035142,2.050324,0.904921559452589,3.3947756137147564,0.2516209999957937,0.3900969999958761
10420,COc1cc(-c2c(OC)c(OC)cc3cc[nH]c23)s:C:1c1scc2nc(S(=O)(=O)O)cnc12,-5.21832,-2.935266,2.283053,0.911516355056284,3.466765611154943,0.4524430000019492,0.4897560000099474
10483,COc1cc(-c2c(OC)c(OC)cc3cc[nH]c23)s:C:1c1occ2nc(S(=O)(=O)O)cnc12,-5.211099,-2.908402,2.302697,0.9066893988541608,3.523454444901841,100000.0,0.5002420000018901
10424,COc1cc(-c2c(OC)c(OC)cc3[nH]c(C(=O)O)cc23)s:C:1c1scc2nc(S(=O)(=O)O)cnc12,-5.268362,-2.896726,2.371636,0.9002831724642781,3.4543374171556103,0.4327020000055199,0.522356999994372
10670,COc1cc2[nH]ccc2c(C#Cc2c(F)ncc3nsnc23)c1OC,-5.233271,-2.8692,2.364071,1.0,3.328530082330488,100000.0,100000.0
10606,COc1cc2c(ccn2C)c(C=Nc2occ3nc(C#N)cnc23)c1OC,-5.229969,-2.787978,2.441991,0.9999228282440544,3.463791496303556,0.2956609999964712,0.3870719999977154
10696,COc1cc2cc[nH]c2c(C=Cc2occ3nc(C=O)cnc23)c1OC,-5.120471,-2.781324,2.339147,0.9824433607813028,3.444338412540584,0.3861929999984568,0.4522859999997308
10629,COc1cc(-c2c(OC)c(OC)cc3[nH]ccc23)s:C:1c1occ2nc(C=O)cnc12,-4.837742,-2.488195,2.349547,0.8788766409502671,3.384535682859096,0.3844700000045122,0.3609270000015385
10712,COc1cc2cc(-c3s:C(c4c(OC(C)=O)ncc5nsnc45):cc3OC)n(C)c2cc1OC,-4.905772,-2.949343,1.956429,0.8558661241411677,3.292393592423016,0.3637299999973038,0.6583479999972042
10908,COc1cc2cc(C#Cc3c(C(F)(F)F)ncc4nsnc34)n(C)c2cc1OC,-5.366122,-3.159313,2.206809,1.0,3.3008256052819096,100000.0,100000.0
10733,COc1cc2[nH]ccc2c(C#Cc2c(F)ncc3nonc23)c1OC,-5.35246,-2.979714,2.372747,1.0,3.289503159253565,100000.0,100000.0
10927,COc1cc2cc[nH]c2c(N=Cc2c(OC)ncc3nsnc23)c1OC,-5.00434,-2.833149,2.17119,0.9825582157066436,3.3675919510021224,0.4384399999980815,0.5807889999996405
11089,COc1cc2cc[nH]c2c(C=Cc2c(OC)ncc3nonc23)c1OC,-5.067282,-2.793722,2.27356,0.982924549956985,3.232523643309815,0.4293249999973341,0.4813159999976051
10951,COc1cc2c(ccn2C)c(C=Nc2scc3nc(S(=O)(=O)O)cnc23)c1OC,-5.40727,-2.933703,2.473568,0.9645728461631272,3.438401673657978,0.4935310000000754,100000.0
11097,COc1c:C(c2c(OC)c(OC)cc3cc[nH]c23):sc1-c1occ2nc(C#N)cnc12,-5.078732,-2.760319,2.318413,0.9050435810923588,3.446936720024179,0.3439320000034058,0.3707089999952586
11106,COc1cc2cc(-c3s:C(c4occ5nc(S)cnc45):cc3OC)n(C)c2cc1OC,-4.8676,-2.462484,2.405116,0.855906992004531,3.4870708364695293,0.3708240000050864,0.4720029999953112
11318,COc1cc2c(ccn2C)c(C=Cc2scc3nc(C=O)cnc23)c1OC,-4.946657,-2.671807,2.274849,0.9861560021921218,3.3166662215782807,0.3366679999962798,0.3684689999936381
11322,COc1cc2c(ccn2C)c(C=Cc2c(C#N)ccc3nsnc23)c1OC,-5.238086,-2.766806,2.471281,0.9822092200733378,3.1072134743255333,0.2337760000009439,0.3040639999962877
11315,COc1cc2cc[nH]c2c(C=Cc2scc3nc(S(=O)(=O)O)cnc23)c1OC,-5.330973,-3.099533,2.23144,0.9808593586834538,3.465818839696743,0.4978059999994002,0.5572469999970053
11316,COc1cc2cc[nH]c2c(N=Cc2c(S(=O)(=O)O)ncc3nonc23)c1OC,-5.733255,-3.795997,1.937257,0.8993738417166071,3.4967500957824296,100000.0,100000.0
11224,COc1cc(-c2c(OC)c(OC)cc3[nH]c(C(=O)O)cc23)s:C:1c1occ2nc(C=O)cnc12,-5.02126,-2.621152,2.400108,0.9209284325303108,3.422817150115325,0.3316529999938211,0.3919870000027003
11327,COc1cc2cc(C(=O)O)n(C)c2c(N=Cc2c(OC)ncc3nsnc23)c1OC,-5.093288,-2.896569,2.196719,0.8665060042280885,3.409222933837092,100000.0,100000.0
11305,COc1cc2c(ccn2C)c(N=Cc2c(S(=O)(=O)O)ncc3nonc23)c1OC,-5.575938,-3.602402,1.973536,0.8347484083209815,3.450613639469944,100000.0,0.4779979999948409
11351,COc1cc2ccn(C)c2c(C#Cc2nc(C=O)cc3nsnc23)c1OC,-5.440466,-3.15276,2.287707,1.0,3.4516662215782814,100000.0,100000.0
11516,COc1cc2c(ccn2C)c(C=Cc2scc3nc(C(F)(F)F)cnc23)c1OC,-4.962304,-2.504826,2.457478,0.9837400912656348,3.281861502717806,0.4022770000010496,0.3787369999990915
11342,COc1cc2ccn(C)c2c(C=Cc2c(OC)ncc3nsnc23)c1OC,-4.872529,-2.684851,2.187678,0.937441608085251,3.2692620257740863,0.3832880000045406,0.4198410000026342
11368,COc1cc2cc(C(=O)O)[nH]c2:C(c2occ3nc(C=O)cnc23):c1OC,-5.496124,-3.039739,2.456385,0.9598747378129222,3.261726164267171,0.4699770000079297,0.5739510000057635
11532,COc1cc2c(ccn2C)c(N=Cc2c(F)ncc3nonc23)c1OC,-5.117951,-3.052476,2.065476,0.9209984106780488,3.338099343933515,0.5135089999967022,0.43999199999962
11369,COc1cc2ccn(C)c2c(C=Cc2occ3nc(C=O)cnc23)c1OC,-5.044491,-2.745592,2.298899,0.9523204794724364,3.4390824053944646,0.3816700000024866,0.4135240000032354
11490,COc1cc2cc(C3:sc(-c4scc5ncc(C#N)nc45)cc:3OC)n(C)c2cc1OC,-4.982066,-3.105219,1.876846,0.8697609253297132,3.2839700264196043,0.2292860000015935,0.5669530000013765
11474,COc1cc(-c2c(OC)c(OC)cc3cc[nH]c23)s:C:1c1occ2nc(C=O)cnc12,-4.958575,-2.661511,2.297064,0.9050730902440492,3.4438936776732705,0.3982189999951515,0.3435049999970943
11477,COc1cc2cc(-c3cc(OC):C(c4scc5nc(NC(C)=O)cnc45):s3)n(C)c2cc1OC,-4.532383,-2.106848,2.425535,0.895948096457952,3.189506573192247,0.3392240000030142,0.4468859999979031
11503,COc1cc2cc(-c3s:C(c4occ5ncc(C)nc45):cc3OC)n(C)c2cc1OC,-4.524175,-2.232734,2.291442,0.8573787711691089,3.1892023050009985,0.3650199999974575,0.4174459999994724
11601,COc1cc2cc[nH]c2c(C=Cc2scc3ncc(C(F)(F)F)nc23)c1OC,-5.094328,-2.710954,2.383374,0.9901094011905982,3.3341103684211824,0.3899469999960274,0.4460049999979674
11732,COc1cc2[nH]ccc2c(N=Cc2c(F)ncc3nonc23)c1OC,-5.178281,-3.073028,2.105254,0.9125497940278472,3.3594512361766427,100000.0,0.4284959999931743
11691,COc1cc(-c2scc3ncc(C#N)nc23)s:C:1c1c(OC)c(OC)cc2cc(C(=O)O)[nH]c12,-5.273501,-3.13201,2.141491,0.908959024702496,3.4288676308845547,0.2581490000011399,0.4078799999988405
11706,COc1cc(-c2scc3ncc(C#N)nc23)s:C:1c1c(OC)c(OC)cc2cc(C(=O)O)[nH]c12,-5.273506,-3.131987,2.141519,0.9089473544954536,3.4288676308845547,0.25820499999827,0.4077780000006896
11799,COc1cc2[nH]ccc2c(C#Cc2c(OC)ncc3nsnc23)c1OC,-4.988544,-2.635923,2.352622,1.0,3.235590104848277,100000.0,100000.0
11822,COc1cc2[nH]ccc2c(C#Cc2c(C=O)ncc3nonc23)c1OC,-5.415617,-3.194564,2.221053,1.0,3.3771439510021217,100000.0,100000.0
11872,COc1cc2c(cc(C(=O)O)n2C)c(C=Cc2occ3nc(C=O)cnc23)c1OC,-5.209357,-2.791537,2.41782,0.9886263675717072,3.405426779990938,0.3945240000030026,0.4334840000010445
11878,COc1cc2[nH]c(C(=O)O)cc2c(C=Cc2c(O)ncc3nonc23)c1OC,-5.29224,-2.838737,2.453503,0.986074342851565,3.280131400553608,0.4208179999986896,0.45084499999939
11815,CNc1ncc2nonc2c1C=Cc1c(OC)c(OC)cc2ccn(C)c12,-4.882629,-2.541245,2.341385,0.9161936410691895,3.274789698101758,0.520833999995375,0.4240110000027925
11800,COc1cc2[nH]ccc2c(C=Cc2occ3ncc(S(=O)(=O)O)nc23)c1OC,-5.286416,-2.916863,2.369554,0.9833143571128248,3.4650897257726925,0.5128859999967972,0.5325569999986328
11896,COc1cc(-c2scc3ncc(C#N)nc23)s:C:1c1c(OC)c(OC)cc2[nH]ccc12,-5.003096,-2.905878,2.097219,0.8394478551521207,3.335417618900582,0.2547360000025946,0.3741840000002412
12084,COc1cc2ccn(C)c2c(C=Cc2c(O)ncc3nonc23)c1OC,-5.019443,-2.808378,2.211065,0.9503968637477034,3.337835518569689,0.4210180000081891,0.4544519999981276
11959,COc1cc(-c2c(OC)c(OC)cc3c2cc(C(=O)O)n3C)s:C:1c1occ2nc(C=O)cnc12,-4.965004,-2.634319,2.330684,0.9402723794262662,3.4501388665569888,0.3377959999997983,0.3645090000063646
12097,COc1cc2cc(-c3s:C(c4c(F)ncc5nsnc45):cc3OC)n(C)c2cc1OC,-4.893639,-3.0581,1.835539,0.8634702316375209,3.2352895427632378,0.3310770000025513,0.6181839999990189
12038,COc1cc(-c2c(OC)c(OC)cc3c2cc(C(=O)O)n3C)s:C:1c1occ2nc(C=O)cnc12,-4.976283,-2.600022,2.376261,0.9353916417611184,3.4501388665569888,0.3253810000023804,0.3658539999960339
12190,COc1cc2ccn(C)c2c(C#Cc2scc3ncc(C(F)(F)F)nc23)c1OC,-5.221258,-2.797876,2.423382,1.0,3.4054597933160977,100000.0,100000.0
12302,COc1cc2[nH]ccc2c(C=Cc2c(C#N)ccc3nsnc23)c1OC,-5.194171,-2.730153,2.464018,0.979101354458533,3.0992054894636603,0.2338480000034906,0.3003019999960088
12333,COc1cc2[nH]ccc2c(C=Cc2occ3nc(S(=O)(=O)O)cnc23)c1OC,-5.257028,-2.931862,2.325165,0.988742746943666,3.444264409316996,0.5107959999950253,0.5197939999998198
12311,CNc1cnc2c(C3:cc(OC)c(-c4cc5cc(OC)c(OC)cc5n4C)s:3)scc2n1,-4.602867,-2.178591,2.424276,0.8550033443682059,3.2277226891414994,0.39849900000263,0.5883030000113649
12496,CNc1ncc2nonc2c1C#Cc1cc2cc(OC)c(OC)cc2n1C,-4.777143,-2.616576,2.160567,1.0,3.215145142657202,0.4649789999966742,0.3115770000003977
12466,COc1cc2c(cc(C(=O)O)n2C)c(C#Cc2c(C=O)ncc3nonc23)c1OC,-5.671055,-3.327314,2.343741,1.0,3.3999377690019275,100000.0,100000.0
12503,COc1cc2ccn(C)c2c(C=Cc2c(C#N)ccc3nsnc23)c1OC,-5.244345,-2.805188,2.439157,0.9435811902129704,3.177328958841019,0.2416739999971469,100000.0
12512,COc1cc2cc(-c3s:C(c4c(C#N)ncc5nsnc45):cc3OC)n(C)c2cc1OC,-5.173817,-3.304451,1.869366,0.8463428167748085,3.2947761126410766,0.2417189999978291,0.703520999995817
12694,COc1cc2[nH]ccc2c(C=Cc2scc3nc(C(F)(F)F)cnc23)c1OC,-5.006393,-2.521605,2.484788,0.984788669030725,3.2751169896480574,0.3976850000035483,0.384239000006346
12577,COc1cc2ccn(C)c2c(C=Cc2scc3nc(S(=O)(=O)O)cnc23)c1OC,-5.25704,-3.08043,2.17661,0.9523901302416612,3.4637674856237908,0.471839000005275,0.508469000000332
12708,COc1cc2nonc2c(C=Nc2c(OC)c(OC)cc3c2ccn3C)n1,-5.196684,-2.838784,2.3579,0.935298123826788,3.3298704173824767,100000.0,0.3924289999922621
12716,COc1cc2cc(-c3cc(OC):C(c4scc5ncc(F)nc45):s3)n(C)c2cc1OC,-4.632034,-2.246351,2.385684,0.893102172152209,3.251511570735264,0.3364800000053947,0.426926000000094
12656,COc1cc(-c2c(OC)c(OC)cc3[nH]ccc23)s:C:1c1cc(S(=O)(=O)O)cc2nsnc12,-5.10619,-2.622539,2.48365,0.8974915767647988,3.220521442420452,0.4202560000121593,0.3250760000082664
12751,COc1cc2ccn(C)c2c(C=Cc2occ3ncc(S(=O)(=O)O)nc23)c1OC,-5.301307,-2.970391,2.330916,0.952499890643105,3.533796545452849,0.5342900000032387,0.5633230000021285
12898,COc1cc2cc(-c3s:C(c4cc(C)cc5nonc45):cc3OC)n(C)c2cc1OC,-4.865054,-2.491173,2.373881,0.8566221304432853,2.996243563742258,0.2944349999961559,0.423730999995314
12914,COc1cc2cc(-c3s:C(c4scc5ncc(C(F)(F)F)nc45):cc3OC)n(C)c2cc1OC,-4.893302,-2.841512,2.051789,0.8638609939675661,3.2678508899938663,0.3511650000073132,0.5942710000017541
12924,COc1cc2cc(-c3s:C(c4scc5nc(F)cnc45):cc3OC)n(C)c2cc1OC,-4.84651,-2.627427,2.219083,0.859740914567164,3.272447584721279,0.3157139999966603,0.6017549999960465
13118,COc1cc2cc[nH]c2c(N=Cc2occ3ncc(S(=O)(=O)O)nc23)c1OC,-5.25017,-3.086856,2.163314,0.9911403295700608,3.669176775431893,100000.0,100000.0
13065,COc1cc2[nH]ccc2c(C=Nc2occ3ncc(S(=O)(=O)O)nc23)c1OC,-5.483033,-2.998851,2.484182,0.9997898933569273,3.55408544144942,0.4343229999940377,0.6047269999980927
12944,COc1cc2[nH]c(C(=O)O)cc2c(C=Cc2scc3nc(C=O)cnc23)c1OC,-5.257552,-2.823596,2.433956,0.9854889820681554,3.3327410941291067,0.336578999995254,0.4431729999996605
12974,COc1cc2[nH]c(C(=O)O)cc2c(C=Cc2occ3nc(C=O)cnc23)c1OC,-5.249851,-2.791199,2.458652,0.9890488572811964,3.381852726399273,0.387406000001647,0.4498550000062096
13127,COc1cc2cc(-c3s:C(c4c(OC)ccc5nsnc45):cc3OC)n(C)c2cc1OC,-4.62911,-2.426784,2.202326,0.8570844667193058,2.983423280857476,0.3115899999975227,0.620718999991368
13027,COc1cc2cc(-c3cc(OC):C(c4occ5nc(C=O)cnc45):s3)n(C)c2cc1OC,-4.730578,-2.637985,2.092592,0.898107482217452,3.3365884541457245,0.3693140000032144,0.4200159999963944
13131,COc1cc2cc(-c3cc(OC):C(c4occ5ncc(Br)nc45):s3)n(C)c2cc1OC,-4.69057,-2.331563,2.359007,0.898385894825825,3.298857549756243,0.339802000002237,0.4183040000207256
13095,COc1cc2cc(-c3s:C(c4occ5nccnc45):cc3OC)n(C)c2cc1OC,-4.744619,-2.42683,2.317789,0.8568763232302765,3.143950598033361,0.3454699999929289,0.6062199999942095
13281,COc1cc2c(ccn2C)c(C=Nc2c(S(=O)(=O)O)ncc3nonc23)c1OC,-5.675799,-3.413497,2.262303,0.962381599905346,3.402058083914389,0.4091999999945983,100000.0
13322,COc1cc2cc(C(=O)O)[nH]c2c(N=Cc2scc3ncc(C#N)nc23)c1OC,-5.576858,-3.292243,2.284615,0.9779127755412576,3.4797146400953345,0.3439399999988382,0.5448489999907906
13333,COc1cc2ccn(C)c2c(N=Cc2c(F)ncc3nonc23)c1OC,-5.217231,-3.166107,2.051124,0.9329997344727174,3.3855186786528506,0.5018370000034338,0.6330269999962184
13298,COc1cc2cc(-c3s:C(c4nc(F)cc5nonc45):cc3OC)n(C)c2cc1OC,-5.150271,-3.050882,2.099389,0.8781053268040361,3.215816815490509,0.2889319999958388,0.5937639999974635
13299,COc1cc2cc(-c3s:C(c4occ5ncc(S(=O)(=O)O)nc45):cc3OC)n(C)c2cc1OC,-5.165467,-3.114023,2.051444,0.8606286226533978,3.448531537767145,0.5393960000001243,0.8250919999918551
13512,CNc1ncc2nonc2c1C=Cc1c(OC)c(OC)cc2cc[nH]c12,-4.948516,-2.575993,2.372523,0.9556202121836734,3.2756645663867374,0.5308760000007169,0.4366740000004938
13350,COc1cc2cc(-c3cc(OC):C(c4cc(S(=O)(=O)O)cc5nonc45):s3)n(C)c2cc1OC,-5.20634,-2.82444,2.381901,0.9238252003463892,3.139212833313705,0.4171169999972335,0.5860529999990831
13523,COc1cc2cc(C(=O)O)[nH]c2c(N=Cc2nc(C(F)(F)F)cc3nsnc23)c1OC,-5.765763,-3.279572,2.486191,0.978678063917563,3.507345206285761,0.3685299999997369,0.7837880000006407
13521,COc1cc2cc[nH]c2c(N=Cc2scc3ncc(F)nc23)c1OC,-5.121293,-2.634405,2.486888,0.97525671183553,3.478441620792027,0.429149999996298,0.6137549999912153
13501,COc1cc2cc(-c3s:C(c4nc(C)cc5nsnc45):cc3OC)n(C)c2cc1OC,-4.88053,-2.781784,2.098745,0.8696494234457209,3.127476780525474,0.2540189999926951,100000.0
13513,CNc1ncc2nonc2c1C=Nc1c(OC)c(OC)cc2c1ccn2C,-4.975127,-2.534179,2.440948,0.8946728578465266,3.3242852025972613,100000.0,0.4187840000013239
13519,COc1cc2cc(-c3s:C(c4c(C)ccc5nonc45):cc3OC)n(C)c2cc1OC,-4.906785,-2.49687,2.409915,0.826337787249835,2.984361046259739,0.3251640000016778,0.631137000011222
13704,COc1cc2c:C(c3occ4nc(C=O)cnc34):n(C)c2cc1OC,-4.851054,-2.716698,2.134357,0.9999999998313236,3.100571279513588,0.4031599999980244,0.3331699999980628
13563,COc1cc2[nH]ccc2c(C#Cc2c(C(F)(F)F)ncc3nsnc23)c1OC,-5.357462,-3.005432,2.35203,1.0,3.356264214575029,100000.0,100000.0
13723,COc1cc2c(ccn2C)c(C=Cc2c(OC)ncc3nsnc23)c1OC,-4.830039,-2.476501,2.353538,0.9846950904015364,3.1991465412586013,0.3683079999973415,0.3606379999982891
13726,COc1cc2cc[nH]c2c(C=Nc2c(O)ncc3nsnc23)c1OC,-5.233682,-2.774413,2.45927,0.9999251402353518,3.455166620792026,0.3885230000014417,0.5880530000067665
13639,COc1cc2cc[nH]c2c(C=Nc2occ3nc(C=O)cnc23)c1OC,-5.336414,-2.86416,2.472254,0.9999823238097488,3.5380805663867374,0.3599960000065039,0.4791029999978491
13632,COc1cc2ccn(C)c2c(C=Nc2occ3ncc(C=O)nc23)c1OC,-5.315541,-2.873645,2.441896,0.9689459164166532,3.532146541258601,0.3377219999965746,0.4557509999940521
13665,COc1cc2cc(-c3cc(OC):C(c4occ5nc(OC(C)=O)cnc45):s3)n(C)c2cc1OC,-4.610718,-2.118367,2.492351,0.8901754901926897,3.3282479193460945,0.429679999993823,0.4659000000028754
13785,COc1cc2c(ccn2C)c(C#Cc2cncc3nsnc23)c1OC,-5.169683,-2.701688,2.467995,1.0,3.181549313099719,100000.0,100000.0
13749,COc1cc2c(ccn2C)c(C=Cc2scc3nc(S(=O)(=O)O)cnc23)c1OC,-5.244611,-2.991882,2.252729,0.9872719502505738,3.397114494170798,0.4627609999952256,0.4499619999915012
13914,COc1cc2cc(C(=O)O)[nH]c2c(C=Cc2c(O)ncc3nonc23)c1OC,-5.35826,-2.953027,2.405233,0.9833035203261172,3.3481966391125173,0.4235760000010486,0.467930000006163
13860,COc1cc2ccn(C)c2c(C=Cc2c(O)ncc3nsnc23)c1OC,-4.953476,-2.632106,2.32137,0.9284493503763148,3.375807659941831,0.3702720000001136,0.4656790000008186
13915,COc1cc2cc(-c3s:C(c4cc(OC(C)=O)cc5nonc45):cc3OC)n(C)c2cc1OC,-4.94711,-2.627473,2.319637,0.8619255669076787,3.0917916693460947,0.3739029999997001,0.6405749999976251
13846,COc1cc2c(ccn2C)c(C=Nc2c(Br)ncc3nonc23)c1OC,-5.394886,-2.905113,2.489773,0.941678453982729,3.3336442503784216,0.440431000009994,0.3743180000019492
13922,COc1cc2cc(-c3s:C(c4cc(C(F)(F)F)cc5nccnc45):cc3OC)n(C)c2cc1OC,-4.835542,-2.48305,2.352492,0.8226186794892388,3.0127261507014165,0.3637119999984861,0.4426609999936772
