Name,SMILES,HOMO /eV,LUMO /eV,EG /eV,Planarity,SA Score
28,COc1cc2c:C(c3c(OC(C)=O)ccc4nsnc34):[nH]c2cc1OC,-4.882895,-2.501781,2.381114,0.9907793752906924,2.691665456199628
29,COc1cc2c:C(c3c(NC(C)=O)ccc4nsnc34):[nH]c2cc1OC,-5.130549,-2.500508,2.630041,0.91147814085302,2.650506828341
30,CNc1ccc2nsnc2c1C1:cc2cc(OC)c(OC)cc2[nH]:1,-4.815264,-2.240218,2.575046,0.9254900117274748,2.718845513020119
31,COc1cc2c:C(c3c(OC)ccc4nsnc34):[nH]c2cc1OC,-4.757514,-2.421922,2.335593,0.9918887733864684,2.579292335762593
32,COc1cc2c:C(c3c(C=O)ccc4nsnc34):[nH]c2cc1OC,-5.440697,-2.917105,2.523592,0.907413193501686,2.7680876534883456
33,COc1cc2c:C(c3c(S(=O)(=O)O)ccc4nsnc34):[nH]c2cc1OC,-5.687798,-3.144649,2.543149,0.895110019992539,2.7663742734468
34,COc1cc2c:C(c3c(C(F)(F)F)ccc4nsnc34):[nH]c2cc1OC,-5.056306,-2.762976,2.29333,0.9404008487572432,2.7517940837734614
35,COc1cc2c:C(c3c(F)ccc4nsnc34):[nH]c2cc1OC,-5.085725,-2.631958,2.453767,0.9997862655956036,2.622697814931876
36,COc1cc2c:C(c3c(O)ccc4nsnc34):[nH]c2cc1OC,-4.920357,-2.377758,2.542599,0.9285581175716232,2.6511432694773305
37,COc1cc2c:C(c3c(S)ccc4nsnc34):[nH]c2cc1OC,-4.940157,-2.506353,2.433804,0.915144588368829,2.850446066680128
38,COc1cc2c:C(c3c(Br)ccc4nsnc34):[nH]c2cc1OC,-5.199376,-2.714197,2.485179,0.9615667388178952,2.68855305968712
39,COc1cc2c:C(c3cccc4nsnc34):[nH]c2cc1OC,-4.838377,-2.465819,2.372558,0.9999999998672658,2.469794991802141
40,COc1cc2c:C(c3c(C)ccc4nsnc34):[nH]c2cc1OC,-4.990457,-2.457858,2.532599,0.9786568364904596,2.6009677450018067
41,COc1cc2c:C(c3c(C#N)ccc4nsnc34):[nH]c2cc1OC,-5.322912,-3.010339,2.312573,0.9999866794788916,2.7517511986388463
42,COc1cc2c:C(c3cc(OC(C)=O)cc4nsnc34):[nH]c2cc1OC,-5.102683,-2.57332,2.529364,0.9991225938628712,2.74775734809152
43,COc1cc2c:C(c3cc(NC(C)=O)cc4nsnc34):[nH]c2cc1OC,-4.777277,-2.403287,2.37399,0.9999999998678192,2.672280840815011
44,CNc1cc(C2:cc3cc(OC)c(OC)cc3[nH]:2)c2nsnc2c1,-4.755088,-2.104379,2.650709,0.99998864797862,2.773497686933164
45,COc1cc(C2:cc3cc(OC)c(OC)cc3[nH]:2)c2nsnc2c1,-4.816495,-2.273732,2.542763,0.9999999940229576,2.63477126552848
46,COc1cc2c:C(c3cc(C=O)cc4nsnc34):[nH]c2cc1OC,-4.995353,-2.894281,2.101073,0.9999999997618604,2.8222221016488813
47,COc1cc2c:C(c3cc(S(=O)(=O)O)cc4nsnc34):[nH]c2cc1OC,-5.154014,-2.978221,2.175793,0.9999995132879383,2.7928981933625003
48,COc1cc2c:C(c3cc(C(F)(F)F)cc4nsnc34):[nH]c2cc1OC,-5.400245,-2.916406,2.483839,0.9999587095962252,2.7579034620664
49,COc1cc2c:C(c3cc(F)cc4nsnc34):[nH]c2cc1OC,-4.986046,-2.564408,2.421637,0.9999999974323868,2.6798530596871206
50,COc1cc2c:C(c3cc(O)cc4nsnc34):[nH]c2cc1OC,-4.85762,-2.343766,2.513854,0.9999999931188264,2.765350961785023
51,COc1cc2c:C(c3cc(S)cc4nsnc34):[nH]c2cc1OC,-5.151677,-2.579163,2.572514,0.9999995353329828,2.992992220526281
52,COc1cc2c:C(c3cc(Br)cc4nsnc34):[nH]c2cc1OC,-5.019858,-2.688397,2.331461,0.9999999939433132,2.7214880247220847
53,COc1cc2c:C(c3cc(C)cc4nsnc34):[nH]c2cc1OC,-4.811802,-2.373419,2.438383,0.9999997706389177,2.645852360386421
54,COc1cc2c:C(c3cc(C#N)cc4nsnc34):[nH]c2cc1OC,-5.158097,-3.002136,2.155961,0.9999999998351716,2.7944414996421933
55,COc1cc2c:C(c3c(OC(C)=O)ncc4nsnc34):[nH]c2cc1OC,-5.156808,-2.95921,2.197597,0.9948591852326776,2.968420133954305
56,COc1cc2c:C(c3c(NC(C)=O)ncc4nsnc34):[nH]c2cc1OC,-5.398134,-2.956601,2.441533,0.9531388413617656,2.889461506095678
57,CNc1ncc2nsnc2c1C1:cc2cc(OC)c(OC)cc2[nH]:1,-4.733408,-2.496211,2.237197,0.9156252698772714,2.938383305662258
58,COc1cc2c:C(c3c(OC)ncc4nsnc34):[nH]c2cc1OC,-4.720406,-2.74365,1.976756,0.9999999999943336,2.8583465163646
59,COc1cc2c:C(c3c(C=O)ncc4nsnc34):[nH]c2cc1OC,-5.358858,-3.138226,2.220632,0.9999330391220752,3.0493993591739645
60,COc1cc2c:C(c3c(S(=O)(=O)O)ncc4nsnc34):[nH]c2cc1OC,-5.514888,-3.406275,2.108613,0.9329781026980922,3.070016633826147
61,COc1cc2c:C(c3c(C(F)(F)F)ncc4nsnc34):[nH]c2cc1OC,-5.188743,-3.09038,2.098364,0.9567614932067444,2.9690212702855785
62,COc1cc2c:C(c3c(F)ncc4nsnc34):[nH]c2cc1OC,-5.004327,-2.979523,2.024804,0.9999999965432668,2.9202055072395687
63,COc1cc2c:C(c3c(O)ncc4nsnc34):[nH]c2cc1OC,-4.765472,-2.794815,1.970657,0.999999997610082,2.983971241505301
64,COc1cc2c:C(c3c(S)ncc4nsnc34):[nH]c2cc1OC,-4.940504,-2.865625,2.074879,0.9901894066237812,3.1059243883584484
65,COc1cc2c:C(c3c(Br)ncc4nsnc34):[nH]c2cc1OC,-5.107801,-3.0332,2.0746,0.9928885007794218,2.981118094652155
66,COc1cc2c:C(c3cncc4nsnc34):[nH]c2cc1OC,-4.991709,-2.842297,2.149412,0.999999992136523,2.7713187898790643
67,COc1cc2c:C(c3c(C)ncc4nsnc34):[nH]c2cc1OC,-5.189105,-2.843024,2.346081,0.9898409074650824,2.819044668078728
68,COc1cc2c:C(c3c(C#N)ncc4nsnc34):[nH]c2cc1OC,-5.310363,-3.228198,2.082165,0.999999777065672,2.989917084926473
69,COc1cc2c:C(c3nc(OC(C)=O)cc4nsnc34):[nH]c2cc1OC,-5.365694,-2.782903,2.582791,0.9994217932317117,2.9907498636840355
70,COc1cc2c:C(c3nc(NC(C)=O)cc4nsnc34):[nH]c2cc1OC,-5.43758,-2.815974,2.621606,0.9999917413971996,2.8698299052640763
71,CNc1cc2nsnc2c(C2:cc3cc(OC)c(OC)cc3[nH]:2)n1,-5.139978,-2.380493,2.759484,0.9999546773252652,2.919177285595369
72,COc1cc2nsnc2c(C2:cc3cc(OC)c(OC)cc3[nH]:2)n1,-5.041345,-2.64401,2.397335,0.999999969070893,2.871127118371289
73,COc1cc2c:C(c3nc(C=O)cc4nsnc34):[nH]c2cc1OC,-5.249653,-3.091061,2.158592,0.9999999995800258,3.026529125060253
74,COc1cc2c:C(c3nc(S(=O)(=O)O)cc4nsnc34):[nH]c2cc1OC,-5.669642,-3.437616,2.232027,0.999999999827005,3.0940880774510164
75,COc1cc2c:C(c3nc(C(F)(F)F)cc4nsnc34):[nH]c2cc1OC,-5.661297,-3.069909,2.591388,0.9999998140288218,2.964006307166505
76,COc1cc2c:C(c3nc(F)cc4nsnc34):[nH]c2cc1OC,-5.21467,-2.752153,2.462517,0.9999999997898096,2.970657954792016
77,COc1cc2c:C(c3nc(O)cc4nsnc34):[nH]c2cc1OC,-5.117408,-2.681314,2.436093,0.9999999977976224,2.9984719408060005
78,COc1cc2c:C(c3nc(S)cc4nsnc34):[nH]c2cc1OC,-5.302625,-2.862334,2.44029,0.9999972072953486,3.162662150596212
79,COc1cc2c:C(c3nc(Br)cc4nsnc34):[nH]c2cc1OC,-5.260654,-2.866374,2.39428,0.9999999997497742,2.9760243883584483
80,COc1cc2c:C(c3nccc4nsnc34):[nH]c2cc1OC,-5.24185,-2.691031,2.550819,0.9999991099973616,2.695457011032911
81,COc1cc2c:C(c3nc(C)cc4nsnc34):[nH]c2cc1OC,-5.026764,-2.564324,2.462441,0.9999999841147884,2.798883828917889
82,COc1cc2c:C(c3nc(C#N)cc4nsnc34):[nH]c2cc1OC,-5.603207,-3.197538,2.40567,0.9999879196223994,3.039139158505068
83,COc1cc2c:C(c3nncc4nsnc34):[nH]c2cc1OC,-5.219654,-3.077489,2.142165,0.9999999840215178,2.929164943725219
84,COc1cc2c:C(c3scc4ncc(OC(C)=O)nc34):[nH]c2cc1OC,-4.749176,-2.390415,2.358762,0.9999783744049556,2.9477856225197936
85,COc1cc2c:C(c3scc4ncc(NC(C)=O)nc34):[nH]c2cc1OC,-4.844507,-2.394983,2.449524,0.999993031003528,2.8558303210644915
86,CNc1cnc2csc(C3:cc4cc(OC)c(OC)cc4[nH]:3)c2n1,-4.609091,-2.081039,2.528052,0.9999950741468692,2.9089893257291486
87,COc1cnc2csc(C3:cc4cc(OC)c(OC)cc4[nH]:3)c2n1,-4.643779,-2.142294,2.501485,0.9999999991798691,2.8333692588395163
88,COc1cc2c:C(c3scc4ncc(C=O)nc34):[nH]c2cc1OC,-5.019845,-2.936939,2.082906,0.9999999989816648,2.988143171882996
89,COc1cc2c:C(c3scc4ncc(S(=O)(=O)O)nc34):[nH]c2cc1OC,-5.070201,-2.969642,2.100559,0.9985694380848754,3.102976170180204
90,COc1cc2c:C(c3scc4ncc(C(F)(F)F)nc34):[nH]c2cc1OC,-5.138019,-2.804155,2.333863,0.9999686935949637,2.9379053587998047
91,COc1cc2c:C(c3scc4ncc(F)nc34):[nH]c2cc1OC,-4.788978,-2.489113,2.299865,0.9999999982617664,2.960160052694114
92,COc1cc2c:C(c3scc4ncc(O)nc34):[nH]c2cc1OC,-4.686904,-2.254092,2.432813,0.9999999998661916,3.033406206540267
93,COc1cc2c:C(c3scc4ncc(S)nc34):[nH]c2cc1OC,-4.753443,-2.421088,2.332355,0.9999999997035084,3.1688320806661405
94,COc1cc2c:C(c3scc4ncc(Br)nc34):[nH]c2cc1OC,-4.866814,-2.61651,2.250304,0.9999999986669792,2.9434083044423645
95,COc1cc2c:C(c3scc4nccnc34):[nH]c2cc1OC,-4.732792,-2.398463,2.334329,0.9999999867692396,2.730829607186756
96,COc1cc2c:C(c3scc4ncc(C)nc34):[nH]c2cc1OC,-4.667456,-2.257643,2.409814,0.9999999992740668,2.784018094652154
97,COc1cc2c:C(c3scc4ncc(C#N)nc34):[nH]c2cc1OC,-5.255239,-3.089579,2.16566,0.9999864659472748,2.9783003625184463
98,COc1cc2c:C(c3scc4nc(OC(C)=O)cnc34):[nH]c2cc1OC,-4.760565,-2.390562,2.370003,0.9999670674911386,2.9600338553680263
99,COc1cc2c:C(c3scc4nc(NC(C)=O)cnc34):[nH]c2cc1OC,-4.868981,-2.370726,2.498256,0.9999976544687104,2.851289156823327
100,CNc1cnc2c(C3:cc4cc(OC)c(OC)cc4[nH]:3)scc2n1,-4.524784,-2.031921,2.492863,0.9999992097478309,2.9041190916154367
101,COc1cnc2c(C3:cc4cc(OC)c(OC)cc4[nH]:3)scc2n1,-4.665711,-2.145792,2.519919,0.9999999941378926,2.8465050447926945
102,COc1cc2c:C(c3scc4nc(C=O)cnc34):[nH]c2cc1OC,-4.91146,-2.900615,2.010845,0.9999999998242616,2.986182636765937
103,COc1cc2c:C(c3scc4nc(S(=O)(=O)O)cnc34):[nH]c2cc1OC,-5.350077,-3.205649,2.144428,0.9999983098800428,3.080439183878835
104,COc1cc2c:C(c3scc4nc(C(F)(F)F)cnc34):[nH]c2cc1OC,-5.273792,-2.864915,2.408877,0.9999951908515952,2.9525557276090773
105,COc1cc2c:C(c3scc4nc(F)cnc34):[nH]c2cc1OC,-4.857186,-2.500341,2.356845,0.999999999998702,2.9725041086381694
106,COc1cc2c:C(c3scc4nc(O)cnc34):[nH]c2cc1OC,-4.863395,-2.325226,2.538168,0.999998467952406,3.0274250876591493
107,COc1cc2c:C(c3scc4nc(S)cnc34):[nH]c2cc1OC,-4.777144,-2.408226,2.368918,0.9999999959909006,3.1811761366101976
108,COc1cc2c:C(c3scc4nc(Br)cnc34):[nH]c2cc1OC,-4.913349,-2.626299,2.28705,0.999999999832196,2.962069143603204
109,COc1cc2c:C(c3scc4nc(C)cnc34):[nH]c2cc1OC,-4.882389,-2.332408,2.549981,0.9999998086211864,2.7921789338129948
110,COc1cc2c:C(c3scc4nc(C#N)cnc34):[nH]c2cc1OC,-5.033466,-3.009198,2.024268,0.9999999994131076,2.990107720377978
138,COc1cc2c:C(c3c(OC(C)=O)ccc4nonc34):[nH]c2cc1OC,-5.028234,-2.510406,2.517828,0.9949114620969938,2.677989572623744
139,COc1cc2c:C(c3c(NC(C)=O)ccc4nonc34):[nH]c2cc1OC,-5.259125,-2.522837,2.736288,0.9291986871407332,2.636830944765116
140,CNc1ccc2nonc2c1C1:cc2cc(OC)c(OC)cc2[nH]:1,-4.778625,-2.113158,2.665467,0.9093986532704058,2.704178623388012
141,COc1cc2c:C(c3c(OC)ccc4nonc34):[nH]c2cc1OC,-5.02343,-2.473362,2.550069,0.9963547555035036,2.5646254461304867
142,COc1cc2c:C(c3c(C=O)ccc4nonc34):[nH]c2cc1OC,-5.373053,-2.913152,2.4599,0.9281838381829296,2.7534207638562407
143,COc1cc2c:C(c3c(S(=O)(=O)O)ccc4nonc34):[nH]c2cc1OC,-5.842931,-3.224171,2.618759,0.9154938089871912,2.752511049000015
144,COc1cc2c:C(c3c(C(F)(F)F)ccc4nonc34):[nH]c2cc1OC,-5.221965,-2.805972,2.415992,0.9631815783767678,2.7379308593266742
145,COc1cc2c:C(c3c(F)ccc4nonc34):[nH]c2cc1OC,-5.012911,-2.580495,2.432416,0.9999999945473728,2.6073642484983086
146,COc1cc2c:C(c3c(O)ccc4nonc34):[nH]c2cc1OC,-5.291297,-2.459815,2.831482,0.9348789341740958,2.635809703043764
147,COc1cc2c:C(c3c(S)ccc4nonc34):[nH]c2cc1OC,-5.078079,-2.531995,2.546084,0.9440220018085308,2.835112500246561
148,COc1cc2c:C(c3c(Br)ccc4nonc34):[nH]c2cc1OC,-5.121189,-2.659989,2.461201,0.9991808782972996,2.673219493253555
149,COc1cc2c:C(c3cccc4nonc34):[nH]c2cc1OC,-4.999783,-2.48334,2.516443,0.9999999998152262,2.428570232186757
150,COc1cc2c:C(c3c(C)ccc4nonc34):[nH]c2cc1OC,-5.209844,-2.492007,2.717837,0.993968463548332,2.585634178568238
151,COc1cc2c:C(c3c(C#N)ccc4nonc34):[nH]c2cc1OC,-5.342665,-2.990094,2.352571,0.9999998446420852,2.7370843090067414
152,COc1cc2c:C(c3cc(OC(C)=O)cc4nonc34):[nH]c2cc1OC,-5.032513,-2.511784,2.520729,0.9997205759948558,2.6939725248066964
153,COc1cc2c:C(c3cc(NC(C)=O)cc4nonc34):[nH]c2cc1OC,-5.047887,-2.40161,2.646277,0.9999999547381454,2.6184960175301875
154,CNc1cc(C2:cc3cc(OC)c(OC)cc3[nH]:2)c2nonc2c1,-5.100326,-2.237954,2.862373,0.999981876425619,2.7158154126856715
155,COc1cc(C2:cc3cc(OC)c(OC)cc3[nH]:2)c2nonc2c1,-4.968395,-2.266182,2.702213,0.9999999992181792,2.5770889912809896
156,COc1cc2c:C(c3cc(C=O)cc4nonc34):[nH]c2cc1OC,-5.443043,-3.109545,2.333498,0.9999895110760236,2.7645398274013893
157,COc1cc2c:C(c3cc(S(=O)(=O)O)cc4nonc34):[nH]c2cc1OC,-5.541265,-3.105281,2.435985,0.9994981775526502,2.7383765916765164
158,COc1cc2c:C(c3cc(C(F)(F)F)cc4nonc34):[nH]c2cc1OC,-5.579552,-2.965903,2.613649,0.999948487850515,2.703381860380416
159,COc1cc2c:C(c3cc(F)cc4nonc34):[nH]c2cc1OC,-5.151868,-2.588483,2.563384,0.9999999999424674,2.6195488638829243
160,COc1cc2c:C(c3cc(O)cc4nonc34):[nH]c2cc1OC,-5.014801,-2.347664,2.667137,0.99999999860024,2.7050467659808266
161,COc1cc2c:C(c3cc(S)cc4nonc34):[nH]c2cc1OC,-5.275258,-2.629674,2.645583,0.9999999857041272,2.932688024722085
162,COc1cc2c:C(c3cc(Br)cc4nonc34):[nH]c2cc1OC,-5.344827,-2.789139,2.555687,0.9999804791505512,2.66118382891789
163,COc1cc2c:C(c3cc(C)cc4nonc34):[nH]c2cc1OC,-4.969094,-2.375578,2.593516,0.9999999573699846,2.5855481645822245
164,COc1cc2c:C(c3cc(C#N)cc4nonc34):[nH]c2cc1OC,-5.326549,-3.05984,2.266709,0.999999997445357,2.7367592253947013
165,COc1cc2c:C(c3c(OC(C)=O)ncc4nonc34):[nH]c2cc1OC,-5.15944,-2.93302,2.226419,0.996972229915342,2.946792067426239
166,COc1cc2c:C(c3c(NC(C)=O)ncc4nonc34):[nH]c2cc1OC,-5.341392,-2.94631,2.395083,0.9676968287778378,2.86783343956761
167,CNc1ncc2nonc2c1C1:cc2cc(OC)c(OC)cc2[nH]:1,-4.863695,-2.571005,2.29269,0.9392418702470156,2.9151879879365072
168,COc1cc2c:C(c3c(OC)ncc4nonc34):[nH]c2cc1OC,-4.870985,-2.788235,2.08275,0.9999999998499282,2.835151198638848
169,COc1cc2c:C(c3c(C=O)ncc4nonc34):[nH]c2cc1OC,-5.624344,-3.27603,2.348314,0.9999943333239694,3.026204041448212
170,COc1cc2c:C(c3c(S(=O)(=O)O)ncc4nonc34):[nH]c2cc1OC,-5.795372,-3.612834,2.182537,0.9773900010851692,3.048092292414135
171,COc1cc2c:C(c3c(C(F)(F)F)ncc4nonc34):[nH]c2cc1OC,-5.367135,-3.147972,2.219163,0.9741746602518666,2.9470969288735667
172,COc1cc2c:C(c3c(F)ncc4nonc34):[nH]c2cc1OC,-5.173316,-3.036777,2.136539,0.9999999992973148,2.895955856889918
173,COc1cc2c:C(c3c(O)ncc4nonc34):[nH]c2cc1OC,-4.945274,-2.778161,2.167113,0.999999999404784,2.9597215911556525
174,COc1cc2c:C(c3c(S)ncc4nonc34):[nH]c2cc1OC,-5.31542,-2.990839,2.324581,0.9992383763577452,3.0816747380087985
175,COc1cc2c:C(c3c(Br)ncc4nonc34):[nH]c2cc1OC,-5.502632,-3.174732,2.3279,0.9994451894519338,2.956868444302504
176,COc1cc2c:C(c3cncc4nonc34):[nH]c2cc1OC,-5.162992,-2.881602,2.28139,0.9999999926830891,2.72089931872522
177,COc1cc2c:C(c3c(C)ncc4nonc34):[nH]c2cc1OC,-5.113538,-2.803182,2.310356,0.9999999752574644,2.7947950177290792
178,COc1cc2c:C(c3c(C#N)ncc4nonc34):[nH]c2cc1OC,-5.492829,-3.293355,2.199473,0.9999990956846416,2.9667217672007204
179,COc1cc2c:C(c3nc(OC(C)=O)cc4nonc34):[nH]c2cc1OC,-5.323208,-2.74465,2.578558,0.9995605609386604,2.9425989281330995
180,COc1cc2c:C(c3nc(NC(C)=O)cc4nonc34):[nH]c2cc1OC,-5.285256,-2.701467,2.583788,0.9999999949211508,2.8216789697131404
181,CNc1cc2nonc2c(C2:cc3cc(OC)c(OC)cc3[nH]:2)n1,-5.129352,-2.332339,2.797013,0.9999655020799,2.867537151816105
182,COc1cc2nonc2c(C2:cc3cc(OC)c(OC)cc3[nH]:2)n1,-5.25652,-2.617941,2.638578,0.9999999998981328,2.819486984592025
183,COc1cc2c:C(c3nc(C=O)cc4nonc34):[nH]c2cc1OC,-5.604708,-3.242522,2.362187,0.9999976750382776,2.974888991280988
184,COc1cc2c:C(c3nc(S(=O)(=O)O)cc4nonc34):[nH]c2cc1OC,-5.875257,-3.518959,2.356299,0.9999999957377592,3.0452775400432177
185,COc1cc2c:C(c3nc(C(F)(F)F)cc4nonc34):[nH]c2cc1OC,-5.869708,-3.159794,2.709914,0.9999999499323242,2.915195769758707
186,COc1cc2c:C(c3nc(F)cc4nonc34):[nH]c2cc1OC,-5.597686,-2.911501,2.686185,0.9999902257733922,2.916670542204603
187,COc1cc2c:C(c3nc(O)cc4nonc34):[nH]c2cc1OC,-5.335134,-2.654872,2.680262,0.9999999997871292,2.94448452821859
188,COc1cc2c:C(c3nc(S)cc4nonc34):[nH]c2cc1OC,-5.366443,-2.757613,2.60883,0.999999999854104,3.1086747380088
189,COc1cc2c:C(c3nc(Br)cc4nonc34):[nH]c2cc1OC,-5.637691,-3.01866,2.619031,0.999982204912733,2.922036975771036
190,COc1cc2c:C(c3nccc4nonc34):[nH]c2cc1OC,-5.255914,-2.679542,2.576372,0.9999999993199142,2.660746434109834
191,COc1cc2c:C(c3nc(C)cc4nonc34):[nH]c2cc1OC,-5.213323,-2.619784,2.593539,0.9999999996709203,2.7448964163304765
192,COc1cc2c:C(c3nc(C#N)cc4nonc34):[nH]c2cc1OC,-5.798296,-3.292984,2.505312,0.999999407058095,2.987499024725804
193,COc1cc2c:C(c3nncc4nonc34):[nH]c2cc1OC,-5.618334,-3.120656,2.497677,0.99999493032788,2.88525965526368
194,COc1cc2c:C(c3occ4ncc(OC(C)=O)nc34):[nH]c2cc1OC,-5.066827,-2.419114,2.647713,0.9999981648943296,3.0302956017297733
195,COc1cc2c:C(c3occ4ncc(NC(C)=O)nc34):[nH]c2cc1OC,-4.851005,-2.289495,2.56151,0.9999632659071602,2.938340300274472
196,CNc1cnc2coc(C3:cc4cc(OC)c(OC)cc4[nH]:3)c2n1,-4.380146,-1.915335,2.464811,0.9999943151375602,2.997478288939851
197,COc1cnc2coc(C3:cc4cc(OC)c(OC)cc4[nH]:3)c2n1,-4.605936,-2.028492,2.577444,0.999999995537862,2.9218582220502185
198,COc1cc2c:C(c3occ4ncc(C=O)nc34):[nH]c2cc1OC,-5.03527,-2.862693,2.172577,0.9999999985519964,3.076632135093698
199,COc1cc2c:C(c3occ4ncc(S(=O)(=O)O)nc34):[nH]c2cc1OC,-5.31717,-3.021197,2.295973,0.9994125537051954,3.186616423077991
200,COc1cc2c:C(c3occ4ncc(C(F)(F)F)nc34):[nH]c2cc1OC,-5.286445,-2.784126,2.502319,0.999937772979067,3.02154561169759
201,COc1cc2c:C(c3occ4ncc(F)nc34):[nH]c2cc1OC,-4.78061,-2.406988,2.373622,0.9999999999085633,3.052671241505302
202,COc1cc2c:C(c3occ4ncc(O)nc34):[nH]c2cc1OC,-4.651218,-2.150098,2.50112,0.9999999912707882,3.125917395351456
203,COc1cc2c:C(c3occ4ncc(S)nc34):[nH]c2cc1OC,-4.730351,-2.323919,2.406432,0.9999999998694944,3.261343269477329
204,COc1cc2c:C(c3occ4ncc(Br)nc34):[nH]c2cc1OC,-4.866285,-2.531788,2.334497,0.9999999995026364,3.0359194932535543
205,COc1cc2c:C(c3occ4nccnc34):[nH]c2cc1OC,-4.726242,-2.296891,2.429351,0.9999999923528724,2.826231770648296
206,COc1cc2c:C(c3occ4ncc(C)nc34):[nH]c2cc1OC,-4.650681,-2.145505,2.505177,0.9999999956836324,2.876529283463343
207,COc1cc2c:C(c3occ4ncc(C#N)nc34):[nH]c2cc1OC,-5.076558,-2.936161,2.140397,0.9999999961182748,3.0667893257291485
208,COc1cc2c:C(c3occ4nc(OC(C)=O)cnc34):[nH]c2cc1OC,-4.95777,-2.361312,2.596458,0.9999969086640468,3.042543834578005
209,COc1cc2c:C(c3occ4nc(NC(C)=O)cnc34):[nH]c2cc1OC,-4.664974,-2.193896,2.471078,0.9999999974407188,2.933799136033306
210,CNc1cnc2c(C3:cc4cc(OC)c(OC)cc4[nH]:3)occ2n1,-4.635344,-1.961403,2.673941,0.9999977663381971,2.992608054826139
211,COc1cnc2c(C3:cc4cc(OC)c(OC)cc4[nH]:3)occ2n1,-4.797356,-2.080947,2.716409,0.9999992025256904,2.9349940080033967
212,COc1cc2c:C(c3occ4nc(C=O)cnc34):[nH]c2cc1OC,-4.912858,-2.859929,2.052929,0.9999999995281592,3.0746715999766403
213,COc1cc2c:C(c3occ4nc(S(=O)(=O)O)cnc34):[nH]c2cc1OC,-5.379217,-3.169876,2.20934,0.999958986140786,3.164079436776622
214,COc1cc2c:C(c3occ4nc(C(F)(F)F)cnc34):[nH]c2cc1OC,-5.135354,-2.717226,2.418128,0.999999580373671,3.0361959805068643
215,COc1cc2c:C(c3occ4nc(F)cnc34):[nH]c2cc1OC,-4.856583,-2.399016,2.457568,0.9999999992334906,3.0650152974493583
216,COc1cc2c:C(c3occ4nc(O)cnc34):[nH]c2cc1OC,-4.708159,-2.131167,2.576992,0.9999999992792444,3.1199362764703373
217,COc1cc2c:C(c3occ4nc(S)cnc34):[nH]c2cc1OC,-4.770891,-2.300571,2.47032,0.9999999998278458,3.2736873254213865
218,COc1cc2c:C(c3occ4nc(Br)cnc34):[nH]c2cc1OC,-4.913148,-2.534262,2.378886,0.9999999998504178,3.0545803324143934
219,COc1cc2c:C(c3occ4nc(C)cnc34):[nH]c2cc1OC,-4.667628,-2.135095,2.532533,0.9999999998109466,2.884690122624184
220,COc1cc2c:C(c3occ4nc(C#N)cnc34):[nH]c2cc1OC,-5.040447,-2.963363,2.077084,0.9999999854640272,3.07859668358868
221,COc1cc2c:C(c3scc4sc(=S)sc34):[nH]c2cc1OC,-5.044313,-2.221673,2.82264,0.9999999979468176,3.103077203340604
226,COc1cc2c:C(c3cc(C=O)cc4c3SCS4):[nH]c2cc1OC,-5.494544,-1.921703,3.572842,0.7801028348210228,3.128874275561925
240,COc1cc2c:C(c3c(C=O)ccc4c3SCS4):[nH]c2cc1OC,-5.548681,-1.845072,3.703609,0.6477569329010993,3.1400675865987138
253,COc1cc2c:C(c3cccc4ccc(C=O)cc34):[nH]c2cc1OC,-5.261129,-1.935989,3.32514,0.7930571838377213,2.274416620792028
254,COc1cc2c:C(c3cccc4ccc(S(=O)(=O)O)cc34):[nH]c2cc1OC,-5.380033,-1.919539,3.460494,0.7419855517178444,2.294401063052595
262,COc1cc2c:C(c3cccc4ccc(C#N)cc34):[nH]c2cc1OC,-5.289928,-1.89337,3.396558,0.794712152922337,2.2517627746381805
267,COc1cc2c:C(c3cccc4cc(C=O)ccc34):[nH]c2cc1OC,-5.236468,-2.009216,3.227253,0.7087128275746503,2.262720466945874
268,COc1cc2c:C(c3cccc4cc(S(=O)(=O)O)ccc34):[nH]c2cc1OC,-5.320281,-1.841986,3.478296,0.7084533767773624,2.2819030873440944
275,COc1cc2c:C(c3cccc4cc(C#N)ccc34):[nH]c2cc1OC,-5.32207,-1.899822,3.422248,0.7090189348162893,2.2455627746381808
281,COc1cc2c:C(c3c(C=O)ccc4ccccc34):[nH]c2cc1OC,-5.353698,-1.923729,3.429969,0.5557649933122057,2.319857005407412
282,COc1cc2c:C(c3c(S(=O)(=O)O)ccc4ccccc34):[nH]c2cc1OC,-5.697197,-1.995587,3.70161,0.7190792446627469,2.3462312249959165
289,COc1cc2c:C(c3c(C#N)ccc4ccccc34):[nH]c2cc1OC,-5.291439,-1.896524,3.394915,0.670084620564993,2.3042012361766417
294,COc1cc2c:C(c3cc(C=O)cc4ccccc34):[nH]c2cc1OC,-5.242499,-2.026113,3.216386,0.706645898936164,2.3235204669458724
295,COc1cc2c:C(c3cc(S(=O)(=O)O)cc4ccccc34):[nH]c2cc1OC,-5.499623,-1.908119,3.591504,0.7170270555349757,2.335476771554621
302,COc1cc2c:C(c3cc(C#N)cc4ccccc34):[nH]c2cc1OC,-5.333891,-1.917453,3.416438,0.7149497780564068,2.3061358515612564
303,COc1cc2c:C(c3cccc4nc(OC(C)=O)cnc34):[nH]c2cc1OC,-4.918685,-2.209361,2.709324,0.9994802337183256,2.591634852946914
304,COc1cc2c:C(c3cccc4nc(NC(C)=O)cnc34):[nH]c2cc1OC,-4.682961,-2.058111,2.62485,0.9999981513937262,2.4871269608390207
307,COc1cc2c:C(c3cccc4nc(C=O)cnc34):[nH]c2cc1OC,-4.906303,-2.712,2.194304,0.9999999950166416,2.586020466945873
308,COc1cc2c:C(c3cccc4nc(S(=O)(=O)O)cnc34):[nH]c2cc1OC,-5.301456,-2.915427,2.386029,0.9997360228074196,2.7020464071821504
309,COc1cc2c:C(c3cccc4nc(C(F)(F)F)cnc34):[nH]c2cc1OC,-5.287555,-2.665007,2.622548,0.9999519316562752,2.5792109820809355
310,COc1cc2c:C(c3cccc4nc(F)cnc34):[nH]c2cc1OC,-4.855594,-2.279169,2.576425,0.999999903754891,2.5527037070000524
311,COc1cc2c:C(c3cccc4nc(O)cnc34):[nH]c2cc1OC,-4.730467,-2.037082,2.693385,0.9999999708817546,2.605236817367944
312,COc1cc2c:C(c3cccc4nc(S)cnc34):[nH]c2cc1OC,-5.014933,-2.241042,2.773891,0.99998290642256,2.7523030381037312
313,COc1cc2c:C(c3cccc4nc(Br)cnc34):[nH]c2cc1OC,-5.064469,-2.45594,2.608529,0.9999920833999072,2.5427224360970406
314,COc1cc2c:C(c3cccc4nccnc34):[nH]c2cc1OC,-4.910258,-2.205091,2.705167,0.9999765713469128,2.3044697385306634
315,COc1cc2c:C(c3cccc4nc(C)cnc34):[nH]c2cc1OC,-4.704271,-2.001601,2.70267,0.9999999970739268,2.380218757167276
316,COc1cc2c:C(c3cccc4nc(C#N)cnc34):[nH]c2cc1OC,-5.254261,-2.854625,2.399636,0.9998720153743864,2.589782005407411
317,COc1cc2c:C(c3cccc4ncc(OC(C)=O)nc34):[nH]c2cc1OC,-4.776849,-2.143022,2.633827,0.9998288021736876,2.562971516283575
318,COc1cc2c:C(c3cccc4ncc(NC(C)=O)nc34):[nH]c2cc1OC,-4.998936,-2.143176,2.85576,0.9973810387387648,2.4745988889109487
321,COc1cc2c:C(c3cccc4ncc(C=O)nc34):[nH]c2cc1OC,-4.986079,-2.782281,2.203798,0.9999999633350468,2.569833928484334
322,COc1cc2c:C(c3cccc4ncc(S(=O)(=O)O)nc34):[nH]c2cc1OC,-5.258194,-2.819669,2.438525,0.9910646184453236,2.706579200704418
323,COc1cc2c:C(c3cccc4ncc(C(F)(F)F)nc34):[nH]c2cc1OC,-5.059761,-2.537271,2.52249,0.9996292838200264,2.5480243424048226
324,COc1cc2c:C(c3cccc4ncc(F)nc34):[nH]c2cc1OC,-4.809608,-2.249536,2.560072,0.9999999723701168,2.522045513020119
325,COc1cc2c:C(c3cccc4ncc(O)nc34):[nH]c2cc1OC,-4.986808,-2.07731,2.909498,0.9988726092334796,2.5921070514816584
326,COc1cc2c:C(c3cccc4ncc(S)nc34):[nH]c2cc1OC,-5.026743,-2.239794,2.786949,0.9998506554631236,2.721644844123798
327,COc1cc2c:C(c3cccc4ncc(Br)nc34):[nH]c2cc1OC,-4.866324,-2.377076,2.489248,0.9999999598723712,2.506022101648881
328,COc1cc2c:C(c3cccc4ncc(C)nc34):[nH]c2cc1OC,-4.70398,-2.000424,2.703556,0.9999999148864162,2.353561900979985
329,COc1cc2c:C(c3cccc4ncc(C#N)nc34):[nH]c2cc1OC,-5.002919,-2.801225,2.201694,0.999999967968435,2.560401236176641
330,COc1cc2c:C(c3cc(OC(C)=O)cc4nccnc34):[nH]c2cc1OC,-4.782719,-2.183256,2.599463,0.9983619623557156,2.5778282595403184
331,COc1cc2c:C(c3cc(NC(C)=O)cc4nccnc34):[nH]c2cc1OC,-5.160674,-2.193914,2.96676,0.9999966125111254,2.505292395404455
333,COc1cc(C2:cc3cc(OC)c(OC)cc3[nH]:2)c2nccnc2c1,-4.720745,-1.982089,2.738656,0.9999999805076196,2.4526589284843343
334,COc1cc2c:C(c3cc(C=O)cc4nccnc34):[nH]c2cc1OC,-5.323584,-2.759208,2.564375,0.9999623952765748,2.6322993130997183
335,COc1cc2c:C(c3cc(S(=O)(=O)O)cc4nccnc34):[nH]c2cc1OC,-5.067055,-2.654503,2.412552,0.9992321486811244,2.61855774321454
336,COc1cc2c:C(c3cc(C(F)(F)F)cc4nccnc34):[nH]c2cc1OC,-5.309985,-2.575676,2.734309,0.9999851530570224,2.5849443828906526
337,COc1cc2c:C(c3cc(F)cc4nccnc34):[nH]c2cc1OC,-5.124088,-2.323321,2.800766,0.9998519993195282,2.4850281217157697
338,COc1cc2c:C(c3cc(O)cc4nccnc34):[nH]c2cc1OC,-4.761001,-2.049412,2.711589,0.9999998857322616,2.56680872372246
339,COc1cc2c:C(c3cc(S)cc4nccnc34):[nH]c2cc1OC,-4.830965,-2.198559,2.632406,0.9999777420537804,2.784552536431491
340,COc1cc2c:C(c3cc(Br)cc4nccnc34):[nH]c2cc1OC,-5.086421,-2.430723,2.655698,0.9999399967930565,2.5248528708796485
341,COc1cc2c:C(c3cc(C)cc4nccnc34):[nH]c2cc1OC,-4.723596,-2.059115,2.664481,0.999991495479634,2.452505713689014
342,COc1cc2c:C(c3cc(C#N)cc4nccnc34):[nH]c2cc1OC,-5.064038,-2.672048,2.39199,0.9999998833134752,2.6056762361766435
343,COc1cc2c:C(c3c(OC(C)=O)ccc4nccnc34):[nH]c2cc1OC,-4.810909,-2.189006,2.621903,0.9713716158113854,2.5571902975023573
344,COc1cc2c:C(c3c(NC(C)=O)ccc4nccnc34):[nH]c2cc1OC,-5.312912,-2.217386,3.095526,0.8558314245352701,2.517635252547313
346,COc1cc2c:C(c3c(OC)ccc4nccnc34):[nH]c2cc1OC,-4.548165,-2.025433,2.522732,0.9999992219078944,2.435070466945872
347,COc1cc2c:C(c3c(C=O)ccc4nccnc34):[nH]c2cc1OC,-5.340972,-2.599201,2.741771,0.8795018075437768,2.615999313099719
348,COc1cc2c:C(c3c(S(=O)(=O)O)ccc4nccnc34):[nH]c2cc1OC,-5.789931,-2.847145,2.942786,0.8298588565067042,2.6267870954412604
349,COc1cc2c:C(c3c(C(F)(F)F)ccc4nccnc34):[nH]c2cc1OC,-5.188618,-2.500359,2.688259,0.8561316189724746,2.6127824395708146
350,COc1cc2c:C(c3c(F)ccc4nccnc34):[nH]c2cc1OC,-4.78082,-2.236038,2.544782,0.9999999110083112,2.4674836401104194
351,COc1cc2c:C(c3c(O)ccc4nccnc34):[nH]c2cc1OC,-5.128936,-2.106162,3.022773,0.8949082520295407,2.4946923357625934
352,COc1cc2c:C(c3c(S)ccc4nccnc34):[nH]c2cc1OC,-5.122554,-2.231306,2.891249,0.8438889034552792,2.685329793956573
353,COc1cc2c:C(c3c(Br)ccc4nccnc34):[nH]c2cc1OC,-5.121478,-2.38594,2.735538,0.8796576895655083,2.5304756133545663
354,COc1cc2c:C(c3c(C)ccc4nccnc34):[nH]c2cc1OC,-5.137571,-2.179925,2.957647,0.9167328191978732,2.446698355829483
355,COc1cc2c:C(c3c(C#N)ccc4nccnc34):[nH]c2cc1OC,-5.056654,-2.628744,2.42791,0.9862534330552112,2.6003435438689486
358,COc1cc2c(ccn2C):C(c2c(OC(C)=O)ncc3nonc23):c1OC,-5.507975,-2.703931,2.804044,0.5081428138786279,3.0560087553602893
360,COc1cc(-c2c(OC)c(OC)cc3[nH]ccc23)s:C:1c1c(O)ncc2nsnc12,-4.910709,-2.506288,2.404421,0.715029178446933,3.338374748301697
363,COc1cc2[nH]ccc2c(C=Nc2cccc3nc(C)cnc23)c1OC,-5.151386,-1.659149,3.492238,0.8472673802788735,2.859151951002122
369,CNc1ncc2nonc2c1C#Cc1cc2cc(OC)c(OC)cc2[nH]1,-4.818223,-2.606326,2.211897,1.0,3.2241273356175064
370,COc1cc2c(ccn2C):C(c2cc(C)cc3nonc23):c1OC,-5.385306,-1.999634,3.385672,0.5172190344760922,2.743696378650652
376,COc1cc2cc(-c3cc(OC):C(c4c(O)ncc5nonc45):s3)n(C)c2cc1OC,-4.78419,-2.655296,2.128894,0.7575843385543966,3.269662619686314
380,COc1cc2ccn(C)c2c(C=Nc2nc(NC(C)=O)cc3nonc23)c1OC,-5.616854,-2.658542,2.958312,0.8941626315935134,3.3332459721778864
381,COc1cc2cc(-c3cc(OC):C(c4cc(NC(C)=O)cc5nonc45):s3)n(C)c2cc1OC,-4.839655,-2.22211,2.617545,0.9025903521896964,3.0451935924230167
383,COc1cc2cc(C=Nc3cc(S(=O)(=O)O)cc4ccccc34)[nH]c2cc1OC,-5.481035,-2.045256,3.435779,0.8973803193839609,2.6727422198326707
384,CNc1ncc2nonc2c1C=Cc1c(OC)c(OC)cc2c1ccn2C,-4.954023,-2.438228,2.515795,0.9285673312280108,3.204674213586273
385,COc1cc2ccn(C)c2:C(c2nc(NC(C)=O)cc3nsnc23):c1OC,-5.270995,-2.532611,2.738384,0.3476549324088329,3.076384463862313
386,COc1cc2c(ccn2C):C(c2occ3ncc(Br)nc23):c1OC,-5.220895,-2.221324,2.999572,0.7921269703905315,3.154536197655177
388,COc1cc(-c2c(OC)c(OC)cc3ccn(C)c23)s:C:1c1c(C#N)ccc2nsnc12,-5.321457,-2.739074,2.582383,0.442318631493297,3.2440946248980502
390,COc1cc2cc(C=Nc3c(C=O)ccc4c3SCS4)[nH]c2cc1OC,-5.289523,-1.930732,3.358791,0.8278237123602605,3.427604874079045
392,COc1cc2ccn(C)c2:C(c2cccc3ccc(S(=O)(=O)O)cc23):c1OC,-5.287021,-1.598386,3.688635,0.2035762679462593,2.532727071289882
393,COc1cc(-c2c(OC)c(OC)cc3c2cc(C(=O)O)n3C)s:C:1c1c(F)ncc2nonc12,-5.387686,-2.832902,2.554785,0.7941599328120792,3.3415007685363776
404,COc1cc2c(cc(C(=O)O)n2C)c(C=Nc2c(F)ncc3nsnc23)c1OC,-5.524899,-2.957602,2.567297,0.9873676983023753,3.3729196223759264
409,COc1cc2c:C(c3occ4ncc(F)nc34):n(C)c2cc1OC,-4.716979,-2.256241,2.460738,0.9999999863940396,3.077916061908571
411,COc1cc2cc(C=Nc3scc4nc(O)cnc34)n(C)c2cc1OC,-4.834155,-2.248727,2.585428,0.9999830846443014,3.3445078678420392
413,COc1cc2cc(C(=O)O)[nH]c2c(C=Cc2occ3nc(S(=O)(=O)O)cnc23)c1OC,-5.573271,-3.144605,2.428666,0.9831471053124328,3.5244355461784265
415,COc1cc(-c2c(OC)c(OC)cc3cc(C(=O)O)[nH]c23)s:C:1c1nc(Br)cc2nonc12,-5.647205,-2.869564,2.777642,0.9024365153417367,3.3898822364651178
417,COc1cc2cc(C#Cc3scc4ncc(Br)nc34)n(C)c2cc1OC,-4.889458,-2.629129,2.26033,1.0,3.3117111942453645
420,COc1cc2cc(-c3cc(OC):C(c4cc(OC(C)=O)cc5nonc45):s3)[nH]c2cc1OC,-4.804233,-2.323187,2.481046,0.9810683478574402,3.0450038931886265
422,COc1cc(-c2c(OC)c(OC)cc3cc[nH]c23)s:C:1c1nccc2nsnc12,-5.154748,-2.493237,2.66151,0.8779978459212355,3.181945141301445
423,COc1cc2cc(C(=O)O)n(C)c2c(C=Nc2cc(S)cc3nsnc23)c1OC,-5.599497,-2.473103,3.126394,0.8526778819973482,3.524618767675072
424,COc1cc2ccn(C)c2:C(c2c(C=O)ccc3nsnc23):c1OC,-5.390757,-2.745793,2.644965,0.1402950766725249,3.0037691126663493
425,COc1cc2ccn(C)c2c(C=Cc2occ3nc(C)cnc23)c1OC,-4.863785,-2.105455,2.758329,0.9479523123940156,3.2768170154511864
427,COc1cc2cc[nH]c2:C(c2cccc3ncc(NC(C)=O)nc23):c1OC,-5.27656,-1.92308,3.35348,0.5923494894160489,2.674242445354505
432,COc1cc2nonc2c(N=Cc2cc3cc(OC)c(OC)cc3[nH]2)n1,-5.371723,-2.737747,2.633977,0.9999999908329608,3.1750214894636617
437,COc1cc(-c2c(OC)c(OC)cc3ccn(C)c23)s:C:1c1nccc2nonc12,-5.379702,-2.49842,2.881282,0.6008842353530017,3.177567771557512
439,COc1cc2cc(C(=O)O)n(C)c2c(C2:scc3nc(C#N)cnc:23)c1OC,-5.779467,-2.95372,2.825747,0.260122653790982,3.261622337562072
440,COc1cc2[nH]ccc2c(C2:nc(C=O)cc3nsnc:23)c1OC,-5.570522,-2.974106,2.596416,0.5500987242907652,3.149593339107075
441,COc1cc2[nH]c(C(=O)O)cc2c(C2:scc3ncc(C=O)nc:23)c1OC,-5.806285,-2.778404,3.027881,0.5799882981744031,3.14488831001616
442,COc1cc2ccn(C)c2c(C2:cc(C#N)cc3nonc:23)c1OC,-5.518153,-2.990782,2.527371,0.3107493412612084,2.980885905732439
443,COc1cc2cc[nH]c2c(C2:c(C#N)ncc3nsnc:23)c1OC,-5.347362,-3.226319,2.121043,0.4619729720478244,3.206047519709082
444,COc1cc2cc[nH]c2c(C2:cccc3ncc(C#N)nc:23)c1OC,-5.37298,-2.750471,2.62251,0.63958390065573,2.7739089284843352
445,COc1cc2c:C(C=Cc3occ4ncc(C#N)nc34):[nH]c2cc1OC,-4.924606,-2.854264,2.070341,0.9999999976245686,3.2500694894636606
446,COc1cc2c:C(c3sc(-c4c(C#N)ncc5nonc45)cc3OC):[nH]c2cc1OC,-4.958306,-3.231498,1.726808,0.9999958949881108,3.224962649151232
447,COc1cc2[nH]c(C(=O)O)cc2c(C2:c(C#N)ccc3nonc:23)c1OC,-5.794647,-2.885622,2.909025,0.3521516405558141,2.884584261433164
448,COc1cc2c(cc(C(=O)O)n2C)c(C2:cc(Br)cc3nsnc:23)c1OC,-5.754696,-2.497631,3.257065,0.4817537418819172,2.930930884914943
449,COc1cc2cc(C(=O)O)[nH]c2c(C2:nc(Br)cc3nsnc:23)c1OC,-5.658391,-3.036342,2.622049,0.8032393981703538,3.191033915174936
450,COc1cc2cc(C(=O)O)[nH]c2c(C2:nncc3nsnc:23)c1OC,-5.622165,-3.144975,2.47719,0.8174472362541051,3.171557195006544
451,COc1cc2c:C(C#Cc3nc(F)cc4nsnc34):[nH]c2cc1OC,-5.449649,-2.937351,2.512298,1.0,3.2894435438689493
452,COc1cc2cc(C(=O)O)[nH]c2c(C2:c(F)ncc3nsnc:23)c1OC,-5.614667,-3.042104,2.572563,0.6018411103021437,3.156166265016875
453,COc1cc2cc(C3:cncc4nsnc:34)n(C)c2cc1OC,-5.008919,-2.770439,2.238479,0.6817297258889814,2.829181731015792
454,COc1cc2c:C(C=Cc3cc(F)cc4nsnc34):[nH]c2cc1OC,-4.889029,-2.448096,2.440933,0.9999986781917628,2.9015166207920267
455,COc1cc2c:C(N=Cc3c(F)ncc4nonc34):[nH]c2cc1OC,-5.239399,-3.19959,2.039809,0.999961942065524,3.2910377746381805
457,COc1cc2c(cc(C(=O)O)n2C)c(C2:c(C)ncc3nonc:23)c1OC,-5.853244,-2.617835,3.235409,0.3910727150756244,2.9660502695303297
463,COc1cc2[nH]c(C(=O)O)cc2:C(c2nc(S(=O)(=O)O)cc3nsnc23):c1OC,-5.890998,-3.254485,2.636513,0.6382547353047654,3.235912998444303
466,CNc1cnc2csc(C#Cc3cc4cc(OC)c(OC)cc4n3C)c2n1,-4.961578,-2.042084,2.919493,1.0,3.273818669130728
471,COc1cc2ccn(C)c2:C(c2occ3nc(NC(C)=O)cnc23):c1OC,-5.149184,-1.984655,3.164529,0.4052586037566231,3.1212860832955123
477,COc1cc2cc(C(=O)O)[nH]c2c(C=Cc2nc(C)cc3nonc23)c1OC,-5.642828,-2.80802,2.834808,0.9882345636916164,3.1858408455390013
478,COc1cc2cc(C(=O)O)n(C)c2c(C=Nc2c(C)ncc3nonc23)c1OC,-5.705862,-2.785502,2.92036,0.8669208207720043,3.3524597933160987
479,COc1cc(-c2c(OC)c(OC)cc3[nH]c(C(=O)O)cc23)s:C:1c1c(OC(C)=O)ccc2nsnc12,-5.238589,-2.298311,2.940279,0.7201977867148452,3.1849610698593427
481,COc1cc2[nH]ccc2c(C=Nc2c(C=O)ncc3nonc23)c1OC,-5.852594,-3.059704,2.79289,0.9268547977617754,3.387886720232892
482,COc1cc2c(cc(C(=O)O)n2C):C(c2cccc3ncc(C=O)nc23):c1OC,-5.562057,-2.52288,3.039176,0.4950282122289635,2.7970683403246444
484,COc1cc2c(ccn2C)c(C=Cc2scc3nc(S)cnc23)c1OC,-4.824428,-2.210177,2.614251,0.9852392441020268,3.496381464515636
485,COc1cc(-c2c(OC)c(OC)cc3cc(C(=O)O)n(C)c23)s:C:1c1cc(Br)cc2nonc12,-5.630031,-2.514725,3.115306,0.5703422609035658,3.269722306997916
486,COc1cc2cc(-c3cc(OC):C(c4nc(Br)cc5nsnc45):s3)n(C)c2cc1OC,-5.150026,-2.740035,2.409991,0.9028531825495176,3.28743132598002
489,COc1cc2[nH]ccc2c(C=Nc2c(C(F)(F)F)ccc3nonc23)c1OC,-5.41024,-2.641907,2.768333,0.933179046606673,3.150590991595477
490,COc1cc(-c2c(OC)c(OC)cc3ccn(C)c23)s:C:1c1cc(O)cc2nsnc12,-5.198986,-2.131942,3.067044,0.5806079371925561,3.273328703602397
495,CNc1cc2nsnc2c(C=Cc2c(OC)c(OC)cc3c2ccn3C)n1,-4.969873,-2.181887,2.787986,0.990808283775326,3.2693069808190387
496,COc1cc2ccn(C)c2c(C=Nc2cccc3nsnc23)c1OC,-5.277648,-2.316427,2.961221,0.8637956571763015,3.0387416207920275
497,COc1cc2[nH]ccc2:C(c2scc3ncc(C=O)nc23):c1OC,-5.387031,-2.61478,2.772252,0.4070001944613006,3.121670262183999
501,COc1cc2ccn(C)c2:C(c2c(C=O)ccc3c2SCS3):c1OC,-5.350526,-1.636655,3.713871,0.1594241042315971,3.3652707378017777
510,COc1cc2c:C(c3cccc4ncc(O)nc34):n(C)c2cc1OC,-5.208639,-1.979051,3.229587,0.531980911906085,2.6551990151582245
513,COc1cc2cc(-c3cc(OC):C(c4occ5ncc(NC(C)=O)nc45):s3)n(C)c2cc1OC,-4.708778,-2.067451,2.641326,0.8400798595821894,3.2479243616537863
514,COc1cc2cc(-c3cc(OC):C(c4nc(O)cc5nsnc45):s3)[nH]c2cc1OC,-4.882672,-2.44036,2.442312,0.9796531915572756,3.250928236673791
518,COc1cc2cc(C(=O)O)n(C)c2c(C=Cc2c(F)ncc3nsnc23)c1OC,-5.446331,-3.026434,2.419896,0.9275138381641836,3.367837571093876
520,COc1cc2cc(C(=O)O)[nH]c2:C(c2occ3nc(F)cnc23):c1OC,-5.387697,-2.540078,2.84762,0.9718649100335864,3.2533928192845245
521,COc1cc(-c2c(OC)c(OC)cc3ccn(C)c23)s:C:1c1cc(OC(C)=O)cc2nonc12,-5.378998,-2.300515,3.078482,0.4989770623232794,3.222171957807632
524,COc1cc2[nH]c(C(=O)O)cc2c(C#Cc2c(S)ncc3nonc23)c1OC,-5.623918,-2.982097,2.641822,1.0,3.441195470660716
527,COc1cc2cc[nH]c2c(C=Cc2scc3nc(C(F)(F)F)cnc23)c1OC,-5.124819,-2.675848,2.448971,0.9853966702919243,3.347648050991777
529,COc1cc2[nH]c(C(=O)O)cc2:C(c2cc(C=O)cc3nccnc23):c1OC,-5.631969,-2.463854,3.168115,0.503184999956094,2.818179891303364
530,COc1cc2[nH]c(C(=O)O)cc2c(C=Nc2cc(OC(C)=O)cc3nonc23)c1OC,-5.644654,-2.537246,3.107409,0.9788920889529172,3.175516966201867
532,COc1cc2c:C(c3cccc4nc(O)cnc34):n(C)c2cc1OC,-5.143562,-1.987827,3.155735,0.5737993299258739,2.6679589284843352
535,COc1cc2cc[nH]c2c(C=Cc2occ3ncc(C(F)(F)F)nc23)c1OC,-5.204022,-2.644819,2.559203,0.9849221041715914,3.385086999385156
536,COc1cc2cc[nH]c2c(C=Nc2cc(NC(C)=O)cc3nsnc23)c1OC,-5.413431,-2.335969,3.077462,0.9485723226385976,3.177373506201125
538,COc1cc2cc(C#CC3:occ4ncc(C#N)nc:34)[nH]c2cc1OC,-5.292926,-3.03932,2.253607,1.0,3.412043643309815
539,COc1cc2ccn(C)c2c(C2:cc(C#N)cc3nsnc:23)c1OC,-5.390482,-2.902043,2.488439,0.2452818018248884,3.036943327184227
540,COc1cc2c:C(C=Cc3scc4nc(C#N)cnc34):[nH]c2cc1OC,-5.064583,-2.97079,2.093793,0.9999988826213126,3.2072368740790456
543,COc1cc2[nH]ccc2c(C2:c(C#N)ncc3nsnc:23)c1OC,-5.381704,-3.02473,2.356974,0.3308326101948412,3.087791332418112
544,COc1cc2c:C(C=Cc3cc(C#N)cc4nonc34):[nH]c2cc1OC,-5.383512,-3.042461,2.341051,0.9989980043691724,2.981773489463661
545,COc1cc2[nH]ccc2c(C2:c(C#N)ncc3nonc:23)c1OC,-5.490267,-3.102724,2.387543,0.4194676007409271,3.064596014692359
546,COc1cc2c(cc(C(=O)O)n2C)c(C=Cc2cc(F)cc3nsnc23)c1OC,-5.409329,-2.498202,2.911128,0.9676068902194852,3.085829024085328
547,COc1cc2ccn(C)c2c(C2:nc(Br)cc3nsnc:23)c1OC,-5.316761,-2.881679,2.435081,0.4250467387556291,3.19679750987237
548,COc1cc2c:C(N=Cc3cccc4ncc(C#N)nc34):[nH]c2cc1OC,-5.188013,-2.900172,2.287841,0.9999657966888422,2.973096967755181
549,COc1cc2c:C(c3sc(-c4occ5ncc(C#N)nc45)cc3OC):[nH]c2cc1OC,-4.715639,-2.955822,1.759818,0.9999999975987756,3.2893628220120785
550,COc1cc2[nH]ccc2c(C2:cc(Br)cc3nsnc:23)c1OC,-5.282926,-2.343736,2.939191,0.4039044581575275,2.857209703043763
551,COc1cc2cc(C3:nc(F)cc4nsnc:34)n(C)c2cc1OC,-5.403018,-2.787701,2.615317,0.9942489526139848,3.0177443424515573
552,COc1cc2c:C(c3sc(-c4nncc5nsnc45)cc3OC):[nH]c2cc1OC,-4.742387,-3.048958,1.693429,0.9999999881310876,3.186270416026721
553,COc1cc2ccn(C)c2c(C2:c(F)ncc3nonc:23)c1OC,-5.378385,-2.951369,2.427017,0.3920620847134852,3.135829636569204
554,COc1cc2cc(C(=O)O)n(C)c2c(C2:cncc3nsnc:23)c1OC,-5.636844,-2.785159,2.851685,0.2147431989091809,3.1004838624878968
555,COc1cc2cc[nH]c2c(C2:cc(F)cc3nsnc:23)c1OC,-5.382016,-2.531871,2.850145,0.7364551917551354,2.913943269477331
556,COc1cc2[nH]ccc2c(C2:cncc3nonc:23)c1OC,-5.363269,-2.591966,2.771303,0.6292915681401982,2.8797601360329104
557,COc1cc2cc(C3:scc4ncc(Br)nc:34)n(C)c2cc1OC,-5.184585,-2.581866,2.602719,0.7582683323051782,3.001912894487756
558,COc1cc2cc(C3:c(C)ncc4nonc:34)n(C)c2cc1OC,-5.275429,-2.790278,2.485151,0.6458431689036568,2.863799546071468
564,COc1cc2c:C(c3scc4nc(C#N)cnc34):n(C)c2cc1OC,-5.272057,-2.991603,2.280454,0.7588817717796208,3.0471660790802177
565,COc1cc2cc(C(=O)O)n(C)c2c(C=Cc2scc3nc(NC(C)=O)cnc23)c1OC,-5.008021,-2.30272,2.705301,0.9249989198709482,3.3158336525082968
566,COc1cc2ccn(C)c2c(C#Cc2nncc3nonc23)c1OC,-5.546012,-3.174953,2.371059,1.0,3.395635851561257
569,COc1cc2c:C(c3c(NC(C)=O)ccc4nsnc34):n(C)c2cc1OC,-5.457556,-2.41882,3.038736,0.5101921111459259,2.722270901109276
570,COc1cc2cc(C(=O)O)[nH]c2c(C=Nc2scc3nc(OC(C)=O)cnc23)c1OC,-5.41875,-2.57725,2.8415,0.9967699529407572,3.4108172314538567
571,COc1cc2c(cc(C(=O)O)n2C)c(C#Cc2cc(Br)cc3nsnc23)c1OC,-5.494704,-2.680242,2.814461,1.0,3.2110922719485755
572,COc1cc2cc(C(=O)O)n(C)c2:C(c2nc(S(=O)(=O)O)cc3nonc23):c1OC,-6.01402,-3.396177,2.617843,0.434412315223349,3.3030729070346263
573,COc1cc2[nH]ccc2c(C=Cc2c(O)ncc3nsnc23)c1OC,-4.910956,-2.534437,2.376519,0.9862199654410632,3.302291620792028
577,COc1cc(C2:sc(-c3cc4cc(OC)c(OC)cc4n3C)cc:2OC)c2nonc2c1,-4.7673,-2.078031,2.689268,0.9015662136084864,3.005523872573452
578,COc1cc2cc(C(=O)O)[nH]c2:C(c2cc(O)cc3nsnc23):c1OC,-5.637829,-2.425331,3.212498,0.7301673357297924,3.0235163177039137
582,CNc1cc2nsnc2c(N=Cc2c(OC)c(OC)cc3c2ccn3C)n1,-5.104341,-2.169481,2.93486,0.9424395028573752,3.370106980819041
583,COc1cc2[nH]ccc2c(C=Cc2c(F)ccc3nonc23)c1OC,-5.141741,-2.368008,2.773733,0.9909018747992622,2.947033928484334
589,COc1cc2[nH]ccc2c(C=Cc2cc(C=O)cc3ccccc23)c1OC,-5.107445,-1.830907,3.276538,0.9076995793161906,2.657761464796602
591,COc1cc2cc(C(=O)O)n(C)c2:C(c2c(F)ccc3nonc23):c1OC,-5.652826,-2.497044,3.155782,0.3304373796973026,2.9157370387610992
594,COc1cc(-c2c(OC)c(OC)cc3ccn(C)c23)s:C:1c1c(S)ccc2nccnc12,-5.349425,-1.940803,3.408622,0.2063592375018869,3.193731142226876
595,COc1cc(-c2c(OC)c(OC)cc3cc[nH]c23)s:C:1c1cccc2nc(NC(C)=O)cnc12,-4.836143,-1.911995,2.924148,0.907631818678861,3.0270028212096936
597,COc1cc2c(cc(C(=O)O)n2C):C(c2c(C(F)(F)F)ccc3nsnc23):c1OC,-5.707919,-2.678033,3.029887,0.0416836262113053,2.936097484895789
598,COc1cc(C=Cc2c(OC)c(OC)cc3c2ccn3C)c2nsnc2c1,-4.977419,-2.040886,2.936533,0.95075578401994,2.969446041758101
599,COc1cc2[nH]c(C(=O)O)cc2c(C=Cc2c(C=O)ccc3nccnc23)c1OC,-5.497154,-2.481355,3.015799,0.9058367688390624,3.011176476177104
600,COc1cc2cc(C=Nc3cccc4nc(S)cnc34)n(C)c2cc1OC,-5.288606,-1.994607,3.293999,0.8657811386386621,3.149219468331528
602,COc1cc(-c2c(OC)c(OC)cc3ccn(C)c23)s:C:1c1c(OC(C)=O)ccc2nsnc12,-5.191608,-2.306796,2.884813,0.4058531218067552,3.2022017654999395
604,COc1cc2cc[nH]c2c(C=Nc2nc(C#N)cc3nsnc23)c1OC,-5.682828,-3.179453,2.503374,0.9899888044874476,3.528340258694429
605,COc1cc2cc(-c3cc(OC):C(c4c(O)ccc5nsnc45):s3)[nH]c2cc1OC,-4.735183,-2.092684,2.642498,0.874806108304914,2.9787031919510696
607,COc1cc2cc(C=Cc3cccc4ccc(S(=O)(=O)O)cc34)[nH]c2cc1OC,-5.033496,-1.978968,3.054528,0.9413992729078706,2.546338655104716
608,COc1cc2ccn(C)c2:C(c2c(C=O)ccc3nccnc23):c1OC,-5.31193,-2.409337,2.902594,0.1217422835301047,2.8485030861372582
613,CNc1cc2nsnc2c(N=Cc2cc3cc(OC)c(OC)cc3[nH]2)n1,-5.079854,-2.353337,2.726517,0.9839343207547844,3.269485489463661
616,COc1cc(-c2c(OC)c(OC)cc3cc(C(=O)O)[nH]c23)s:C:1c1c(C(F)(F)F)ccc2nccnc12,-5.36806,-2.36705,3.00101,0.4991112910096587,3.1813838004822808
618,COc1cc2[nH]ccc2c(C#Cc2cc(C(F)(F)F)cc3nonc23)c1OC,-5.511216,-2.787879,2.723337,1.0,3.1252963469995656
619,COc1cc2cc(C(=O)O)n(C)c2c(C=Nc2nc(C(F)(F)F)cc3nsnc23)c1OC,-5.803374,-2.925565,2.877809,0.8702653265217526,3.500611742395936
620,COc1cc2c:C(c3scc4ncc(OC(C)=O)nc34):n(C)c2cc1OC,-4.963781,-2.357857,2.605924,0.7263371534616951,3.006242763457454
624,COc1cc2cc[nH]c2:C(c2nc(C(F)(F)F)cc3nonc23):c1OC,-5.650992,-3.051839,2.599152,0.8875241578236578,3.103884705480521
626,COc1cc2cc[nH]c2c(C=Cc2cccc3ccc(C#N)cc23)c1OC,-5.264862,-1.898785,3.366077,0.8911951360663466,2.690986908583584
627,COc1cc2cc(C(=O)O)n(C)c2c(C=Cc2c(O)ccc3nsnc23)c1OC,-5.603418,-2.036201,3.567217,0.3379049398519683,3.159847827504132
628,COc1cc2cc(C=Nc3scc4nc(C=O)cnc34)n(C)c2cc1OC,-5.320361,-2.878058,2.442303,0.9999993215856195,3.302496391408451
629,COc1cc2cc(C(=O)O)[nH]c2:C(c2c(S(=O)(=O)O)ccc3nonc23):c1OC,-6.052984,-3.12728,2.925704,0.383562255577628,3.000362229213533
633,COc1cc2cc(-c3cc(OC):C(c4c(C)ccc5nonc45):s3)n(C)c2cc1OC,-4.968681,-2.204176,2.764505,0.6897678888545842,2.9890970602457543
634,COc1cc2cc[nH]c2:C(c2cccc3nc(OC(C)=O)cnc23):c1OC,-5.186097,-2.033233,3.152864,0.6396111377988746,2.79127840939047
636,COc1cc(-c2c(OC)c(OC)cc3[nH]c(C(=O)O)cc23)s:C:1c1c(C(F)(F)F)ccc2nsnc12,-5.284869,-2.58688,2.697989,0.5383867161949943,3.230688801770995
637,COc1cc2cc(C(=O)O)n(C)c2c(C=Nc2c(F)ccc3nonc23)c1OC,-5.686651,-2.486198,3.200453,0.8096842437146237,3.1936529557092603
639,COc1cc2cc(C#Cc3occ4ncc(NC(C)=O)nc34)n(C)c2cc1OC,-4.718248,-2.217367,2.50088,1.0,3.274837154166629
640,COc1cc2cc[nH]c2c(C=Nc2cc(Br)cc3nsnc23)c1OC,-5.517219,-2.618553,2.898667,0.9331167470845666,3.2668243130997183
643,COc1cnc2c(C3:sc(-c4cc5cc(OC)c(OC)cc5[nH]4)cc:3OC)occ2n1,-4.481054,-1.904461,2.576594,0.972467014079032,3.1755147666966064
646,COc1cc2ccn(C)c2:C(c2c(C(F)(F)F)ncc3nsnc23):c1OC,-5.30264,-3.059688,2.242952,0.0765432781166144,3.190468731068792
651,COc1cc2[nH]ccc2c(C=Nc2scc3nc(C)cnc23)c1OC,-4.96785,-2.150967,2.816882,0.9965034720186836,3.191066620792027
657,COc1cc2cc(C=Nc3c(S)ccc4nonc34)[nH]c2cc1OC,-5.364915,-2.616623,2.748292,0.9998628305828544,3.1487973900227963
659,COc1cc2c(cc(C(=O)O)n2C)c(C=Cc2c(C#N)ncc3nonc23)c1OC,-5.667066,-3.261476,2.405589,0.986816046098388,3.3115548019689607
661,COc1cc2[nH]ccc2c(C=Nc2occ3nc(C(F)(F)F)cnc23)c1OC,-5.260439,-2.560226,2.700213,0.9994290108000324,3.4150893362887578
664,COc1cc2ccn(C)c2c(C=Nc2nc(C#N)cc3nsnc23)c1OC,-5.644915,-3.071325,2.57359,0.9000140843179651,3.520902385414445
666,COc1cc2cc(C(=O)O)[nH]c2c(C=Nc2cccc3nc(Br)cnc23)c1OC,-5.746422,-2.337664,3.408758,0.8605570048379645,3.1188146400953345
669,COc1cc2cc(C(=O)O)n(C)c2c(C=Cc2c(OC)ncc3nonc23)c1OC,-5.215474,-2.828059,2.387415,0.9260540233355236,3.2886262305403893
671,COc1cc2cc[nH]c2c(C=Nc2scc3nc(S)cnc23)c1OC,-5.221779,-2.466636,2.755143,0.9982224989297525,3.627230082330488
672,COc1cc2cc(C=Cc3occ4ncc(C#N)nc34)n(C)c2cc1OC,-5.049356,-2.917744,2.131613,0.9999361510033364,3.2781667210787795
674,COc1cc2ccn(C)c2c(C=Nc2cccc3nc(C)cnc23)c1OC,-5.221923,-1.723649,3.498274,0.7201386512632997,2.943510577222637
675,CNc1cc2nonc2c(C2:c(OC)c(OC)cc3ccn(C)c:23)n1,-5.266912,-2.232161,3.034751,0.4800098731377676,3.0843790801636413
681,COc1cc2[nH]ccc2c(C=Nc2occ3nc(C#N)cnc23)c1OC,-5.285134,-2.804931,2.480203,0.9999415600200678,3.4652922586944293
686,COc1cc2cc(C=Cc3c(OC)ncc4nsnc34)[nH]c2cc1OC,-4.636853,-2.602917,2.033936,0.9999977437494634,3.08297225869443
687,COc1cc2cc(C=Nc3nc(O)cc4nonc34)[nH]c2cc1OC,-5.450168,-2.782181,2.667987,0.999999999278079,3.256343543868949
688,COc1cc2cc(C=Cc3occ4ncc(C#N)nc34)n(C)c2cc1OC,-5.0494,-2.917762,2.131637,0.9999372416428088,3.2781667210787795
698,COc1cc2[nH]ccc2:C(c2cc(C(F)(F)F)cc3nccnc23):c1OC,-5.44072,-2.133702,3.307019,0.3068966900132803,2.702807945643689
699,COc1cc2cc(C(=O)O)[nH]c2c(C#Cc2nc(C#N)cc3nsnc23)c1OC,-5.905475,-3.351686,2.553789,1.0,3.472801694504339
707,COc1cc2c(ccn2C)c(C=Nc2nc(O)cc3nonc23)c1OC,-5.460501,-2.586987,2.873514,0.9489829251712826,3.3591136890478603
708,COc1cc2cc(C=Nc3occ4nc(S(=O)(=O)O)cnc34)n(C)c2cc1OC,-5.531658,-3.113443,2.418215,0.999486901578138,3.4788734685297724
709,COc1cc2ccn(C)c2:C(c2c(OC)ccc3nonc23):c1OC,-5.237339,-2.255021,2.982318,0.2363870209681641,2.8060382350932187
713,COc1cc2[nH]c(C(=O)O)cc2c(C=Cc2scc3nc(NC(C)=O)cnc23)c1OC,-4.981581,-2.246281,2.7353,0.982131894296928,3.2180755868915227
722,COc1cc2cc(C(=O)O)[nH]c2:C(c2occ3nc(OC(C)=O)cnc23):c1OC,-5.315954,-2.481527,2.834427,0.9658728474768692,3.2330187676750715
726,COc1cc2[nH]ccc2:C(c2nncc3nonc23):c1OC,-5.649446,-2.977234,2.672212,0.6714427115987176,3.04335028026368
730,COc1cc2cc(C=NC3:occ4ncc(C#N)nc:34)[nH]c2cc1OC,-5.16882,-2.904941,2.263879,0.9999999938824702,3.3548054894636605
731,COc1c:C(c2c(OC)c(OC)cc3cc(C(=O)O)[nH]c23):sc1-c1nncc2nsnc12,-5.473723,-2.903639,2.570084,0.8846871746171967,3.387393187873536
732,COc1cc2cc(C=NC3:occ4ncc(C#N)nc:34)[nH]c2cc1OC,-5.168753,-2.904961,2.263792,0.9999999989343328,3.3548054894636605
733,COc1cc2cc(C=CC3:c(C#N)ncc4nonc:34)[nH]c2cc1OC,-5.294964,-3.170492,2.124472,0.9999998413531516,3.1521845663867367
734,COc1cc2c(cc(C(=O)O)n2C)c(C2:cc(C#N)cc3nsnc:23)c1OC,-5.698947,-2.853594,2.845353,0.5808041039155796,2.996413461822426
735,COc1cc2c:C(C#Cc3scc4nc(C#N)cnc34):[nH]c2cc1OC,-5.270874,-3.056241,2.214633,1.0,3.358994412540584
736,COc1cc2cc(C=Cc3scc4nc(C#N)cnc34)n(C)c2cc1OC,-5.01723,-2.950327,2.066903,0.9996821274994134,3.2364466411587003
737,COc1cc2cc[nH]c2c(C2:scc3ncc(C=O)nc:23)c1OC,-5.456142,-2.815064,2.641078,0.4064639012785748,3.19823347288634
738,COc1cc2c(cc(C(=O)O)n2C)c(C2:nc(C=O)cc3nsnc:23)c1OC,-5.808406,-3.11335,2.695057,0.5427889377324587,3.1957448227691714
739,COc1cc2cc(C3:c(C#N)ncc4nsnc:34)n(C)c2cc1OC,-5.500646,-3.267991,2.232656,0.6864638715302088,3.0528508028071943
740,COc1cc2c:C(c3sc(-c4cc(C#N)cc5nonc45)cc3OC):[nH]c2cc1OC,-5.048183,-3.127789,1.920394,0.9999985669423488,3.0584898747346365
741,COc1cc2cc(C=Cc3cccc4ncc(OC(C)=O)nc34)[nH]c2cc1OC,-4.708388,-2.030577,2.67781,0.9963195855019866,2.776962419204265
742,COc1cc2c:C(C=Cc3c(C#N)ncc4nonc34):[nH]c2cc1OC,-5.294969,-3.170491,2.124478,0.999999858139345,3.1521845663867367
743,COc1cc2cc(C(=O)O)[nH]c2c(C2:c(C#N)ccc3nonc:23)c1OC,-5.729783,-3.093753,2.63603,0.5258552894738893,2.987599646048549
744,COc1cc2cc[nH]c2c(C=Nc2cccc3ncc(C#N)nc23)c1OC,-5.47978,-2.632348,2.847433,0.8608169222433553,3.1002224115421626
745,COc1cc2c:C(N=Cc3occ4ncc(C#N)nc34):[nH]c2cc1OC,-5.326276,-3.268591,2.057685,0.9999703680006544,3.478874412540584
746,COc1cc2cc(C(=O)O)[nH]c2c(C2:cccc3ncc(C#N)nc:23)c1OC,-5.68695,-2.81223,2.87472,0.5919124877388635,2.8296704463179694
747,COc1cc2c(cc(C(=O)O)n2C)c(C2:c(F)ncc3nsnc:23)c1OC,-5.579327,-2.831862,2.747466,0.4408665645953085,3.076411500299561
748,COc1cc2c(cc(C(=O)O)n2C)c(C2:nc(Br)cc3nsnc:23)c1OC,-5.77405,-2.949445,2.824604,0.5597570654346594,3.1487068849149447
749,COc1cc2cc(C=Cc3scc4ncc(C)nc34)[nH]c2cc1OC,-4.560796,-2.201966,2.35883,0.9999999998972432,3.021910851561257
750,COc1cc2ccn(C)c2c(C2:cc(Br)cc3nsnc:23)c1OC,-5.287053,-2.524872,2.762181,0.2224130809806574,2.974389591320336
751,COc1cc2[nH]c(C(=O)O)cc2c(C2:nncc3nsnc:23)c1OC,-5.866633,-3.085273,2.78136,0.5733124265770825,3.10180573238466
752,COc1cc2[nH]c(C(=O)O)cc2c(C2:cncc3nsnc:23)c1OC,-5.642605,-2.678959,2.963646,0.5815050710397949,2.9602161332514
753,COc1cc2c:C(C#Cc3c(F)ncc4nonc34):[nH]c2cc1OC,-5.183179,-3.062196,2.120983,1.0,3.2365012361766423
754,COc1cc2c:C(C=Cc3nc(F)cc4nsnc34):[nH]c2cc1OC,-5.053483,-2.735891,2.317592,0.999999999891857,3.177882005407412
755,COc1cc2c:C(c3sc(-c4cc(F)cc5nsnc45)cc3OC):[nH]c2cc1OC,-4.756043,-2.636052,2.119991,0.9998706170132352,3.010074390519944
756,COc1cc2cc(C(=O)O)n(C)c2c(C2:cncc3nonc:23)c1OC,-5.762863,-2.851139,2.911724,0.3134719667876364,3.056280490517401
757,COc1cc2c:C(C#Cc3c(C)ncc4nonc34):[nH]c2cc1OC,-5.285751,-2.880311,2.40544,1.0,3.130585851561258
758,COc1cc2cc(C=NC3:scc4ncc(Br)nc:34)n(C)c2cc1OC,-4.988921,-2.530079,2.458843,0.9999824138691324,3.2695739801081505
760,COc1cc2cc(C(=O)O)[nH]c2c(C=Nc2scc3ncc(F)nc23)c1OC,-5.470565,-2.623107,2.847458,0.9977472375634442,3.422734516425077
762,COc1cc2cc(-c3cc(OC):C(c4c(OC(C)=O)ncc5nonc45):s3)[nH]c2cc1OC,-4.915018,-2.75863,2.156388,0.8313379558931773,3.225453156691083
771,COc1cc2cc(C#Cc3nc(NC(C)=O)cc4nonc34)[nH]c2cc1OC,-5.301098,-2.761571,2.539527,1.0,3.1462161985088173
772,COc1cc2c(ccn2C)c(C#Cc2nc(Br)cc3nonc23)c1OC,-5.620788,-3.047548,2.57324,1.0,3.3158182628524333
775,COc1cc2ccn(C)c2c(C=Cc2scc3ncc(S)nc23)c1OC,-4.917844,-2.340553,2.577291,0.927973958856356,3.558329905264076
779,COc1cc(-c2c(OC)c(OC)cc3[nH]c(C(=O)O)cc23)s:C:1c1c(F)ncc2nsnc12,-5.249286,-2.764506,2.48478,0.8101725524024851,3.330087695522189
780,CNc1ccc2nonc2c1C=Cc1cc2cc(OC)c(OC)cc2[nH]1,-4.668908,-2.148924,2.519984,0.9358198133219138,2.9423728740790445
781,CNc1ccc2nonc2c1N=Cc1c(OC)c(OC)cc2ccn(C)c12,-5.054051,-2.216517,2.837534,0.9214926790520284,3.2008476401597
786,COc1cc2c:C(c3cc(S(=O)(=O)O)cc4nsnc34):n(C)c2cc1OC,-5.149714,-2.910465,2.239249,0.6863521145934772,2.8509647310687907
788,COc1cc2[nH]c(C(=O)O)cc2:C(c2nncc3nonc23):c1OC,-6.006089,-3.144583,2.861506,0.6533826989237825,3.062229134334822
791,CNc1cc(N=Cc2c(OC)c(OC)cc3cc[nH]c23)c2nonc2c1,-5.361905,-2.189156,3.172749,0.9907017274867156,3.246842412540583
793,COc1cc(-c2c(OC)c(OC)cc3[nH]ccc23)s:C:1c1c(Br)ccc2nonc12,-5.167797,-2.354545,2.813252,0.7060160581979067,3.0998908484805883
795,COc1cc2[nH]ccc2:C(c2nc(S(=O)(=O)O)cc3nsnc23):c1OC,-5.864568,-3.155783,2.708785,0.6344528557190431,3.210409046892533
797,COc1cc2cc(C(=O)O)[nH]c2c(C=Nc2nc(C=O)cc3nsnc23)c1OC,-5.915677,-3.168299,2.747377,0.9807090787829176,3.5254508502266653
800,COc1cc2cc(C=Cc3cncc4nonc34)[nH]c2cc1OC,-5.033909,-2.76238,2.271529,0.9998410173026668,2.980772144649359
804,COc1cc2cc(C=Cc3c(S(=O)(=O)O)ccc4nccnc34)n(C)c2cc1OC,-5.229733,-2.625624,2.604108,0.8775323634907103,2.922080626144784
806,COc1cc(-c2c(OC)c(OC)cc3cc(C(=O)O)[nH]c23)s:C:1c1c(C=O)ccc2nsnc12,-5.484846,-2.730883,2.753963,0.75655156179195,3.2796709962691715
809,COc1cc2ccn(C)c2c(C#Cc2cc(S(=O)(=O)O)cc3ccccc23)c1OC,-5.414786,-1.969432,3.445354,1.0,2.827902054716212
816,COc1cc2cc(C(=O)O)[nH]c2c(C=Nc2occ3nc(OC(C)=O)cnc23)c1OC,-5.357658,-2.509721,2.847937,0.9993258144007708,3.499478769915396
821,COc1cc2c(ccn2C)c(C=Nc2cc(S)cc3nsnc23)c1OC,-5.230966,-2.26421,2.966756,0.924529033352004,3.423223252457424
824,COc1cc2[nH]c(C(=O)O)cc2:C(c2occ3nc(Br)cnc23):c1OC,-5.513627,-2.37991,3.133716,0.7696370589840863,3.1761180036891608
826,COc1cc2c:C(c3cccc4nc(S(=O)(=O)O)cnc34):n(C)c2cc1OC,-5.449231,-2.86605,2.583182,0.5916217278022581,2.7623886097514205
827,COc1cc2[nH]ccc2c(C=Nc2nc(C)cc3nonc23)c1OC,-5.429286,-2.482342,2.946944,0.9456074668121308,3.2289531592535656
835,COc1cc2cc(C(=O)O)n(C)c2:C(c2cc(C(F)(F)F)cc3nccnc23):c1OC,-5.692547,-2.39075,3.301797,0.0066784424288339,2.9105348348241176
836,COc1cc2[nH]c(C(=O)O)cc2:C(c2c(C)ncc3nonc23):c1OC,-5.741205,-2.625394,3.115811,0.3107430698134418,2.935532545311922
839,COc1cc2cc(C(=O)O)n(C)c2c(C=Nc2c(Br)ccc3nsnc23)c1OC,-5.642686,-2.503466,3.13922,0.7463980622535225,3.267977742034045
840,COc1cc2c(ccn2C):C(c2cccc3nc(F)cnc23):c1OC,-5.103377,-1.849955,3.253422,0.2765477974936687,2.7063459274009105
845,COc1cc2c(cc(C(=O)O)n2C)c(C=Nc2occ3nc(C#N)cnc23)c1OC,-5.492991,-2.935503,2.557488,0.9999038801217192,3.4923493074634653
846,COc1cc2[nH]ccc2c(C=Nc2c(S)ncc3nsnc23)c1OC,-5.30826,-2.639862,2.668399,0.9304532566118336,3.4873743130997195
847,COc1cc2cc(-c3cc(OC):C(c4c(Br)ccc5nonc45):s3)[nH]c2cc1OC,-4.875461,-2.480578,2.394882,0.7692607049147485,2.99564541019794
852,CNc1cnc2coc(C3:c(OC)c(OC)cc4[nH]ccc:34)c2n1,-4.720983,-1.583489,3.137494,0.7919909902628041,3.1013946768997176
854,COc1cc2cc(C#Cc3cccc4ccc(C#N)cc34)[nH]c2cc1OC,-5.028569,-2.025227,3.003342,1.0,2.658366790240388
857,COc1cc2c(ccn2C)c(C#Cc2cc(S(=O)(=O)O)cc3nsnc23)c1OC,-5.278067,-2.847424,2.430643,1.0,3.199511075367379
859,COc1cc2cc(-c3cc(OC):C(c4scc5nc(C=O)cnc45):s3)n(C)c2cc1OC,-5.019319,-2.722745,2.296574,0.7312642797835212,3.2786537119648287
860,COc1cc2ccn(C)c2c(C=Cc2nc(F)cc3nsnc23)c1OC,-5.27923,-2.730228,2.549002,0.9667729325978,3.3668731485073184
861,COc1cc2c:C(c3cc(C(F)(F)F)cc4nonc34):n(C)c2cc1OC,-5.583515,-2.872039,2.711476,0.706867083091696,2.7638355002995603
863,COc1cc2cc[nH]c2:C(c2cc(C)cc3nsnc23):c1OC,-5.251217,-2.317153,2.934065,0.7235567793376034,2.879942570176631
864,COc1cc2nonc2c(N=Cc2c(OC)c(OC)cc3ccn(C)c23)n1,-5.561216,-2.666347,2.894869,0.9216140779827776,3.3482120757241347
868,COc1cc2cc(C#Cc3cccc4ncc(NC(C)=O)nc34)[nH]c2cc1OC,-4.929771,-2.040452,2.889319,1.0,2.8705824377399463
869,COc1cc(-c2c(OC)c(OC)cc3cc(C(=O)O)[nH]c23)s:C:1c1c(C)ncc2nsnc12,-5.360217,-2.618861,2.741356,0.7004302649434264,3.311547248872065
871,COc1cc2ccn(C)c2c(C=Cc2cccc3cc(C#N)ccc23)c1OC,-5.224421,-1.830266,3.394155,0.8249203101507688,2.689821006201125
872,COc1cc(-c2c(OC)c(OC)cc3c2ccn3C)s:C:1c1c(C=O)ccc2c1SCS2,-5.112742,-1.543725,3.569017,0.5785012883683591,3.4780307195726063
876,COc1cc2[nH]ccc2c(C#Cc2cccc3nc(S)cnc23)c1OC,-5.069169,-2.016158,3.053011,1.0,3.1887993356175066
879,COc1cc2cc(-c3cc(OC):C(c4cccc5ncc(F)nc45):s3)[nH]c2cc1OC,-4.628433,-2.051942,2.576491,0.9725266699361091,2.897942943014669
881,COc1cc2ccn(C)c2c(C=Cc2occ3ncc(O)nc23)c1OC,-4.783168,-2.037475,2.745693,0.9415090847022816,3.491965664099835
884,COc1cc2cc(C(=O)O)[nH]c2c(C=Nc2cc(C=O)cc3nonc23)c1OC,-5.88972,-3.178496,2.711224,0.997642044788548,3.328568673866441
885,COc1cc2[nH]ccc2c(C#Cc2cc(C=O)cc3ccccc23)c1OC,-5.305817,-1.988995,3.316823,1.0,2.765370932252223
893,COc1cc2ccn(C)c2c(C=Cc2cccc3nc(C=O)cnc23)c1OC,-5.146023,-2.650926,2.495097,0.8342817302899564,2.980836006201125
897,COc1cc2[nH]ccc2:C(c2cccc3ncc(OC(C)=O)nc23):c1OC,-5.293785,-1.860218,3.433567,0.0436193887378852,2.6782991886112484
900,COc1cc2cc(-c3cc(OC):C(c4nc(OC(C)=O)cc5nsnc45):s3)n(C)c2cc1OC,-5.075768,-2.576998,2.49877,0.9000120249684953,3.3190272462691697
902,COc1cc(-c2c(OC)c(OC)cc3cc(C(=O)O)[nH]c23)s:C:1c1c(C)ccc2nonc12,-5.368778,-2.251038,3.11774,0.7133555870120057,3.145901095025912
905,COc1cc2cc(C(=O)O)n(C)c2c(C=Nc2cc(C)cc3nsnc23)c1OC,-5.494214,-2.32722,3.166995,0.8646743787364248,3.2377982548545585
907,COc1cc2ccn(C)c2c(C=Nc2c(S(=O)(=O)O)ncc3nonc23)c1OC,-5.642733,-3.320259,2.322474,0.6723634269239998,3.46871107536738
911,COc1cc2[nH]ccc2c(C#Cc2cc(S(=O)(=O)O)cc3nccnc23)c1OC,-5.271798,-2.510266,2.761532,1.0,3.0398138896262914
913,COc1cc2cc[nH]c2:C(c2cccc3ncc(S)nc23):c1OC,-5.262835,-2.03604,3.226794,0.6148933185256972,2.9444354795753025
914,COc1cc2[nH]ccc2:C(c2c(F)ccc3nsnc23):c1OC,-5.393955,-2.244077,3.149878,0.3286416806405007,2.7066957170297776
916,COc1cc(-c2c(OC)c(OC)cc3cc[nH]c23)s:C:1c1cccc2nc(Br)cnc12,-5.051288,-2.214203,2.837084,0.8981590202968934,3.0740629084425013
918,COc1cc2c(ccn2C):C(c2cc(O)cc3nonc23):c1OC,-5.250482,-1.998681,3.251801,0.6278001295772145,2.859680315302235
919,COc1cc2[nH]ccc2c(C=Nc2cc(OC(C)=O)cc3nsnc23)c1OC,-5.239439,-2.241852,2.997587,0.9131442306705908,3.1764215831242018
922,COc1cc2cc(C#CC3:nncc4nsnc:34)[nH]c2cc1OC,-5.243377,-3.0443,2.199077,1.0,3.32561060618782
923,COc1c:C(c2c(OC)c(OC)cc3cc[nH]c23):sc1-c1cc(C#N)cc2nonc12,-5.374014,-2.865937,2.508077,0.9088668910854978,3.229178725210004
924,COc1c:C(c2c(OC)c(OC)cc3c2cc(C(=O)O)n3C):sc1-c1c(C#N)ncc2nonc12,-5.608732,-3.112097,2.496635,0.818110960381152,3.399234470952593
926,COc1cc2cc[nH]c2c(C=Cc2c(C#N)ncc3nonc23)c1OC,-5.574064,-3.278423,2.295642,0.9615775491376009,3.339201797155969
927,COc1cc2cc(-c3cc(OC)c(C4:occ5ncc(C#N)nc:45)s3)[nH]c2cc1OC,-4.952275,-2.701716,2.25056,0.9766751533836586,3.277693159090729
928,COc1cc2cc(C=NC3:scc4nc(C#N)cnc:34)[nH]c2cc1OC,-5.163721,-2.911794,2.251927,0.999999847209851,3.262820874079045
929,COc1cc2cc(-c3cc(OC)c(C4:occ5ncc(C#N)nc:45)s3)[nH]c2cc1OC,-4.953437,-2.770052,2.183385,0.983332621214857,3.277693159090729
930,COc1cc2c:C(N=Cc3cc(C#N)cc4nsnc34):[nH]c2cc1OC,-5.318796,-3.146199,2.172597,0.9999066139927952,3.216702104848276
931,COc1cc2c(ccn2C)c(C=Cc2scc3nc(C#N)cnc23)c1OC,-5.058919,-2.784798,2.27412,0.9862679093181608,3.3201835042955645
932,COc1cc2cc(-c3s:C(c4c(C(F)(F)F)ccc5nonc45):cc3OC)[nH]c2cc1OC,-4.859976,-2.828531,2.031445,0.9018143312114408,3.059527894033356
934,COc1cc2cc(C=Cc3c(C(F)(F)F)ncc4nonc34)[nH]c2cc1OC,-5.182413,-3.014795,2.167618,0.954894928054474,3.143769569979119
935,COc1cc2cc(-c3cc(OC)c(C4:occ5ncc(C#N)nc:45)s3)[nH]c2cc1OC,-4.991704,-2.714646,2.277057,0.9719204184112226,3.277693159090729
936,COc1cc2c:C(c3sc(-c4scc5ncc(C=O)nc45)cc3OC):[nH]c2cc1OC,-4.686271,-2.953787,1.732485,0.9999926858336972,3.239527558399286
937,COc1cc2ccn(C)c2c(C2:c(C#N)ncc3nsnc:23)c1OC,-5.403405,-3.17977,2.223635,0.2729740121739223,3.219349827725938
938,COc1cc2ccn(C)c2c(C=Cc2scc3nc(C#N)cnc23)c1OC,-5.146429,-2.920495,2.225934,0.9487009760723006,3.3902989888110486
939,COc1cc2cc(C=Cc3scc4ncc(C=O)nc34)[nH]c2cc1OC,-4.869199,-2.852888,2.016311,0.9999982630801068,3.205429489463661
940,COc1cc2cc(C3:nc(C=O)cc4nsnc:34)n(C)c2cc1OC,-5.235439,-2.961056,2.274384,0.9865044220752652,3.072393381355408
941,COc1cc2cc(C=Cc3cc(C=O)cc4nsnc34)[nH]c2cc1OC,-4.891654,-2.751801,2.139853,0.9999939010467735,3.0305377971559686
942,COc1cc2[nH]ccc2c(C=Cc2occ3ncc(C#N)nc23)c1OC,-5.136615,-2.771332,2.365283,0.991828044809092,3.3606873356175075
943,COc1cc2cc[nH]c2c(C=Cc2cc(F)cc3nsnc23)c1OC,-5.321068,-2.526579,2.794489,0.9670156364478582,3.096326236176642
945,COc1cc2c:C(N=Cc3c(F)ncc4nsnc34):[nH]c2cc1OC,-5.091825,-3.077439,2.014386,0.998125887815046,3.3300646977151045
946,COc1cc2c:C(C=Cc3c(C#N)ccc4nonc34):[nH]c2cc1OC,-5.171875,-2.920348,2.251527,0.9999992482967848,2.9589679510021227
947,COc1cc2cc(C(=O)O)n(C)c2c(C2:c(C#N)ncc3nonc:23)c1OC,-5.868581,-3.392528,2.476052,0.1189622972223636,3.246277958863846
948,COc1cc2c:C(C=Cc3cccc4ncc(C#N)nc34):[nH]c2cc1OC,-4.89284,-2.623202,2.269638,0.9999852472470504,2.7787928257433467
949,COc1cc2cc(C(=O)O)[nH]c2c(C=Nc2cccc3ncc(C#N)nc23)c1OC,-5.777354,-2.737868,3.039487,0.8617934581185742,3.1379583766295926
950,COc1cc2cc[nH]c2c(C2:nc(Br)cc3nsnc:23)c1OC,-5.318983,-2.895079,2.423904,0.8093081253220185,3.184725786959848
951,COc1cc2c:C(C=Cc3cc(Br)cc4nsnc34):[nH]c2cc1OC,-4.922096,-2.563509,2.358587,0.999999419324045,2.91946854386895
952,COc1cc2c:C(c3sc(-c4c(F)ncc5nonc45)cc3OC):[nH]c2cc1OC,-4.905295,-3.108411,1.796883,0.9998756900353922,3.1636958574251315
953,COc1cc2c:C(C#Cc3cncc4nsnc34):[nH]c2cc1OC,-5.26457,-2.878333,2.386238,1.0,3.1393897270669413
954,COc1cc2[nH]ccc2c(C2:nncc3nsnc:23)c1OC,-5.497722,-2.914445,2.583278,0.5765208152819504,3.087255568725219
955,COc1cc2[nH]ccc2c(C2:nc(F)cc3nsnc:23)c1OC,-5.515712,-2.675891,2.839821,0.5649031219652746,3.0993159967500583
958,COc1cc2c(cc(C(=O)O)n2C)c(C2:cncc3nonc:23)c1OC,-5.683224,-2.740545,2.942679,0.6286014165662549,2.944786707588001
959,COc1cc2ccn(C)c2c(C2:c(C)ncc3nonc:23)c1OC,-5.398325,-2.679805,2.71852,0.268649794833788,3.037644116207213
960,COc1cc(-c2nc(O)cc3nsnc23)s:C:1c1c(OC)c(OC)cc2[nH]c(C(=O)O)cc12,-5.336209,-2.75392,2.582289,0.7949627824482701,3.3697144945296333
961,COc1cc2[nH]ccc2c(C#Cc2cc(OC(C)=O)cc3nonc23)c1OC,-5.240773,-2.433542,2.807231,1.0,3.1233579292780487
962,COc1cc2c(ccn2C):C(c2c(C(F)(F)F)ccc3nccnc23):c1OC,-5.249952,-2.073779,3.176174,0.2300725109073861,2.7295590239526035
967,COc1cc2cc(C(=O)O)n(C)c2c(C=Nc2c(C=O)ncc3nsnc23)c1OC,-5.886026,-3.028028,2.857998,0.7725153754059588,3.5290086481228062
968,COc1cc2[nH]ccc2c(C=Nc2scc3ncc(C#N)nc23)c1OC,-5.326999,-2.816566,2.510433,0.9711087629947672,3.3515821048482763
969,COc1cc2c(cc(C(=O)O)n2C)c(C=Nc2c(S(=O)(=O)O)ncc3nonc23)c1OC,-6.284278,-3.587235,2.697042,0.9921982092350649,3.44463866547286
976,COc1cc(-c2c(OC)c(OC)cc3[nH]ccc23)s:C:1c1c(Br)ncc2nsnc12,-5.127379,-2.76202,2.365359,0.695843057035888,3.336185123972537
979,COc1cc2cc(C(=O)O)n(C)c2c(C=Nc2nc(C)cc3nsnc23)c1OC,-5.648596,-2.562238,3.086357,0.8568657695345987,3.393447827504132
984,COc1cnc2c(C=Cc3c(OC)c(OC)cc4c3ccn4C)occ2n1,-4.696974,-1.862735,2.834239,0.9895849242064108,3.243801286513346
985,COc1cc2cc(C=Nc3c(C#N)ccc4nccnc34)n(C)c2cc1OC,-5.414203,-2.454337,2.959866,0.8831390303880686,2.980436198508816
987,COc1cc2cc(C=Nc3cc(C#N)cc4nccnc34)[nH]c2cc1OC,-5.515188,-2.543818,2.97137,0.8869293325122846,2.960347855329145
989,COc1cc2cc[nH]c2c(C=Nc2c(C=O)ccc3nsnc23)c1OC,-5.646605,-2.771824,2.874781,0.8753081585949913,3.2775328740790446
997,COc1cc2c(cc(C(=O)O)n2C)c(C=Nc2c(C=O)ccc3nonc23)c1OC,-5.816352,-2.881681,2.934671,0.921696276400254,3.2300471096612675
1000,COc1cc2cc(C=Nc3cc(NC(C)=O)cc4nccnc34)n(C)c2cc1OC,-5.403542,-1.979102,3.42444,0.8788144658779182,2.9123100508377373
1001,COc1cc2c(cc(C(=O)O)n2C)c(C=Nc2nc(S)cc3nonc23)c1OC,-5.801687,-2.818657,2.98303,0.934604521861006,3.524835861692166
1009,COc1cc2cc(-c3cc(OC):C(c4cc(O)cc5nonc45):s3)[nH]c2cc1OC,-4.954735,-2.22588,2.728855,0.9762627409183122,3.040378147228351
1010,COc1cc(-c2c(OC)c(OC)cc3cc(C(=O)O)[nH]c23)s:C:1c1c(OC)ccc2nsnc12,-5.050455,-2.213055,2.8374,0.7072113817618705,3.143974361653786
1014,COc1cc2cc(C=Nc3occ4nc(S(=O)(=O)O)cnc34)[nH]c2cc1OC,-5.272306,-3.019455,2.252851,0.9999998750688316,3.4386803781582813
1015,COc1cc2[nH]ccc2c(C#Cc2c(OC)ccc3nccnc23)c1OC,-4.856016,-1.872886,2.98313,1.0,2.864182766571748
1023,COc1cc2c(ccn2C):C(c2cc(C(F)(F)F)cc3nonc23):c1OC,-5.348561,-2.480343,2.868218,0.483511921184603,2.8495376541457134
1029,COc1cc2cc(C=Cc3cccc4nc(O)cnc34)n(C)c2cc1OC,-4.777839,-2.043485,2.734354,0.9988208870905242,2.8522230647351243
1033,COc1cc2cc[nH]c2c(C=Nc2c(Br)ccc3nsnc23)c1OC,-5.440986,-2.597229,2.843757,0.9301800680020488,3.2168704669458723
1035,COc1cc2c(cc(C(=O)O)n2C)c(C=Cc2c(C=O)ccc3nonc23)c1OC,-5.682789,-2.689229,2.99356,0.6768348050133389,3.144960845925004
1036,COc1cc2cc(C(=O)O)n(C)c2c(C=Nc2c(OC(C)=O)ccc3nonc23)c1OC,-5.679799,-2.480456,3.199343,0.759887597028521,3.2290680518168537
1040,COc1cc2c(ccn2C):C(c2scc3nc(S)cnc23):c1OC,-5.237704,-2.018764,3.21894,0.5573452673693382,3.3255667406416016
1043,COc1cc2cc(C=Cc3cccc4ncc(OC(C)=O)nc34)n(C)c2cc1OC,-4.810205,-2.061261,2.748944,0.9843100025094464,2.819250865317376
1044,COc1cc2cc[nH]c2c(C#Cc2occ3ncc(O)nc23)c1OC,-5.029937,-2.142445,2.887492,1.0,3.590818543868949
1046,COc1cc2cc(C=Cc3c(C=O)ccc4nsnc34)[nH]c2cc1OC,-5.075585,-2.718502,2.357083,0.9166483154983094,2.9952190279251987
1047,COc1cc2c(cc(C(=O)O)n2C)c(C=Cc2nc(Br)cc3nsnc23)c1OC,-5.522767,-2.909063,2.613704,0.9902895408683946,3.34916235741866
1053,COc1cc2cc(C=Nc3cc(Br)cc4nonc34)[nH]c2cc1OC,-5.302382,-2.708196,2.594186,0.9999994218130696,3.033978159253566
1060,COc1cc2cc(C(=O)O)n(C)c2:C(c2cccc3nc(C#N)cnc23):c1OC,-5.655934,-2.73106,2.924874,0.0097859483016238,2.9152820155383186
1062,COc1cc(-c2c(OC)c(OC)cc3c2cc(C(=O)O)n3C)s:C:1c1c(C(F)(F)F)ccc2nonc12,-5.388442,-2.691995,2.696447,0.5250803624291517,3.2536802025382503
1068,COc1cc(-c2c(OC)c(OC)cc3cc[nH]c23)s:C:1c1nc(C(F)(F)F)cc2nsnc12,-5.369443,-2.816493,2.55295,0.883141987542452,3.3981020875817425
1070,COc1cc2cc(C(=O)O)[nH]c2:C(c2cccc3nsnc23):c1OC,-5.584285,-2.517962,3.066323,0.7056363283469318,2.75708135535324
1071,COc1cc2c(cc(C(=O)O)n2C):C(c2nc(C(F)(F)F)cc3nsnc23):c1OC,-5.767935,-2.987591,2.780344,0.628015159851877,3.146214558066521
1073,COc1cc(-c2c(OC)c(OC)cc3ccn(C)c23)s:C:1c1c(C=O)ccc2nccnc12,-5.419347,-2.347083,3.072264,0.3973015217235905,3.1410019291951743
1075,COc1cc2cc[nH]c2:C(c2cc(C=O)cc3nsnc23):c1OC,-5.444063,-2.959087,2.484976,0.729735431800441,3.0461344762308222
1076,COc1cc2ccn(C)c2:C(c2scc3ncc(OC(C)=O)nc23):c1OC,-5.149716,-2.22196,2.927757,0.4006064337284731,3.16178790515786
1077,COc1cc2c(cc(C(=O)O)n2C)c(C=Cc2occ3nc(C#N)cnc23)c1OC,-5.320852,-2.905625,2.415227,0.9894458660783428,3.408650955815114
1080,COc1cc2cc(C=Nc3c(NC(C)=O)ccc4nsnc34)n(C)c2cc1OC,-5.234831,-2.52953,2.705301,0.9996637857059733,3.052722895254809
1082,COc1cc2[nH]ccc2c(C=Cc2c(S)ccc3nccnc23)c1OC,-5.201211,-1.953033,3.248178,0.8093829643770396,3.049078720232891
1088,COc1cc2c(cc(C(=O)O)n2C)c(C=Cc2c(O)ncc3nonc23)c1OC,-5.225976,-2.816234,2.409742,0.9865297204319624,3.3049589386152416
1090,COc1cc2[nH]c(C(=O)O)cc2:C(c2c(C(F)(F)F)ncc3nonc23):c1OC,-6.028523,-3.163553,2.86497,0.3321934957043223,3.080057229213533
1094,COc1cc2ccn(C)c2c(C=Cc2scc3nc(S)cnc23)c1OC,-4.913474,-2.341085,2.572389,0.9461949367171988,3.56933946867364
1095,COc1cc2ccn(C)c2c(C=Cc2nc(C=O)cc3nsnc23)c1OC,-5.335706,-2.967017,2.368689,0.9661322120897538,3.4213719158839755
1097,COc1cc2[nH]ccc2:C(c2cccc3nc(S(=O)(=O)O)cnc23):c1OC,-5.360337,-2.59603,2.764307,0.3519610820030662,2.818891548882556
1099,COc1cc(-c2c(OC)c(OC)cc3ccn(C)c23)s:C:1c1cc(C#N)cc2nsnc12,-5.382916,-2.770386,2.61253,0.5862934960830588,3.2956555716436124
1100,COc1cc2cc(C=Cc3nc(F)cc4nonc34)n(C)c2cc1OC,-5.182159,-2.810291,2.371868,0.9999787917556188,3.158632607966778
1101,COc1cc2[nH]c(C(=O)O)cc2:C(c2cc(S(=O)(=O)O)cc3nsnc23):c1OC,-5.720341,-2.831664,2.888677,0.4121957786256601,2.966904729213533
1103,COc1cc2cc(C=Nc3cc(OC(C)=O)cc4nsnc34)[nH]c2cc1OC,-5.05008,-2.453931,2.596149,0.9997278516354812,3.0830240831242017
1105,COc1cc2[nH]ccc2:C(c2nccc3nsnc23):c1OC,-5.393568,-2.52419,2.869378,0.5430098932345292,2.8535476360329124
1106,COc1cc2c(cc(C(=O)O)n2C)c(C=Nc2cccc3nc(C#N)cnc23)c1OC,-5.677594,-2.560274,3.11732,0.8421924159451899,3.1177212102336966
1107,COc1cc2cc(-c3s:C(c4scc5nc(F)cnc45):cc3OC)[nH]c2cc1OC,-4.548715,-2.566218,1.982497,0.9988300952940669,3.220328236673791
1108,COc1c:C(c2c(OC)c(OC)cc3[nH]ccc23):sc1-c1nncc2nsnc12,-5.153725,-2.671465,2.48226,0.8754899230460429,3.297117119323424
1109,COc1c:C(c2c(OC)c(OC)cc3cc(C(=O)O)[nH]c23):sc1-c1c(C#N)ncc2nonc12,-5.727135,-3.187949,2.539186,0.7949176137327101,3.422439265499939
1110,COc1cc2cc(C=NC3:cc(C#N)cc4nonc:34)[nH]c2cc1OC,-5.598923,-3.100866,2.498057,0.999997936268485,3.086594412540583
1111,COc1cc2cc(C=NC3:c(C#N)ncc4nonc:34)[nH]c2cc1OC,-5.537198,-3.280577,2.256621,0.9999996418989314,3.2496651817713538
1112,COc1cc2c(ccn2C)c(C=Cc2c(C#N)ncc3nonc23)c1OC,-5.266591,-2.997124,2.269467,0.7201677366189914,3.266561126673186
1113,COc1cc2cc(C#CC3:scc4ncc(C=O)nc:34)[nH]c2cc1OC,-5.179346,-2.940125,2.239221,1.0,3.3571870279252
1114,COc1cc2cc[nH]c2c(C=Cc2occ3ncc(C#N)nc23)c1OC,-5.249875,-2.891405,2.358469,0.9862786673074015,3.437086720232891
1115,COc1cc2cc(C=Cc3occ4nc(S)cnc34)[nH]c2cc1OC,-4.651094,-2.259286,2.391808,0.9999999980438335,3.4419050823304884
1117,COc1cc2cc(C=NC3:cc(F)cc4nsnc:34)[nH]c2cc1OC,-5.139566,-2.517668,2.621898,0.9999917883359648,3.046360851561259
1118,COc1cc2cc(C=Cc3cccc4nc(NC(C)=O)cnc34)[nH]c2cc1OC,-4.627098,-1.941794,2.685304,0.9999975248251596,2.696909963226508
1119,COc1cc2[nH]ccc2c(N=Cc2occ3ncc(C#N)nc23)c1OC,-5.160911,-3.039534,2.121378,0.9336607166389352,3.5445513356175065
1120,COc1cc2cc(C(=O)O)n(C)c2c(C2:cc(C#N)cc3nsnc:23)c1OC,-5.751289,-2.978428,2.77286,0.1960766849112903,3.100760207384557
1121,COc1cc2cc[nH]c2c(C=Cc2cccc3ncc(C#N)nc23)c1OC,-5.308997,-2.746616,2.56238,0.9568649477147446,2.9586170860983767
1122,COc1cc2cc(C(=O)O)[nH]c2c(N=Cc2occ3ncc(C#N)nc23)c1OC,-5.565003,-3.275746,2.289257,0.9833122153161602,3.567538092252933
1123,COc1cc2c(cc(C(=O)O)n2C)c(C2:scc3nc(C#N)cnc:23)c1OC,-5.720625,-2.841977,2.878647,0.4343937553739114,3.172781509159704
1124,COc1cc2cc(C(=O)O)[nH]c2c(C=Cc2nc(F)cc3nsnc23)c1OC,-5.625019,-2.911941,2.713078,0.988638399117064,3.375396444370549
1125,COc1cc2cc(C=Cc3c(F)ccc4nsnc34)[nH]c2cc1OC,-4.758352,-2.415896,2.342456,0.9999787512424184,2.862660851561259
1126,COc1cc2c:C(N=Cc3c(C#N)ncc4nsnc34):[nH]c2cc1OC,-5.535922,-3.430281,2.105641,0.9999866472669824,3.377485489463661
1128,COc1cc2cc[nH]c2c(C=Cc2scc3nc(C#N)cnc23)c1OC,-5.228947,-2.955873,2.273074,0.981821298874772,3.394254104848277
1129,COc1cc2cc(C#Cc3occ4nc(C#N)cnc34)[nH]c2cc1OC,-5.278357,-3.033386,2.244971,1.0,3.422906412540584
1130,COc1cc2c(cc(C(=O)O)n2C)c(C2:scc3ncc(C=O)nc:23)c1OC,-5.672204,-2.748115,2.924089,0.4358186167449369,3.17104363933722
1131,COc1cc2cc(C(=O)O)[nH]c2c(C2:nc(C=O)cc3nsnc:23)c1OC,-5.695602,-3.201786,2.493816,0.7752005975532508,3.235402075198346
1132,COc1cc2cc(C=Cc3cccc4cc(C=O)ccc34)n(C)c2cc1OC,-4.800851,-1.943464,2.857387,0.9104652404482844,2.557180044662662
1133,COc1cc2cc(C=Cc3c(OC(C)=O)ccc4nonc34)n(C)c2cc1OC,-4.886188,-2.418104,2.468084,0.987044933575405,2.920502257356123
1134,COc1cc2cc(-c3cc(OC)c(C4:cc(C#N)cc5nonc:45)s3)[nH]c2cc1OC,-5.158858,-2.873081,2.285777,0.98004366153222,3.069089183291249
1135,COc1cc2cc(N=Cc3scc4nc(C#N)cnc34)n(C)c2cc1OC,-5.089961,-3.157301,1.93266,0.9999987750188392,3.40480867912074
1136,COc1cc(C2:sc(-c3cc4cc(OC)c(OC)cc4[nH]3)cc:2OC)c2nsnc2c1,-4.646649,-2.074352,2.572296,0.9749601078394234,2.9900198660915933
1137,COc1cc(C=Cc2cc3cc(OC)c(OC)cc3[nH]2)c2nsnc2c1,-4.752251,-2.172302,2.579949,0.9999806951838696,2.8471464125405834
1138,COc1cc2cc(C(=O)O)[nH]c2c(C=Cc2cc(F)cc3nsnc23)c1OC,-5.56451,-2.612502,2.952009,0.954860746607104,3.1235191318096938
1139,COc1cc2c:C(N=Cc3cc(C#N)cc4nonc34):[nH]c2cc1OC,-5.464082,-3.276648,2.187433,0.9999969286673132,3.185319335617507
1140,COc1cc2cc(C=Cc3c(C(F)(F)F)ncc4nsnc34)[nH]c2cc1OC,-5.025941,-2.925609,2.100332,0.9491079741716416,3.179338411264416
1141,COc1cc2[nH]ccc2c(C2:c(F)ncc3nsnc:23)c1OC,-5.237879,-2.688943,2.548936,0.4202557312865724,3.022528584162645
1142,COc1cc2cc(C(=O)O)[nH]c2c(C=Nc2cc(C#N)cc3nsnc23)c1OC,-5.854495,-3.103848,2.750646,0.9808605765053172,3.324673176680701
1143,COc1cc2cc(C(=O)O)n(C)c2c(C2:c(C#N)ccc3nonc:23)c1OC,-5.790878,-2.999156,2.791721,0.2653294316612706,3.04313713046148
1144,COc1cc2c:C(N=Cc3c(C#N)ncc4nonc34):[nH]c2cc1OC,-5.349519,-3.389052,1.960468,0.9999999993445736,3.340019643309814
1145,COc1cc2[nH]c(C(=O)O)cc2c(C2:cccc3ncc(C#N)nc:23)c1OC,-5.840464,-2.584985,3.255478,0.4695150524359062,2.751672783221572
1146,COc1cc(-c2occ3ncc(C#N)nc23)s:C:1c1c(OC)c(OC)cc2[nH]c(C(=O)O)cc12,-5.289378,-2.995728,2.293651,0.7979879062939461,3.430556573192248
1147,COc1cc2cc(N=Cc3nc(C(F)(F)F)cc4nonc34)[nH]c2cc1OC,-5.679347,-3.360356,2.318992,0.9998507806415804,3.3612032603393907
1148,COc1cc2cc(C3:c(F)ncc4nonc:34)n(C)c2cc1OC,-5.329368,-3.00994,2.319428,0.8293886829797965,2.961985066433458
1149,COc1cc2c:C(C=Cc3cncc4nsnc34):[nH]c2cc1OC,-4.890012,-2.679572,2.210439,0.9943302773818916,3.003636100693315
1150,COc1cc2cc(C(=O)O)n(C)c2c(C2:nncc3nsnc:23)c1OC,-5.66264,-3.104436,2.558204,0.3861396825862846,3.221626328241321
1151,COc1cc2cc[nH]c2c(C2:cc(Br)cc3nsnc:23)c1OC,-5.402961,-2.665662,2.737299,0.7272173599696077,2.955578234512295
1152,COc1cc2cc(C(=O)O)n(C)c2c(C2:nc(Br)cc3nsnc:23)c1OC,-5.683085,-2.981777,2.701308,0.3633268324363999,3.241101346453405
1153,COc1cc2cc(C=Cc3cncc4nonc34)n(C)c2cc1OC,-4.991404,-2.735215,2.256189,0.9993032686662748,3.014030082330489
1154,COc1cc2c:C(N=Cc3cc(F)cc4nsnc34):[nH]c2cc1OC,-5.186235,-2.769897,2.416337,0.9998240980729088,3.11354354386895
1155,COc1cc2cc(-c3cc(OC)c(C4:scc5ncc(Br)nc:45)s3)n(C)c2cc1OC,-4.683955,-2.378906,2.305049,0.906150703764185,3.2389477595464538
1156,COc1cc2c(ccn2C)c(C=Cc2occ3ncc(C#N)nc23)c1OC,-5.155367,-2.808187,2.34718,0.9919525839172048,3.361903584215644
1157,COc1cc2ccn(C)c2c(C2:cncc3nonc:23)c1OC,-5.395527,-2.763197,2.63233,0.3321613839848939,2.9977481645822266
1158,COc1cc2cc(C=Cc3scc4nc(C)cnc34)[nH]c2cc1OC,-4.568849,-2.205024,2.363825,0.999999999394932,3.029391620792028
1159,COc1cc2c(ccn2C)c(C2:c(C)ncc3nonc:23)c1OC,-5.500184,-2.456955,3.043229,0.4017211894925463,2.9143726229945432
1160,COc1cc2cc(C(=O)O)n(C)c2c(C2:nc(C=O)cc3nsnc:23)c1OC,-5.715412,-3.15631,2.559101,0.3410588584287709,3.284585651171539
1161,COc1cc2c:C(N=Cc3nc(O)cc4nsnc34):[nH]c2cc1OC,-5.212107,-2.925336,2.28677,0.9999009427763924,3.4342916207920275
1170,COc1cc2cc(-c3cc(OC):C(c4nc(Br)cc5nsnc45):s3)[nH]c2cc1OC,-4.967973,-2.675274,2.292699,0.9786118400065196,3.233701045260552
1172,COc1cc2cc(C(=O)O)n(C)c2c(C=Cc2nc(F)cc3nonc23)c1OC,-5.68189,-2.954565,2.727326,0.9504080119423362,3.362495690751995
1175,COc1cc2c(cc(C(=O)O)n2C)c(C=Cc2nc(C(F)(F)F)cc3nonc23)c1OC,-5.685416,-3.035185,2.650231,0.9903243816768456,3.30288866547286
1177,COc1cc2cc(C=Cc3c(C=O)ncc4nsnc34)n(C)c2cc1OC,-4.905597,-3.014344,1.891253,0.807042289416121,3.2726192685313285
1178,COc1cc2c(cc(C(=O)O)n2C):C(c2c(NC(C)=O)ccc3nonc23):c1OC,-5.691051,-2.20164,3.489411,0.5483591076412596,2.832839741727996
1181,COc1cc2c(ccn2C)c(C=Nc2nc(OC(C)=O)cc3nsnc23)c1OC,-5.294569,-2.523249,2.77132,0.9509242270281624,3.417467735780137
1182,COc1cc2[nH]ccc2:C(c2cccc3nsnc23):c1OC,-5.134661,-2.091484,3.043177,0.5606989130848818,2.6085485975713727
1186,COc1cc(-c2c(OC)c(OC)cc3cc[nH]c23)s:C:1c1c(C)ccc2nonc12,-5.157426,-2.192237,2.965189,0.7188490196326082,3.094102834169318
1187,COc1cc2cc(C=Nc3c(C=O)ccc4c3SCS4)n(C)c2cc1OC,-5.300982,-1.874687,3.426295,0.7977138158184174,3.4665175702296294
1192,COc1cc2cc(C=Nc3cccc4ncc(S)nc34)n(C)c2cc1OC,-5.308753,-1.994023,3.31473,0.8608476417755317,3.136561925873985
1193,COc1cc2[nH]ccc2c(C=Cc2c(C)ncc3nonc23)c1OC,-5.157017,-2.625514,2.531503,0.9858145549147884,3.1287973900227968
1195,COc1cc(-c2c(OC)c(OC)cc3cc[nH]c23)s:C:1c1occ2nc(F)cnc12,-4.885305,-2.235721,2.649583,0.9075809152888464,3.4333963940977625
1205,COc1cc2ccn(C)c2c(C=Cc2cc(C)cc3nsnc23)c1OC,-5.088714,-2.301762,2.786953,0.8398540959653116,3.0662619218960927
1219,COc1cc2cc(C=Cc3c(C#N)ccc4ccccc34)n(C)c2cc1OC,-5.012683,-2.043393,2.96929,0.9061122931504256,2.6015050446626624
1220,COc1cc2c(ccn2C):C(c2nc(NC(C)=O)cc3nsnc23):c1OC,-5.208104,-2.354735,2.853369,0.5341368134637364,3.003941751311705
1223,COc1cc2c(ccn2C):C(c2c(C=O)ccc3nsnc23):c1OC,-5.315052,-2.542198,2.772854,0.2595038254799329,2.885706274096469
1224,COc1cc2cc(C=Cc3scc4ncc(Br)nc34)n(C)c2cc1OC,-4.868278,-2.599739,2.268539,0.999678009107052,3.197186662020833
1228,COc1cc2c(cc(C(=O)O)n2C)c(C=Cc2c(O)ncc3nsnc23)c1OC,-5.141812,-2.670471,2.471341,0.985917179197728,3.339649536905841
1229,COc1cc2cc(C(=O)O)[nH]c2c(C=Nc2c(C)ncc3nsnc23)c1OC,-5.683978,-2.862634,2.821344,0.9821520738427874,3.355571906882721
1235,COc1cc2cc(C(=O)O)[nH]c2:C(c2nccc3nonc23):c1OC,-5.669752,-2.852826,2.816926,0.8581300764096167,2.929602482113804
1236,COc1cc2[nH]ccc2c(C=Nc2cccc3nccnc23)c1OC,-5.18705,-1.778946,3.408104,0.8473016157070379,2.798167779906885
1239,COc1cc2ccn(C)c2c(C=Nc2cc(Br)cc3nonc23)c1OC,-5.514807,-2.684102,2.830704,0.9139802363624724,3.215716183850356
1241,COc1cc2cc(-c3cc(OC):C(c4occ5nc(S(=O)(=O)O)cnc45):s3)[nH]c2cc1OC,-5.003707,-2.906838,2.096869,0.9998761246335266,3.3702504746785173
1246,COc1cc2cc(-c3cc(OC):C(c4cccc5ncc(F)nc45):s3)n(C)c2cc1OC,-4.664084,-2.043416,2.620669,0.8893782790057684,2.9592077271803827
1247,COc1cc2cc[nH]c2:C(c2c(S(=O)(=O)O)ccc3nsnc23):c1OC,-5.646616,-2.931849,2.714767,0.348022001085483,2.9706619446796783
1248,COc1cc2cc(C(=O)O)n(C)c2c(C#Cc2scc3ncc(S)nc23)c1OC,-5.257966,-2.518368,2.739598,1.0,3.651545263401568
1249,COc1cc2cc(C(=O)O)[nH]c2:C(c2cc(C#N)cc3nccnc23):c1OC,-5.726236,-2.618961,3.107275,0.6114721348510833,2.8719134842926533
1251,CNc1ncc2nonc2c1C1:sc(-c2cc3cc(OC)c(OC)cc3[nH]2)cc:1OC,-4.707301,-2.388049,2.319253,0.8204572647842319,3.187798949929105
1252,COc1cc2cc[nH]c2c(C=Nc2occ3nc(O)cnc23)c1OC,-5.109225,-2.292554,2.81667,0.9999850749371754,3.593424313099719
1254,COc1cc2cc(C(=O)O)n(C)c2c(C#Cc2scc3nc(C=O)cnc23)c1OC,-5.348732,-2.938842,2.40989,1.0,3.4974476591118178
1257,COc1cc2ccn(C)c2c(C=Nc2nc(C(F)(F)F)cc3nonc23)c1OC,-5.814698,-3.020348,2.79435,0.9097973220561704,3.410533297589602
1261,COc1cc2cc[nH]c2c(C=Cc2cccc3nc(OC(C)=O)cnc23)c1OC,-5.127623,-2.095803,3.031821,0.9500529150505904,2.9628545415397607
1267,COc1cc(-c2c(OC)c(OC)cc3cc(C(=O)O)n(C)c23)s:C:1c1c(S(=O)(=O)O)ncc2nonc12,-5.736532,-3.332846,2.403687,0.412739701442894,3.543595587153634
1268,COc1cc2c(cc(C(=O)O)n2C)c(C=Cc2c(F)ccc3nsnc23)c1OC,-5.264838,-2.444102,2.820735,0.983024987578275,3.0512905625468667
1272,COc1cc2c(ccn2C):C(c2c(C=O)ccc3ccccc23):c1OC,-5.267569,-1.541064,3.726505,0.2326545478933479,2.447088117322288
1289,COc1cc(-c2c(OC)c(OC)cc3[nH]c(C(=O)O)cc23)s:C:1c1occ2ncc(C=O)nc12,-5.049187,-2.615424,2.433763,0.938602591598156,3.424226284730709
1295,COc1c:C(c2c(OC)c(OC)cc3[nH]c(C(=O)O)cc23):sc1-c1cc(C#N)cc2nonc12,-5.477354,-2.820526,2.656829,0.8943513068178909,3.2237584962691708
1296,COc1cc2cc(-c3cc(OC)c(C4:c(C#N)ncc5nonc:45)s3)[nH]c2cc1OC,-5.328614,-3.151137,2.177477,0.8736472159127903,3.2277521046395634
1297,COc1cc2cc(-c3cc(OC)c(C4:c(C#N)ncc5nonc:45)s3)[nH]c2cc1OC,-5.130889,-3.086084,2.044805,0.8836095388221582,3.2277521046395634
1298,COc1cc2cc(-c3s:C(c4cccc5nc(O)cnc45):cc3OC)[nH]c2cc1OC,-4.611158,-2.123665,2.487493,0.9742094600561684,2.94002124897837
1299,COc1cc2cc(-c3s:C(c4scc5ncc(C#N)nc45):cc3OC)[nH]c2cc1OC,-4.969059,-3.13274,1.836319,0.9999314333006372,3.2318966163076697
1301,COc1cc2cc(N=Cc3c(NC(C)=O)ncc4nonc34)[nH]c2cc1OC,-5.452267,-3.14553,2.306737,0.9955867010628846,3.234417929278047
1302,COc1cc2[nH]c(C(=O)O)cc2c(C=Cc2occ3ncc(C#N)nc23)c1OC,-5.375362,-2.926105,2.449257,0.9912770325006924,3.3752200809958977
1303,COc1cc2cc(C=Cc3cc(OC(C)=O)cc4nonc34)[nH]c2cc1OC,-4.933332,-2.441391,2.491941,0.9838721185447452,2.9181648523549715
1306,COc1cc2[nH]ccc2c(C=Cc2scc3nc(C#N)cnc23)c1OC,-5.10761,-2.799255,2.308355,0.9857395293599984,3.3178547202328907
1308,COc1cc2cc(C(=O)O)[nH]c2c(C2:cc(C#N)cc3nsnc:23)c1OC,-5.826947,-3.107061,2.719887,0.7110547442329505,3.0467391197327576
1310,COc1cc2[nH]c(C(=O)O)cc2c(C=Cc2cccc3ncc(C#N)nc23)c1OC,-5.467419,-2.680831,2.786588,0.9652725651762348,2.9447540327381923
1311,COc1cc2cc(-c3cc(OC)c(C4:c(C#N)ncc5nonc:45)s3)[nH]c2cc1OC,-5.273245,-3.141206,2.132039,0.879705085968616,3.2277521046395634
1312,COc1cc2c(cc(C(=O)O)n2C)c(C=Cc2nc(F)cc3nsnc23)c1OC,-5.488132,-2.805933,2.682199,0.9894843434623825,3.3314871437434475
1313,COc1cc2cc(C=Nc3occ4ncc(OC(C)=O)nc34)[nH]c2cc1OC,-4.867337,-2.298012,2.569325,0.99998603161758,3.3122488908165097
1314,COc1cc2c(cc(C(=O)O)n2C)c(C=Cc2scc3ncc(C=O)nc23)c1OC,-5.281284,-2.886285,2.394999,0.9875783726695098,3.359094911859069
1315,COc1cc2cc(C(=O)O)[nH]c2c(C2:c(C#N)ncc3nsnc:23)c1OC,-5.71241,-3.331421,2.380989,0.4617350765783234,3.217145192607253
1316,COc1cc2cc(C=NC3:scc4nc(C#N)cnc:34)n(C)c2cc1OC,-5.319355,-2.950417,2.368938,0.9999723025196297,3.306013674125733
1317,COc1cc2cc(C=Cc3scc4ncc(OC(C)=O)nc34)[nH]c2cc1OC,-4.638832,-2.334465,2.304367,0.9999967763811226,3.163719467739586
1318,COc1cc2cc(C#Cc3nncc4nsnc34)n(C)c2cc1OC,-5.200187,-3.034765,2.165422,1.0,3.308914697715103
1320,COc1cnc2c(C=Cc3cc4cc(OC)c(OC)cc4n3C)cccc2n1,-4.778826,-1.876363,2.902463,0.990668418796157,2.7122811985088155
1321,COc1cc2cc(C3:occ4ncc(C#N)nc:34)n(C)c2cc1OC,-5.011211,-2.775863,2.235348,0.999999979512295,3.0929110411603915
1322,COc1cc2cc(-c3cc(OC)c(C4:scc5nc(C#N)cnc:45)s3)[nH]c2cc1OC,-4.951263,-2.790943,2.16032,0.9756469734034452,3.2276105316058548
1323,COc1cc2c(cc(C(=O)O)n2C)c(C=Cc2cc(C#N)cc3nonc23)c1OC,-5.741119,-3.061724,2.679395,0.9751849615394844,3.159402054716213
1324,COc1cc2cc(-c3s:C(c4cc(S(=O)(=O)O)cc5nonc45):cc3OC)[nH]c2cc1OC,-4.846841,-3.012401,1.834441,0.999932156111896,3.0711824846040754
1325,COc1cc2c(ccn2C)c(C2:nc(C=O)cc3nsnc:23)c1OC,-5.467365,-2.956534,2.510831,0.5434564309621562,3.161348094248148
1326,COc1cc2cc(-c3cc(OC)c(C4:scc5nc(C#N)cnc:45)s3)n(C)c2cc1OC,-5.103063,-2.820377,2.282687,0.7381783412690199,3.281629874264068
1327,COc1cc2cc(-c3cc(OC):C(c4cc(C#N)cc5ccccc45):s3)[nH]c2cc1OC,-4.996782,-1.821406,3.175376,0.7615652130895578,2.7186080634661725
1328,COc1cc2cc(C=Cc3cc(C=O)cc4nsnc34)n(C)c2cc1OC,-4.84968,-2.72887,2.12081,0.9998338122747018,3.0643371506492105
1329,COc1cc2cc(C=Cc3occ4ncc(C)nc34)[nH]c2cc1OC,-4.710063,-2.182784,2.527279,0.9999885920448028,3.077843543868952
1330,COc1cc(-c2occ3ncc(C#N)nc23)s:C:1c1c(OC)c(OC)cc2cc(C(=O)O)n(C)c12,-5.457538,-3.033386,2.424152,0.6122248700670431,3.52843038931994
1331,COc1cc2cc(N=Cc3nc(O)cc4nonc34)[nH]c2cc1OC,-5.448301,-3.09868,2.349621,0.9999955350318296,3.384803159253565
1333,COc1cc2c(ccn2C)c(C2:c(C#N)ccc3nonc:23)c1OC,-5.357276,-2.718376,2.6389,0.3807540184365952,2.855576263262233
1335,COc1cc2cc(C=NC3:scc4ncc(C)nc:34)[nH]c2cc1OC,-4.956913,-2.323185,2.633727,0.9999886931370968,3.079810851561258
1336,COc1cc2[nH]ccc2c(C2:cc(C#N)cc3nonc:23)c1OC,-5.502658,-2.812008,2.69065,0.4883479730841957,2.866579961180655
1337,COc1cc2cc(C=NC3:scc4nc(C)cnc:34)[nH]c2cc1OC,-4.963586,-2.338164,2.625422,0.9999930737439692,3.087291620792027
1338,COc1cc2c:C(c3sc(-c4c(F)ncc5nsnc45)cc3OC):[nH]c2cc1OC,-4.72737,-3.019614,1.707756,0.9997907266236838,3.182306054205096
1339,COc1cc2[nH]c(C(=O)O)cc2c(C=Nc2cc(C#N)cc3nonc23)c1OC,-5.866892,-3.094511,2.772381,0.9839145199496578,3.215644846474322
1340,COc1cc2c(cc(C(=O)O)n2C)c(C2:c(C#N)ncc3nonc:23)c1OC,-6.031738,-3.328121,2.703618,0.5188964124032046,3.1205548819407696
1341,COc1cc2cc(C(=O)O)n(C)c2c(C=Nc2cccc3ncc(C#N)nc23)c1OC,-5.69317,-2.606191,3.086979,0.7226944518148506,3.1763445524087635
1344,COc1cc2[nH]ccc2c(C2:cccc3ncc(C#N)nc:23)c1OC,-5.484777,-2.450337,3.03444,0.4726588350004619,2.683737774638182
1345,COc1cc2[nH]ccc2c(C2:c(F)ncc3nonc:23)c1OC,-5.357285,-2.773318,2.583967,0.4877482833950777,2.998278933812996
1346,COc1cc2ccn(C)c2c(C2:nncc3nsnc:23)c1OC,-5.282058,-2.994634,2.287424,0.452512839326232,3.1806306820647423
1347,COc1cc2c(cc(C(=O)O)n2C)c(C2:cncc3nsnc:23)c1OC,-5.568625,-2.653306,2.915319,0.572340131163193,2.988990079558498
1348,COc1cc2cc(C=Cc3cccc4nc(O)cnc34)[nH]c2cc1OC,-4.661387,-1.912518,2.748869,0.99791091435403,2.812767335617508
1349,COc1cc2[nH]c(C(=O)O)cc2c(C2:cc(Br)cc3nsnc:23)c1OC,-5.658913,-2.501059,3.157854,0.5706279690077659,2.899450985775568
1350,COc1cc2cc(-c3cc(OC)c(C4:nc(F)cc5nonc:45)s3)n(C)c2cc1OC,-5.263505,-2.69504,2.568465,0.9319273813056124,3.242915941364635
1351,COc1cc2c:C(N=Cc3nc(F)cc4nsnc34):[nH]c2cc1OC,-5.270061,-3.071469,2.198592,0.9999577767112108,3.42559354386895
1352,COc1cc2cc(-c3cc(OC)c(C4:cncc5nonc:45)s3)[nH]c2cc1OC,-4.892235,-2.63761,2.254626,0.9808267370030446,3.046696240202545
1354,COc1cc2cc[nH]c2c(C=Cc2cncc3nonc23)c1OC,-5.469779,-2.848384,2.621395,0.9631770744495384,3.181147749044964
1355,COc1cc2c(cc(C(=O)O)n2C)c(C=Cc2scc3nc(C#N)cnc23)c1OC,-5.316148,-2.923707,2.39244,0.9853972361653898,3.360708648122806
1356,COc1cc2cc(C3:cncc4nonc:34)n(C)c2cc1OC,-5.154405,-2.824998,2.329408,0.7306196063136123,2.780290122624184
1357,COc1cc2c(ccn2C)c(C2:cc(F)cc3nsnc:23)c1OC,-5.386611,-2.187936,3.198675,0.4917765289980362,2.835227600370109
1358,COc1cc2c:C(c3sc(-c4c(C)ncc5nonc45)cc3OC):[nH]c2cc1OC,-4.865633,-2.878715,1.986918,0.9999163540457638,3.086060794813326
1359,COc1cc2cc(C=Cc3scc4ncc(Br)nc34)[nH]c2cc1OC,-4.737799,-2.541871,2.195928,0.999999996820332,3.16801854386895
1360,COc1cc2c(ccn2C)c(C=NC2:occ3ncc(C#N)nc:23)c1OC,-5.240186,-2.803815,2.436371,0.9964719866836664,3.4532108769229373
1361,COc1cc2[nH]c(C(=O)O)cc2c(C2:nc(C=O)cc3nsnc:23)c1OC,-5.922439,-3.105732,2.816706,0.5376613425496846,3.170239524591058
1362,COc1cc2c:C(C#Cc3nc(O)cc4nsnc34):[nH]c2cc1OC,-5.370329,-2.757919,2.61241,1.0,3.314939697715104
1363,COc1cc(-c2c(OC)c(OC)cc3cc(C(=O)O)n(C)c23)s:C:1c1c(C=O)ccc2nccnc12,-5.482668,-2.337886,3.144782,0.4930278902287007,3.2260389068738125
1368,COc1cc2ccn(C)c2c(C=Nc2nc(S(=O)(=O)O)cc3nonc23)c1OC,-5.94765,-3.274189,2.673461,0.8984371785285392,3.514464921521225
1370,CNc1cc(C2:c(OC)c(OC)cc3cc[nH]c:23)c2nsnc2c1,-5.192991,-2.008188,3.184803,0.6819465976288343,2.9974100615151027
1372,COc1cc2cc(C(=O)O)n(C)c2c(C=Nc2cncc3nonc23)c1OC,-5.73779,-2.953935,2.783855,0.9258073326063454,3.3199925495312126
1373,COc1cc(-c2c(OC)c(OC)cc3ccn(C)c23)s:C:1c1c(OC)ncc2nonc12,-5.154949,-2.629544,2.525405,0.4828990952955878,3.307331987535414
1374,COc1cc2cc(-c3cc(OC):C(c4scc5ncc(NC(C)=O)nc45):s3)n(C)c2cc1OC,-4.882095,-2.133111,2.748984,0.7135559186239655,3.1930070539614777
1375,CNc1ncc2nonc2c1C1:c(OC)c(OC)cc2cc(C(=O)O)[nH]c:12,-5.628364,-2.570545,3.057819,0.4524021649021035,3.1492990387610984
1378,COc1cc2cc(C=Nc3cc(OC(C)=O)cc4nccnc34)[nH]c2cc1OC,-5.432754,-2.115739,3.317015,0.8907904728174758,2.9260704822255814
1379,COc1cc2cc(C(=O)O)[nH]c2c(C=Nc2cncc3nsnc23)c1OC,-5.718822,-2.951236,2.767586,0.9966256623628954,3.324175512287571
1380,COc1cc2c:C(c3occ4ncc(S)nc34):n(C)c2cc1OC,-4.659748,-2.175537,2.484211,0.9999998706315516,3.280450677293185
1381,COc1cc2cc[nH]c2c(C=Nc2nc(S)cc3nsnc23)c1OC,-5.573545,-2.835433,2.738112,0.9996886713782034,3.639697390022796
1382,COc1cc2cc[nH]c2c(C#Cc2nc(S)cc3nonc23)c1OC,-5.648845,-2.939449,2.709396,1.0,3.531605082330488
1384,COc1cc(-c2c(OC)c(OC)cc3cc(C(=O)O)[nH]c23)s:C:1c1cc(C=O)cc2nonc12,-5.468356,-2.907392,2.560964,0.901222282981942,3.295312823192248
1387,COc1cc2ccn(C)c2:C(c2cc(C=O)cc3nsnc23):c1OC,-5.350743,-2.886231,2.464512,0.0213953152292205,3.063941377021713
1390,CNc1ccc2nsnc2c1C=Cc1c(OC)c(OC)cc2[nH]ccc12,-4.87282,-1.71357,3.15925,0.4775181057583192,3.082610412540584
1393,COc1cc2c(cc(C(=O)O)n2C)c(C#Cc2c(C(F)(F)F)ccc3nonc23)c1OC,-5.615818,-2.90083,2.714988,1.0,3.176754924214117
1394,COc1cc2c(ccn2C)c(C=Cc2scc3ncc(OC(C)=O)nc23)c1OC,-4.812087,-2.192743,2.619344,0.9854105492989008,3.27464465885706
1397,COc1cc2cc(C(=O)O)[nH]c2c(C=Nc2cncc3nonc23)c1OC,-5.848299,-3.050593,2.797706,0.9985435906640768,3.2876828049948648
1401,CNc1cc(C#Cc2c(OC)c(OC)cc3[nH]ccc23)c2nonc2c1,-5.13384,-2.027243,3.106596,1.0,3.152433797155968
1407,COc1cc2c(cc(C(=O)O)n2C)c(C=Cc2c(C)ccc3nsnc23)c1OC,-5.208046,-2.38833,2.819717,0.977879158242454,3.042678596734901
1420,COc1cc(-c2c(OC)c(OC)cc3ccn(C)c23)s:C:1c1cccc2nc(Br)cnc12,-5.228608,-2.158632,3.069976,0.5685436558670525,3.100211784661365
1421,COc1cc2cc(C(=O)O)n(C)c2c(C#Cc2nc(C)cc3nonc23)c1OC,-5.648542,-2.807757,2.840785,1.0,3.265340135196439
1427,COc1cc2[nH]ccc2c(C=Cc2cccc3ncc(F)nc23)c1OC,-5.016738,-2.01103,3.005709,0.9685347548586494,2.857573489463661
1432,COc1cc(-c2c(OC)c(OC)cc3cc[nH]c23)s:C:1c1scc2ncc(C#N)nc12,-5.07106,-2.780676,2.290383,0.9164260512578082,3.378546054509917
1435,COc1cc(-c2c(OC)c(OC)cc3cc[nH]c23)s:C:1c1cc(S(=O)(=O)O)cc2ccccc12,-5.191601,-1.733877,3.457724,0.7036780394444635,2.897717630884556
1439,COc1cc(-c2c(OC)c(OC)cc3ccn(C)c23)s:C:1c1c(C)ncc2nsnc12,-5.238146,-2.55536,2.682785,0.422073777950595,3.2937533539520487
1443,COc1cc2[nH]ccc2:C(c2c(C)ncc3nsnc23):c1OC,-5.245249,-2.449693,2.795556,0.0982964230780621,2.921367745001806
1444,CNc1cnc2c(C=Cc3c(OC)c(OC)cc4c3ccn4C)occ2n1,-4.528407,-1.748637,2.77977,0.988906091037788,3.295429458341518
1445,COc1cc2c(ccn2C)c(C=Nc2cc(C#N)cc3nccnc23)c1OC,-5.345654,-2.31533,3.030324,0.8391839347210048,3.067056006201124
1447,COc1cc2[nH]ccc2c(C=Cc2cc(S)cc3nccnc23)c1OC,-5.070102,-1.983874,3.086228,0.9555978209073844,3.112209797155968
1452,COc1cc2cc(C(=O)O)[nH]c2:C(c2scc3ncc(C=O)nc23):c1OC,-5.810317,-2.936615,2.873703,0.4367851540985519,3.210050860623447
1458,COc1cc(-c2c(OC)c(OC)cc3[nH]c(C(=O)O)cc23)s:C:1c1nc(C(F)(F)F)cc2nsnc12,-5.477007,-2.748656,2.72835,0.8529672322575987,3.390480340232533
1459,COc1cc2ccn(C)c2:C(c2c(O)ncc3nsnc23):c1OC,-5.234267,-2.690668,2.543599,0.2612874093644978,3.221256333401783
1466,COc1cc2c(ccn2C)c(C#Cc2cc(OC(C)=O)cc3nonc23)c1OC,-5.178479,-2.417921,2.760557,1.0,3.121783120395522
1468,CNc1cc2nonc2c(C2:sc(-c3c(OC)c(OC)cc4ccn(C)c34)cc:2OC)n1,-5.278072,-2.174122,3.10395,0.5706306423001991,3.3372472876199435
1469,COc1cc2ccn(C)c2c(C=Nc2scc3nc(S(=O)(=O)O)cnc23)c1OC,-5.541459,-3.037353,2.504106,0.9052911350087244,3.5050546651109684
1470,COc1cc2cc(-c3cc(OC):C(c4scc5ncc(C)nc45):s3)n(C)c2cc1OC,-4.6576,-2.078599,2.579001,0.9173671065492206,3.119405102203796
1476,COc1cc2cc[nH]c2c(C=Cc2nc(Br)cc3nonc23)c1OC,-5.58572,-2.998476,2.587244,0.9910440628247276,3.343087774638181
1477,COc1cc2cc[nH]c2:C(c2occ3ncc(F)nc23):c1OC,-5.124988,-2.467658,2.657329,0.9390242488631134,3.2413544582885194
1478,COc1cc(-c2c(OC)c(OC)cc3cc[nH]c23)s:C:1c1nc(S)cc2nonc12,-5.390906,-2.614647,2.776259,0.9062017008853906,3.501176537210464
1479,COc1cc2cc(C(=O)O)n(C)c2c(C=Cc2cncc3nonc23)c1OC,-5.490615,-2.901508,2.589107,0.9279191116230728,3.23016255926831
1480,COc1cc2c:C(c3scc4ncc(C#N)nc34):n(C)c2cc1OC,-5.329101,-2.987981,2.34112,0.7824364346088518,3.035691322850532
1481,CNc1cnc2c(C3:c(OC)c(OC)cc4ccn(C)c:34)scc2n1,-5.076091,-1.766806,3.309285,0.2698763004256628,3.130098690131139
1482,CNc1ncc2nonc2c1C1:sc(-c2c(OC)c(OC)cc3[nH]c(C(=O)O)cc23)cc:1OC,-5.022702,-2.338437,2.684266,0.755642748946981,3.333812342423018
1485,COc1c:C(c2c(OC)c(OC)cc3[nH]ccc23):sc1-c1cc(C#N)cc2nonc12,-5.244511,-2.705548,2.538963,0.8987273112661118,3.169820730395829
1486,COc1cc2cc(-c3s:C(c4c(C=O)ccc5nonc45):cc3OC)[nH]c2cc1OC,-4.873277,-2.941483,1.931794,0.9154179717093618,3.059594455547081
1487,COc1cc2cc(-c3s:C(c4occ5ncc(S(=O)(=O)O)nc45):cc3OC)[nH]c2cc1OC,-4.780191,-3.008137,1.772054,0.9999541025049,3.3991085391946454
1488,COc1cc2cc(C=Cc3c(C#N)ncc4nonc34)n(C)c2cc1OC,-5.248639,-3.134575,2.114064,0.9990532839309768,3.1828242635363235
1490,COc1cc2cc(-c3s:C(c4occ5ncc(C)nc45):cc3OC)[nH]c2cc1OC,-4.379565,-2.233329,2.146236,0.999999995086436,3.135147020215828
1491,COc1cc2cc(-c3s:C(c4cc(Br)cc5nccnc45):cc3OC)[nH]c2cc1OC,-4.568239,-2.378857,2.189382,0.9809423969124902,2.8942029257285853
1492,CNc1cnc2c(C=Cc3cc4cc(OC)c(OC)cc4[nH]3)scc2n1,-4.436373,-2.0152,2.421173,0.9999703462116568,3.128127335617508
1494,COc1cc2cc(-c3cc(OC)c(C4:c(C#N)ccc5nonc:45)s3)[nH]c2cc1OC,-5.223215,-2.848211,2.375004,0.8681980674740724,3.0497185696352416
1495,COc1cc2[nH]ccc2c(C=Nc2c(C#N)ncc3nsnc23)c1OC,-5.424032,-3.07515,2.348881,0.9633865829891448,3.386755027925199
1498,COc1cc2cc(-c3s:C(c4occ5nc(S(=O)(=O)O)cnc45):cc3OC)[nH]c2cc1OC,-4.778362,-3.081574,1.696788,0.9999875533979168,3.3814182166140005
1499,COc1cc2cc[nH]c2c(C2:cc(C#N)cc3nsnc:23)c1OC,-5.51348,-3.020167,2.493313,0.7225973188126433,3.0183538742241334
1500,COc1cc2cc(-c3cc(OC)c(C4:cccc5ncc(C#N)nc:45)s3)[nH]c2cc1OC,-4.871862,-2.629507,2.242356,0.9882081390573731,2.930746190556471
1503,COc1cc2c:C(c3sc(-c4c(C#N)ncc5nsnc45)cc3OC):[nH]c2cc1OC,-4.819958,-3.158469,1.66149,0.9999989030862536,3.242945535927377
1505,COc1cc2cc(C=Nc3nccc4nsnc34)[nH]c2cc1OC,-5.241853,-2.620468,2.621385,0.999999995270008,3.040162254539469
1506,COc1cc2cc(C=Cc3nc(F)cc4nsnc34)n(C)c2cc1OC,-5.195861,-2.801519,2.394342,0.9999332002391788,3.206783543517714
1507,COc1cc2ccn(C)c2c(C=Cc2cc(Br)cc3nsnc23)c1OC,-5.235374,-2.632428,2.602946,0.8555372260704264,3.1154438345780058
1508,COc1cc2cc(C(=O)O)[nH]c2c(C=Cc2scc3nc(C#N)cnc23)c1OC,-5.407124,-2.986404,2.42072,0.9846911278760792,3.4016189552923324
1510,COc1cc2c:C(N=Cc3scc4nc(C#N)cnc34):[nH]c2cc1OC,-5.194298,-3.190096,2.004202,0.9999438871613966,3.393716874079045
1511,COc1cc2ccn(C)c2c(C=Cc2occ3ncc(C#N)nc23)c1OC,-5.238462,-2.898145,2.340317,0.9599198460591464,3.4320190687311287
1512,COc1cc2cc(-c3cc(OC)c(C4:scc5ncc(C=O)nc:45)s3)[nH]c2cc1OC,-4.879358,-2.679573,2.199786,0.8485051131118518,3.2260874546827782
1514,COc1cc2cc[nH]c2c(N=Cc2scc3nc(C#N)cnc23)c1OC,-5.317811,-3.135695,2.182116,0.9755649650233498,3.490501489463661
1515,COc1cc2c:C(N=Cc3scc4ncc(C=O)nc34):[nH]c2cc1OC,-5.28209,-3.208999,2.073091,0.9999333050551746,3.3919094894636608
1516,COc1cc2cc(C=Cc3cccc4cc(S(=O)(=O)O)ccc34)[nH]c2cc1OC,-5.109469,-1.969991,3.139478,0.9255560429916484,2.523543157918974
1517,COc1cc2cc(C=Cc3occ4ncc(O)nc34)[nH]c2cc1OC,-4.528008,-2.090686,2.437323,0.9999999999302138,3.30644931309972
1520,COc1cc2ccn(C)c2c(C=Nc2scc3nc(C#N)cnc23)c1OC,-5.412026,-2.905641,2.506385,0.9232864924195534,3.433730956843016
1521,COc1cc2cc(C(=O)O)n(C)c2c(C=Cc2cc(F)cc3nsnc23)c1OC,-5.451296,-2.543544,2.907752,0.8616285821472784,3.160827314683619
1522,COc1cc2cc[nH]c2c(C2:nc(C=O)cc3nsnc:23)c1OC,-5.342626,-3.071635,2.270991,0.7786710691317167,3.226156549809416
1523,COc1cc2cc(-c3cc(OC):C(c4c(C=O)ccc5nccnc45):s3)[nH]c2cc1OC,-5.033423,-2.383472,2.649951,0.8175685038160689,2.959805053432726
1525,COc1cc2cc(-c3cc(OC)c(C4:cc(C#N)cc5nsnc:45)s3)[nH]c2cc1OC,-4.913765,-2.766231,2.147534,0.9778676194382336,3.1138091487190787
1526,COc1cc(-c2occ3ncc(C#N)nc23)s:C:1c1c(OC)c(OC)cc2cc(C(=O)O)[nH]c12,-5.341836,-3.125143,2.216693,0.907973264354435,3.482143592423016
1527,COc1cc2cc(C(=O)O)n(C)c2c(C=Cc2cc(C=O)cc3nsnc23)c1OC,-5.670229,-2.792909,2.87732,0.4836050919666285,3.275261395375554
1529,CNc1cc2nsnc2c(C=Nc2cc3cc(OC)c(OC)cc3[nH]2)n1,-5.108836,-2.652954,2.455882,0.999926121961619,3.392806720232892
1530,COc1cc2cc(-c3cc(OC)c(C4:scc5nc(C)cnc:45)s3)[nH]c2cc1OC,-4.505577,-2.068511,2.437066,0.9737293181605202,3.068030204473432
1532,COc1cc2cc(C3:c(F)ncc4nsnc:34)n(C)c2cc1OC,-5.000889,-2.912978,2.087911,0.7242122522965896,2.985521491772824
1533,COc1cc2c:C(c3c(C#N)ccc4nsnc34):n(C)c2cc1OC,-5.381091,-2.943563,2.437528,0.6668798745429421,2.821393814724855
1536,COc1cc2c(ccn2C)c(C2:cc(C#N)cc3nonc:23)c1OC,-5.440424,-2.794316,2.646109,0.4884397108610833,2.8863069241506416
1537,COc1cc2cc(-c3cc(OC)c(C4:c(F)ccc5nsnc:45)s3)[nH]c2cc1OC,-4.718461,-2.331212,2.387249,0.8354104415242103,2.956872959392932
1538,COc1cc2c:C(N=Cc3scc4nc(C#N)cnc34):[nH]c2cc1OC,-5.131927,-3.165006,1.966921,0.9999972342090716,3.393716874079045
1539,COc1cc2cc(C=Cc3occ4ncc(OC(C)=O)nc34)[nH]c2cc1OC,-4.624152,-2.245505,2.378647,0.9998969343277296,3.21405889081651
1540,COc1cc2cc(C3:cccc4ncc(C#N)nc:34)n(C)c2cc1OC,-5.379018,-2.812499,2.566519,0.6064608177394387,2.624058803392975
1541,COc1cc2c(ccn2C)c(C2:c(F)ncc3nonc:23)c1OC,-5.297197,-2.752029,2.545169,0.5072224007754382,3.012558143356534
1542,COc1cc2cc(C3:nncc4nsnc:34)n(C)c2cc1OC,-5.429562,-3.011469,2.418093,0.9878655386205925,2.9768761366101977
1543,COc1cc2cc[nH]c2c(C2:cncc3nsnc:23)c1OC,-5.465694,-2.915432,2.550262,0.7438061125680918,3.03162215526368
1545,COc1cc2c(cc(C(=O)O)n2C)c(C=Cc2nc(F)cc3nonc23)c1OC,-5.666564,-2.938031,2.728534,0.9916699746251884,3.287497400153704
1546,COc1cc2cc(C=CC3:nncc4nsnc:34)n(C)c2cc1OC,-5.01318,-2.869597,2.143583,0.9999710929664168,3.1949550823304893
1547,COc1cc2c(ccn2C)c(C2:cc(Br)cc3nsnc:23)c1OC,-5.409844,-2.340439,3.069405,0.4820504962633373,2.875638007609928
1548,COc1cc2cc(-c3cc(OC)c(C4:nc(F)cc5nsnc:45)s3)[nH]c2cc1OC,-5.061104,-2.625462,2.435642,0.9749658224949336,3.229582619500265
1549,COc1cc2c:C(C=Cc3nc(Br)cc4nsnc34):[nH]c2cc1OC,-5.097989,-2.840558,2.25743,0.999999995834172,3.197766620792025
1550,COc1cc2[nH]c(C(=O)O)cc2c(C2:nc(F)cc3nsnc:23)c1OC,-5.866611,-2.83147,3.035142,0.5430336717136628,3.1183416074826287
1551,COc1cc2c(cc(C(=O)O)n2C)c(C=Cc2scc3ncc(Br)nc23)c1OC,-5.152563,-2.55225,2.600314,0.984659587956056,3.322719622375926
1552,COc1cc2[nH]ccc2c(C=Cc2cncc3nonc23)c1OC,-5.288864,-2.661417,2.627447,0.9717421002890678,3.0992912655284792
1554,CNc1ccc2nsnc2c1C=Cc1cc2cc(OC)c(OC)cc2n1C,-4.530642,-2.086003,2.444639,0.9226184584136048,3.007312575224635
1555,COc1cc2c(ccn2C)c(C=NC2:scc3nc(C#N)cnc:23)c1OC,-5.264212,-2.797291,2.46692,0.9913867133416644,3.363615472327533
1556,COc1cc2cc(C3:cc(F)cc4nsnc:34)n(C)c2cc1OC,-5.187033,-2.526687,2.660346,0.6581838200766063,2.7407031659809693
1557,COc1cc2c:C(c3sc(-c4cncc5nonc45)cc3OC):[nH]c2cc1OC,-4.747449,-2.891727,1.855723,0.999999532880356,3.0354660204223247
1558,COc1cc(-c2cncc3nonc23)s:C:1c1c(OC)c(OC)cc2cc(C(=O)O)[nH]c12,-5.389426,-3.006181,2.383245,0.903063010561078,3.247114912302953
1559,COc1cc2c:C(C=Cc3c(C)ncc4nonc34):[nH]c2cc1OC,-4.933822,-2.73464,2.199182,0.9999996930400148,3.0135704669458736
1561,COc1cc2c(ccn2C)c(C=Cc2cccc3ncc(S)nc23)c1OC,-5.03085,-1.940588,3.090263,0.9633718465648098,3.0507193684314284
1562,COc1cc2c:C(c3sc(-c4nc(C=O)cc5nsnc45)cc3OC):n(C)c2cc1OC,-5.041057,-3.182149,1.858908,0.8761009700530613,3.306269941888752
1563,COc1cc(-c2nc(O)cc3nsnc23)s:C:1c1c(OC)c(OC)cc2[nH]ccc12,-5.144408,-2.667887,2.476521,0.7908839756060813,3.332290490698836
1564,COc1cc(-c2c(OC)c(OC)cc3cc(C(=O)O)n(C)c23)s:C:1c1c(S)ncc2nonc12,-5.599198,-2.74622,2.852978,0.3903567216441365,3.5434695134756486
1568,COc1cc2c:C(c3c(NC(C)=O)ccc4nonc34):n(C)c2cc1OC,-5.421526,-2.421011,3.000515,0.5646522835990442,2.708954909206444
1573,COc1cc2cc[nH]c2c(C=Nc2scc3nc(O)cnc23)c1OC,-5.157534,-2.348815,2.808719,0.997868054752746,3.4862916207920263
1574,COc1cc2[nH]c(C(=O)O)cc2:C(c2c(C)ccc3nsnc23):c1OC,-5.552142,-2.158629,3.393513,0.3567299255039034,2.7602914494215103
1576,COc1cc2[nH]ccc2c(C=Cc2cccc3ncc(C)nc23)c1OC,-5.011679,-1.82657,3.18511,0.9638571445711344,2.702568566386736
1577,COc1cc2cc(C=Nc3scc4nccnc34)n(C)c2cc1OC,-4.871338,-2.348461,2.522877,0.9999999353981668,3.083149313099719
1579,CNc1ccc2nsnc2c1C1:sc(-c2cc3cc(OC)c(OC)cc3n2C)cc:1OC,-4.743713,-1.960967,2.782746,0.6890694076870723,3.0938182090062494
1585,CNc1cc(C2:cc3cc(OC)c(OC)cc3n:2C)c2nsnc2c1,-4.986229,-2.027137,2.959092,0.6384293729275189,2.831480055244897
1586,COc1cc2cc(C(=O)O)n(C)c2:C(c2c(Br)ccc3nsnc23):c1OC,-5.557601,-2.57608,2.981521,0.0997405873686869,3.003309346453406
1588,COc1cc2[nH]c(C(=O)O)cc2c(C=Cc2cccc3nsnc23)c1OC,-5.342796,-2.388489,2.954307,0.95362002714663,2.8666931946052543
1596,COc1cc2cc[nH]c2c(C=Cc2nc(NC(C)=O)cc3nonc23)c1OC,-5.498647,-2.704172,2.794475,0.985172720484021,3.234608313893432
1598,COc1cc2[nH]ccc2c(C=Nc2nncc3nonc23)c1OC,-5.784382,-2.916878,2.867504,0.9257500425069743,3.3388455512427653
1600,COc1cc(-c2c(OC)c(OC)cc3cc(C(=O)O)[nH]c23)s:C:1c1c(O)ccc2nonc12,-5.329026,-2.196774,3.132252,0.8205957941503883,3.1815095317504776
1601,COc1cc2c(cc(C(=O)O)n2C):C(c2occ3ncc(C(F)(F)F)nc23):c1OC,-5.523076,-2.583435,2.939641,0.8165681537258349,3.181326377953951
1603,COc1cc2c:C(c3nccc4nsnc34):n(C)c2cc1OC,-5.035702,-2.557361,2.478341,0.9866319826178356,2.7502502624843235
1605,COc1cc2cc[nH]c2:C(c2nc(C)cc3nsnc23):c1OC,-5.149976,-2.533687,2.616289,0.7796526060783825,3.0075852275192885
1607,COc1cc(-c2c(OC)c(OC)cc3cc(C(=O)O)[nH]c23)s:C:1c1occ2nc(C(F)(F)F)cnc12,-5.150183,-2.577433,2.572751,0.9006447052577391,3.463226647924841
1608,COc1cc(-c2c(OC)c(OC)cc3cc(C(=O)O)[nH]c23)s:C:1c1cc(F)cc2nonc12,-5.410423,-2.485077,2.925346,0.9018377179682922,3.1887482414278967
1613,COc1cc2cc(C#Cc3c(OC(C)=O)ccc4nonc34)[nH]c2cc1OC,-5.085491,-2.557131,2.528361,1.0,3.007347929278048
1618,COc1cc2cc(C(=O)O)[nH]c2c(C=Cc2nncc3nonc23)c1OC,-5.808758,-3.178987,2.629771,0.990154119466149,3.3282034843155435
1622,COc1cc(-c2c(OC)c(OC)cc3[nH]ccc23)s:C:1c1occ2nc(O)cnc12,-4.574957,-1.834426,2.740531,0.8992921806354615,3.414116429875937
1626,COc1cc2nsnc2c(N=Cc2c(OC)c(OC)cc3cc[nH]c23)n1,-5.463329,-2.718102,2.745227,0.9996075711794662,3.398553797155968
1627,COc1cc2cc(C#Cc3occ4nc(C=O)cnc34)[nH]c2cc1OC,-5.118383,-2.907771,2.210611,1.0,3.419295335617506
1629,COc1cc2cc[nH]c2c(C=Cc2nc(C(F)(F)F)cc3nsnc23)c1OC,-5.50042,-2.958871,2.541549,0.9916042356873428,3.358092257418262
1631,COc1cc(-c2c(OC)c(OC)cc3c2ccn3C)s:C:1c1scc2nc(F)cnc12,-4.946282,-2.135961,2.810321,0.7577191109697752,3.327803878427572
1634,COc1cc2[nH]c(C(=O)O)cc2:C(c2nc(O)cc3nonc23):c1OC,-5.988087,-2.717092,3.270995,0.6108061394589102,3.0946779615395306
1636,COc1cc(-c2c(OC)c(OC)cc3c2cc(C(=O)O)n3C)s:C:1c1c(S)ncc2nsnc12,-5.263166,-2.660169,2.602997,0.6831476052603667,3.4873736430303044
1639,COc1cc2[nH]ccc2c(C=Cc2cccc3nc(S(=O)(=O)O)cnc23)c1OC,-5.381228,-2.719999,2.661229,0.9820845742287972,2.9990977545418627
1640,COc1cc2[nH]ccc2c(C=Nc2c(OC)ncc3nonc23)c1OC,-5.136716,-2.603275,2.533441,0.9996370845564596,3.242611027925199
1641,COc1cc2c(ccn2C)c(C=Cc2cccc3nc(C)cnc23)c1OC,-4.880188,-1.758407,3.121781,0.960379650231545,2.734320367432426
1642,COc1cc2cc(C(=O)O)n(C)c2:C(c2nc(C(F)(F)F)cc3nonc23):c1OC,-5.940098,-3.161771,2.778327,0.4493753165433819,3.187268404220367
1645,COc1cc2cc(C(=O)O)n(C)c2:C(c2occ3nc(S)cnc23):c1OC,-5.527717,-2.192228,3.335488,0.3727755868838822,3.48542873106879
1662,COc1cc2ccn(C)c2c(C=Nc2c(C(F)(F)F)ccc3nsnc23)c1OC,-5.455055,-2.496207,2.958848,0.5191508488843942,3.254488853145157
1669,COc1cc2cc(C(=O)O)[nH]c2c(C=Cc2nccc3nonc23)c1OC,-5.681442,-2.863954,2.817487,0.988889587747256,3.1421183694304293
1672,COc1cc2cc(C=Cc3occ4nc(O)cnc34)[nH]c2cc1OC,-4.594065,-2.113796,2.480269,0.9999999978176154,3.3009666207920274
1675,COc1cc2cc(-c3s:C(c4scc5nc(S)cnc45):cc3OC)[nH]c2cc1OC,-4.48851,-2.480112,2.008398,0.99999485466094,3.380471886047671
1676,COc1c:C(c2c(OC)c(OC)cc3cc(C(=O)O)n(C)c23):sc1-c1nncc2nsnc12,-5.656625,-2.856368,2.800258,0.5120591228025397,3.434721442420453
1677,COc1cc2cc(C=Cc3c(S)ncc4nsnc34)[nH]c2cc1OC,-4.818785,-2.714363,2.104421,0.9999983801724056,3.2988550823304887
1678,COc1cnc2c(C=Cc3cc4cc(OC)c(OC)cc4[nH]3)occ2n1,-4.545755,-2.010844,2.534911,0.9999999988774873,3.128817797155968
1679,COc1cc2cc(-c3s:C(c4c(S(=O)(=O)O)ccc5ccccc45):cc3OC)[nH]c2cc1OC,-4.891357,-1.994611,2.896746,0.6994633009617963,2.753978688576863
1680,COc1cc2cc(C=NC3:scc4ncc(C#N)nc:34)[nH]c2cc1OC,-5.347104,-3.039215,2.307889,0.999950245556018,3.251958104848276
1681,COc1cc2cc(-c3s:C(c4occ5ncc(Br)nc45):cc3OC)[nH]c2cc1OC,-4.539732,-2.585533,1.954199,0.9999999956691245,3.2574697393571537
1683,COc1cc2cc(C=Cc3cccc4ncc(Br)nc34)[nH]c2cc1OC,-4.781999,-2.241558,2.540441,0.9999509815457986,2.7322141048482766
1684,COc1cc2cc(C=NC3:c(C#N)ccc4nonc:34)[nH]c2cc1OC,-5.409898,-2.997636,2.412262,0.9999985146678448,3.045881181771353
1685,COc1cc2cc(N=Cc3scc4nc(C)cnc34)[nH]c2cc1OC,-4.828051,-2.520356,2.307694,0.9999972204828192,3.2236416207920264
1686,COc1cc2ccn(C)c2c(C=Cc2c(C#N)ncc3nonc23)c1OC,-5.354709,-3.126021,2.228687,0.6647368744459323,3.33667661118867
1689,COc1c:C(c2c(OC)c(OC)cc3c2cc(C(=O)O)n3C):sc1-c1cc(F)cc2nsnc12,-5.282075,-2.322872,2.959203,0.7462688848695145,3.209749513475648
1690,COc1cc2[nH]c(C(=O)O)cc2c(C2:cc(C#N)cc3nsnc:23)c1OC,-5.756559,-2.836463,2.920095,0.5792233718473666,2.9656626015141345
1692,COc1cc2c(ccn2C)c(N=Cc2occ3ncc(C#N)nc23)c1OC,-5.210428,-3.072829,2.137599,0.9434127201737867,3.521420267532326
1694,COc1cc2c:C(C=Cc3c(C#N)ncc4nsnc34):[nH]c2cc1OC,-5.13127,-3.067652,2.063618,0.9999995998952989,3.189650412540584
1695,COc1cc2cc(C=Nc3cc(Br)cc4nsnc34)[nH]c2cc1OC,-5.16818,-2.636876,2.531303,0.9999988300194956,3.083466620792027
1696,COc1cc2cc(C=NC3:nc(F)cc4nsnc:34)[nH]c2cc1OC,-5.364988,-2.77777,2.587218,0.9999999987254228,3.297133928484336
1697,COc1cc2[nH]c(C(=O)O)cc2c(N=Cc2occ3ncc(C#N)nc23)c1OC,-5.493383,-3.212006,2.281376,0.9235796336568112,3.52229494028295
1698,COc1cc2c(ccn2C)c(C=Cc2cc(Br)cc3nsnc23)c1OC,-5.139047,-2.457766,2.681281,0.9611734123762772,3.0424858304200004
1699,COc1cc2c:C(C=Cc3cc(C#N)cc4nsnc34):[nH]c2cc1OC,-5.033053,-2.856699,2.176354,0.9999734031663728,3.01315625869443
1700,COc1cc2cc(C=Cc3c(OC)ccc4nsnc34)n(C)c2cc1OC,-4.620668,-2.248653,2.372015,0.991857050036372,2.8621005872126464
1701,COc1cc2cc(C(=O)O)[nH]c2c(C#Cc2nncc3nsnc23)c1OC,-5.806876,-3.223038,2.583839,1.0,3.4349861016981613
1702,COc1cc2cc(C=NC3:cncc4nonc:34)[nH]c2cc1OC,-5.284995,-2.849243,2.435752,0.9999992159048956,3.09393082596804
1703,COc1cc2cc(C=Cc3cc(O)cc4nccnc34)n(C)c2cc1OC,-4.650185,-1.934471,2.715715,0.999228234416661,2.826294793006852
1704,COc1cc2c:C(c3sc(-c4scc5nc(C#N)cnc45)cc3OC):[nH]c2cc1OC,-4.684454,-3.001293,1.683161,0.9999984878139112,3.241050635322363
1705,COc1cc2cc(C=Cc3cccc4ccc(C=O)cc34)n(C)c2cc1OC,-4.82641,-1.960513,2.865896,0.9120996473251894,2.57919889081651
1707,COc1cc2cc(-c3cc(OC)c(C4:occ5ncc(C#N)nc:45)s3)n(C)c2cc1OC,-5.006855,-2.70388,2.302975,0.926314010919664,3.330611784661364
1708,COc1cc2cc(C#Cc3occ4ncc(C)nc34)[nH]c2cc1OC,-5.035003,-2.258672,2.77633,1.0,3.246566620792027
1712,COc1cnc2coc(C=Cc3cc4cc(OC)c(OC)cc4[nH]3)c2n1,-4.48856,-1.979799,2.508761,0.9999999978109292,3.116732874079045
1713,COc1cc2c(cc(C(=O)O)n2C)c(C=Cc2cc(C=O)cc3nsnc23)c1OC,-5.588665,-2.796534,2.792131,0.8242713123258786,3.2029416151557744
1715,COc1cc2nonc2c(C=Cc2cc3cc(OC)c(OC)cc3[nH]2)n1,-5.098929,-2.66553,2.433399,0.9999999996328418,3.0444134894636594
1716,COc1cc2cc(C=CC3:scc4nc(F)cnc:34)[nH]c2cc1OC,-4.726422,-2.442048,2.284374,0.9999999615011436,3.1946896977151047
1717,COc1cc2ccn(C)c2c(C2:nc(C=O)cc3nsnc:23)c1OC,-5.346083,-3.068165,2.277918,0.3858562335678321,3.23889240627415
1718,COc1cc2cc(N=Cc3occ4nc(C)cnc34)[nH]c2cc1OC,-4.801476,-2.441693,2.359782,0.9999980884659884,3.323662774638181
1719,COc1cc2cc(C=Nc3c(C#N)ccc4nonc34)[nH]c2cc1OC,-5.409235,-2.996771,2.412464,0.9999998965494968,3.045881181771353
1721,COc1cc2c:C(N=Cc3c(C#N)ccc4nonc34):[nH]c2cc1OC,-5.445062,-3.255778,2.189284,0.9999879714649365,3.1468030279252
1722,COc1cc2ccn(C)c2c(C=Nc2cc(C#N)cc3nsnc23)c1OC,-5.533341,-2.863953,2.669388,0.8522799156910703,3.3083567310687902
1725,COc1cc2cc(-c3cc(OC):C(c4scc5ncc(Br)nc45):s3)[nH]c2cc1OC,-4.655279,-2.387564,2.267714,0.9813206591355474,3.184089954026205
1728,COc1cc2c:C(C=Cc3c(F)ncc4nsnc34):[nH]c2cc1OC,-4.873989,-2.819503,2.054486,0.9999969805516244,3.1344031592535657
1729,COc1cc2c(cc(C(=O)O)n2C)c(C=Nc2cc(C#N)cc3nonc23)c1OC,-5.786351,-3.070581,2.71577,0.985788925956403,3.243176230540389
1730,COc1cc(-c2occ3ncc(C#N)nc23)s:C:1c1c(OC)c(OC)cc2[nH]ccc12,-5.121298,-2.910752,2.210546,0.7924523592082322,3.39288382460499
1731,COc1cc2cc(C=NC3:c(F)ccc4nsnc:34)[nH]c2cc1OC,-5.012358,-2.508952,2.503406,0.9999998574868296,2.9807512361766424
1732,COc1cc2cc(-c3cc(OC)c(C4:scc5ncc(C)nc:45)s3)[nH]c2cc1OC,-4.501186,-2.064131,2.437055,0.9716101142257167,3.061767234884881
1733,COc1cc2cc(C=Cc3cccc4ccc(S(=O)(=O)O)cc34)n(C)c2cc1OC,-5.001868,-1.964745,3.037123,0.9294447975653056,2.594256450320607
1735,COc1cc2c:C(c3cccc4nc(C(F)(F)F)cnc34):n(C)c2cc1OC,-5.326917,-2.497009,2.829909,0.5802811758496438,2.6427028109348534
1736,COc1cc2c(cc(C(=O)O)n2C)c(C2:cc(C#N)cc3nonc:23)c1OC,-5.811211,-2.945846,2.865365,0.4796552404269253,2.945386834603492
1737,COc1cc2cc(N=Cc3cc(C=O)cc4nsnc34)[nH]c2cc1OC,-5.182105,-3.0125,2.169605,0.9999298848489326,3.2340836433098143
1738,COc1cc2cc(-c3cc(OC):C(c4cc(C(F)(F)F)cc5nonc45):s3)[nH]c2cc1OC,-5.300777,-2.678563,2.622214,0.8461477117022795,3.053856926291421
1739,COc1cc2[nH]c(C(=O)O)cc2c(C2:occ3ncc(C#N)nc:23)c1OC,-5.649177,-2.864529,2.784648,0.7708801874905367,3.18940733835624
1740,COc1cc2[nH]ccc2c(C=Cc2cncc3nsnc23)c1OC,-5.176551,-2.597873,2.578678,0.9486761535533188,3.122155221572436
1741,COc1cc2cc(C(=O)O)[nH]c2c(C2:c(F)ncc3nonc:23)c1OC,-5.725391,-3.159698,2.565693,0.6476865987541177,3.134241923604862
1742,COc1cc2c(cc(C(=O)O)n2C)c(C2:nncc3nsnc:23)c1OC,-5.742926,-3.066782,2.676143,0.5689189690648385,3.126700511592217
1743,COc1cc2cc(-c3cc(OC)c(C4:c(C)ncc5nonc:45)s3)[nH]c2cc1OC,-5.091331,-2.629697,2.461634,0.7910061070920358,3.08894755688846
1744,COc1cc2cc(C=NC3:nc(F)cc4nonc:34)n(C)c2cc1OC,-5.853381,-3.002284,2.851098,0.986037827944455,3.29071368904786
1745,COc1cc2cc(C=NC3:c(C(F)(F)F)ncc4nsnc:34)[nH]c2cc1OC,-5.289302,-3.05682,2.232482,0.9999995834519132,3.2718832992877847
1746,COc1cc2c:C(c3sc(-c4cc(Br)cc5nsnc45)cc3OC):[nH]c2cc1OC,-4.82404,-2.757231,2.066809,0.9994101514058762,3.0420268055467776
1747,COc1c:C(c2c(OC)c(OC)cc3cc[nH]c23):sc1-c1c(C=O)ccc2nonc12,-5.390568,-2.744354,2.646214,0.7849358878590575,3.222473452954169
1748,COc1cc2c:C(c3sc(-c4nc(Br)cc5nsnc45)cc3OC):[nH]c2cc1OC,-4.785021,-2.939512,1.84551,0.999999885449906,3.2079310989278147
1749,COc1cc2cc(-c3cc(OC)c(C4:nncc5nsnc:45)s3)n(C)c2cc1OC,-5.234494,-2.865792,2.368702,0.9135486637517736,3.244708737568245
1750,COc1cc2cc[nH]c2c(C=Nc2nc(F)cc3nsnc23)c1OC,-5.595375,-2.898099,2.697276,0.9970549955321936,3.4804916207920265
1751,COc1cc2c(cc(C(=O)O)n2C)c(C2:nc(F)cc3nsnc:23)c1OC,-5.610772,-2.764236,2.846536,0.5819126738915591,3.143984423376484
1753,COc1cc2cc(C=NC3:cncc4nonc:34)[nH]c2cc1OC,-5.285001,-2.849245,2.435756,0.9999992145868288,3.09393082596804
1754,COc1cc(-c2c(OC)c(OC)cc3c2ccn3C)sc1C1:scc2nc(C#N)cnc:12,-5.100844,-2.660992,2.439851,0.7887717699782577,3.346454219149951
1755,COc1cc2cc(-c3cc(OC)c(C4:cncc5nonc:45)s3)n(C)c2cc1OC,-5.090303,-2.672781,2.417521,0.9233150457085212,3.1043570381049177
1756,COc1cc2cc(C(=O)O)[nH]c2c(C2:cncc3nonc:23)c1OC,-5.818236,-3.026478,2.791759,0.7607942703614281,3.0015537280509657
1758,COc1cc2cc(C(=O)O)n(C)c2c(C2:c(C)ncc3nonc:23)c1OC,-5.717985,-2.728541,2.989444,0.1720648424323306,3.09680226953033
1759,COc1cc2cc(C3:sc(-c4cncc5nonc45)cc:3OC)n(C)c2cc1OC,-5.038098,-2.986374,2.051723,0.8629756292151487,3.091428594455543
1760,COc1cc2cc(-c3cc(OC)c(C4:c(C(F)(F)F)ncc5nonc:45)s3)[nH]c2cc1OC,-5.01751,-2.945864,2.071646,0.8476693242568931,3.2263814920482448
1761,COc1cc2cc(C(=O)O)[nH]c2c(C=Cc2occ3ncc(C#N)nc23)c1OC,-5.459959,-3.020835,2.439124,0.9863528872305802,3.440795127900212
1762,COc1cc2c:C(c3c(Br)ccc4nsnc34):n(C)c2cc1OC,-4.94008,-2.590686,2.349394,0.5614416677308693,2.7606823515013303
1763,COc1cc(-c2scc3nc(C)cnc23)s:C:1c1c(OC)c(OC)cc2ccn(C)c12,-4.961289,-2.281759,2.67953,0.6386159620686142,3.2715381441618376
1764,COc1cc(-c2nc(O)cc3nsnc23)s:C:1c1c(OC)c(OC)cc2c1ccn2C,-5.097632,-2.654457,2.443176,0.7907794977530748,3.3489381441618384
1765,COc1cc2c(ccn2C):C(c2scc3nc(NC(C)=O)cnc23):c1OC,-5.104061,-1.932826,3.171235,0.5836068208497496,2.9953881075870097
1770,COc1cc(-c2c(OC)c(OC)cc3[nH]ccc23)s:C:1c1scc2nc(C(F)(F)F)cnc12,-4.891137,-2.384555,2.506582,0.894913179429683,3.309579010658666
1771,COc1cc2cc[nH]c2:C(c2occ3nc(Br)cnc23):c1OC,-5.231421,-2.618068,2.613353,0.9628576607050996,3.243263549197609
1773,COc1cc2c(cc(C(=O)O)n2C)c(C=Nc2c(Br)ccc3nsnc23)c1OC,-5.551546,-2.495378,3.056168,0.8777513262255507,3.192979451435756
1774,COc1cc2cc(C=Nc3occ4nc(OC(C)=O)cnc34)n(C)c2cc1OC,-4.851545,-2.268583,2.582962,0.9999974021826528,3.366459855855184
1775,COc1cc2c(ccn2C)c(C=Nc2c(S(=O)(=O)O)ncc3nsnc23)c1OC,-5.561392,-3.276286,2.285106,0.9101181271303836,3.436748682204985
1777,COc1cc2c(cc(C(=O)O)n2C)c(C=Nc2nc(S(=O)(=O)O)cc3nonc23)c1OC,-6.084347,-3.378947,2.7054,0.9368553581135818,3.4867530011371954
1779,COc1cc2cc[nH]c2c(C=Cc2c(S)ccc3nonc23)c1OC,-5.36982,-2.490956,2.878864,0.8297443935556497,3.2588627746381817
1780,COc1cc(-c2c(OC)c(OC)cc3cc[nH]c23)s:C:1c1c(OC)ccc2nonc12,-4.963886,-2.191306,2.77258,0.739863540691893,3.0761040493240923
1784,COc1cc2cc(C(=O)O)n(C)c2c(C=Nc2c(F)ccc3nsnc23)c1OC,-5.531535,-2.503033,3.028502,0.8453598661976567,3.221078596734901
1788,COc1cc2cc(C(=O)O)n(C)c2c(C=Nc2nc(NC(C)=O)cc3nsnc23)c1OC,-5.702611,-2.617583,3.085028,0.8581144183684688,3.4294327882040614
1793,COc1cc2c:C(c3scc4nc(F)cnc34):n(C)c2cc1OC,-4.939206,-2.379137,2.560069,0.7667335550364571,3.0301529397366256
1796,COc1cc2[nH]c(C(=O)O)cc2c(C=Cc2occ3ncc(S)nc23)c1OC,-5.083855,-2.358297,2.725559,0.9878438403175404,3.5376470772819424
1798,COc1cc(-c2c(OC)c(OC)cc3cc[nH]c23)s:C:1c1c(S(=O)(=O)O)ccc2ccccc12,-5.270321,-1.80742,3.462901,0.2707760304449407,2.904981092423016
1801,CNc1cc(N=Cc2c(OC)c(OC)cc3ccn(C)c23)c2nsnc2c1,-5.173269,-1.965139,3.208131,0.8725065907059262,3.2929910967031564
1805,COc1cc2cc[nH]c2c(C=Nc2nc(F)cc3nonc23)c1OC,-5.737791,-3.022836,2.714955,0.9972040174153312,3.431003159253565
1806,COc1cc(-c2c(OC)c(OC)cc3[nH]c(C(=O)O)cc23)s:C:1c1cc(NC(C)=O)cc2nsnc12,-5.08482,-2.166041,2.918779,0.8911027486453102,3.188049721801458
1809,COc1cc2cc(C=Nc3nc(C#N)cc4nonc34)[nH]c2cc1OC,-5.66995,-3.167826,2.502124,0.9999999993346492,3.3048079510021227
1815,COc1cc2cc[nH]c2:C(c2scc3ncc(S)nc23):c1OC,-5.313859,-2.233923,3.079936,0.3348995445872539,3.388471940806001
1816,COc1cc2cc[nH]c2:C(c2cccc3nc(C(F)(F)F)cnc23):c1OC,-5.439345,-2.516701,2.922645,0.6543903281025705,2.781481427425065
1818,COc1cc2[nH]c(C(=O)O)cc2c(C=Cc2c(C#N)ccc3nsnc23)c1OC,-5.499724,-2.87006,2.629664,0.9752836462826886,3.1360598558551835
1821,COc1cc(-c2c(OC)c(OC)cc3c2cc(C(=O)O)n3C)s:C:1c1c(C)ncc2nonc12,-5.362122,-2.553209,2.808913,0.7478283776564838,3.271220606593058
1827,COc1cc(-c2c(OC)c(OC)cc3ccn(C)c23)s:C:1c1cc(C)cc2nccnc12,-5.083163,-1.815774,3.267389,0.5664009132627581,3.036385580096698
1830,COc1cc(-c2c(OC)c(OC)cc3[nH]c(C(=O)O)cc23)s:C:1c1c(S)ccc2nsnc12,-5.340312,-2.205989,3.134323,0.6213810471372533,3.280580995770328
1833,COc1cc2cc[nH]c2c(C#Cc2nc(C)cc3nonc23)c1OC,-5.540501,-2.751561,2.78894,1.0,3.213903159253565
1836,COc1cc2[nH]ccc2c(C=Nc2cc(C=O)cc3nonc23)c1OC,-5.446699,-2.878766,2.567932,0.9793117316705192,3.237986412540584
1839,COc1cc2c(ccn2C)c(C=Cc2c(S)ccc3nccnc23)c1OC,-5.115314,-1.923456,3.191857,0.8362262124693283,3.0583886991007585
1840,COc1cc2cc(C=Nc3cncc4nsnc34)[nH]c2cc1OC,-5.142037,-2.774929,2.367108,0.9999980807907912,3.1340728039900174
1841,COc1cc2c:C(c3occ4nc(F)cnc34):n(C)c2cc1OC,-4.978959,-2.332869,2.64609,0.999897913603306,3.089897057383684
1845,COc1cc2[nH]ccc2:C(c2c(OC(C)=O)ccc3nonc23):c1OC,-5.551534,-2.187133,3.364401,0.4295246513678197,2.7692506952848674
1846,COc1cc2cc[nH]c2c(C=Nc2nc(OC(C)=O)cc3nonc23)c1OC,-5.657945,-2.896846,2.761099,0.9871179001389024,3.440902160047278
1847,COc1cc2cc(C=Cc3c(O)ccc4nsnc34)[nH]c2cc1OC,-4.861806,-2.274076,2.58773,0.940019806068776,2.900414697715105
1850,COc1cc2[nH]c(C(=O)O)cc2c(C#Cc2cc(NC(C)=O)cc3nsnc23)c1OC,-5.465665,-2.39172,3.073945,1.0,3.1383042341063767
1853,COc1cc(-c2c(OC)c(OC)cc3cc(C(=O)O)[nH]c23)s:C:1c1c(C)ncc2nonc12,-5.459281,-2.672351,2.78693,0.7262945002343257,3.2943378195916697
1854,COc1cc2cc(C=Cc3c(NC(C)=O)ccc4nsnc34)n(C)c2cc1OC,-5.040815,-2.388979,2.651836,0.9043259790100002,2.963827210451808
1856,COc1cc(-c2c(OC)c(OC)cc3ccn(C)c23)s:C:1c1cc(C(F)(F)F)cc2nccnc12,-5.256813,-2.216136,3.040677,0.5680837945416035,3.140445616949453
1857,COc1cc2cc(C=NC3:c(C#N)ncc4nsnc:34)[nH]c2cc1OC,-5.375094,-3.183271,2.191823,0.9999999371061198,3.287131027925198
1858,COc1c:C(c2c(OC)c(OC)cc3[nH]ccc23):sc1-c1occ2ncc(C#N)nc12,-4.953974,-2.532924,2.421049,0.9002650965618682,3.37842470619531
1861,COc1c:C(c2c(OC)c(OC)cc3cc(C(=O)O)[nH]c23):sc1-c1cc(C#N)cc2nonc12,-5.572455,-2.939072,2.633383,0.9009624832239164,3.27534551549994
1862,COc1cc2cc(C=NC3:nncc4nsnc:34)[nH]c2cc1OC,-5.383583,-2.907704,2.475879,0.9999999904814708,3.272247529264744
1864,COc1cc2cc(-c3s:C(c4scc5sc(=S)sc45):cc3OC)[nH]c2cc1OC,-4.644376,-2.205316,2.43906,0.966570444070638,3.311987813087491
1865,COc1cnc2c(C3:cc(OC)c(-c4cc5cc(OC)c(OC)cc5[nH]4)s:3)scc2n1,-4.403442,-2.256905,2.146537,0.9999965085054896,3.129718223913547
1866,COc1cc2cc(C#CC3:nc(Br)cc4nsnc:34)[nH]c2cc1OC,-5.269468,-2.95779,2.311679,1.0,3.326126236176643
1867,COc1cc2cc(-c3s:C(c4cc(C(F)(F)F)cc5nonc45):cc3OC)[nH]c2cc1OC,-5.06949,-2.944795,2.124695,0.999915302224076,3.043713501973804
1869,COc1cc2c(ccn2C)c(C=Cc2c(C#N)ccc3nonc23)c1OC,-5.271935,-2.820935,2.451,0.9855327373194018,3.0783631246751835
1871,COc1cc2cc(C=Cc3nc(S(=O)(=O)O)cc4nonc34)[nH]c2cc1OC,-5.539444,-3.275765,2.263679,0.9973401818826716,3.2420036498233245
1872,COc1cc2cc(-c3cc(OC)c(C4:c(C#N)ncc5nsnc:45)s3)[nH]c2cc1OC,-5.198964,-3.087292,2.111672,0.8523561438886944,3.2457349914157074
1875,COc1cc2cc(C=Cc3occ4ncc(Br)nc34)[nH]c2cc1OC,-4.74237,-2.465794,2.276576,0.9999999959664604,3.2239512361766423
1876,COc1cc2[nH]ccc2c(C#Cc2scc3nc(C#N)cnc23)c1OC,-5.251844,-2.904241,2.347603,1.0,3.40987625869443
1877,COc1cc2cc(-c3s:C(c4nc(O)cc5nonc45):cc3OC)[nH]c2cc1OC,-4.855747,-2.801769,2.053977,0.9999932896199926,3.183726089983272
1878,CNc1cnc2coc(N=Cc3cc4cc(OC)c(OC)cc4[nH]3)c2n1,-4.501985,-1.9144,2.587585,0.9999988263443648,3.2910393356175067
1879,COc1cc2cc(C3:cc(C#N)cc4nsnc:34)n(C)c2cc1OC,-5.541935,-3.063774,2.478161,0.6588062681244259,2.851833901398745
1881,COc1cc2cc(C=NC3:cccc4ncc(C#N)nc:34)[nH]c2cc1OC,-5.442916,-2.651591,2.791325,0.894491519366483,2.9309691571042933
1883,COc1cc2[nH]ccc2c(C=Cc2scc3ncc(C=O)nc23)c1OC,-5.073577,-2.750941,2.322635,0.9861279468148992,3.3160473356175064
1884,COc1cc2cc(C=Cc3cccc4nc(S)cnc34)[nH]c2cc1OC,-4.908979,-2.121048,2.787931,0.9991058563876176,2.9480682586944305
1885,CNc1cc2nonc2c(C=Nc2cc3cc(OC)c(OC)cc3[nH]2)n1,-5.188622,-2.686288,2.502334,0.999966766412113,3.3452977971559683
1886,COc1cc2cc(-c3cc(OC):C(c4c(S(=O)(=O)O)ncc5nonc45):s3)[nH]c2cc1OC,-5.1313,-3.202647,1.928652,0.8966415869712897,3.305657422569336
1887,COc1cc2cc(C=Nc3cccc4cc(C=O)ccc34)[nH]c2cc1OC,-5.382771,-1.995847,3.386924,0.8981626076354189,2.6399460801812165
1890,COc1c:C(c2c(OC)c(OC)cc3cc(C(=O)O)[nH]c23):sc1-c1cncc2nonc12,-5.421364,-2.747744,2.67362,0.9025480799465232,3.254753120248853
1891,COc1cc2[nH]c(C(=O)O)cc2c(C=Cc2scc3nc(C#N)cnc23)c1OC,-5.35769,-2.909045,2.448645,0.9860560256934476,3.3360439083880173
1892,COc1cc2cc(C=NC3:nncc4nsnc:34)[nH]c2cc1OC,-5.618044,-2.961569,2.656475,0.9647420962921736,3.272247529264744
1893,COc1cc2cc(C=Cc3cccc4ncc(C=O)nc34)[nH]c2cc1OC,-4.873241,-2.580866,2.292375,0.998006575993764,2.7874999263350624
1895,COc1cc2cc(-c3cc(OC):C(c4c(Br)ccc5nccnc45):s3)[nH]c2cc1OC,-4.901794,-2.142298,2.759495,0.6714279205239331,2.8895387943543422
1896,COc1cc2ccn(C)c2c(N=Cc2scc3nc(C#N)cnc23)c1OC,-5.19884,-3.110248,2.088592,0.9395692534309262,3.484046441358501
1898,COc1cc2c(cc(C(=O)O)n2C)c(C=Cc2occ3ncc(C#N)nc23)c1OC,-5.348119,-2.930501,2.417618,0.991276679304089,3.3989520547162124
1899,COc1cc2cc(C(=O)O)n(C)c2c(C=Cc2occ3ncc(C#N)nc23)c1OC,-5.376611,-2.947301,2.42931,0.9432999757302178,3.471271834935992
1900,COc1cc2c(cc(C(=O)O)n2C)c(C=Cc2nncc3nsnc23)c1OC,-5.503023,-2.967825,2.535198,0.9895828935860622,3.3181592486548723
1902,COc1cc2ccn(C)c2c(C2:scc3ncc(C=O)nc:23)c1OC,-5.424183,-2.778566,2.645617,0.3712831911928647,3.211755894898202
1903,COc1cc2cc[nH]c2c(C=Cc2cc(C#N)cc3nonc23)c1OC,-5.602434,-3.049291,2.553143,0.9711538103824656,3.1687907202328915
1904,COc1cc2cc(N=Cc3cc(Br)cc4nsnc34)n(C)c2cc1OC,-4.95567,-2.771962,2.183708,0.999996952455316,3.147838221272392
1905,COc1cc2cc(-c3cc(OC)c(C4:cc(C=O)cc5nsnc:45)s3)[nH]c2cc1OC,-4.830165,-2.728363,2.101801,0.9771050647276236,3.135346918814152
1907,COc1cc2[nH]c(C(=O)O)cc2c(C=Cc2cc(F)cc3nsnc23)c1OC,-5.476706,-2.505663,2.971043,0.948440744369619,3.0554538932507835
1908,COc1cc2cc(-c3s:C(c4cc(C)cc5nccnc45):cc3OC)[nH]c2cc1OC,-4.562246,-2.121932,2.440314,0.9755344730386212,2.838113556670679
1909,COc1cc2cc(N=Cc3cc(S(=O)(=O)O)cc4nccnc34)[nH]c2cc1OC,-5.349458,-2.830288,2.519171,0.999825659219682,3.0367542273373607
1911,COc1cc2c:C(c3sc(-c4c(C#N)ccc5nonc45)cc3OC):[nH]c2cc1OC,-4.978688,-3.042415,1.936273,0.9999252032253274,3.0469291141469093
1912,COc1cc2c(ccn2C)c(N=Cc2cc(C#N)cc3nonc23)c1OC,-5.285045,-3.097465,2.18758,0.924851848875889,3.2354899978020573
1913,COc1cc2cc[nH]c2c(C=Nc2cc(C#N)cc3nsnc23)c1OC,-5.606934,-2.964229,2.642705,0.9511863772338668,3.3101267202328923
1914,COc1cc2cc(C=Cc3nncc4nonc34)[nH]c2cc1OC,-5.224775,-2.979556,2.245219,0.9999999998459213,3.1267244523416657
1915,COc1cc2cc(C=NC3:cc(C=O)cc4nsnc:34)n(C)c2cc1OC,-5.396794,-2.933175,2.463619,0.9980300201169005,3.2310628249748845
1916,COc1cc2cc(-c3cc(OC):C(c4c(C=O)ccc5nonc45):s3)[nH]c2cc1OC,-5.042928,-2.705038,2.33789,0.8590196495549627,3.062383911035414
1917,COc1cc2cc(-c3s:C(c4c(OC)ncc5nonc45):cc3OC)[nH]c2cc1OC,-4.514873,-2.813571,1.701302,0.9999995158240912,3.122958500490902
1918,COc1cc2cc(C=Nc3nc(C)cc4nsnc34)n(C)c2cc1OC,-5.181048,-2.5287,2.652348,0.999999999372276,3.2197072441414143
1919,COc1cc2c:C(C#Cc3c(F)ncc4nsnc34):[nH]c2cc1OC,-5.203715,-3.019818,2.183897,1.0,3.275528159253565
1922,COc1cc2cc(C=Nc3cc(C#N)cc4nonc34)n(C)c2cc1OC,-5.416602,-2.99459,2.422013,0.9999995129523008,3.1343645232765827
1923,COc1cc2cc(-c3cc(OC)c(C4:c(S)ncc5nsnc:45)s3)[nH]c2cc1OC,-4.984575,-2.710175,2.2744,0.7591938264067002,3.3277212599296035
1924,COc1cc2ccn(C)c2c(C2:occ3ncc(C#N)nc:23)c1OC,-5.460327,-2.825228,2.635098,0.4575478552218513,3.259410066079134
1925,COc1cc2cc(C=Cc3c(S)ccc4nccnc34)[nH]c2cc1OC,-5.04131,-2.263009,2.778301,0.6569539821342063,2.9384608740790448
1926,COc1cc2cc(C=Cc3occ4nc(F)cnc34)[nH]c2cc1OC,-4.90065,-2.437518,2.463132,0.999954912966962,3.250622390022797
1928,COc1cc2cc(C(=O)O)[nH]c2c(C2:cc(C#N)cc3nonc:23)c1OC,-5.945166,-3.211515,2.733651,0.7541851591123159,2.9943696865343785
1929,COc1cc2cc(-c3cc(OC)c(C4:nc(F)cc5nsnc:45)s3)n(C)c2cc1OC,-4.927867,-2.584715,2.343152,0.895833250647105,3.283406500805195
1930,COc1cc2cc(N=Cc3nc(S(=O)(=O)O)cc4nonc34)[nH]c2cc1OC,-5.77465,-3.661896,2.112754,0.9998149903939646,3.4677660646237136
1931,COc1cc2cc(N=Cc3cccc4nonc34)[nH]c2cc1OC,-5.205223,-2.76623,2.438993,0.999975716348172,2.8979325842098
1932,COc1cc2[nH]c(C(=O)O)cc2c(C2:c(F)ncc3nonc:23)c1OC,-5.945487,-2.962118,2.983369,0.4881490710399024,3.0269930300326804
1933,COc1cc2ccn(C)c2c(C2:occ3ncc(C#N)nc:23)c1OC,-5.460345,-2.825233,2.635112,0.4575346605130161,3.259410066079134
1934,COc1cc2cc(C(=O)O)[nH]c2c(C=Cc2cncc3nsnc23)c1OC,-5.623442,-2.8135,2.809942,0.9392651570432352,3.216304982817043
1935,COc1cc2[nH]c(C(=O)O)cc2c(C2:c(C#N)ncc3nonc:23)c1OC,-5.858914,-3.26428,2.594634,0.4097785747953562,3.093070901109277
1936,COc1cc2c(ccn2C)c(C2:cccc3ncc(C#N)nc:23)c1OC,-5.387534,-2.432229,2.955305,0.4763869604637052,2.7098731485073184
1937,COc1cc2cc(C=Cc3c(C#N)ccc4ccccc34)[nH]c2cc1OC,-4.847851,-1.981789,2.866062,0.924597158073,2.5549519973409804
1938,COc1cc2c(ccn2C)c(C2:nncc3nsnc:23)c1OC,-5.39389,-2.897059,2.496831,0.5744505026543301,3.0972118009458613
1939,COc1cc2c:C(N=Cc3cncc4nsnc34):[nH]c2cc1OC,-4.963642,-2.889365,2.074278,0.999999918446697,3.2044429138801283
1941,COc1cc2cc(C=NC3:scc4nc(F)cnc:34)[nH]c2cc1OC,-4.993714,-2.505715,2.487999,0.9999992424740002,3.252589697715104
1942,COc1cc2cc(C=Cc3c(C(F)(F)F)ncc4nsnc34)n(C)c2cc1OC,-5.296257,-3.046156,2.250102,0.9515458364045404,3.211270049726353
1944,COc1cc2cc(C#CC3:nc(F)cc4nonc:34)n(C)c2cc1OC,-5.567559,-3.037883,2.529676,1.0,3.227895185929357
1945,COc1cc2cc(C3:cc(Br)cc4nsnc:34)n(C)c2cc1OC,-5.034591,-2.600087,2.434504,0.6788541054688352,2.781113573220786
1946,COc1cc2cc(C=NC3:c(C=O)ccc4nonc:34)[nH]c2cc1OC,-5.642128,-3.023951,2.618177,0.9997537689228864,3.0718897971559684
1947,COc1cc2c:C(C#Cc3nc(Br)cc4nsnc34):[nH]c2cc1OC,-5.488262,-3.060653,2.427609,1.0,3.326126236176643
1949,COc1cc2c:C(c3sc(-c4nc(F)cc5nsnc45)cc3OC):[nH]c2cc1OC,-4.74474,-2.840717,1.904023,0.9999976439427094,3.203812673167529
1950,COc1cc2cc(N=Cc3cc(C=O)cc4nccnc34)[nH]c2cc1OC,-5.238239,-2.733207,2.505033,0.999988459237101,3.045794600891276
1952,COc1cc2c(cc(C(=O)O)n2C)c(C2:cc(F)cc3nsnc:23)c1OC,-5.733397,-2.356846,3.376551,0.4860963063703728,2.894292115684175
1953,COc1cc2[nH]c(C(=O)O)cc2c(C2:cncc3nonc:23)c1OC,-5.751531,-2.761089,2.990442,0.6294078360187921,2.9147675958732844
1954,COc1cc2c(ccn2C)c(C=Cc2nc(NC(C)=O)cc3nonc23)c1OC,-5.319786,-2.556155,2.763632,0.9907490028793144,3.172752163547492
1957,COc1cc2c:C(N=Cc3c(C)ncc4nonc34):[nH]c2cc1OC,-5.053947,-2.924631,2.129316,0.9999935092775596,3.2092320054074115
1958,COc1cc2cc(-c3cc(OC):C(c4c(OC)ccc5nccnc45):s3)[nH]c2cc1OC,-4.695815,-1.82876,2.867056,0.7375005966678436,2.818208565138411
1959,COc1cc2cc(C(=O)O)[nH]c2c(C=Cc2c(C(F)(F)F)ncc3nonc23)c1OC,-5.771376,-3.212981,2.558395,0.8980494530383196,3.3448686409905903
1960,COc1cc2cc(C=Nc3c(OC(C)=O)ncc4nsnc34)[nH]c2cc1OC,-5.183111,-2.835794,2.347317,0.9806474024835348,3.242753313893433
1961,COc1cc2cc(C=Nc3occ4nc(C(F)(F)F)cnc34)[nH]c2cc1OC,-5.180695,-2.670259,2.510437,0.9999467335535364,3.320509589453315
1962,COc1cc2c(ccn2C)c(C=Cc2c(F)ccc3nsnc23)c1OC,-4.957745,-2.27874,2.679005,0.9875477892902008,2.987213481147652
1963,COc1cc2c:C(c3c(C(F)(F)F)ncc4nsnc34):n(C)c2cc1OC,-5.374548,-3.138268,2.23628,0.5944269139076122,3.032849654145714
1965,COc1cc2c:C(C=Cc3nc(O)cc4nsnc34):[nH]c2cc1OC,-4.991988,-2.594103,2.397885,0.9999999938018378,3.1865800823304893
1966,COc1cc(C2:c(OC)c(OC)cc3cc(C(=O)O)[nH]c:23)c2nonc2c1,-5.694398,-2.444991,3.249408,0.7227048245883095,2.849405921352192
1975,COc1cc2cc[nH]c2c(C=Cc2c(C#N)ccc3ccccc23)c1OC,-5.154052,-1.989808,3.164243,0.8207967433121535,2.7347762576960104
1978,COc1cc2[nH]c(C(=O)O)cc2c(C=Nc2c(Br)ccc3nsnc23)c1OC,-5.62342,-2.522558,3.100862,0.880137224068914,3.165316989648057
1979,COc1cc2cc(C=Nc3cccc4nccnc34)n(C)c2cc1OC,-5.256887,-1.959863,3.297023,0.8716780534078115,2.753419027925199
1980,COc1cc2c(ccn2C):C(c2cccc3ncc(OC(C)=O)nc23):c1OC,-5.008482,-1.792472,3.21601,0.0556771312147904,2.706835782247861
1981,COc1cc2c(cc(C(=O)O)n2C)c(C#Cc2c(S)ncc3nonc23)c1OC,-5.514873,-2.944554,2.570319,1.0,3.4453144941707983
1993,COc1cc(-c2c(OC)c(OC)cc3[nH]c(C(=O)O)cc23)s:C:1c1cc(NC(C)=O)cc2nonc12,-5.220939,-2.211257,3.009682,0.892831967470276,3.148643019592777
1997,COc1cc2nsnc2c(C#Cc2cc3cc(OC)c(OC)cc3[nH]2)n1,-5.302729,-2.738488,2.564241,1.0,3.2063377971559683
2000,COc1cc2ccn(C)c2:C(c2c(NC(C)=O)ncc3nonc23):c1OC,-5.492546,-2.732523,2.760023,0.2348567682530656,3.089423532688224
2002,COc1cc2[nH]c(C(=O)O)cc2:C(c2cccc3nc(C=O)cnc23):c1OC,-5.580111,-2.502781,3.07733,0.4891429631834527,2.7750219555682136
2006,COc1cc2[nH]ccc2:C(c2c(C#N)ccc3nsnc23):c1OC,-5.29178,-2.66621,2.625569,0.2892811518940658,2.849625446130487
2008,COc1cc2cc(C(=O)O)[nH]c2:C(c2nc(Br)cc3nonc23):c1OC,-5.798137,-3.106626,2.691511,0.8683247049330006,3.142223377767138
2009,COc1cc2[nH]c(C(=O)O)cc2c(C=Nc2cc(S)cc3nonc23)c1OC,-5.692473,-2.601436,3.091038,0.995006442236642,3.383351848460132
2012,COc1cc(-c2c(OC)c(OC)cc3cc(C(=O)O)[nH]c23)s:C:1c1cccc2nsnc12,-5.132204,-2.334172,2.798032,0.9011641658603844,3.073572393283511
2013,COc1cc(-c2c(OC)c(OC)cc3cc[nH]c23)s:C:1c1c(C(F)(F)F)ccc2nsnc12,-5.159655,-2.664054,2.4956,0.5431982875158272,3.2262832290209484
2014,COc1cc2c(ccn2C)c(C=Cc2c(C)ncc3nonc23)c1OC,-5.098744,-2.609392,2.489352,0.9861794718022244,3.1340444582786287
2015,COc1cc2c(ccn2C)c(C=Nc2occ3nc(OC(C)=O)cnc23)c1OC,-4.961409,-2.194339,2.767071,0.9992327294460452,3.42054934928858
2018,COc1cc2cc(C=Cc3c(C(F)(F)F)ccc4nccnc34)n(C)c2cc1OC,-5.091717,-2.406297,2.68542,0.917882682758631,2.899351505265664
2019,COc1cc2cc(C(=O)O)n(C)c2c(C=Nc2cc(S)cc3nonc23)c1OC,-5.696556,-2.633589,3.062967,0.9220377769582956,3.480629024085329
2027,COc1cc2ccn(C)c2c(C=Nc2c(Br)ncc3nonc23)c1OC,-5.569796,-3.025406,2.54439,0.8995730043038788,3.406602254536426
2028,COc1cc2cc[nH]c2c(C=Cc2c(C#N)ccc3nsnc23)c1OC,-5.316543,-2.889228,2.427315,0.9411888820148088,3.175604874079045
2029,COc1cc2c(ccn2C)c(C=Nc2occ3ncc(NC(C)=O)nc23)c1OC,-4.869869,-2.145478,2.724391,0.9998664088336962,3.3265120134536827
2031,COc1cc2c(ccn2C):C(c2nc(OC(C)=O)cc3nsnc23):c1OC,-5.263012,-2.568309,2.694703,0.60979775730968,3.1216796055627176
2032,COc1cc(-c2c(OC)c(OC)cc3cc(C(=O)O)n(C)c23)s:C:1c1c(OC(C)=O)ccc2nsnc12,-5.489862,-2.304132,3.18573,0.3353929981859889,3.2860324935367995
2033,COc1cc2cc(C=Cc3nc(C)cc4nonc34)[nH]c2cc1OC,-5.053577,-2.630651,2.422926,0.9999999997515034,2.969897390022796
2034,COc1cc(-c2c(OC)c(OC)cc3cc[nH]c23)s:C:1c1c(C#N)ccc2ccccc12,-5.119995,-1.810766,3.309229,0.6216744681653432,2.8706583979143314
2035,COc1cc2[nH]ccc2c(C=Nc2cc(Br)cc3nonc23)c1OC,-5.599541,-2.622413,2.977127,0.9713527675748924,3.137753159253565
2037,COc1cc(-c2c(OC)c(OC)cc3cc(C(=O)O)n(C)c23)s:C:1c1nc(Br)cc2nonc12,-5.775168,-2.798243,2.976925,0.581776872762697,3.437696558010062
2038,COc1cc2ccn(C)c2c(C=Nc2scc3nc(F)cnc23)c1OC,-5.240606,-2.457212,2.783394,0.9241635147898104,3.4284193023534737
2039,COc1cc(-c2c(OC)c(OC)cc3c2ccn3C)s:C:1c1c(S(=O)(=O)O)ccc2nsnc12,-5.327174,-2.703723,2.623451,0.6120206531980629,3.2044384203582386
2044,COc1cc2c(ccn2C)c(C=Cc2occ3nc(S(=O)(=O)O)cnc23)c1OC,-5.27551,-2.963665,2.311845,0.992279674334343,3.4468324428887467
2046,COc1cc2[nH]c(C(=O)O)cc2c(C=Nc2nncc3nonc23)c1OC,-5.904797,-3.030065,2.874732,0.9204048760659798,3.343463024775085
2048,COc1cc2cc[nH]c2c(C=Nc2cc(Br)cc3nonc23)c1OC,-5.596166,-2.774214,2.821951,0.9968672644695982,3.2173358515612573
2049,COc1cc2cc(C=Cc3c(C=O)ncc4nonc34)n(C)c2cc1OC,-5.206564,-3.165233,2.041331,0.8165766551718947,3.2361265612386205
2051,COc1cc2cc(-c3s:C(c4c(O)ccc5nsnc45):cc3OC)[nH]c2cc1OC,-4.558204,-2.347706,2.210498,0.9227676006277266,2.975816429875936
2052,COc1c:C(c2c(OC)c(OC)cc3c2ccn3C):sc1-c1cc(C#N)cc2nonc12,-5.310527,-2.756408,2.554119,0.7894899044331372,3.191416856512589
2053,COc1cc2cc(C=Cc3cc(NC(C)=O)cc4nonc34)[nH]c2cc1OC,-4.838981,-2.357681,2.4813,0.9999935009621992,2.8749181215857416
2056,COc1cc2cc(-c3s:C(c4cccc5ncc(C)nc45):cc3OC)[nH]c2cc1OC,-4.707478,-2.117797,2.589682,0.9686477774625292,2.7449024935764683
2058,COc1c:C(c2c(OC)c(OC)cc3c2cc(C(=O)O)n3C):sc1-c1scc2nc(C#N)cnc12,-5.097148,-2.715367,2.381781,0.900826671902398,3.399105899524022
2059,COc1cc2cc(C=NC3:nc(Br)cc4nsnc:34)[nH]c2cc1OC,-5.619816,-2.958378,2.661439,0.998490579927926,3.317018543868949
2062,COc1c:C(c2c(OC)c(OC)cc3c2ccn3C):sc1-c1scc2ncc(C=O)nc12,-4.873809,-2.543124,2.330685,0.8990952405271704,3.3449646164449653
2063,COc1cc2c(ccn2C)c(C=Nc2c(C#N)ncc3nonc23)c1OC,-5.46883,-3.189718,2.279112,0.996419447746516,3.3508014863135456
2064,COc1cc2cc(C=Cc3scc4nccnc34)[nH]c2cc1OC,-4.615575,-2.329587,2.285988,0.9999999995685258,2.975342474319689
2065,COc1cc2cc(C=Cc3c(F)ccc4nccnc34)[nH]c2cc1OC,-4.681867,-2.091362,2.590505,0.9999793011587164,2.7155045663867377
2066,COc1cc2cc(C=Nc3cccc4ncc(F)nc34)[nH]c2cc1OC,-5.296387,-2.12324,3.173147,0.8982309590407052,2.905219027925199
2067,COc1cc2[nH]c(C(=O)O)cc2c(C=Cc2cc(C#N)cc3nsnc23)c1OC,-5.800271,-2.871889,2.928382,0.8328710624647,3.158531150414284
2068,COc1cc2cc(-c3s:C(c4c(C)ccc5nonc45):cc3OC)[nH]c2cc1OC,-4.718513,-2.509331,2.209182,0.9999573959435166,2.925542011271286
2069,COc1cc2cc(N=Cc3nc(C#N)cc4nsnc34)[nH]c2cc1OC,-5.460843,-3.3681,2.092743,0.9999452393291192,3.4756381048482776
2070,COc1cc2cc(C(=O)O)[nH]c2c(C=Cc2c(C#N)ncc3nonc23)c1OC,-5.824162,-3.389365,2.434796,0.9683187550268948,3.3512662348420523
2071,COc1cc2cc(C=Cc3c(NC(C)=O)ccc4nonc34)[nH]c2cc1OC,-4.997957,-2.405698,2.592259,0.9144798211953672,2.8979598523549708
2075,COc1cc2[nH]ccc2c(C2:cc(C#N)cc3nsnc:23)c1OC,-5.382502,-2.725338,2.657164,0.412582453600121,2.924262235428145
2076,COc1cc2c(cc(C(=O)O)n2C)c(N=Cc2occ3ncc(C#N)nc23)c1OC,-5.413217,-3.190799,2.222418,0.9246323546701308,3.5465322744964327
2077,COc1cc2ccn(C)c2c(N=Cc2c(C#N)ncc3nonc23)c1OC,-5.429801,-3.458555,1.971246,0.9151149888387444,3.431743943856003
2079,COc1cc2cc(C(=O)O)n(C)c2c(C2:c(C#N)ncc3nsnc:23)c1OC,-5.747178,-3.250915,2.496263,0.0265754303912856,3.266796893775089
2081,COc1cc2c(ccn2C)c(C=Cc2nc(F)cc3nsnc23)c1OC,-5.199521,-2.636531,2.56299,0.9906354101369002,3.293915144349316
2083,COc1cc2cc(C(=O)O)n(C)c2c(N=Cc2occ3ncc(C#N)nc23)c1OC,-5.419273,-3.218404,2.200869,0.9423986479544796,3.594997109661267
2084,COc1cc2c(ccn2C)c(C=Nc2c(C#N)ccc3nonc23)c1OC,-5.370903,-2.877283,2.49362,0.990113816587054,3.152310577222636
2085,COc1cc2cc(-c3cc(OC)c(C4:cc(Br)cc5nsnc:45)s3)[nH]c2cc1OC,-4.806881,-2.468451,2.338429,0.9779223686692168,3.052995857425132
2086,COc1cc2cc(-c3cc(OC):C(c4scc5nccnc45):s3)[nH]c2cc1OC,-4.680961,-2.238771,2.44219,0.9718751784886704,3.0141116248179287
2087,COc1cc2cc(C3:cc(OC)c(-c4nc(O)cc5nonc45)s:3)n(C)c2cc1OC,-5.318888,-2.601834,2.717054,0.9072912393549506,3.263776430875124
2089,COc1cc2cc(C=Cc3cc(OC(C)=O)cc4nccnc34)n(C)c2cc1OC,-4.671907,-2.037961,2.633946,0.9759110099820658,2.8275715892992768
2090,COc1cc2cc(C#Cc3c(NC(C)=O)ccc4nonc34)[nH]c2cc1OC,-5.287979,-2.554377,2.733602,1.0,2.96968812158574
2091,COc1cc2cc(C(=O)O)n(C)c2c(C=Cc2nncc3nonc23)c1OC,-5.681707,-3.105367,2.57634,0.950175515145282,3.359487388869089
2092,COc1cc2c(ccn2C)c(C2:scc3nc(C#N)cnc:23)c1OC,-5.535597,-2.760651,2.774946,0.4228715348120968,3.1361207919729592
2093,COc1cc2[nH]ccc2c(N=Cc2scc3nc(C#N)cnc23)c1OC,-5.175764,-3.01888,2.156884,0.9246516593183384,3.459393797155969
2094,COc1cc2cc(C=NC3:nc(Br)cc4nsnc:34)[nH]c2cc1OC,-5.410207,-2.8722,2.538007,0.9999999842383396,3.317018543868949
2096,COc1cc2cc(C(=O)O)n(C)c2c(N=Cc2cc(C#N)cc3nonc23)c1OC,-5.629257,-3.310459,2.318799,0.8952476854045965,3.3328943624085205
2098,COc1cc(-c2cccc3ncc(C#N)nc23)s:C:1c1c(OC)c(OC)cc2ccn(C)c12,-5.158108,-2.775106,2.383002,0.600274625219349,3.093976560946402
2099,COc1cc(C=Cc2cc3cc(OC)c(OC)cc3n2C)c2nsnc2c1,-5.008497,-2.274541,2.733956,0.9977913974473078,2.885709178621237
2100,COc1cc2cc(C=NC3:scc4ncc(Br)nc:34)[nH]c2cc1OC,-5.015572,-2.577526,2.438046,0.9999999395994936,3.22591854386895
2101,COc1cc2cc(C=Cc3nc(C)cc4nsnc34)n(C)c2cc1OC,-4.859744,-2.490225,2.369519,0.9998378788878256,3.05257106950524
2102,COc1cc2cc(C=NC3:nncc4nsnc:34)n(C)c2cc1OC,-5.611723,-2.923628,2.688094,0.95395538887081,3.313907005407412
2103,COc1cc2cc(C(=O)O)n(C)c2c(C=Cc2cc(C#N)cc3nonc23)c1OC,-5.730409,-3.076886,2.653523,0.8595887063186909,3.2317218349359926
2105,COc1cc2cc(C=Cc3nc(C(F)(F)F)cc4nonc34)[nH]c2cc1OC,-5.469396,-3.049314,2.420082,0.9999021045827076,3.1354408455390024
2106,COc1cc2cc[nH]c2c(N=Cc2c(C(F)(F)F)ncc3nsnc23)c1OC,-5.333424,-3.212896,2.120527,0.9761347831345982,3.44954697991096
2107,COc1cc2cc(C=Cc3cc(S)cc4nccnc34)[nH]c2cc1OC,-4.753878,-2.084523,2.669355,0.9958266215402176,3.0015919510021227
2108,COc1cc2cc(-c3cc(OC)c(C4:cc(F)cc5nsnc:45)s3)[nH]c2cc1OC,-5.150069,-2.398724,2.751345,0.8205469760098171,3.021043442398298
2109,COc1cc2c:C(c3sc(-c4nc(C=O)cc5nsnc45)cc3OC):[nH]c2cc1OC,-4.958977,-3.148268,1.81071,0.9999936700022054,3.254697653472752
2111,COc1cc2ccn(C)c2c(N=Cc2nncc3nsnc23)c1OC,-5.235151,-3.143924,2.091228,0.9782083150946648,3.496412774638181
2112,COc1c:C(c2c(OC)c(OC)cc3c2cc(C(=O)O)n3C):sc1-c1scc2nc(F)cnc12,-4.906228,-2.256982,2.649245,0.8982908576352311,3.377563440601155
2114,COc1cc2cc[nH]c2c(N=Cc2cc(C#N)cc3nonc23)c1OC,-5.538624,-3.227651,2.310973,0.974156303074203,3.2821039510021217
2115,COc1cc2cc(C=Cc3cccc4nsnc34)[nH]c2cc1OC,-4.762282,-2.33711,2.425172,0.9999973958419576,2.695879617176832
2117,COc1cc2c:C(C#Cc3cc(C=O)cc4nsnc34):[nH]c2cc1OC,-5.05148,-2.874,2.17748,1.0,3.198943951002123
2118,COc1cc2cc(C=Cc3scc4ncc(C#N)nc34)n(C)c2cc1OC,-5.018419,-2.968809,2.04961,0.9999365491395048,3.225866021778081
2119,COc1cc2c(cc(C(=O)O)n2C)c(C#Cc2nc(Br)cc3nsnc23)c1OC,-5.758429,-3.082336,2.676093,1.0,3.393733297589601
2120,COc1cc(-c2occ3ncc(C#N)nc23)s:C:1c1c(OC)c(OC)cc2cc[nH]c12,-5.097269,-2.980306,2.116963,0.9010229481608528,3.452241819419166
2121,COc1cc2cc(C=NC3:cc(Br)cc4nccnc:34)[nH]c2cc1OC,-5.402286,-2.243647,3.158639,0.8898999334218358,2.9021322586944294
2123,COc1cc(-c2occ3ncc(C#N)nc23)s:C:1c1c(OC)c(OC)cc2ccn(C)c12,-5.22625,-2.989342,2.236907,0.6601104438297308,3.470079071220958
2124,COc1cc2[nH]ccc2c(C=Nc2cc(C#N)cc3nonc23)c1OC,-5.715468,-2.974406,2.741061,0.9782265449427504,3.1862184125405832
2125,COc1cc2cc(C=NC3:c(S)ncc4nsnc:34)[nH]c2cc1OC,-5.070116,-2.822472,2.247644,0.999999974889412,3.383599313099719
2127,COc1cc2c:C(N=Cc3occ4ncc(C#N)nc34):n(C)c2cc1OC,-5.101165,-3.163759,1.937406,0.9999906726247556,3.487754333466393
2128,COc1cc2cc[nH]c2c(C=Cc2c(F)ccc3nsnc23)c1OC,-5.190656,-2.506063,2.684593,0.9624853285618682,3.057470466945873
2129,COc1cc2cc(C#CC3:nc(F)cc4nsnc:34)n(C)c2cc1OC,-5.193499,-2.842036,2.351463,1.0,3.2760461214802934
2130,COc1cc2nonc2c(C#CC2:cc3cc(OC)c(OC)cc3[nH]:2)n1,-5.466579,-2.842868,2.623711,1.0,3.1588288740790453
2131,COc1cc2cc(N=Cc3nc(OC(C)=O)cc4nsnc34)[nH]c2cc1OC,-5.273403,-3.017289,2.256114,0.9998547369330814,3.4209152369703544
2132,COc1cc(-c2scc3nc(C#N)cnc23)s:C:1c1c(OC)c(OC)cc2ccn(C)c12,-5.218852,-3.027233,2.19162,0.6490698738212567,3.422828690832117
2133,COc1cc2cc(-c3cc(OC)c(C4:cc(Br)cc5nsnc:45)s3)n(C)c2cc1OC,-5.064054,-2.48526,2.578794,0.7194002307238431,3.1108330742317687
2135,COc1cc2cc[nH]c2c(C2:occ3ncc(C#N)nc:23)c1OC,-5.377039,-3.052901,2.324139,0.9761219179836168,3.2472689243913564
2136,COc1cc2nsnc2c(C=Cc2cc3cc(OC)c(OC)cc3[nH]2)n1,-4.928089,-2.56157,2.366518,0.9999999963729967,3.091922412540584
2137,COc1cc2c(cc(C(=O)O)n2C)c(C=Cc2c(F)ncc3nsnc23)c1OC,-5.352137,-2.855579,2.496558,0.9837566194387096,3.292839280495585
2138,COc1cc2c:C(C=Cc3nncc4nsnc34):[nH]c2cc1OC,-5.058124,-2.899967,2.158157,0.9999999999044644,3.166866430363644
2142,COc1cc2cc(C(=O)O)[nH]c2c(C2:cc(Br)cc3nsnc:23)c1OC,-5.715825,-2.752143,2.963681,0.7101469299978529,2.983859415701806
2143,COc1cc2cc(C=NC3:nncc4nsnc:34)n(C)c2cc1OC,-5.611733,-2.923618,2.688116,0.9539457011311384,3.313907005407412
2144,COc1cc2[nH]c(C(=O)O)cc2c(C=Cc2nc(F)cc3nonc23)c1OC,-5.732999,-2.953809,2.779191,0.991468660989806,3.2622277978272205
2145,COc1c:C(c2c(OC)c(OC)cc3cc(C(=O)O)n(C)c23):sc1-c1c(C=O)ccc2nonc12,-5.729136,-2.743941,2.985195,0.4303895723317505,3.3197631993670367
2146,COc1cc2c:C(N=Cc3nc(Br)cc4nsnc34):[nH]c2cc1OC,-5.160275,-3.089302,2.070973,0.9999997792467894,3.4454781592535664
2147,COc1cc2cc(-c3cc(OC)c(C4:cncc5nsnc:45)s3)[nH]c2cc1OC,-4.778314,-2.597945,2.180368,0.9767295816090786,3.0851110753673785
2148,COc1cc2cc(C=Cc3cc(O)cc4nsnc34)n(C)c2cc1OC,-4.740994,-2.224528,2.516466,0.9992167520642888,3.0086338553680267
2149,COc1cc2c:C(N=Cc3cncc4nonc34):[nH]c2cc1OC,-5.264286,-3.072871,2.191416,0.9999747810683972,3.181578957836172
2150,COc1cc2ccn(C)c2c(C2:cc(F)cc3nsnc:23)c1OC,-5.275542,-2.391484,2.884057,0.1564269246144491,2.933979184080517
2151,COc1cc2cc(C(=O)O)[nH]c2c(C=Nc2nc(F)cc3nsnc23)c1OC,-5.866834,-2.991421,2.875412,0.9874248626515646,3.4736445456363736
2152,COc1cc2cc(C#Cc3occ4nc(F)cnc34)n(C)c2cc1OC,-5.072246,-2.475576,2.59667,1.0,3.402437181771353
2153,COc1cc2c(ccn2C)c(C#CC2:scc3nc(C#N)cnc:23)c1OC,-5.195855,-2.887771,2.308084,1.0,3.396705981818041
2155,COc1cc2[nH]ccc2c(C2:c(C)ncc3nonc:23)c1OC,-5.34932,-2.464032,2.885288,0.3158214194598963,2.897118094652156
2158,COc1cc2cc(C#CC3:scc4nc(F)cnc:34)[nH]c2cc1OC,-5.114599,-2.575189,2.539411,1.0,3.3527704669458744
2159,COc1cc2c:C(N=Cc3cncc4nonc34):[nH]c2cc1OC,-5.468547,-3.163742,2.304806,0.9998930959539364,3.181578957836172
2161,COc1cc2cc(C=Nc3cc(C)cc4nonc34)[nH]c2cc1OC,-5.339165,-2.464935,2.87423,0.9999986616162336,2.9500723900227968
2162,COc1cc2cc(C=Cc3occ4nc(C(F)(F)F)cnc34)[nH]c2cc1OC,-4.975222,-2.643913,2.331309,0.9999847735006306,3.2210766780609106
2164,COc1cc2c:C(c3c(C#N)ncc4nonc34):n(C)c2cc1OC,-5.668068,-3.353054,2.315014,0.7464573838619164,3.030308874313153
2165,COc1cc2cc(-c3cc(OC):C(c4c(NC(C)=O)ncc5nsnc45):s3)[nH]c2cc1OC,-5.044444,-2.640152,2.404292,0.8145280821817893,3.1803205871329805
2166,COc1cc2cc(-c3cc(OC):C(c4c(C#N)ccc5nsnc45):s3)[nH]c2cc1OC,-4.911945,-2.736302,2.175643,0.8533865365190259,3.061089529012942
2169,CNc1cnc2coc(C#Cc3cc4cc(OC)c(OC)cc4[nH]3)c2n1,-4.583533,-1.91162,2.671913,1.0,3.34827748946366
2174,COc1cc(-c2c(OC)c(OC)cc3cc[nH]c23)s:C:1c1cc(S)cc2nonc12,-5.199437,-2.379301,2.820136,0.9063208888044404,3.3807536391782627
2175,COc1cc(-c2c(OC)c(OC)cc3c2ccn3C)s:C:1c1occ2ncc(C)nc12,-4.506087,-1.814817,2.69127,0.8979128664587581,3.2463491581478525
2178,COc1cc2cc[nH]c2c(C=Cc2occ3nc(S(=O)(=O)O)cnc23)c1OC,-5.365994,-3.042171,2.323824,0.9815188640646796,3.516795470660715
2181,COc1cc2c(ccn2C):C(c2cc(S)cc3nccnc23):c1OC,-5.087019,-1.774163,3.312856,0.4975019307881781,2.9327539447356887
2184,CNc1ccc2nsnc2c1N=Cc1cc2cc(OC)c(OC)cc2n1C,-4.61121,-2.067255,2.543955,0.989127444103612,3.101980707092768
2185,COc1cc2cc(C=Nc3c(OC(C)=O)ccc4nccnc34)n(C)c2cc1OC,-5.304042,-1.98499,3.319052,0.8396646419557804,2.9381160236884174
2186,COc1cc2c(cc(C(=O)O)n2C):C(c2cc(C=O)cc3nsnc23):c1OC,-5.619775,-2.798904,2.82087,0.5713377759650304,3.020988609751421
2190,COc1cc2ccn(C)c2c(C=Nc2cc(C(F)(F)F)cc3nonc23)c1OC,-5.530222,-2.790223,2.739999,0.9336963827246672,3.216124750581055
2193,CNc1ncc2nonc2c1C1:sc(-c2c(OC)c(OC)cc3ccn(C)c23)cc:1OC,-5.08386,-2.373855,2.710005,0.5110267242281431,3.3680192233764945
2194,COc1cc(-c2c(OC)c(OC)cc3ccn(C)c23)s:C:1c1cc(F)cc2nonc12,-5.365393,-2.345412,3.019981,0.5727884565413128,3.163977130175825
2197,COc1cc(-c2c(OC)c(OC)cc3[nH]c(C(=O)O)cc23)s:C:1c1cc(C=O)cc2nsnc12,-5.231912,-2.706984,2.524929,0.8907743958591653,3.2851849385768626
2201,COc1cc(-c2c(OC)c(OC)cc3[nH]ccc23)s:C:1c1occ2ncc(C)nc12,-4.524447,-1.826802,2.697645,0.8981264642909154,3.2273157143124305
2213,COc1cc2c(cc(C(=O)O)n2C)c(C=Cc2cc(S)cc3nonc23)c1OC,-5.525773,-2.546779,2.978994,0.9454661453862422,3.3208888531451564
2214,COc1cc2cc(-c3cc(OC):C(c4scc5sc(=S)sc45):s3)n(C)c2cc1OC,-4.924352,-1.965303,2.959049,0.7935163808919965,3.349651408303801
2217,COc1cc2cc(C=Nc3c(O)ccc4nonc34)n(C)c2cc1OC,-5.19997,-2.457721,2.742249,0.9999798331627916,3.0177667036008744
2218,COc1cc2cc(C(=O)O)n(C)c2c(C#Cc2nc(NC(C)=O)cc3nsnc23)c1OC,-5.540402,-2.76496,2.775441,1.0,3.356326651643993
2220,COc1cc(-c2c(OC)c(OC)cc3ccn(C)c23)s:C:1c1c(O)ncc2nonc12,-5.286934,-2.661411,2.625523,0.365210522642527,3.39926104625974
2222,COc1cc(-c2c(OC)c(OC)cc3c2ccn3C)s:C:1c1cccc2ncc(S)nc12,-4.894781,-1.774324,3.120457,0.7511683259967438,3.1753766198261983
2227,COc1cc2cc[nH]c2:C(c2cccc3nc(C=O)cnc23):c1OC,-5.323473,-2.661884,2.661589,0.657264272182084,2.799528159253565
2231,CNc1cc(N=Cc2c(OC)c(OC)cc3c2ccn3C)c2nonc2c1,-5.140339,-1.982275,3.158063,0.9826847899099976,3.176600687112747
2233,COc1cc2c:C(c3cccc4ncc(NC(C)=O)nc34):n(C)c2cc1OC,-5.228183,-2.027721,3.200462,0.5336012031108707,2.5403173791319915
2235,COc1cc2[nH]ccc2:C(c2c(C(F)(F)F)ncc3nsnc23):c1OC,-5.524333,-2.92656,2.597773,0.2410893928680385,3.061532545311924
2236,COc1cc2cc(-c3s:C(c4occ5nc(C=O)cnc45):cc3OC)[nH]c2cc1OC,-4.574153,-2.862687,1.711466,0.999999999840692,3.2954737986758644
2239,COc1cc2cc(C=Cc3cccc4nc(C(F)(F)F)cnc34)[nH]c2cc1OC,-5.028291,-2.456731,2.571559,0.9979934586243352,2.7840754280878297
2240,COc1cc2cc(C=Cc3cc(C#N)cc4nccnc34)[nH]c2cc1OC,-4.940598,-2.525382,2.415217,0.9999864132582136,2.833364423376484
2241,COc1c:C(c2c(OC)c(OC)cc3cc(C(=O)O)n(C)c23):sc1-c1c(C#N)ncc2nonc12,-5.770333,-3.182367,2.587966,0.4868662448754636,3.4699445180483552
2242,COc1c:C(c2c(OC)c(OC)cc3ccn(C)c23):sc1-c1nncc2nsnc12,-5.301115,-2.826873,2.474242,0.6223234529265589,3.377321081038727
2245,COc1c:C(c2c(OC)c(OC)cc3ccn(C)c23):sc1-c1nc(Br)cc2nsnc12,-5.417211,-2.769066,2.648145,0.6221622822730706,3.4170297525534465
2246,COc1cc2cc(C=CC3:nc(C=O)cc4nsnc:34)[nH]c2cc1OC,-5.098023,-2.949764,2.148259,0.9999999982305054,3.2391384125405835
2247,COc1cc2cc(-c3s:C(c4occ5ncc(O)nc45):cc3OC)[nH]c2cc1OC,-4.374812,-2.225954,2.148858,0.999999993217178,3.326537896781124
2248,COc1cc2cc(-c3s:C(c4c(OC(C)=O)ccc5nccnc45):cc3OC)[nH]c2cc1OC,-4.601349,-2.217675,2.383674,0.949818653804622,2.919466738735468
2250,COc1cc2c(cc(C(=O)O)n2C)c(C=Cc2c(C#N)ccc3nonc23)c1OC,-5.583035,-2.999123,2.583912,0.9839955249169372,3.139039966804124
2251,COc1cc2ccn(C)c2c(C=Nc2c(C#N)ncc3nonc23)c1OC,-5.70168,-3.125816,2.575864,0.8066889665756272,3.4209169708290315
2255,COc1cc2cc(C=Cc3c(C=O)ccc4ccccc34)[nH]c2cc1OC,-4.921557,-1.917934,3.003623,0.8622739969719275,2.537351405625003
2256,COc1cc2cc(C=NC3:cc(C#N)cc4nsnc:34)[nH]c2cc1OC,-5.281193,-2.944015,2.337178,0.9999998375836032,3.1341033356175068
2258,COc1cc2cc(C(=O)O)n(C)c2c(C=Nc2c(C#N)ncc3nsnc23)c1OC,-5.828692,-3.069685,2.759007,0.7586488600290722,3.4945465602107184
2259,COc1cc2cc(C=NC3:c(C#N)ncc4nonc:34)n(C)c2cc1OC,-5.692445,-3.317136,2.375309,0.9999988388481476,3.2931996881117485
2261,COc1cc2cc(C(=O)O)n(C)c2c(C#Cc2scc3nc(C#N)cnc23)c1OC,-5.45765,-3.060292,2.397358,1.0,3.500671834935993
2262,COc1cc2cc(C(=O)O)[nH]c2c(N=Cc2c(C#N)ccc3nonc23)c1OC,-5.695654,-3.345462,2.350191,0.9916114881704596,3.2638142648608115
2263,COc1cc2cc(-c3s:C(c4c(C)ccc5nsnc45):cc3OC)[nH]c2cc1OC,-4.67244,-2.422403,2.250037,0.8971379775230428,2.937309632022627
2265,COc1cc2cc(C=Nc3scc4nc(S(=O)(=O)O)cnc34)[nH]c2cc1OC,-5.471063,-3.149839,2.321224,0.9998635288804356,3.341040456055068
2266,CNc1cc2nonc2c(C=Cc2cc3cc(OC)c(OC)cc3[nH]2)n1,-4.989658,-2.403545,2.586112,0.9999574565360084,3.107494720232891
2270,COc1cc2cc(C(=O)O)[nH]c2c(C=Cc2cc(Br)cc3nsnc23)c1OC,-5.589771,-2.724982,2.864789,0.9592554955901156,3.1398803781582814
2271,COc1cc(-c2cc(C#N)cc3nsnc23)s:C:1c1c(OC)c(OC)cc2cc(C(=O)O)n(C)c12,-5.546277,-3.048614,2.497663,0.6091870594866177,3.359373089476926
2273,COc1cc2c(ccn2C)c(C=Nc2nc(C#N)cc3nsnc23)c1OC,-5.460218,-2.922471,2.537746,0.9466815538296818,3.45078690089896
2274,COc1c:C(c2c(OC)c(OC)cc3cc(C(=O)O)n(C)c23):sc1-c1nc(O)cc2nonc12,-5.658643,-2.522063,3.13658,0.5383989434392134,3.4532916997104666
2275,COc1cc2c(ccn2C)c(C2:c(C#N)ncc3nsnc:23)c1OC,-5.549235,-3.064842,2.484393,0.4642284428103259,3.101286989156057
2277,COc1c:C(c2c(OC)c(OC)cc3c2cc(C(=O)O)n3C):sc1-c1cncc2nonc12,-5.285923,-2.610274,2.675649,0.8933690698233615,3.230422186837327
2278,COc1cc2c(cc(C(=O)O)n2C)c(C=Cc2cccc3nsnc23)c1OC,-5.295257,-2.37443,2.920827,0.9501683709768176,2.9008291610209884
2279,COc1cc2c(ccn2C)c(C=Cc2scc3nccnc23)c1OC,-4.780703,-2.183445,2.597258,0.9853410680190476,3.098303159253565
2281,COc1cc2c(ccn2C)c(C=Cc2nc(C)cc3nonc23)c1OC,-5.210396,-2.518078,2.692318,0.9929155420657498,3.091551734785906
2282,COc1cc2cc(C=Nc3nc(S)cc4nsnc34)[nH]c2cc1OC,-5.322027,-2.718621,2.603405,0.9999999981145736,3.456339697715104
2283,COc1cc2cc(C=Cc3cccc4ncc(O)nc34)[nH]c2cc1OC,-4.68585,-1.909339,2.776511,0.9925269833368447,2.81141225869443
2284,COc1cc2[nH]c(C(=O)O)cc2c(N=Cc2cc(C#N)cc3nonc23)c1OC,-5.688384,-3.260846,2.427538,0.9002076121418938,3.2537994430972104
2285,COc1cc2cc(-c3cc(OC):C(c4cccc5nc(S)cnc45):s3)[nH]c2cc1OC,-4.793669,-2.061983,2.731685,0.97033856721501,3.0764572040345506
2286,COc1cc2[nH]c(C(=O)O)cc2c(C2:scc3nc(C#N)cnc:23)c1OC,-5.800415,-2.866055,2.93436,0.4331885070172472,3.1466719132550267
2287,COc1cc2cc(C=Cc3occ4ncc(C(F)(F)F)nc34)[nH]c2cc1OC,-4.989163,-2.658927,2.330237,0.9988290012914408,3.2075389954903155
2288,COc1c:C(c2c(OC)c(OC)cc3ccn(C)c23):sc1-c1scc2nc(S)cnc12,-4.973338,-2.151306,2.822032,0.5740191556468316,3.5468720602457537
2289,COc1cc2cc(C=Cc3c(O)ccc4nsnc34)n(C)c2cc1OC,-4.790172,-2.245516,2.544656,0.9173666190017764,2.936815352249523
2293,COc1cc2nsnc2c(C=NC2:cc3cc(OC)c(OC)cc3[nH]:2)n1,-5.338395,-2.972413,2.365982,0.999990025960839,3.32972548946366
2294,COc1cc2cc(C=Cc3occ4ncc(S)nc34)[nH]c2cc1OC,-4.77604,-2.338171,2.43787,0.9999994851259688,3.4305896977151047
2295,COc1cc2cc(C=Cc3cccc4nc(OC(C)=O)cnc34)[nH]c2cc1OC,-4.696438,-2.03125,2.665188,0.9987492889698714,2.7938630679531062
2296,COc1cc2cc(C=NC3:nc(O)cc4nsnc:34)[nH]c2cc1OC,-5.28099,-2.647173,2.633817,0.99904090975942,3.305832005407412
2298,COc1cc2cc(C=Cc3scc4nc(C=O)cnc34)[nH]c2cc1OC,-4.774458,-2.783595,1.990863,0.9999999991551524,3.203625797155968
2299,COc1cc(-c2cc(C#N)cc3nonc23)s:C:1c1c(OC)c(OC)cc2cc(C(=O)O)n(C)c12,-5.633881,-3.147065,2.486816,0.6285713132923284,3.3187600596496107
2300,COc1cc2[nH]ccc2c(C=Cc2cc(C=O)cc3nsnc23)c1OC,-5.227407,-2.73811,2.489298,0.9557625878395756,3.141155643309816
2301,COc1cc2cc(-c3cc(OC)c(C4:c(C(F)(F)F)ncc5nsnc:45)s3)[nH]c2cc1OC,-5.088429,-2.947157,2.141273,0.8144468324414534,3.243590921328642
2302,COc1cc2cc(-c3cc(OC)c(C4:nncc5nsnc:45)s3)[nH]c2cc1OC,-4.925167,-2.747845,2.177323,0.9854633973420548,3.19038964679595
2303,COc1cc2c:C(N=Cc3nc(C=O)cc4nsnc34):[nH]c2cc1OC,-5.508624,-3.330401,2.178223,0.999992261461114,3.4769414894636608
2304,CNc1cnc2coc(C=Nc3cc4cc(OC)c(OC)cc4[nH]3)c2n1,-4.526049,-2.144537,2.381512,0.9998922838292584,3.415108258694429
2306,COc1cc2cc(C(=O)O)[nH]c2c(N=Cc2cc(C#N)cc3nonc23)c1OC,-5.80147,-3.353081,2.448388,0.9601668426346586,3.299042595067191
2309,COc1c:C(c2c(OC)c(OC)cc3cc[nH]c23):sc1-c1scc2nc(F)cnc12,-4.908774,-2.299329,2.609445,0.9047776567274484,3.3720933529528594
2310,CNc1cnc2coc(C3:sc(-c4cc5cc(OC)c(OC)cc5[nH]4)cc:3OC)c2n1,-4.254001,-1.77722,2.476781,0.9643564584189902,3.2239576361866664
2311,COc1cc2cc(C=Cc3scc4nc(C)cnc34)n(C)c2cc1OC,-4.694072,-2.267254,2.426818,0.9996872827071124,3.0623064125405826
2314,COc1cc2cc(C#Cc3occ4ncc(OC(C)=O)nc34)[nH]c2cc1OC,-5.043293,-2.372939,2.670354,1.0,3.3659096600472784
2315,COc1cc2cc(-c3cc(OC):C(c4c(S(=O)(=O)O)ncc5nsnc45):s3)[nH]c2cc1OC,-5.006563,-3.151323,1.85524,0.8719659086181073,3.3228668518497333
2317,COc1c:C(c2c(OC)c(OC)cc3cc(C(=O)O)[nH]c23):sc1-c1cc(Br)cc2nccnc12,-5.193213,-2.192288,3.000925,0.9075906041662992,3.123037823192246
2318,COc1cc2cc(C(=O)O)[nH]c2c(C=Nc2cc(C#N)cc3nonc23)c1OC,-5.964937,-3.232707,2.73223,0.9981308848580356,3.281219893378637
2319,COc1cc2cc(C=Cc3cc(C=O)cc4c3SCS4)[nH]c2cc1OC,-4.8445,-1.753013,3.091487,0.9648744071325897,3.328783951002123
2320,COc1cc2cc(C=Cc3nc(C=O)cc4nonc34)[nH]c2cc1OC,-5.266965,-3.051404,2.215561,0.9999999997768614,3.1916294894636605
2321,COc1cc2cc(C=NC3:nc(F)cc4nsnc:34)n(C)c2cc1OC,-5.567999,-2.818261,2.749738,0.9893389477640928,3.338864624598796
2323,COc1cc2c:C(c3sc(-c4occ5ncc(C#N)nc45)cc3OC):n(C)c2cc1OC,-4.991339,-3.048789,1.94255,0.8686508993154367,3.3401732385920484
2326,COc1cc2cc(-c3cc(OC):C(c4cccc5ncc(C(F)(F)F)nc45):s3)[nH]c2cc1OC,-4.95798,-2.40696,2.55102,0.9795234060194332,2.930168111653785
2327,COc1cc2nonc2c(C=Cc2c(OC)c(OC)cc3c2ccn3C)n1,-5.258381,-2.549179,2.709202,0.9928304775591236,3.161589298501358
2328,COc1cc2[nH]ccc2c(C2:occ3ncc(C#N)nc:23)c1OC,-5.453094,-2.750911,2.702182,0.7684837057058428,3.1707057136890144
2331,COc1cc2cc[nH]c2c(C2:nncc3nsnc:23)c1OC,-5.269022,-2.99421,2.274812,0.8254448730128301,3.16980028026368
2332,COc1cc2cc(C=Nc3cc(C)cc4nccnc34)[nH]c2cc1OC,-5.368112,-2.003819,3.364293,0.9013458709395225,2.821582720232892
2333,COc1cc2cc(C(=O)O)[nH]c2c(C=Cc2c(F)ncc3nsnc23)c1OC,-5.491406,-2.963336,2.52807,0.9782712622336328,3.3357701542050195
2334,COc1cc2ccn(C)c2c(C2:cccc3ncc(C#N)nc:23)c1OC,-5.259546,-2.643742,2.615804,0.1441424091112918,2.8006178470520187
2337,COc1cc2ccn(C)c2c(C=Cc2c(C)ncc3nonc23)c1OC,-5.17806,-2.754897,2.423163,0.9443266994795424,3.207002462436633
2338,COc1cc2cc(-c3cc(OC)c(C4:scc5nc(F)cnc:45)s3)[nH]c2cc1OC,-4.657823,-2.290712,2.367111,0.971235449028692,3.2064192921299624
2339,COc1cc2[nH]ccc2c(N=Cc2c(C#N)ncc3nonc23)c1OC,-5.356766,-3.343725,2.013041,0.9768284423748244,3.4056965663867373
2340,COc1cc2ccn(C)c2c(C#Cc2nncc3nsnc23)c1OC,-5.394005,-3.078613,2.315392,1.0,3.4346627746381806
2341,COc1cc2cc(C=Cc3c(C(F)(F)F)ccc4nccnc34)[nH]c2cc1OC,-5.078255,-2.522037,2.556217,0.7602932166382956,2.8588750528533087
2342,COc1cc2cc(C(=O)O)n(C)c2c(C2:cc(Br)cc3nsnc:23)c1OC,-5.651328,-2.602059,3.049269,0.1940111813723024,3.03945150029956
2344,COc1cc2cc(C#CC3:c(S)ncc4nsnc:34)[nH]c2cc1OC,-4.979791,-2.836123,2.143668,1.0,3.423182005407412
2345,COc1cc2cc(-c3s:C(c4occ5nc(NC(C)=O)cnc45):cc3OC)[nH]c2cc1OC,-4.391324,-2.273873,2.117451,0.99999998623647,3.200104384186991
2346,COc1cc2[nH]c(C(=O)O)cc2c(C2:nc(Br)cc3nsnc:23)c1OC,-5.8855,-2.944647,2.940853,0.5530365794883089,3.1231934515289925
2348,COc1cc2cc(C3:sc(-c4cncc5nsnc45)cc:3OC)n(C)c2cc1OC,-4.864144,-2.901541,1.962603,0.8593313039692108,3.128950061360732
2349,COc1cc2cc(N=Cc3cncc4nsnc34)n(C)c2cc1OC,-5.140071,-2.968109,2.171962,0.9999471041719024,3.217291620792027
2350,COc1cc(C=Cc2cc3cc(OC)c(OC)cc3n2C)c2nonc2c1,-4.841625,-2.224389,2.617237,0.9999108650836191,2.8551415462536056
2352,COc1cc2[nH]c(C(=O)O)cc2c(C2:cc(F)cc3nsnc:23)c1OC,-5.637931,-2.359426,3.278505,0.5720818545312701,2.861808414648065
2354,COc1cnc2c(C=Nc3cc4cc(OC)c(OC)cc4[nH]3)scc2n1,-4.997994,-2.517203,2.480791,0.9997773665810264,3.261602412540584
2355,COc1cc2c(ccn2C)c(C=Cc2c(C)ccc3nsnc23)c1OC,-5.056148,-2.164597,2.891551,0.8999122611915085,2.97778686992104
2358,COc1cc2c(cc(C(=O)O)n2C)c(C=Cc2cncc3nonc23)c1OC,-5.526173,-2.804447,2.721726,0.969580125010338,3.153265577768797
2359,COc1cc2cc(C=NC3:nc(F)cc4nsnc:34)n(C)c2cc1OC,-5.342418,-2.729233,2.613185,0.999999999498498,3.338864624598796
2360,COc1cc2cc(-c3cc(OC):C(c4c(S(=O)(=O)O)ccc5ccccc45):s3)[nH]c2cc1OC,-4.940088,-1.766984,3.173105,0.5857211233700692,2.75656474626917
2361,COc1cc2cc(C=Cc3c(OC(C)=O)ccc4nonc34)[nH]c2cc1OC,-4.923205,-2.434577,2.488628,0.9886066853919108,2.881320236970355
2362,COc1cc2[nH]ccc2c(N=Cc2cncc3nonc23)c1OC,-5.228912,-2.927342,2.30157,0.9054722227155284,3.251947089704304
2363,COc1cc2[nH]c(C(=O)O)cc2c(N=Cc2cncc3nonc23)c1OC,-5.590355,-3.098527,2.491828,0.8961031755138216,3.2420012865133465
2364,COc1cc2c(ccn2C)c(C2:occ3ncc(C#N)nc:23)c1OC,-5.382224,-2.738301,2.643923,0.7736102345836436,3.181865754053133
2365,COc1cc2c:C(c3nc(C#N)cc4nsnc34):n(C)c2cc1OC,-5.564842,-3.134966,2.429876,0.9930539801849136,3.084648202590511
2366,COc1cc2cc(-c3cc(OC):C(c4scc5nc(O)cnc45):s3)[nH]c2cc1OC,-4.788861,-2.05241,2.73645,0.8183458880628276,3.248567950448388
2371,COc1cc2cc(C(=O)O)n(C)c2:C(c2cc(C=O)cc3nonc23):c1OC,-5.813362,-3.042627,2.770735,0.2703542887479279,3.074308728094616
2372,COc1cc2c(cc(C(=O)O)n2C):C(c2cc(Br)cc3nonc23):c1OC,-5.876124,-2.567589,3.308536,0.5324674824070329,2.8778631926072524
2373,COc1cc2cc(C(=O)O)n(C)c2c(C=Cc2cccc3nc(S(=O)(=O)O)cnc23)c1OC,-5.547435,-2.837222,2.710212,0.8676716270706083,3.1580963285764803
2378,COc1cc2[nH]ccc2:C(c2c(OC)ccc3nsnc23):c1OC,-5.069011,-2.019114,3.049898,0.3401653597314599,2.677166583254232
2384,COc1cc2[nH]ccc2c(C=Cc2scc3ncc(Br)nc23)c1OC,-4.944913,-2.421512,2.523401,0.986685138213116,3.283245466945873
2388,COc1cc2[nH]ccc2c(C=Cc2c(OC)ncc3nsnc23)c1OC,-4.873919,-2.48932,2.384599,0.985434431651257,3.193590104848276
2395,COc1cc2cc(C(=O)O)[nH]c2c(C=Nc2c(O)ccc3nsnc23)c1OC,-5.527673,-2.462821,3.064852,0.9698709838841868,3.200989238917775
2396,COc1cc2c(ccn2C)c(C=Cc2cc(S(=O)(=O)O)cc3nccnc23)c1OC,-5.141714,-2.404284,2.73743,0.9705842324322396,2.9680168898810475
2398,COc1cc2c(ccn2C)c(C=Nc2c(NC(C)=O)ccc3nonc23)c1OC,-5.294972,-2.354472,2.9405,0.9740049903351804,3.079721206699462
2400,COc1cc(-c2c(OC)c(OC)cc3c2ccn3C)s:C:1c1occ2ncc(C#N)nc12,-4.975346,-2.564436,2.41091,0.9061492503451204,3.395436129547248
2402,COc1cc2[nH]c(C(=O)O)cc2c(C=Cc2cc(Br)cc3nsnc23)c1OC,-5.682987,-2.581799,3.101188,0.8308168447295214,3.071815139599371
2404,COc1cc2cc[nH]c2:C(c2c(OC)ccc3nsnc23):c1OC,-5.11978,-2.216915,2.902865,0.5003743914223306,2.795422770545203
2406,COc1cc2ccn(C)c2c(C=Nc2c(C)ccc3nccnc23)c1OC,-5.243633,-1.793992,3.44964,0.6968061627334075,2.967142545254605
2407,CNc1cc(N=Cc2cc3cc(OC)c(OC)cc3n2C)c2nonc2c1,-5.191532,-2.171341,3.020191,0.999987360815707,3.118998888910948
2409,COc1cc2cc[nH]c2:C(c2nc(C(F)(F)F)cc3nsnc23):c1OC,-5.488084,-2.993867,2.494217,0.8237049953562493,3.152695242888318
2410,COc1cc2c(ccn2C)c(C=Cc2scc3nc(F)cnc23)c1OC,-4.894089,-2.299902,2.594187,0.9864351023864456,3.3102685747027465
2411,COc1cc(-c2c(OC)c(OC)cc3cc[nH]c23)s:C:1c1cccc2nc(C=O)cnc12,-5.043024,-2.505683,2.537342,0.903777298088854,3.1056652541016216
2414,COc1cc2cc(C(=O)O)n(C)c2:C(c2nc(OC(C)=O)cc3nonc23):c1OC,-5.667242,-2.839893,2.827349,0.3432700928377557,3.2098821884379136
2418,COc1cc2cc(C(=O)O)[nH]c2:C(c2nc(NC(C)=O)cc3nonc23):c1OC,-5.752836,-2.720558,3.032278,0.826391195927212,3.0475521010084057
2420,COc1cc(-c2c(OC)c(OC)cc3cc[nH]c23)s:C:1c1scc2nc(NC(C)=O)cnc12,-4.724653,-2.114637,2.610016,0.9072178363658124,3.284543827722179
2424,COc1cc2cc(-c3cc(OC):C(c4c(NC(C)=O)ccc5nccnc45):s3)n(C)c2cc1OC,-5.006934,-1.877517,3.129417,0.5814684543283618,2.952149027824293
2425,COc1cc2[nH]ccc2c(C=Cc2c(C(F)(F)F)ncc3nonc23)c1OC,-5.38243,-2.925408,2.457021,0.9517152924085004,3.2487865125302378
2426,COc1cc2cc(-c3s:C(c4cccc5cc(S(=O)(=O)O)ccc45):cc3OC)[nH]c2cc1OC,-4.923779,-2.003357,2.920421,0.8577305003203091,2.714383015499939
2427,COc1cc2cc(-c3s:C(c4c(C=O)ncc5nsnc45):cc3OC)[nH]c2cc1OC,-4.897751,-3.139782,1.757969,0.9999870415850188,3.289061006973183
2428,COc1cc2cc(-c3s:C(c4c(OC)ccc5nonc45):cc3OC)[nH]c2cc1OC,-4.419867,-2.419379,2.000488,0.9999998286768352,2.9132250519170046
2429,COc1cc2cc(C(=O)O)n(C)c2c(C=Cc2c(C#N)ncc3nonc23)c1OC,-5.643716,-3.231897,2.411818,0.6760185137329153,3.3838745821887404
2430,COc1cc2cc(C=Cc3c(NC(C)=O)ccc4nccnc34)[nH]c2cc1OC,-4.839805,-2.004409,2.835396,0.8950513067742967,2.7973629752747
2432,COc1cc2cc(C=NC3:nc(C=O)cc4nsnc:34)[nH]c2cc1OC,-5.415181,-2.960483,2.454698,0.99999998574073,3.3536202586944297
2435,COc1c:C(c2c(OC)c(OC)cc3cc(C(=O)O)[nH]c23):sc1-c1scc2nc(C#N)cnc12,-5.178548,-2.766335,2.412213,0.9024634206334414,3.42230801549994
2437,COc1cc2cc(C=CC3:scc4ncc(C#N)nc:34)[nH]c2cc1OC,-4.892675,-2.907049,1.985626,0.9999999999108832,3.1963741048482763
2440,COc1cc2cc(C=Cc3c(Br)ncc4nonc34)[nH]c2cc1OC,-5.088467,-3.023201,2.065266,0.9999995923645136,3.145422390022796
2443,COc1cc2c(ccn2C)c(C=Cc2scc3ncc(C#N)nc23)c1OC,-5.032465,-2.79689,2.235574,0.990374815056428,3.309602884914945
2444,COc1cc2cc(C=Cc3cc(NC(C)=O)cc4nsnc34)[nH]c2cc1OC,-4.706722,-2.289865,2.416857,0.999938263122056,2.904339467739586
2446,COc1cc2cc(C#CC3:nc(C=O)cc4nonc:34)[nH]c2cc1OC,-5.426652,-3.208287,2.218365,1.0,3.298728566386738
2447,COc1cc2ccn(C)c2c(C=Cc2cc(C#N)cc3nsnc23)c1OC,-5.340937,-2.952309,2.388628,0.8640819162128243,3.201259428371488
2448,COc1cc2cc(C=Cc3cc(F)cc4nonc34)[nH]c2cc1OC,-5.035674,-2.537702,2.497971,0.999997848232639,2.868826236176643
2449,COc1cc2cc(-c3cc(OC)c(C4:c(C#N)ncc5nonc:45)s3)n(C)c2cc1OC,-5.315798,-3.137518,2.17828,0.8192676167789892,3.281768335802531
2451,COc1c:C(c2c(OC)c(OC)cc3ccn(C)c23):sc1-c1cc(Br)cc2nsnc12,-5.289494,-2.443655,2.845839,0.5918483313650921,3.2404315008051947
2452,COc1cc2cc(C=Cc3scc4ncc(NC(C)=O)nc34)[nH]c2cc1OC,-4.600272,-2.290761,2.309511,0.999935472998633,3.078660813893432
2453,COc1cc2ccn(C)c2c(C#Cc2scc3nc(C#N)cnc23)c1OC,-5.258448,-3.02002,2.238427,1.0,3.464091796003854
2455,COc1cc2cc(C3:cc(OC)c(-c4cc(F)cc5nsnc45)s:3)n(C)c2cc1OC,-4.795327,-2.336125,2.459202,0.8997948961448281,3.0796068504555443
2456,COc1cc2cc(C=Nc3occ4nc(F)cnc34)[nH]c2cc1OC,-4.967933,-2.432091,2.535842,0.9999999501912942,3.359722390022797
2457,COc1cc2ccn(C)c2c(C=Cc2cccc3ncc(C#N)nc23)c1OC,-5.0824,-2.733134,2.349266,0.9333419009871172,2.9678327369703545
2458,COc1cc2c(ccn2C)c(C2:cc(C#N)cc3nsnc:23)c1OC,-5.322443,-2.710904,2.611539,0.4089517195905268,2.942364345602428
2459,COc1cc2ccn(C)c2c(N=Cc2occ3ncc(C#N)nc23)c1OC,-5.287879,-3.156566,2.131313,0.976329856383756,3.5669920957041548
2460,COc1cc2cc[nH]c2c(N=Cc2c(C#N)ncc3nonc23)c1OC,-5.531181,-3.488225,2.042956,0.994324890447356,3.43680425869443
2461,COc1cc2cc(C(=O)O)n(C)c2c(C=Cc2nc(F)cc3nsnc23)c1OC,-5.516764,-2.838938,2.677826,0.9405070185748988,3.4064854343417377
2462,COc1cc2cc(C=Nc3cccc4ncc(NC(C)=O)nc34)[nH]c2cc1OC,-5.245718,-1.955934,3.289784,0.878568360894276,2.837987257017055
2464,COc1cc2cc(-c3cc(OC):C(c4occ5ncc(F)nc45):s3)[nH]c2cc1OC,-4.59126,-2.208008,2.383252,0.972041788257974,3.258248988015472
2466,COc1cc2cc[nH]c2c(N=Cc2occ3ncc(C#N)nc23)c1OC,-5.308134,-3.14236,2.165774,0.985796414615358,3.575659027925199
2468,COc1cc2cc(C=CC3:nc(O)cc4nonc:34)[nH]c2cc1OC,-5.16525,-2.702945,2.462305,0.99999999944708,3.1370916207920274
2470,COc1c:C(c2c(OC)c(OC)cc3[nH]ccc23):sc1-c1cncc2nonc12,-5.094566,-2.503768,2.590799,0.8996635235108257,3.1534237127300155
2472,CNc1cc(C=Cc2cc3cc(OC)c(OC)cc3n2C)c2nonc2c1,-4.810839,-2.092984,2.717854,0.9811326985452145,3.0070590287710885
2474,COc1cc2cc(-c3cc(OC)c(C4:c(C#N)ncc5nonc:45)s3)n(C)c2cc1OC,-5.315844,-3.137408,2.178436,0.819414575333033,3.281768335802531
2475,COc1cc2cc(C#Cc3c(C=O)ccc4nonc34)[nH]c2cc1OC,-5.329562,-2.981758,2.347804,1.0,3.1098891817713525
2476,COc1cc2ccn(C)c2c(C=Cc2cccc3nsnc23)c1OC,-5.104811,-2.400021,2.70479,0.8411620856986262,2.9015877746381804
2477,COc1cc2cc(C#CC3:nncc4nonc:34)[nH]c2cc1OC,-5.400599,-3.141008,2.259591,1.0,3.2854686281658427
2478,COc1cc2cc(C#CC3:nc(C)cc4nonc:34)[nH]c2cc1OC,-5.384897,-2.798961,2.585936,1.0,3.098257005407412
2480,COc1cc2cc(C=Cc3scc4nc(S)cnc34)[nH]c2cc1OC,-4.657768,-2.352561,2.305207,0.9999999996837636,3.385972390022797
2481,COc1cc2[nH]ccc2c(N=Cc2cc(C#N)cc3nonc23)c1OC,-5.35208,-3.114975,2.237105,0.923077575916841,3.25099625869443
2485,COc1cc2cc(-c3s:C(c4cccc5cc(C#N)ccc45):cc3OC)[nH]c2cc1OC,-4.80891,-2.009513,2.799397,0.8582461103112848,2.679023113633395
2486,COc1cc2cc(C=Cc3cc(O)cc4nonc34)n(C)c2cc1OC,-5.01794,-2.365836,2.652104,0.9998817138858986,2.976826994661165
2487,COc1cc2cc(C=NC3:occ4ncc(C#N)nc:34)n(C)c2cc1OC,-5.311421,-2.946313,2.365107,0.9999799967114348,3.3956090787211384
2488,COc1cc2cc(C=Cc3occ4nc(Br)cnc34)[nH]c2cc1OC,-4.778338,-2.475372,2.302966,0.9999999997708754,3.241057005407412
2490,COc1cc2[nH]c(C(=O)O)cc2c(C=Cc2scc3ncc(Br)nc23)c1OC,-5.259725,-2.630191,2.629534,0.9863731311256848,3.2983417218778524
2491,COc1cc2cc(C=Cc3c(C)ccc4nsnc34)[nH]c2cc1OC,-4.735474,-2.263422,2.472052,0.978389969618676,2.852972390022797
2492,CNc1cc(C=Nc2cc3cc(OC)c(OC)cc3n2C)c2nsnc2c1,-4.758887,-2.268965,2.489921,0.9995085049391172,3.2226112765233363
2493,COc1cc2cc(C(=O)O)n(C)c2c(C2:scc3ncc(C=O)nc:23)c1OC,-5.733419,-2.850937,2.882482,0.2687922951995405,3.259884467739587
2494,CNc1cc(C=Cc2cc3cc(OC)c(OC)cc3[nH]2)c2nonc2c1,-4.841429,-2.110133,2.731297,0.9928241542678876,2.9717322586944306
2495,COc1cc2cc(-c3cc(OC):C(c4cccc5ncc(Br)nc45):s3)[nH]c2cc1OC,-4.845551,-2.232287,2.613264,0.974718851212103,2.8855202982437103
2502,COc1cc2cc(N=Cc3scc4ncc(F)nc34)[nH]c2cc1OC,-4.927221,-2.699259,2.227961,0.9999869336669572,3.3776243130997186
2503,COc1cc2cc[nH]c2c(C=Nc2nc(C=O)cc3nsnc23)c1OC,-5.62793,-3.095461,2.532469,0.996820891235926,3.5296436433098144
2504,COc1cc2cc(-c3s:C(c4scc5ncc(F)nc45):cc3OC)[nH]c2cc1OC,-4.608309,-2.584524,2.023785,0.9999803463274616,3.2108548914143986
2505,COc1cc2c(ccn2C)c(C=Cc2scc3nc(C)cnc23)c1OC,-4.730603,-2.053481,2.677123,0.9859076616372368,3.149438013372184
2507,CNc1cnc2c(N=Cc3cc4cc(OC)c(OC)cc4[nH]3)scc2n1,-4.661638,-2.102992,2.558645,0.9999985367868022,3.183711335617508
2508,COc1cc(-c2cc(C=O)cc3nsnc23)s:C:1c1c(OC)c(OC)cc2c1ccn2C,-5.082478,-2.876489,2.205989,0.7869740560258054,3.2485801701220565
2509,COc1cc2cc(C3:cc(C=O)cc4nsnc:34)n(C)c2cc1OC,-5.004505,-2.846051,2.158454,0.6794337404937981,2.878831951236231
2511,COc1cc2cc(C(=O)O)n(C)c2c(C2:c(F)ncc3nsnc:23)c1OC,-5.622564,-2.930654,2.691909,0.1140141566110296,3.2071635002995595
2513,COc1cc(-c2occ3ncc(C#N)nc23)s:C:1c1c(OC)c(OC)cc2c1cc(C(=O)O)n2C,-5.281233,-3.011998,2.269236,0.7963812692554713,3.45772034222418
2514,COc1cc2cc(-c3s:C(c4nc(C(F)(F)F)cc5nonc45):cc3OC)[nH]c2cc1OC,-5.210754,-3.169264,2.04149,0.9995418144086792,3.1827541967628843
2515,COc1cc2cc(C(=O)O)n(C)c2c(C=Cc2scc3ncc(C)nc23)c1OC,-5.030236,-2.251534,2.778702,0.920454195481886,3.267844408700713
2516,COc1cc2cc(C(=O)O)n(C)c2c(C=Nc2cc(C#N)cc3nonc23)c1OC,-5.861478,-3.126946,2.734533,0.9210376128898564,3.315496010760169
2517,COc1cc(C=Cc2cc3cc(OC)c(OC)cc3[nH]2)c2nonc2c1,-5.032519,-2.301754,2.730766,0.999988085717734,2.8157636433098148
2518,COc1cc2cc(C=Cc3c(F)ccc4nsnc34)n(C)c2cc1OC,-4.71781,-2.394766,2.323044,0.9997809022535412,2.900081880316052
2519,COc1cc2cc(C(=O)O)n(C)c2c(C2:cc(C#N)cc3nonc:23)c1OC,-5.874697,-3.068605,2.806091,0.287545963678269,3.049733580165622
2520,COc1cc2c:C(c3cccc4ncc(C(F)(F)F)nc34):n(C)c2cc1OC,-5.292313,-2.528127,2.764185,0.6203865773325931,2.6123158286863326
2521,COc1cc2[nH]ccc2c(C=Cc2nc(F)cc3nsnc23)c1OC,-5.259502,-2.652665,2.606838,0.9917988881360852,3.293108928484335
2523,COc1cc2c(ccn2C)c(C=Nc2cc(Br)cc3nsnc23)c1OC,-5.279354,-2.416209,2.863145,0.9160095086173384,3.1909091152432865
2524,COc1cc2nonc2c(-c2cc(OC)c(C3:cc4cc(OC)c(OC)cc4[nH]:3)s2)n1,-4.97961,-2.842794,2.136816,0.9999977654908256,3.09418183670525
2526,COc1cc2cc(N=Cc3c(Br)ncc4nonc34)[nH]c2cc1OC,-5.322076,-3.247583,2.074493,0.999978982244611,3.341083928484334
2527,COc1cc2c(cc(C(=O)O)n2C)c(C2:occ3ncc(C#N)nc:23)c1OC,-5.566675,-2.835222,2.731452,0.7695344587976714,3.21442115413012
2528,COc1cc2cc(-c3cc(OC):C(c4occ5nc(O)cnc45):s3)[nH]c2cc1OC,-4.524934,-2.001532,2.523401,0.9740250907108814,3.3098709915932885
2529,COc1cc2cc(C(=O)O)n(C)c2c(C2:c(F)ncc3nonc:23)c1OC,-5.73548,-3.047931,2.687549,0.1885776915371664,3.185823807991868
2530,COc1cc2c:C(N=Cc3nncc4nsnc34):[nH]c2cc1OC,-5.282499,-3.202708,2.079792,0.9999823909054332,3.404377419374633
2532,COc1cc2cc(C=Nc3c(S)ccc4nsnc34)[nH]c2cc1OC,-5.249221,-2.523642,2.725579,0.990308586417218,3.1796512361766425
2536,COc1cc2cc(N=Cc3cc(C#N)cc4nccnc34)[nH]c2cc1OC,-5.167625,-2.784167,2.383458,0.99999801089088,3.0290815831397966
2538,COc1cc2c(ccn2C)c(C=Nc2cc(S)cc3nonc23)c1OC,-5.310523,-2.401111,2.909412,0.9807280479847136,3.375072316906488
2539,COc1cc2[nH]ccc2c(C#Cc2c(S)ncc3nsnc23)c1OC,-5.161711,-2.732763,2.428948,1.0,3.4761839284843346
2540,CNc1cc2nsnc2c(C=Cc2cc3cc(OC)c(OC)cc3[nH]2)n1,-4.828229,-2.314612,2.513617,0.9999354772102936,3.155003643309813
2542,COc1cc2cc(C=Cc3c(S)ncc4nsnc34)n(C)c2cc1OC,-4.962615,-2.766957,2.195658,0.9997661253222808,3.3244870778212494
2543,COc1cc2c(ccn2C)c(N=Cc2c(S)ncc3nsnc23)c1OC,-5.137289,-2.781565,2.355724,0.8742469027903796,3.536078761812933
2544,COc1c:C(c2c(OC)c(OC)cc3ccn(C)c23):sc1-c1c(C=O)ccc2nonc12,-5.390172,-2.721499,2.668673,0.5617913479183673,3.245360558963984
2545,COc1cc2cc(-c3cc(OC)c(C4:nc(C(F)(F)F)cc5nonc:45)s3)[nH]c2cc1OC,-5.409412,-2.872075,2.537337,0.985138622909848,3.2065844697157377
2546,COc1cc2cc(C(=O)O)[nH]c2c(N=Cc2cncc3nsnc23)c1OC,-5.547895,-3.036167,2.511728,0.9417140430545168,3.31096772007978
2547,COc1cc2nsnc2c(C2:sc(-c3cc4cc(OC)c(OC)cc4[nH]3)cc:2OC)n1,-4.848381,-2.415787,2.432595,0.9527264572395756,3.159118742496089
2548,COc1cc2cc(C=Cc3scc4sc(=S)sc34)n(C)c2cc1OC,-4.846717,-2.186454,2.660263,0.9994870891999816,3.3417420270758846
2549,COc1cc2cc(N=Cc3occ4nc(S(=O)(=O)O)cnc34)[nH]c2cc1OC,-5.361468,-3.296556,2.064913,0.9995855101958168,3.5564673304465
2550,COc1cc2cc(C(=O)O)n(C)c2c(C2:nc(F)cc3nsnc:23)c1OC,-5.667172,-2.867945,2.799227,0.3539634513332549,3.236378884914944
2552,COc1cc2cc(N=Cc3cccc4ncc(Br)nc34)[nH]c2cc1OC,-5.086979,-2.524941,2.562037,0.999995005341255,2.934290412540584
2553,COc1cc2[nH]ccc2c(C2:cc(F)cc3nsnc:23)c1OC,-5.262926,-2.193894,3.069033,0.3915709386874584,2.8155747380087988
2554,COc1cc2c(ccn2C)c(C=Cc2cc(O)cc3nsnc23)c1OC,-5.297648,-2.117644,3.180004,0.8247268951851242,3.0957654561996266
2555,COc1cc2cc(C=Cc3c(S(=O)(=O)O)ccc4nsnc34)[nH]c2cc1OC,-5.227658,-2.932973,2.294685,0.9103614576497824,3.015753990621767
2556,COc1cc2cc(C=Cc3nc(C=O)cc4nonc34)n(C)c2cc1OC,-5.224503,-3.0208,2.203703,0.9999508420045592,3.2212446431567017
2557,COc1cc2[nH]c(C(=O)O)cc2c(N=Cc2scc3nc(F)cnc23)c1OC,-5.371336,-2.732202,2.639134,0.9049005954589951,3.4351277004562366
2558,COc1cc2cc(C#Cc3occ4ncc(O)nc34)n(C)c2cc1OC,-4.837679,-2.179485,2.658194,1.0,3.4567552690894408
2560,COc1cc2[nH]ccc2c(C=Cc2scc3nc(C)cnc23)c1OC,-4.767292,-2.066992,2.7003,0.9845172161442032,3.144618543868951
2561,COc1cc2cc(C(=O)O)n(C)c2c(C=Cc2c(C(F)(F)F)ncc3nonc23)c1OC,-5.625034,-3.210691,2.414342,0.9457629715080432,3.3793981060323013
2562,COc1cc2cc(C=Nc3scc4nc(C(F)(F)F)cnc34)[nH]c2cc1OC,-5.251817,-2.749641,2.502175,0.9999897505896846,3.2228696673501016
2565,COc1cc2c:C(c3cc(C#N)cc4ccccc34):n(C)c2cc1OC,-5.322208,-1.904113,3.418095,0.4892383354174313,2.3434234603576307
2567,COc1cc2nonc2c(C2:sc(-c3cc4cc(OC)c(OC)cc4[nH]3)cc:2OC)n1,-4.982242,-2.473553,2.508689,0.9836285827143288,3.1190831331616025
2569,COc1cc(-c2c(OC)c(OC)cc3[nH]c(C(=O)O)cc23)s:C:1c1scc2nc(Br)cnc12,-5.226315,-2.40636,2.819955,0.7561761912453286,3.342311020584224
2573,COc1cc2cc(C=Cc3cc(S)cc4nccnc34)n(C)c2cc1OC,-4.89503,-2.195457,2.699573,0.9988761370902108,3.0361431446552043
2578,COc1cc(-c2c(OC)c(OC)cc3[nH]c(C(=O)O)cc23)s:C:1c1nc(S(=O)(=O)O)cc2nsnc12,-5.793508,-3.156505,2.637003,0.9037773406050182,3.4854400325402253
2582,COc1cc2ccn(C)c2:C(c2occ3nc(C#N)cnc23):c1OC,-5.476891,-2.856895,2.619996,0.4023693034538104,3.27088482230882
2585,COc1cc(-c2c(OC)c(OC)cc3cc(C(=O)O)[nH]c23)s:C:1c1cccc2nc(S(=O)(=O)O)cnc12,-5.360354,-2.685076,2.675277,0.8922364343882341,3.260157661572647
2586,COc1cc2[nH]c(C(=O)O)cc2:C(c2scc3ncc(Br)nc23):c1OC,-5.686209,-2.448634,3.237575,0.593449657584191,3.103594505269772
2587,COc1cc2cc(C(=O)O)[nH]c2:C(c2c(F)ccc3nsnc23):c1OC,-5.532149,-2.553354,2.978795,0.5838564105866411,2.870618741307707
2590,COc1cc(-c2c(OC)c(OC)cc3ccn(C)c23)s:C:1c1c(O)ccc2nonc12,-5.230269,-2.076407,3.153862,0.5773035928835432,3.156327130175824
2595,COc1cc2cc[nH]c2c(C=Nc2cc(S(=O)(=O)O)cc3nonc23)c1OC,-5.670833,-3.065611,2.605223,0.9904935879324792,3.2379900178856413
2597,COc1cc2c(cc(C(=O)O)n2C):C(c2c(S)ncc3nonc23):c1OC,-5.652099,-2.773046,2.879053,0.3055871628282317,3.2185044233764835
2599,COc1cc2c:C(c3cc(C(F)(F)F)cc4nsnc34):n(C)c2cc1OC,-5.434926,-2.810345,2.624581,0.6532876739545183,2.8169031926072527
2600,COc1cc2cc[nH]c2:C(c2c(S(=O)(=O)O)ncc3nsnc23):c1OC,-5.460248,-3.476772,1.983475,0.4194851677467969,3.274304305059024
2603,COc1cc(-c2c(OC)c(OC)cc3cc[nH]c23)s:C:1c1c(S(=O)(=O)O)ncc2nsnc12,-5.195918,-3.522208,1.67371,0.292622108013682,3.4760708220730576
2605,COc1cc2cc(C#Cc3cccc4ncc(O)nc34)n(C)c2cc1OC,-4.845884,-1.989925,2.855959,1.0,3.0024376501497088
2606,COc1cc(-c2c(OC)c(OC)cc3c2ccn3C)s:C:1c1c(NC(C)=O)ncc2nonc12,-5.230027,-2.518254,2.711773,0.7205083635805613,3.280647438576864
2611,COc1cc2cc(-c3cc(OC)c(C4:scc5ncc(C#N)nc:45)s3)[nH]c2cc1OC,-5.175842,-2.85058,2.325262,0.844725096233221,3.2184565125911613
2612,COc1cc2cc(-c3s:C(c4c(Br)ncc5nsnc45):cc3OC)[nH]c2cc1OC,-4.791254,-3.039913,1.751341,0.952884593744202,3.229052923614756
2613,COc1cc2cc(-c3s:C(c4cc(C(F)(F)F)cc5nsnc45):cc3OC)[nH]c2cc1OC,-4.946014,-2.875729,2.070285,0.9976499642534752,3.086510028028393
2615,COc1cc2cc(C=Cc3cccc4ncc(C(F)(F)F)nc34)[nH]c2cc1OC,-5.128007,-2.496974,2.631033,0.9959981985760068,2.764979555667568
2616,COc1cc2[nH]ccc2c(C=Cc2c(C#N)ncc3nonc23)c1OC,-5.333907,-3.012631,2.321276,0.7204918915725878,3.262802412540584
2617,COc1cc2cc(-c3s:C(c4cc(S)cc5nonc45):cc3OC)[nH]c2cc1OC,-4.870955,-2.645695,2.22526,0.9999931298845488,3.2041105264770104
2618,COc1cc2cc(-c3s:C(c4cccc5ncc(O)nc45):cc3OC)[nH]c2cc1OC,-4.465089,-2.031294,2.433795,0.9515245157179032,2.9298419922800107
2619,COc1c:C(c2c(OC)c(OC)cc3[nH]c(C(=O)O)cc23):sc1-c1nncc2nsnc12,-5.408733,-2.791094,2.617639,0.8649400058809344,3.3329717170366813
2620,COc1cc2cc(-c3cc(OC)c(C4:nc(C=O)cc5nsnc:45)s3)[nH]c2cc1OC,-5.160602,-2.88099,2.279612,0.956455114602032,3.279598949929105
2621,COc1cc2cc(-c3s:C(c4c(O)ncc5nsnc45):cc3OC)[nH]c2cc1OC,-4.429048,-2.803711,1.625336,0.9999989247832716,3.231242547943916
2622,COc1cc2cc(-c3s:C(c4c(F)ccc5nsnc45):cc3OC)[nH]c2cc1OC,-4.499225,-2.575065,1.924159,0.9999962469922348,2.953986197317798
2623,COc1c:C(c2c(OC)c(OC)cc3cc[nH]c23):sc1-c1nc(C=O)cc2nsnc12,-5.319262,-2.880329,2.438933,0.8757997620206095,3.4396884918478587
2624,COc1c:C(c2c(OC)c(OC)cc3[nH]ccc23):sc1-c1nc(Br)cc2nsnc12,-5.243103,-2.635914,2.607189,0.8769679720412409,3.3379464835432007
2626,COc1c:C(c2c(OC)c(OC)cc3[nH]c(C(=O)O)cc23):sc1-c1nc(F)cc2nsnc12,-5.380277,-2.641932,2.738345,0.8972706112614375,3.3711363307579214
2627,COc1cc2[nH]ccc2c(C=Cc2c(C#N)ccc3nonc23)c1OC,-5.336341,-2.839512,2.496829,0.9856084998979956,3.069585797155969
2628,COc1c:C(c2c(OC)c(OC)cc3cc(C(=O)O)n(C)c23):sc1-c1scc2ncc(C=O)nc12,-5.27581,-2.70662,2.56919,0.550124315299809,3.468432744108009
2629,COc1cc2cc(N=Cc3cc(S)cc4nonc34)[nH]c2cc1OC,-5.302952,-2.851351,2.451601,0.9998346511285016,3.3779858515612577
2630,COc1cc2cc(C=Nc3scc4nc(S)cnc34)[nH]c2cc1OC,-5.099195,-2.4977,2.601495,0.9999556912433034,3.443872390022796
2631,COc1cc2cc(C=Cc3occ4nc(C#N)cnc34)[nH]c2cc1OC,-4.890461,-2.857052,2.03341,0.9999999930477692,3.26093225869443
2633,COc1cc2[nH]c(C(=O)O)cc2c(C=Cc2nc(C=O)cc3nonc23)c1OC,-5.77339,-3.139121,2.634268,0.9922215889776782,3.3217688614837018
2634,COc1cc2cc(C=Cc3c(S(=O)(=O)O)ncc4nonc34)[nH]c2cc1OC,-5.382887,-3.655741,1.727146,0.6237768622139309,3.226541527135886
2635,COc1cnc2csc(C=Cc3cc4cc(OC)c(OC)cc4[nH]3)c2n1,-4.715157,-2.161928,2.55323,0.9998999337504764,3.063037489463661
2636,COc1cc2c(ccn2C)c(C=Nc2c(C#N)ncc3nsnc23)c1OC,-5.360621,-3.052983,2.307638,0.9600099009743358,3.387294193606253
2637,COc1cc2cc(-c3s:C(c4cc(C)cc5nsnc45):cc3OC)[nH]c2cc1OC,-4.506201,-2.404187,2.102014,0.999978526807684,2.9839808305915003
2640,COc1cc2cc(C=Cc3c(C=O)ncc4nonc34)[nH]c2cc1OC,-5.171884,-3.125035,2.046848,0.9999984132234884,3.2069082586944297
2641,CNc1cnc2csc(N=Cc3cc4cc(OC)c(OC)cc4[nH]3)c2n1,-4.696687,-2.069319,2.627367,0.9999789220529078,3.188191951002123
2642,COc1cc2cc(-c3s:C(c4cccc5nc(S)cnc45):cc3OC)[nH]c2cc1OC,-4.476899,-2.203372,2.273527,0.9791266103049654,3.0540388807847663
2643,COc1cc2cc(C=Nc3nc(C)cc4nsnc34)[nH]c2cc1OC,-5.202581,-2.574114,2.628467,0.9999999935187917,3.174666620792026
2645,COc1cc2ccn(C)c2c(C=Cc2scc3ncc(C=O)nc23)c1OC,-5.126444,-2.875121,2.251323,0.9419417934016446,3.388538549250609
2647,COc1cc2cc(C(=O)O)n(C)c2c(N=Cc2c(C#N)ncc3nonc23)c1OC,-5.654372,-3.575081,2.07929,0.893378670878936,3.4710196371337947
2649,COc1cc2c:C(c3sc(-c4cc(C#N)cc5nsnc45)cc3OC):[nH]c2cc1OC,-4.746428,-2.982334,1.764094,0.9999984426403048,3.103209840162468
2650,COc1cc2cc(C=Cc3scc4ncc(O)nc34)[nH]c2cc1OC,-4.855314,-2.311221,2.544092,0.9998730396962168,3.250516620792028
2651,COc1cc2cc(C(=O)O)n(C)c2c(C=Nc2c(C#N)ccc3nonc23)c1OC,-5.863579,-2.821481,3.042098,0.7666188221639004,3.2791449118590705
2652,COc1cc2[nH]ccc2c(C=Cc2cc(Br)cc3nsnc23)c1OC,-5.19822,-2.472575,2.725645,0.9617879278033692,3.034695466945873
2653,COc1cc(-c2cc(C#N)cc3nsnc23)s:C:1c1c(OC)c(OC)cc2ccn(C)c12,-5.250458,-3.012616,2.237841,0.6404717955414136,3.288017363697712
2654,COc1cc2cc(C=Nc3occ4nc(C#N)cnc34)[nH]c2cc1OC,-5.332245,-2.957291,2.374955,0.9999925897829322,3.365668258694429
2655,COc1c:C(c2c(OC)c(OC)cc3[nH]c(C(=O)O)cc23):sc1-c1nc(O)cc2nonc12,-5.420331,-2.513003,2.907327,0.8918528748142649,3.3525616409316186
2656,COc1cc2c(cc(C(=O)O)n2C)c(C=Nc2nc(C#N)cc3nsnc23)c1OC,-5.80719,-3.058742,2.748448,0.9393110711226048,3.480428428342586
2658,COc1cc2[nH]ccc2c(N=Cc2nc(C=O)cc3nsnc23)c1OC,-5.209394,-3.140021,2.069373,0.9116183546418132,3.542618412540583
2661,COc1cc2cc(-c3cc(OC):C(c4cccc5nc(F)cnc45):s3)[nH]c2cc1OC,-4.678814,-2.104332,2.574482,0.9761919112021508,2.921711655201362
2663,COc1cc2cc(C#Cc3nccc4nonc34)[nH]c2cc1OC,-5.483449,-2.887947,2.595503,1.0,3.022294782011997
2664,COc1cc2cc(C=Cc3scc4ncc(C(F)(F)F)nc34)[nH]c2cc1OC,-4.967631,-2.719898,2.247733,0.9999867781208552,3.1565623645263434
2665,COc1cc2[nH]c(C(=O)O)cc2c(C=Cc2scc3nccnc23)c1OC,-5.05646,-2.340797,2.715663,0.9853029149252176,3.120750337462397
2666,COc1cc2cc(C(=O)O)n(C)c2c(C=Cc2scc3nc(C#N)cnc23)c1OC,-5.364169,-2.982526,2.381643,0.9279645944267468,3.4330284283425865
2667,COc1cc2cc(-c3cc(OC)c(C4:nc(C)cc5nonc:45)s3)[nH]c2cc1OC,-4.940568,-2.416526,2.524042,0.9858670258748368,3.056323764401876
2670,COc1cc2ccn(C)c2c(N=Cc2cc(C#N)cc3nonc23)c1OC,-5.400718,-3.203538,2.197179,0.931422861567534,3.281061825973885
2671,COc1cc2cc(C=NC3:nc(C=O)cc4nonc:34)n(C)c2cc1OC,-5.555205,-3.032134,2.523071,0.9999999999018852,3.3481797080917675
2672,COc1cc2cc(C=Cc3cc(C(F)(F)F)cc4nonc34)[nH]c2cc1OC,-5.278637,-2.805815,2.472822,0.9979077927987478,2.935854672218652
2675,COc1cc2[nH]ccc2c(C=Cc2nc(Br)cc3nsnc23)c1OC,-5.295869,-2.765693,2.530176,0.9916157155208302,3.3129935438689486
2676,COc1cc2cc(C=Cc3occ4nc(F)cnc34)n(C)c2cc1OC,-4.682878,-2.331957,2.350921,0.9999274585020744,3.2775579717921435
2677,COc1cc2nsnc2c(-c2cc(OC)c(C3:cc4cc(OC)c(OC)cc4[nH]:3)s2)n1,-4.664242,-2.69244,1.971802,0.9999999990375028,3.1342174460397354
2678,COc1cc2cc(C=Cc3cc(Br)cc4nccnc34)n(C)c2cc1OC,-4.954807,-2.346495,2.608312,0.999039659370014,2.7750909968030566
2682,COc1cc2[nH]c(C(=O)O)cc2c(C=Cc2nc(O)cc3nsnc23)c1OC,-5.472531,-2.658779,2.813752,0.9904891248638948,3.315258567057988
2683,CNc1ncc2nsnc2c1C=Cc1cc2cc(OC)c(OC)cc2[nH]1,-4.616175,-2.477456,2.138719,0.9484412812847284,3.1261131817713537
2684,COc1cc2cc(N=Cc3occ4nc(F)cnc34)n(C)c2cc1OC,-4.982785,-2.70794,2.274845,0.999964633868508,3.49564237927655
2685,COc1cc2cc(C=Cc3c(Br)ccc4nsnc34)[nH]c2cc1OC,-5.019864,-2.646657,2.373207,0.9999346045829554,2.9325166207920272
2686,COc1cc2cc(C=Cc3cc(F)cc4nsnc34)n(C)c2cc1OC,-4.848667,-2.427352,2.421315,0.9998563237282112,2.9378874936216643
2689,COc1cc2cc(C=Nc3occ4nc(NC(C)=O)cnc34)[nH]c2cc1OC,-4.783351,-2.223643,2.559709,0.9999999441883138,3.2229896600472783
2690,COc1cc2cc(N=Cc3cccc4nc(O)cnc34)[nH]c2cc1OC,-4.969707,-2.227809,2.741898,0.99991668744148,3.014843643309815
2691,COc1cc2cc(N=Cc3nc(S)cc4nsnc34)[nH]c2cc1OC,-5.430398,-3.085933,2.344464,0.9999948594924422,3.58479931309972
2692,COc1cc2cc(-c3cc(OC)c(C4:nc(C)cc5nsnc:45)s3)n(C)c2cc1OC,-5.001636,-2.460503,2.541133,0.9015249975066048,3.1545759063996
2694,COc1cc2cc(C=CC3:c(C)ccc4nonc:34)[nH]c2cc1OC,-4.866117,-2.329606,2.536511,0.9795954954733396,2.8221185438689496
2695,COc1cc2cc(C=Nc3cccc4cc(C#N)ccc34)[nH]c2cc1OC,-5.249303,-1.955956,3.293347,0.905388570340974,2.624108210358731
2696,COc1cc2c(cc(C(=O)O)n2C)c(C2:c(C#N)ccc3nonc:23)c1OC,-5.732741,-2.882197,2.850544,0.3651735369961077,2.917414053538401
2698,COc1cc2cc(C=Cc3c(O)ccc4nccnc34)[nH]c2cc1OC,-4.779087,-1.931205,2.847882,0.920520316248527,2.7517482586944304
2700,COc1cc2cc(C(=O)O)n(C)c2c(N=Cc2scc3nc(C#N)cnc23)c1OC,-5.430797,-3.209447,2.22135,0.9025566526697602,3.518963593177752
2702,COc1cc(-c2cc(C=O)cc3nsnc23)s:C:1c1c(OC)c(OC)cc2cc(C(=O)O)n(C)c12,-5.49102,-2.987788,2.503232,0.602930401109665,3.37893290109388
2703,COc1cc2cc(C=Cc3cccc4nc(NC(C)=O)cnc34)n(C)c2cc1OC,-4.550228,-1.990806,2.559422,0.9983432282825424,2.7410819965390942
2705,COc1c:C(c2c(OC)c(OC)cc3ccn(C)c23):sc1-c1cc(Br)cc2nccnc12,-5.223568,-2.136932,3.086636,0.5941721483954734,3.091242215768718
2706,COc1cc2cc(N=Cc3c(O)ccc4nsnc34)[nH]c2cc1OC,-5.226494,-2.583251,2.643242,0.9992679664384296,3.0960762361766427
2707,COc1cc2cc(C(=O)O)[nH]c2c(C=Cc2c(F)ccc3nsnc23)c1OC,-5.436405,-2.587791,2.848613,0.9631569715528162,3.088106278839879
2709,COc1cc2cc(C=Cc3scc4ncc(F)nc34)[nH]c2cc1OC,-4.663608,-2.40479,2.258817,0.999999999873423,3.183374313099719
2714,COc1cc2cc(C=CC3:cc(Br)cc4nsnc:34)n(C)c2cc1OC,-4.880681,-2.541733,2.338948,0.9999657660345356,2.9553542295884
2715,COc1cc2cc(-c3cc(OC)c(C4:nc(O)cc5nonc:45)s3)[nH]c2cc1OC,-5.209216,-2.574991,2.634225,0.980807642775458,3.209496036316009
2719,COc1cc2cc(C(=O)O)[nH]c2c(C2:occ3ncc(C#N)nc:23)c1OC,-5.602568,-3.167987,2.434581,0.9780336055066056,3.254569888963528
2720,COc1cc2nonc2c(C=NC2:cc3cc(OC)c(OC)cc3[nH]:2)n1,-5.382234,-3.051287,2.330946,0.9999970098936406,3.2822165663867384
2721,COc1cc2cc[nH]c2c(C2:c(F)ncc3nonc:23)c1OC,-5.35994,-3.057844,2.302096,0.6591515106347241,3.1219104023444624
2722,COc1cc2c:C(c3sc(-c4cccc5ncc(C#N)nc45)cc3OC):[nH]c2cc1OC,-4.811736,-2.850665,1.961071,0.9879345725883172,2.909058899586574
2723,COc1cc2c(cc(C(=O)O)n2C)c(N=Cc2scc3ncc(Br)nc23)c1OC,-5.307185,-2.790643,2.516543,0.9147624568640436,3.4365760326323365
2724,COc1cc2cc(C#CC3:c(Br)ncc4nonc:34)[nH]c2cc1OC,-5.26054,-3.102979,2.157561,1.0,3.2697493130997195
2726,COc1cc2c:C(c3sc(-c4cncc5nsnc45)cc3OC):[nH]c2cc1OC,-4.623227,-2.833852,1.789375,0.9999937328040872,3.07388085558716
2727,COc1cc2cc(-c3cc(OC)c(C4:c(F)ncc5nsnc:45)s3)[nH]c2cc1OC,-4.943357,-2.813982,2.129375,0.8479166819821533,3.1851928162802308
2728,COc1cc2c:C(C#Cc3nc(C#N)cc4nsnc34):n(C)c2cc1OC,-5.317156,-3.159793,2.157363,1.0,3.3485213664334257
2729,COc1cc2cc(-c3cc(OC)c(C4:scc5nc(S)cnc:45)s3)[nH]c2cc1OC,-4.726555,-2.262956,2.463599,0.9712620001371438,3.366562941503844
2731,COc1cc2cc(C=NC3:c(C)ncc4nonc:34)[nH]c2cc1OC,-5.397272,-2.857126,2.540146,0.999984869440629,3.1285550823304886
2732,COc1cc2cc(N=Cc3c(O)ccc4nccnc34)[nH]c2cc1OC,-5.191769,-2.305288,2.886481,0.9994890896469036,2.939583335617506
2733,COc1cc2cc[nH]c2c(C#Cc2nncc3nonc23)c1OC,-5.68167,-3.224137,2.457533,1.0,3.404418957836172
2734,COc1cc2ccn(C)c2c(C=Nc2nncc3nsnc23)c1OC,-5.53301,-2.930877,2.602133,0.8720644822770801,3.4504935438689506
2735,COc1cc2[nH]c(C(=O)O)cc2c(N=Cc2c(C#N)ncc3nonc23)c1OC,-5.679527,-3.506426,2.173101,0.957784968303708,3.395293626962125
2736,COc1cc2cc(C=Cc3nc(Br)cc4nonc34)[nH]c2cc1OC,-5.267648,-2.938566,2.329082,0.9999999998727956,3.1482781592535645
2738,COc1cc2cc(C(=O)O)n(C)c2c(C=Cc2cc(F)cc3nonc23)c1OC,-5.594144,-2.630199,2.963945,0.8633236929662065,3.131769195025499
2739,COc1cc2cc(C#Cc3nc(C#N)cc4nonc34)n(C)c2cc1OC,-5.479445,-3.265128,2.214317,1.0,3.3022464413585
2741,CNc1cc2nonc2c(C=Cc2cc3cc(OC)c(OC)cc3n2C)n1,-4.949947,-2.384309,2.565638,0.9996322264358222,3.139295192607252
2742,COc1cc2[nH]c(C(=O)O)cc2c(N=Cc2c(S)ncc3nsnc23)c1OC,-5.540617,-2.942559,2.598058,0.8605821455364706,3.531349706298495
2743,COc1cc2cc(-c3s:C(c4cc(NC(C)=O)cc5nonc45):cc3OC)[nH]c2cc1OC,-4.86754,-2.543952,2.323588,0.9999896318293372,2.975550701699266
2745,COc1cc2cc(C=Cc3c(O)ccc4nonc34)[nH]c2cc1OC,-4.9374,-2.31997,2.61743,0.931253275920638,2.869560851561257
2746,COc1cc2cc(C#CC3:nc(C(F)(F)F)cc4nonc:34)[nH]c2cc1OC,-5.804072,-3.256261,2.547812,1.0,3.2371171843900246
2747,COc1cc2cc(C=Nc3cc(C=O)cc4ccccc34)[nH]c2cc1OC,-5.392127,-2.024883,3.367245,0.8973623894529545,2.703622411542163
2749,COc1cc2cc(C(=O)O)[nH]c2c(C=Cc2scc3ncc(Br)nc23)c1OC,-5.280095,-2.686822,2.593273,0.9839880992822402,3.3664069604367626
2751,COc1cc2c(ccn2C)c(C=Cc2c(S)ncc3nsnc23)c1OC,-5.019274,-2.607138,2.412136,0.9586835944806732,3.4116186786528493
2752,COc1cc2cc[nH]c2c(C2:nc(F)cc3nsnc:23)c1OC,-5.292305,-2.776563,2.515741,0.8165715350897246,3.179359353393414
2753,COc1cc2cc(N=Cc3c(C#N)ccc4nsnc34)[nH]c2cc1OC,-5.07668,-3.015681,2.060999,0.9999999939145978,3.1764227202328907
2754,COc1cc2c(ccn2C)c(C=Nc2nc(F)cc3nsnc23)c1OC,-5.359757,-2.617982,2.741775,0.9552750776357004,3.398801630835802
2755,COc1cc2c(ccn2C)c(C=Cc2c(C(F)(F)F)ccc3nccnc23)c1OC,-4.996637,-2.163576,2.833061,0.8716941950071297,2.976110296474454
2757,COc1cc2cc(C(=O)O)[nH]c2c(C=Cc2cncc3nonc23)c1OC,-5.72225,-2.944184,2.778066,0.944229041287147,3.195519568231627
2758,COc1cc2[nH]ccc2c(N=Cc2scc3nc(F)cnc23)c1OC,-5.033176,-2.551994,2.481182,0.9236579667968464,3.4573531592535662
2759,COc1cc2ccn(C)c2c(C=Cc2cncc3nonc23)c1OC,-5.233976,-2.825624,2.408352,0.9502330987309352,3.1785666207920267
2761,COc1cc2cc(C=Cc3cc(S)cc4nsnc34)n(C)c2cc1OC,-4.80105,-2.373731,2.42732,0.9999406147019654,3.2269895726237445
2763,COc1cc2c(ccn2C)c(N=Cc2cncc3nonc23)c1OC,-5.164657,-2.909713,2.254944,0.9090881578799408,3.231066620792027
2764,COc1cc2cc(C=Nc3scc4ncc(OC(C)=O)nc34)[nH]c2cc1OC,-5.042261,-2.441821,2.60044,0.999964670779143,3.215829467739586
2766,COc1cc2c:C(c3nc(C=O)cc4nonc34):n(C)c2cc1OC,-5.42052,-3.044237,2.376283,0.9995428282024156,3.022207899231897
2768,CNc1cnc2csc(C3:sc(-c4cc5cc(OC)c(OC)cc5[nH]4)cc:3OC)c2n1,-4.407365,-1.892201,2.515164,0.961918713076776,3.1647209896871
2769,COc1cc(-c2nc(O)cc3nsnc23)s:C:1c1c(OC)c(OC)cc2cc(C(=O)O)n(C)c12,-5.488329,-2.789968,2.69836,0.6110137064037381,3.4700834406011545
2774,COc1cc(-c2c(OC)c(OC)cc3[nH]ccc23)s:C:1c1cc(Br)cc2nccnc12,-5.030374,-1.983425,3.046949,0.7422625393123402,3.00553378138978
2781,COc1cc2[nH]c(C(=O)O)cc2c(C=Nc2scc3nc(C#N)cnc23)c1OC,-5.603692,-2.979061,2.624631,0.9946163549022596,3.376827585686329
2782,COc1cc(-c2c(OC)c(OC)cc3cc(C(=O)O)[nH]c23)s:C:1c1scc2sc(=S)sc12,-5.403473,-2.063715,3.339758,0.8001404547034583,3.487401742395937
2784,COc1cc2cc(C(=O)O)[nH]c2c(C=Cc2scc3nc(S)cnc23)c1OC,-5.194058,-2.495248,2.69881,0.9813950240904672,3.56504844047571
2787,COc1cc(-c2c(OC)c(OC)cc3c2ccn3C)s:C:1c1scc2nccnc12,-4.623632,-2.033283,2.590349,0.9295182691407564,3.141123406620123
2790,COc1cc2cc(C=Cc3cc(OC(C)=O)cc4nsnc34)[nH]c2cc1OC,-4.796675,-2.373355,2.42332,0.9849861020946736,2.9475861985088176
2792,COc1c:C(c2c(OC)c(OC)cc3c2cc(C(=O)O)n3C):sc1-c1cc(C#N)cc2nsnc12,-5.306994,-2.736405,2.570589,0.8922500045748691,3.295755664045215
2797,CNc1ccc2nsnc2c1C=Cc1cc2cc(OC)c(OC)cc2[nH]1,-4.730963,-2.153005,2.577958,0.93547159693758,2.9719925663867386
2798,COc1cc2cc(-c3s:C(c4cccc5nc(C(F)(F)F)cnc45):cc3OC)[nH]c2cc1OC,-4.867451,-2.617561,2.24989,0.971812426696139,2.934073880884556
2799,COc1cc2nsnc2c(-c2cc(OC):C(c3c(OC)c(OC)cc4cc[nH]c34):s2)n1,-5.067087,-2.697503,2.369584,0.8932404292697236,3.297096443446822
2800,COc1c:C(c2c(OC)c(OC)cc3[nH]c(C(=O)O)cc23):sc1-c1c(C=O)ncc2nsnc12,-5.309287,-2.91796,2.391327,0.782021957277606,3.43027676549994
2802,COc1cc2cc[nH]c2c(C=Cc2nc(C=O)cc3nsnc23)c1OC,-5.437703,-3.009005,2.428698,0.9867429249092496,3.426155643309814
2803,COc1cc2cc(-c3s:C(c4nc(C#N)cc5nsnc45):cc3OC)[nH]c2cc1OC,-4.864244,-3.125082,1.739162,0.999998856912018,3.264473971536712
2806,COc1cc2cc(-c3s:C(c4cccc5nc(Br)cnc45):cc3OC)[nH]c2cc1OC,-4.563847,-2.408269,2.155578,0.9820829825987724,2.8915550432739625
2807,COc1cc2cc(-c3s:C(c4scc5ncc(O)nc45):cc3OC)[nH]c2cc1OC,-4.41471,-2.327898,2.086812,0.9999925581133188,3.267067055994005
2808,COc1c:C(c2c(OC)c(OC)cc3cc(C(=O)O)n(C)c23):sc1-c1nc(Br)cc2nsnc12,-5.692222,-2.755223,2.936999,0.5185413977338175,3.475203602544473
2809,COc1cc2cc(C(=O)O)n(C)c2c(C=Cc2c(C#N)ccc3nonc23)c1OC,-5.586877,-2.880458,2.70642,0.6782683921685135,3.211359747023904
2810,COc1cc2cc(-c3s:C(c4occ5nccnc45):cc3OC)[nH]c2cc1OC,-4.437482,-2.372595,2.064887,0.9999999962334758,3.089238547894851
2811,COc1cc2cc(-c3s:C(c4cccc5nonc45):cc3OC)[nH]c2cc1OC,-4.816912,-2.611529,2.205383,0.9999655079826392,2.795255031411335
2812,COc1cc2cc(C=Nc3c(S)ccc4nccnc34)[nH]c2cc1OC,-5.409296,-2.148344,3.260951,0.8848447151792009,3.0198153356175066
2813,COc1cc2cc(C(=O)O)[nH]c2c(C=Nc2c(C#N)ncc3nonc23)c1OC,-6.005886,-3.483764,2.522121,0.9909815584001684,3.430369987187268
2815,COc1cc2cc(C=Cc3cc(C=O)cc4nonc34)[nH]c2cc1OC,-5.03124,-2.840728,2.190512,0.9999905872778834,2.9991550279252
2817,COc1cc2c(ccn2C)c(C=Cc2cc(C#N)cc3nsnc23)c1OC,-5.340709,-2.816332,2.524377,0.9704321492627868,3.131143943856004
2818,COc1cc2cc(C(=O)O)n(C)c2c(C=Cc2nncc3nsnc23)c1OC,-5.52653,-3.009954,2.516576,0.942631774085862,3.3950562301543865
2819,COc1cc2cc(-c3s:C(c4cc(C=O)cc5nccnc45):cc3OC)[nH]c2cc1OC,-4.718479,-2.639797,2.078682,0.9829517076178772,2.981290672161822
2820,CNc1cc(C=Nc2cc3cc(OC)c(OC)cc3[nH]2)c2nonc2c1,-5.136251,-2.470662,2.665589,0.999550477217584,3.1752781048482763
2822,COc1cc2[nH]c(C(=O)O)cc2c(C=Cc2c(C#N)ncc3nonc23)c1OC,-5.743884,-3.26781,2.476075,0.9870177668224084,3.2856911879377355
2823,COc1cc2cc[nH]c2c(N=Cc2c(C#N)ccc3nonc23)c1OC,-5.433212,-3.223853,2.209359,0.9942063489633894,3.243587643309814
2824,COc1cc2cc(C=Cc3cc(C)cc4nonc34)[nH]c2cc1OC,-4.885687,-2.322024,2.563663,0.9966774298694918,2.836230082330488
2825,COc1cc2cc(-c3s:C(c4cccc5cc(C=O)ccc45):cc3OC)[nH]c2cc1OC,-4.751022,-2.078488,2.672533,0.8575574236942819,2.692450872830719
2827,COc1cc2cc(C=Nc3c(OC)ccc4nccnc34)[nH]c2cc1OC,-5.06202,-1.891961,3.170059,0.8729899016661591,2.784065015092459
2828,COc1cc2cc(-c3s:C(c4c(C)ncc5nsnc45):cc3OC)[nH]c2cc1OC,-4.70202,-2.788536,1.913484,0.9432327320148888,3.1046709915932897
2829,COc1cc2cc(-c3s:C(c4cccc5ccc(C#N)cc45):cc3OC)[nH]c2cc1OC,-4.776736,-2.051375,2.72536,0.8691617792506798,2.6838752875464387
2831,COc1cc2cc(C=Cc3cccc4nonc34)[nH]c2cc1OC,-4.904612,-2.415739,2.488873,0.9999524284131952,2.681422254539468
2832,COc1cc(N=Cc2cc3cc(OC)c(OC)cc3[nH]2)c2nsnc2c1,-4.99929,-2.23422,2.76507,0.9999990482123468,2.9916134894636617
2833,COc1cc2cc[nH]c2c(C=Cc2scc3ncc(C=O)nc23)c1OC,-5.263154,-2.974961,2.288192,0.9854892463385658,3.392446720232892
2834,COc1cc2cc(C=Nc3scc4ncc(F)nc34)[nH]c2cc1OC,-5.130109,-2.522571,2.607538,0.999981945573966,3.24127431309972
2835,COc1cc2cc(C=Cc3nc(S)cc4nsnc34)[nH]c2cc1OC,-5.023181,-2.681264,2.341916,0.9999999975242824,3.3370877746381806
2836,COc1cc2cc[nH]c2c(C=Cc2cc(Br)cc3nsnc23)c1OC,-5.346758,-2.640693,2.706065,0.9676878727741508,3.1142781592535647
2837,COc1cc2cc(-c3cc(OC):C(c4cccc5ccc(C=O)cc45):s3)[nH]c2cc1OC,-5.009163,-1.863745,3.145418,0.7677647084624566,2.7137393343691816
2838,COc1c:C(c2c(OC)c(OC)cc3cc[nH]c23):sc1-c1cncc2nsnc12,-5.104048,-2.623111,2.480937,0.904013757738832,3.2547297566860607
2840,COc1cc2cc(C=Nc3occ4nc(C=O)cnc34)[nH]c2cc1OC,-5.035496,-2.754781,2.280715,0.999998940716912,3.3620571817713527
2841,COc1cc2cc(-c3s:C(c4cc(C=O)cc5nonc45):cc3OC)[nH]c2cc1OC,-4.795383,-3.021085,1.774299,0.9999992891518126,3.080027644829711
2842,COc1cc2cc(-c3cc(OC)c(C4:nc(C#N)cc5nsnc:45)s3)[nH]c2cc1OC,-5.33917,-2.98907,2.3501,0.9702130263739932,3.289375267993064
2843,COc1cc2cc(C=Nc3cc(C=O)cc4nsnc34)[nH]c2cc1OC,-5.18969,-2.8922,2.297489,0.9999994691292924,3.185871335617507
2844,COc1c:C(c2c(OC)c(OC)cc3c2ccn3C):sc1-c1nc(C(F)(F)F)cc2nonc12,-5.34356,-2.677096,2.666464,0.9099763845871008,3.3239292705606687
2845,COc1c:C(c2c(OC)c(OC)cc3cc(C(=O)O)n(C)c23):sc1-c1cncc2nonc12,-5.614164,-2.669581,2.944584,0.5642884274820622,3.304933849368343
2846,COc1cc2c(ccn2C)c(N=Cc2c(C#N)ncc3nonc23)c1OC,-5.440805,-3.36946,2.071345,0.983328726370278,3.386172115684176
2847,COc1cc2cc(-c3cc(OC):C(c4occ5nc(C=O)cnc45):s3)[nH]c2cc1OC,-4.701072,-2.634796,2.066275,0.9753809935996276,3.283804135754515
2850,COc1cc2cc(C=Cc3cccc4nsnc34)n(C)c2cc1OC,-4.870944,-2.429896,2.441048,0.9989317705598186,2.737051236176642
2852,COc1cc2cc(C(=O)O)n(C)c2c(C#Cc2nncc3nsnc23)c1OC,-5.754705,-3.222213,2.532492,1.0,3.463566648849616
2853,COc1cc2c(ccn2C)c(N=Cc2scc3nc(C#N)cnc23)c1OC,-5.113784,-3.004319,2.109465,0.9251571396012156,3.4384746131866724
2854,COc1cc2cc(C=NC3:nc(C)cc4nonc:34)[nH]c2cc1OC,-5.358479,-2.685001,2.673478,0.9999999904349112,3.125178159253565
2856,COc1cc2cc(-c3cc(OC)c(C4:nncc5nonc:45)s3)[nH]c2cc1OC,-5.061716,-2.795657,2.266059,0.9942385930417266,3.156937998444304
2858,COc1cc2c(cc(C(=O)O)n2C)c(C=Cc2cc(Br)cc3nsnc23)c1OC,-5.447146,-2.604237,2.84291,0.9512687271146764,3.101786289042592
2859,COc1cc2cc[nH]c2c(C=Cc2nc(C=O)cc3nonc23)c1OC,-5.681256,-3.179494,2.501761,0.9897904760528152,3.378646720232891
2860,COc1cc(-c2cccc3ncc(C#N)nc23)s:C:1c1c(OC)c(OC)cc2cc[nH]c12,-5.060084,-2.7743,2.285784,0.8688134242919927,3.0666266253390804
2862,COc1cc2[nH]ccc2c(C2:scc3nc(C#N)cnc:23)c1OC,-5.423525,-2.715529,2.707996,0.4226779934992755,3.123634810678981
2863,COc1cc2nsnc2c(C=Cc2c(OC)c(OC)cc3ccn(C)c23)n1,-5.176495,-2.54576,2.630736,0.965419845830252,3.277979708091768
2864,COc1cc2[nH]ccc2c(C=Cc2c(Br)ccc3nsnc23)c1OC,-5.110478,-2.3934,2.717078,0.9172852568046036,3.047743543868949
2865,COc1cc2cc(C(=O)O)n(C)c2c(C#Cc2scc3ncc(C=O)nc23)c1OC,-5.411165,-2.990347,2.420818,1.0,3.499058098672256
2866,COc1c:C(c2c(OC)c(OC)cc3cc[nH]c23):sc1-c1scc2nc(S)cnc12,-4.835087,-2.214998,2.620089,0.9051739681674724,3.5322370023267418
2867,COc1cc2ccn(C)c2c(C=Cc2nncc3nsnc23)c1OC,-5.275342,-2.90709,2.368251,0.9657820805313932,3.359491620792027
2868,COc1cc2cc(C=Cc3occ4nc(NC(C)=O)cnc34)n(C)c2cc1OC,-4.522424,-2.139605,2.382819,0.9986919031773828,3.158043157918974
2871,COc1cc2[nH]c(C(=O)O)cc2c(C=Cc2occ3nc(C#N)cnc23)c1OC,-5.377096,-2.926594,2.450502,0.9890412707308996,3.385155540658186
2873,COc1cc2cc(C(=O)O)n(C)c2c(C=Cc2scc3ncc(Br)nc23)c1OC,-5.197498,-2.603299,2.594199,0.9293140580646498,3.397717912974217
2874,COc1cc2cc(N=Cc3cc(C#N)cc4nccnc34)n(C)c2cc1OC,-5.120918,-2.777938,2.342981,0.9999603590476294,3.0510048523549704
2876,COc1cc2c(ccn2C)c(C2:scc3ncc(C=O)nc:23)c1OC,-5.493329,-2.658108,2.83522,0.4030623385834578,3.134211582872201
2877,COc1cc2cc(C(=O)O)[nH]c2c(C=Cc2cc(C=O)cc3nsnc23)c1OC,-5.692279,-3.018726,2.673553,0.9588446686566616,3.24000394591147
2878,COc1cc2cc(-c3cc(OC):C(c4scc5ncc(S)nc45):s3)[nH]c2cc1OC,-4.583509,-2.210313,2.373196,0.9672537414012714,3.357089596244452
2880,COc1cc2[nH]ccc2c(C=Nc2scc3nc(C#N)cnc23)c1OC,-5.326712,-2.806083,2.520629,0.9854548589601652,3.3624448740790456
2881,COc1cc2c(ccn2C)c(N=Cc2nncc3nsnc23)c1OC,-5.091639,-3.088331,2.003308,0.9073100127420668,3.447676236176642
2883,COc1cc2[nH]c(C(=O)O)cc2c(C=Nc2nc(C=O)cc3nsnc23)c1OC,-6.002611,-3.049168,2.953443,0.9441295760398306,3.459875803322351
2885,COc1cc2cc(N=Cc3cc(C#N)cc4nonc34)n(C)c2cc1OC,-5.41777,-3.261185,2.156585,0.9999850022741992,3.2018240637361224
2886,COc1c:C(c2c(OC)c(OC)cc3[nH]c(C(=O)O)cc23):sc1-c1c(C)ccc2nonc12,-5.302868,-2.18798,3.114888,0.6952117417386013,3.092649978400601
2887,COc1cc2cc[nH]c2c(C2:c(C#N)ccc3nonc:23)c1OC,-5.372664,-2.978311,2.394353,0.5424667391131349,2.953214743789349
2888,COc1cc2cc(-c3s:C(c4c(O)ccc5nccnc45):cc3OC)[nH]c2cc1OC,-4.671161,-2.013685,2.657475,0.8504414395196771,2.859007247249762
2890,COc1cc2cc(C=Cc3nc(C#N)cc4nsnc34)[nH]c2cc1OC,-5.186084,-3.029825,2.156259,0.9999999967255884,3.2378350279251986
2891,COc1cc2cc(-c3cc(OC):C(c4cccc5nc(O)cnc45):s3)[nH]c2cc1OC,-4.582035,-1.895459,2.686576,0.9729670950341264,2.9624395722281545
2892,COc1cc2cc(C(=O)O)[nH]c2c(N=Cc2scc3nc(C#N)cnc23)c1OC,-5.673873,-3.301281,2.372592,0.976380246726826,3.489650099757624
2893,COc1cc2ccn(C)c2c(C2:c(F)ncc3nsnc:23)c1OC,-5.248003,-2.858506,2.389497,0.3410444280343734,3.15936606190857
2894,COc1cc2cc(-c3cc(OC):C(c4cccc5nc(C#N)cnc45):s3)[nH]c2cc1OC,-4.984325,-2.599357,2.384968,0.9715148354029304,2.953739836041421
2895,COc1cc2cc(C=Cc3cccc4ncc(S)nc34)n(C)c2cc1OC,-4.998525,-2.144233,2.854292,0.977333154606312,2.966982505294565
2896,COc1cc2cc(C=CC3:cc(Br)cc4nccnc:34)[nH]c2cc1OC,-4.968,-2.293974,2.674026,0.9997371265323758,2.7335784125405844
2897,COc1cc2cc(-c3cc(OC):C(c4nc(C#N)cc5nsnc45):s3)[nH]c2cc1OC,-5.038104,-2.871579,2.166526,0.98014665424508,3.289375267993064
2898,COc1cc2c(ccn2C)c(C=Nc2cc(C#N)cc3nonc23)c1OC,-5.457751,-2.896759,2.560992,0.9715911188831186,3.1919663214783816
2900,COc1cc2ccn(C)c2c(C=Cc2c(S)ncc3nsnc23)c1OC,-5.049635,-2.804635,2.245,0.9454135665676912,3.4845766828108538
2901,COc1cc2cc(C=Cc3cc(C#N)cc4ccccc34)[nH]c2cc1OC,-5.046487,-1.989449,3.057038,0.9316046011028452,2.5432129440865427
2902,COc1cnc2c(C=Cc3cc4cc(OC)c(OC)cc4n3C)scc2n1,-4.682874,-2.187055,2.495819,0.9993988448704634,3.107763724075784
2903,COc1cc2c:C(c3c(S(=O)(=O)O)ccc4ccccc34):n(C)c2cc1OC,-5.503693,-1.901151,3.602542,0.0935728538169516,2.42575310679284
2905,COc1cc2[nH]c(C(=O)O)cc2c(C2:cc(C#N)cc3nonc:23)c1OC,-5.879353,-2.971621,2.907732,0.4765812132968992,2.9132931683157555
2907,COc1cc2[nH]c(C(=O)O)cc2c(C=Nc2occ3ncc(C#N)nc23)c1OC,-5.546065,-3.002292,2.543772,0.9998941276377232,3.460959855855185
2908,COc1cc2cc[nH]c2c(C=Cc2nc(O)cc3nonc23)c1OC,-5.504219,-2.742069,2.762151,0.98602186500018,3.331901236176643
2910,COc1cc2cc(C=Cc3c(C(F)(F)F)ccc4nsnc34)[nH]c2cc1OC,-5.055163,-2.680501,2.374662,0.9519044759423452,2.991586317788272
2911,COc1cc2cc(N=Cc3cc(C(F)(F)F)cc4nonc34)[nH]c2cc1OC,-5.502112,-3.115028,2.387084,0.9991619717833198,3.129094399579897
2912,COc1cc2cc(C(=O)O)n(C)c2c(C2:occ3ncc(C#N)nc:23)c1OC,-5.756992,-2.919988,2.837004,0.4153032111045165,3.3032619825324847
2913,COc1cc2ccn(C)c2c(C=Nc2cc(C#N)cc3nccnc23)c1OC,-5.490519,-2.433233,3.057286,0.7351335985886773,3.1345421600472774
2915,COc1cc2cc(C(=O)O)n(C)c2c(C2:cccc3ncc(C#N)nc:23)c1OC,-5.620184,-2.720074,2.90011,0.1401717906000137,2.8891657762220806
2916,COc1cc2cc(-c3cc(OC)c(C4:c(F)ccc5nsnc:45)s3)n(C)c2cc1OC,-4.740933,-2.32891,2.412023,0.7448750516494695,3.0168947875184813
2917,COc1cc2cc(-c3cc(OC)c(C4:nc(Br)cc5nonc:45)s3)[nH]c2cc1OC,-5.10473,-2.732356,2.372374,0.9939387503180228,3.1922688449027703
2918,COc1cc2c(ccn2C)c(C2:c(C#N)ncc3nonc:23)c1OC,-5.673179,-3.184231,2.488948,0.2710194362245718,3.0787450606620164
2919,COc1cc2cc(C=Cc3c(Br)ncc4nonc34)n(C)c2cc1OC,-5.067042,-2.929949,2.137093,0.9997965744513456,3.1752012150353863
2920,COc1cc2cc(C=NC3:c(F)ncc4nsnc:34)[nH]c2cc1OC,-5.500607,-3.05809,2.442517,0.9997162588417282,3.235945466945873
2921,COc1cc2cc(C=Nc3c(OC)ncc4nonc34)[nH]c2cc1OC,-5.033628,-2.697444,2.336184,0.9999997692981246,3.1429870279252
2923,COc1cc2c(cc(C(=O)O)n2C)c(C=Cc2scc3nc(S)cnc23)c1OC,-5.066555,-2.372077,2.694478,0.9853810786139156,3.51645637451268
2924,COc1cc2c:C(c3scc4nc(OC(C)=O)cnc34):n(C)c2cc1OC,-4.853885,-2.274811,2.579074,0.7586954297010035,3.0181686743886287
2926,COc1cc2cc[nH]c2c(C=Cc2cncc3nsnc23)c1OC,-5.324341,-2.767734,2.556607,0.9649132883119992,3.204011705088919
2927,COc1cc2cc(C#Cc3nccc4nsnc34)[nH]c2cc1OC,-5.108931,-2.705096,2.403835,1.0,3.054030166627381
2929,COc1cc2cc(C=NC3:cc(NC(C)=O)cc4nonc:34)[nH]c2cc1OC,-5.194417,-2.417372,2.777045,0.999999271841977,2.967811967739588
2933,COc1cc2cc(C=Cc3cc(C=O)cc4ccccc34)[nH]c2cc1OC,-4.829524,-1.974382,2.855143,0.9273262598523582,2.551398151187134
2934,COc1cc(-c2c(OC)c(OC)cc3c2ccn3C)sc1C1:c(C#N)ncc2nonc:12,-5.393811,-3.017895,2.375916,0.7965354005654215,3.3465926806884143
2935,COc1cc2cc(N=Cc3scc4ncc(C#N)nc34)[nH]c2cc1OC,-5.140405,-3.200235,1.94017,0.9999441836280156,3.382854104848276
2937,COc1cc2cc(C(=O)O)n(C)c2c(C=Cc2c(C(F)(F)F)ncc3nsnc23)c1OC,-5.502314,-3.112734,2.38958,0.9358716722004056,3.41132922491342
2939,COc1cc2cc(C=Cc3c(C(F)(F)F)ncc4nonc34)n(C)c2cc1OC,-5.140063,-2.982633,2.157431,0.9560484330888164,3.176579451435755
2941,COc1c:C(c2c(OC)c(OC)cc3[nH]c(C(=O)O)cc23):sc1-c1c(C=O)ccc2nonc12,-5.553876,-2.716814,2.837062,0.7984943116719347,3.2175421501153245
2942,COc1cc2cc(-c3cc(OC)c(C4:nc(C=O)cc5nonc:45)s3)[nH]c2cc1OC,-5.118728,-2.865002,2.253727,0.9869345184167622,3.23956334059462
2943,COc1cc2c(cc(C(=O)O)n2C)c(N=Cc2cncc3nsnc23)c1OC,-5.376792,-2.950846,2.425945,0.8683039522973759,3.291155743299468
2945,COc1cc2cc(-c3cc(OC):C(c4c(Br)ncc5nonc45):s3)[nH]c2cc1OC,-4.965181,-2.92933,2.035851,0.7896303754971318,3.213329488909926
2946,COc1cc2cc(C=NC3:nc(C(F)(F)F)cc4nonc:34)[nH]c2cc1OC,-5.974873,-3.157958,2.816915,0.9902595230783064,3.2441261425205017
2947,COc1cc2cc[nH]c2c(C2:cncc3nonc:23)c1OC,-5.508809,-2.924414,2.584394,0.7807310768856622,2.9812026841098334
2949,COc1cc2cc[nH]c2c(C=Cc2scc3ncc(Br)nc23)c1OC,-5.065868,-2.588748,2.477121,0.9846630293106104,3.3628281592535654
2951,COc1cc2cc(C(=O)O)[nH]c2c(C2:c(C)ncc3nonc:23)c1OC,-5.797162,-2.837761,2.959401,0.516274692234766,3.042781438884103
2952,COc1cc2cc(N=Cc3occ4nc(F)cnc34)[nH]c2cc1OC,-4.961561,-2.69135,2.27021,0.99997131303594,3.4889608515612576
2953,COc1cc2cc(N=Cc3occ4nc(Br)cnc34)[nH]c2cc1OC,-5.005112,-2.792341,2.212771,0.999975471582692,3.4793954669458733
2954,COc1cc2c(ccn2C)c(N=Cc2scc3nc(F)cnc23)c1OC,-4.972785,-2.542208,2.430577,0.9115528686357732,3.43335526908944
2955,COc1cc2cc(C#Cc3nccc4nsnc34)n(C)c2cc1OC,-5.2193,-2.755611,2.463689,1.0,3.0448781592535656
2958,COc1cc2cc(C#CC3:nc(S)cc4nsnc:34)[nH]c2cc1OC,-5.352594,-2.864412,2.488182,1.0,3.465447390022796
2960,COc1cc2cc(-c3cc(OC):C(c4c(NC(C)=O)ncc5nonc45):s3)[nH]c2cc1OC,-4.981331,-2.645172,2.336159,0.8378223844060058,3.1632942368874817
2961,COc1cc2cc(C=Cc3nc(S)cc4nonc34)n(C)c2cc1OC,-5.150273,-2.752473,2.3978,0.9999283476646738,3.31353551856969
2962,COc1cc2cc(N=Cc3cncc4nonc34)n(C)c2cc1OC,-5.219089,-3.060998,2.158091,0.9999704013983548,3.1950627746381803
2963,COc1cc2cc(C(=O)O)[nH]c2c(N=Cc2cncc3nonc23)c1OC,-5.690609,-3.167834,2.522775,0.9634410731117758,3.2901823054943646
2964,COc1cc2cc(C=NC3:c(C(F)(F)F)ncc4nonc:34)[nH]c2cc1OC,-5.664769,-3.247375,2.417394,0.999959151729728,3.236314458002488
2966,COc1cc2c:C(C=Cc3nc(C=O)cc4nsnc34):n(C)c2cc1OC,-5.187242,-2.98446,2.202782,0.9996137761006526,3.267519568231627
2967,COc1cc2cc(-c3cc(OC):C(c4c(C)ccc5nsnc45):s3)[nH]c2cc1OC,-4.916421,-2.187603,2.728818,0.7522215755580339,2.940196394097761
2968,COc1cc2cc(C3:sc(-c4nncc5nsnc45)cc:3OC)n(C)c2cc1OC,-5.0014,-3.166539,1.83486,0.8747777036079318,3.238725911092394
2969,COc1cc2ccn(C)c2c(C2:nc(C=O)cc3nonc:23)c1OC,-5.500604,-3.165634,2.33497,0.4545764906995676,3.1887069241506394
2970,COc1cc2cc(-c3cc(OC):C(c4occ5ncc(C=O)nc45):s3)[nH]c2cc1OC,-4.811782,-2.59312,2.218662,0.9774639658441384,3.2853241011823453
2971,COc1cc2c(ccn2C):C(c2cccc3nc(S)cnc23):c1OC,-5.054253,-1.757381,3.296872,0.2822656573531112,2.9003227421354723
2972,COc1cnc2csc(C#Cc3c(OC)c(OC)cc4c3ccn4C)c2n1,-4.936134,-2.05679,2.879344,1.0,3.2562520357640947
2977,COc1cc(C=Cc2c(OC)c(OC)cc3[nH]c(C(=O)O)cc23)c2nsnc2c1,-5.314172,-2.224645,3.089527,0.9601402725123958,3.006692876493082
2978,COc1cc2cc(C=Cc3occ4ncc(F)nc34)[nH]c2cc1OC,-4.659775,-2.332595,2.32718,0.9999999998435536,3.239307005407412
2980,COc1cc2cc(-c3s:C(c4c(S)ccc5nonc45):cc3OC)[nH]c2cc1OC,-4.848185,-2.586074,2.262112,0.8931401130552702,3.117002118605813
2981,COc1c:C(c2c(OC)c(OC)cc3cc[nH]c23):sc1-c1cc(C#N)cc2nsnc12,-5.253302,-2.799014,2.454288,0.9052699578053208,3.273898690637834
2982,COc1cc2cc(C(=O)O)n(C)c2c(C=Nc2c(C#N)ccc3nsnc23)c1OC,-5.751326,-2.730758,3.020568,0.739058896366914,3.305591065705224
2983,COc1cc2cc(-c3s:C(c4cccc5ncc(OC(C)=O)nc45):cc3OC)[nH]c2cc1OC,-4.598478,-2.220223,2.378255,0.9809978072953216,2.919753653882175
2984,COc1c:C(c2c(OC)c(OC)cc3ccn(C)c23):sc1-c1cc(C#N)cc2nonc12,-5.471775,-2.843089,2.628685,0.566812941084311,3.251918462598812
2985,COc1cc2cc(C=NC3:nc(C#N)cc4nsnc:34)[nH]c2cc1OC,-5.505648,-3.04768,2.457968,0.9999999967613792,3.3523168740790457
2986,COc1cc2nsnc2c(-c2cc(OC):C(c3cc4cc(OC)c(OC)cc4n3C):s2)n1,-4.935456,-2.774297,2.161159,0.8705035768272025,3.188437651102614
2987,COc1c:C(c2c(OC)c(OC)cc3cc[nH]c23):sc1-c1c(C#N)ncc2nonc12,-5.473583,-3.154407,2.319176,0.8057068587630831,3.387841646558318
2988,COc1cc2cc(C=Cc3cc(S)cc4nsnc34)[nH]c2cc1OC,-5.18645,-2.552157,2.634292,0.9945922352686196,3.198649313099719
2990,COc1cc2cc(-c3s:C(c4cc(OC(C)=O)cc5nsnc45):cc3OC)[nH]c2cc1OC,-4.824568,-2.616404,2.208163,0.9994884264044992,3.0773096215028666
2991,COc1c:C(c2c(OC)c(OC)cc3c2ccn3C):sc1-c1nncc2nsnc12,-5.167603,-2.689452,2.478151,0.8978836790766733,3.3133019397149344
2993,COc1cc2cc(-c3s:C(c4cc(C)cc5nonc45):cc3OC)[nH]c2cc1OC,-4.615977,-2.446322,2.169655,0.999998954353438,2.937700866369676
2995,COc1cc2c(cc(C(=O)O)n2C)c(C=Cc2c(C=O)ncc3nonc23)c1OC,-5.58769,-3.072388,2.515302,0.7950037956962184,3.3604152415294
2999,COc1cc2cc(-c3s:C(c4occ5ncc(C(F)(F)F)nc45):cc3OC)[nH]c2cc1OC,-4.766078,-2.752028,2.01405,0.999811728559738,3.2695368270358376
3000,COc1cc2cc(C=Cc3cc(NC(C)=O)cc4nccnc34)[nH]c2cc1OC,-4.617329,-1.979742,2.637587,0.9999609065090652,2.743800046637073
3001,COc1cc2cc(-c3s:C(c4nncc5nonc45):cc3OC)[nH]c2cc1OC,-4.884703,-3.072838,1.811865,0.999999999484388,3.152818767675072
3003,COc1cc2cc(C=Nc3c(C=O)ccc4nsnc34)[nH]c2cc1OC,-5.527828,-2.856653,2.671175,0.962016391221684,3.101509489463661
3004,COc1cc2cc(C=NC3:scc4ncc(C#N)nc:34)n(C)c2cc1OC,-5.310599,-2.991118,2.319481,0.999980185315796,3.2954330547451143
3005,COc1cc2cc(C=Cc3cc(S(=O)(=O)O)cc4nsnc34)[nH]c2cc1OC,-5.017137,-2.833451,2.183686,0.9997342007567428,3.0175960548866154
3006,COc1cc2cc(C(=O)O)[nH]c2c(C=Cc2nc(C=O)cc3nonc23)c1OC,-5.851419,-3.249544,2.601875,0.99124229513969,3.387343908388017
3007,COc1cc2cc(C=Cc3cccc4ncc(F)nc34)[nH]c2cc1OC,-4.729515,-2.115079,2.614437,0.9999940616752124,2.746955643309814
3011,COc1cc2cc(-c3s:C(c4nncc5nonc45):cc3OC)[nH]c2cc1OC,-4.884739,-3.072924,1.811815,0.9999999987813084,3.152818767675072
3013,COc1c:C(c2c(OC)c(OC)cc3ccn(C)c23):sc1-c1cccc2ncc(C#N)nc12,-5.222058,-2.563584,2.658474,0.5967665670062156,3.112561339997137
3015,COc1cc2cc(C#Cc3occ4ncc(O)nc34)[nH]c2cc1OC,-4.739764,-2.137093,2.602671,1.0,3.475172390022797
3017,CNc1cnc2c(C3:cc(OC)c(-c4cc5cc(OC)c(OC)cc5[nH]4)s:3)scc2n1,-4.309206,-2.149896,2.15931,0.9999640231302253,3.1743852939221906
3018,COc1cc2cc(C=Nc3c(C=O)ncc4nonc34)[nH]c2cc1OC,-5.758002,-3.264888,2.493114,0.9998902497139086,3.288262720232892
3019,COc1cc2cc(-c3s:C(c4cccc5nc(C#N)cnc45):cc3OC)[nH]c2cc1OC,-4.828988,-2.817818,2.01117,0.9778623958357768,2.9320525450715227
3020,COc1cc2cc(C=Cc3cc(O)cc4nsnc34)[nH]c2cc1OC,-4.781678,-2.242691,2.538987,0.9999830859780592,2.974228159253567
3021,COc1cc2cc(C=Cc3scc4ncc(S(=O)(=O)O)nc34)[nH]c2cc1OC,-4.929616,-2.909149,2.020467,0.9965889859528116,3.309096152257601
3022,COc1cc2cc(C=Nc3c(O)ccc4nsnc34)[nH]c2cc1OC,-5.187416,-2.406717,2.780699,0.9999885398952608,2.9979704669458727
3025,COc1cc2cc(C=Nc3c(C)ccc4nccnc34)[nH]c2cc1OC,-5.241893,-1.92803,3.313863,0.8660833469540483,2.783790104848276
3026,COc1cc2cc(C(=O)O)n(C)c2c(C=Cc2cc(Br)cc3nsnc23)c1OC,-5.479141,-2.661783,2.817359,0.8671597646902968,3.176784579640884
3027,COc1cc2cc[nH]c2c(C=Cc2nc(F)cc3nsnc23)c1OC,-5.379876,-2.778624,2.601252,0.989692208252,3.3726916207920263
3028,COc1cc2cc(-c3s:C(c4nc(S)cc5nonc45):cc3OC)[nH]c2cc1OC,-4.982123,-2.916985,2.065137,0.9999948373584352,3.309732530054828
3029,COc1cc2cc(N=Cc3cc(O)cc4nccnc34)[nH]c2cc1OC,-5.129621,-2.314897,2.814724,0.999978706761938,2.989693489463661
3030,COc1cc2cc(-c3s:C(c4c(Br)ncc5nonc45):cc3OC)[nH]c2cc1OC,-4.963914,-3.125901,1.838013,0.9981108335731264,3.210442726834791
3031,COc1cc2cc(C3:sc(-c4cc(C#N)cc5nsnc45)cc:3OC)n(C)c2cc1OC,-5.137161,-3.096576,2.040585,0.8488596524765146,3.158111531068803
3032,COc1cc2cc(C=Nc3c(OC(C)=O)ncc4nonc34)[nH]c2cc1OC,-5.520802,-3.019718,2.501084,0.998121336089089,3.2076290831242016
3033,COc1cc2c(cc(C(=O)O)n2C)c(C2:c(C#N)ncc3nsnc:23)c1OC,-5.906358,-3.212643,2.693715,0.4676527025100273,3.1410738168520123
3034,COc1cc2cc(-c3cc(OC)c(C4:nc(S)cc5nsnc:45)s3)[nH]c2cc1OC,-4.920224,-2.536801,2.383422,0.958387362531222,3.3769346767453463
3035,COc1cc2cc(N=Cc3cc(S(=O)(=O)O)cc4nsnc34)[nH]c2cc1OC,-5.298293,-3.116953,2.18134,0.9982007725383248,3.2108357822478624
3036,COc1cc2cc(-c3cc(OC)c(C4:nc(C=O)cc5nsnc:45)s3)n(C)c2cc1OC,-5.164229,-2.88861,2.275618,0.8919603440242307,3.332475689986807
3037,COc1c:C(c2c(OC)c(OC)cc3cc(C(=O)O)[nH]c23):sc1-c1nc(C(F)(F)F)cc2nonc12,-5.654396,-2.895509,2.758888,0.910292226822886,3.4043721863863787
3038,COc1cc2cc(C=Nc3cccc4nc(O)cnc34)[nH]c2cc1OC,-5.232783,-1.934365,3.298418,0.8910685586072634,2.9665445663867374
3039,COc1cc2cc(C=NC3:cccc4nonc:34)[nH]c2cc1OC,-5.315587,-2.549933,2.765654,0.9999732677164328,2.816995880913096
3040,COc1c:C(c2c(OC)c(OC)cc3ccn(C)c23):sc1-c1cncc2nonc12,-5.371125,-2.637049,2.734076,0.5828546819560604,3.236969381575401
3043,COc1cc2c(ccn2C)c(C=Cc2cc(C#N)cc3nccnc23)c1OC,-5.165834,-2.424185,2.741649,0.9669742176012645,2.953553890816508
3047,COc1cc2cc(C=CC3:c(C=O)ccc4nonc:34)[nH]c2cc1OC,-5.220215,-2.831893,2.388322,0.9219265136499206,2.9655993356175063
3048,CNc1cc2nsnc2c(C=Cc2cc3cc(OC)c(OC)cc3n2C)n1,-4.789138,-2.295699,2.493439,0.9992678902554788,3.185570117682176
3049,COc1cc2ccn(C)c2c(C=Cc2nc(C)cc3nonc23)c1OC,-5.293898,-2.617369,2.676529,0.96463310953561,3.1645097389439094
3050,COc1cc2cc(C=Nc3scc4ncc(C#N)nc34)n(C)c2cc1OC,-5.310596,-2.991112,2.319484,0.9999804406102646,3.2954330547451143
3051,COc1cc2cc(C#Cc3occ4nc(S(=O)(=O)O)cnc34)[nH]c2cc1OC,-5.187167,-3.095577,2.09159,1.0,3.4930203976324776
3053,COc1cc2cc(C=Cc3c(NC(C)=O)ccc4nccnc34)n(C)c2cc1OC,-5.006865,-2.058758,2.948107,0.8809882185707113,2.8391714083038018
3054,COc1cc2cc(C=NC3:nncc4nonc:34)[nH]c2cc1OC,-5.543303,-3.008172,2.535131,0.9999999994121244,3.232105551242766
3056,COc1cc2cc(C3:sc(-c4cccc5ncc(C#N)nc45)cc:3OC)n(C)c2cc1OC,-4.931202,-2.842352,2.08885,0.8252873909973384,2.9682166591460746
3057,COc1cc2ccn(C)c2c(C2:scc3nc(C#N)cnc:23)c1OC,-5.47015,-2.88296,2.58719,0.3616554921687254,3.213665103998961
3058,COc1cc2nsnc2c(C=Cc2cc3cc(OC)c(OC)cc3n2C)n1,-5.062726,-2.626961,2.435765,0.9999903381214752,3.12412736043942
3059,COc1cc2cc(C=Cc3c(OC)ncc4nonc34)[nH]c2cc1OC,-4.735996,-2.734251,2.001746,0.9999978136900016,3.0455064125405835
3060,COc1cc2cc(C=Cc3c(S)ccc4nonc34)[nH]c2cc1OC,-4.955657,-2.460256,2.495401,0.9406478366789656,3.0640531592535654
3061,CNc1ncc2nsnc2c1C1:cc(OC)c(-c2cc3cc(OC)c(OC)cc3[nH]2)s:1,-4.406475,-2.577487,1.828988,0.939005629224718,3.2029923812169177
3062,COc1cc2cc(C=Cc3occ4ncc(C=O)nc34)n(C)c2cc1OC,-5.000332,-2.842131,2.158202,0.999909877413388,3.2869869008989605
3063,COc1cc2cc(C=NC3:nccc4nsnc:34)n(C)c2cc1OC,-5.221389,-2.575381,2.646008,0.9999999812090667,3.088268543868949
3064,COc1cc2cc(C=Cc3occ4nc(C#N)cnc34)n(C)c2cc1OC,-4.848847,-2.832937,2.01591,0.999938196303504,3.2887473404594
3066,COc1cc2cc(C=Cc3cc(Br)cc4nonc34)[nH]c2cc1OC,-5.061488,-2.646465,2.415024,0.9999988338869754,2.8867781592535646
3068,COc1cc2cc(N=Cc3c(OC)ccc4nccnc34)n(C)c2cc1OC,-4.685769,-2.218106,2.467664,0.986929404832038,2.8921011985088168
3072,COc1cc(-c2cc(C#N)cc3nonc23)s:C:1c1c(OC)c(OC)cc2[nH]c(C(=O)O)cc12,-5.518569,-3.106762,2.411808,0.8414279802723758,3.2165181116537864
3073,COc1cc2c(ccn2C)c(N=Cc2c(C(F)(F)F)ncc3nsnc23)c1OC,-5.247037,-3.097825,2.149212,0.9257935217664014,3.4045760326323355
3074,COc1cc2cc(N=Cc3c(C)ccc4nonc34)[nH]c2cc1OC,-5.162947,-2.689201,2.473746,0.9999235886552362,3.0177800823304883
3075,COc1cc2[nH]ccc2c(C=Nc2nc(C=O)cc3nsnc23)c1OC,-5.466602,-2.854566,2.612036,0.9460523810129136,3.453244258694429
3077,COc1cc2cc(C=Nc3nc(NC(C)=O)cc4nonc34)[nH]c2cc1OC,-5.440892,-2.738986,2.701907,0.999844757404354,3.1666063908165096
3078,COc1cc2cc(N=Cc3cc(C)cc4nsnc34)[nH]c2cc1OC,-5.048031,-2.556335,2.491696,0.9998645038216476,3.0809473900227964
3079,COc1cc2cc(C=Nc3occ4nc(S)cnc34)[nH]c2cc1OC,-5.05865,-2.422933,2.635717,0.99999471918724,3.551005082330488
3080,COc1cc2cc(-c3s:C(c4cccc5ncc(S)nc45):cc3OC)[nH]c2cc1OC,-4.62302,-2.224268,2.398752,0.9546526718274287,3.0302701685980766
3084,COc1cc2ccn(C)c2c(C=Cc2scc3nc(C)cnc23)c1OC,-4.823916,-2.184604,2.639313,0.9444280113645274,3.2223960175301887
3085,COc1cc2cc(C=Nc3cc(C)cc4nsnc34)[nH]c2cc1OC,-4.994147,-2.321772,2.672375,0.9999986511549874,2.9995608515612577
3086,COc1cc2c(ccn2C)c(C2:c(F)ncc3nsnc:23)c1OC,-5.179875,-2.670634,2.509241,0.4402850577894183,3.0360945686959004
3088,COc1cc2ccn(C)c2c(C=Cc2cc(C=O)cc3nsnc23)c1OC,-5.363942,-2.739188,2.624754,0.4648762059164043,3.218189498301558
3091,COc1cc2cc(C3:cc(OC)c(-c4cc(Br)cc5nccnc45)s:3)n(C)c2cc1OC,-4.897842,-2.215422,2.682419,0.8766566228761477,2.965916264796613
3092,COc1cc2cc[nH]c2c(C=Nc2cc(C#N)cc3nonc23)c1OC,-5.697207,-3.108365,2.588842,0.9910766253818688,3.2626177971559693
3093,COc1cc2cc(C(=O)O)[nH]c2c(C=Cc2c(S)ncc3nsnc23)c1OC,-5.491688,-2.908117,2.583571,0.938001060601336,3.4856503878953795
3094,COc1cc2cc(C=Cc3cccc4ncc(S)nc34)[nH]c2cc1OC,-4.921068,-2.123389,2.797678,0.9940443986867966,2.930587027925199
3096,COc1cc2[nH]ccc2c(C=Nc2occ3ncc(C#N)nc23)c1OC,-5.28924,-2.834481,2.454759,0.999921891011223,3.454429489463661
3097,COc1cc2c:C(c3nc(OC(C)=O)cc4nsnc34):n(C)c2cc1OC,-5.240479,-2.689895,2.550584,0.9617757125068064,3.03857717641292
3099,COc1cnc2c(C=Cc3cc4cc(OC)c(OC)cc4n3C)occ2n1,-4.50543,-1.997002,2.508428,0.9998308537347002,3.1600644233764825
3100,COc1cc2[nH]c(C(=O)O)cc2c(C=Cc2nc(F)cc3nsnc23)c1OC,-5.563836,-2.829868,2.733969,0.9895371024798262,3.30733120581164
3102,COc1cc2cc(N=Cc3cccc4nsnc34)[nH]c2cc1OC,-4.999031,-2.621187,2.377844,0.999839968603186,2.9123899468471617
3103,COc1cc2cc(N=Cc3c(C)ncc4nsnc34)[nH]c2cc1OC,-4.915284,-2.823308,2.091976,0.9999941105732938,3.2482589284843346
3104,COc1cc2c(cc(C(=O)O)n2C)c(C=Nc2cc(C#N)cc3nccnc23)c1OC,-5.695427,-2.465869,3.229557,0.8446263765157078,3.132858080260222
3107,COc1cc2c:C(C=Cc3c(F)ncc4nonc34):[nH]c2cc1OC,-5.320239,-3.110954,2.209285,0.9999163412989388,3.0953762361766426
3109,COc1cc2cc[nH]c2c(C2:c(C#N)ncc3nonc:23)c1OC,-5.477904,-3.352396,2.125508,0.5515199289363463,3.18285220198333
3110,COc1cc2cc(C=Cc3c(C#N)ccc4nccnc34)[nH]c2cc1OC,-5.167205,-2.779471,2.387734,0.7817166226889873,2.844799926335062
3112,COc1cc2cc(C(=O)O)[nH]c2c(C=Cc2nc(Br)cc3nonc23)c1OC,-5.828487,-3.130123,2.698363,0.9912883331716934,3.3484157238252727
3114,COc1cc2cc(N=Cc3cc(Br)cc4nonc34)[nH]c2cc1OC,-5.348511,-2.98749,2.361021,0.9999835869776972,3.098805082330488
3118,COc1cc2c:C(c3c(S)ncc4nsnc34):n(C)c2cc1OC,-5.340988,-2.929037,2.411951,0.5695436991583905,3.165778052858797
3121,COc1cc2cc(-c3cc(OC)c(C4:cccc5nonc:45)s3)[nH]c2cc1OC,-4.76976,-2.282694,2.487066,0.9794103445897716,2.8190077786640835
3123,COc1cc2cc(-c3s:C(c4scc5nc(S(=O)(=O)O)cnc45):cc3OC)[nH]c2cc1OC,-4.954922,-3.208712,1.74621,0.9997309300799432,3.326423675671073
3124,COc1cc2cc(N=Cc3cc(C#N)cc4ccccc34)n(C)c2cc1OC,-5.052444,-2.324567,2.727877,0.9897131930378364,2.7590846600472787
3125,COc1cc2cc(C=Cc3c(OC)ccc4nonc34)[nH]c2cc1OC,-4.664323,-2.282234,2.382089,0.9999971415067268,2.793288566386739
3127,COc1cc2ccn(C)c2c(C=Cc2cc(F)cc3nonc23)c1OC,-5.308311,-2.491347,2.816964,0.9158704464438394,3.0661702379044096
3130,COc1cc2cc(-c3cc(OC)c(C4:cc(C=O)cc5nonc:45)s3)[nH]c2cc1OC,-4.937263,-2.796064,2.141199,0.9820073073370614,3.090626953386322
3131,COc1cc2cc(-c3cc(OC)c(C4:nc(C#N)cc5nsnc:45)s3)n(C)c2cc1OC,-5.212896,-2.953088,2.259808,0.9007206964091514,3.3420371439174925
3133,COc1cc2[nH]ccc2c(C=Cc2c(C(F)(F)F)ncc3nsnc23)c1OC,-5.243161,-2.819379,2.423782,0.9310510366725472,3.284355353815535
3134,COc1cc2cc(C=Cc3nncc4nonc34)n(C)c2cc1OC,-5.378279,-3.047472,2.330807,0.9999553982745328,3.1559281592535653
3136,COc1cc2[nH]ccc2c(C2:nc(Br)cc3nsnc:23)c1OC,-5.536061,-2.756935,2.779126,0.649683246043806,3.1046824303164904
3137,COc1cc2cc(C=Nc3c(C(F)(F)F)ccc4nonc34)[nH]c2cc1OC,-5.319547,-2.834056,2.485491,0.999999861067038,3.0560112447600343
3138,COc1c:C(c2c(OC)c(OC)cc3c2ccn3C):sc1-c1c(C=O)ccc2nonc12,-5.285756,-2.573175,2.71258,0.8025435953656856,3.1848589528777627
3139,COc1cc2cc(C=Cc3occ4nc(NC(C)=O)cnc34)[nH]c2cc1OC,-4.560189,-2.153163,2.407026,0.9999943739028224,3.1247996600472785
3141,COc1cc2cc(C=Cc3nccc4nsnc34)[nH]c2cc1OC,-4.923427,-2.591322,2.332105,0.9999999999326804,2.953766210583426
3142,COc1cc2cc(-c3cc(OC):C(c4nc(F)cc5nonc45):s3)[nH]c2cc1OC,-5.075609,-2.637175,2.438434,0.9898812918025424,3.188150419142484
3143,COc1cc2cc(C=NC3:nc(C=O)cc4nonc:34)[nH]c2cc1OC,-5.573878,-3.079979,2.493899,0.9999999996487126,3.3061113356175067
3144,COc1cc2c(ccn2C)c(C2:cncc3nonc:23)c1OC,-5.318131,-2.563262,2.75487,0.4943043055753512,2.89600410863817
3145,COc1cc2cc(C=Cc3c(F)ncc4nsnc34)n(C)c2cc1OC,-4.832092,-2.793862,2.03823,0.9998450250669308,3.164479801313973
3147,COc1cc2cc[nH]c2c(C=Cc2c(S)ncc3nsnc23)c1OC,-5.244982,-2.842739,2.402242,0.9341076830458692,3.493664697715104
3148,COc1cc2[nH]c(C(=O)O)cc2c(C=Nc2c(C)ncc3nonc23)c1OC,-5.708987,-2.835575,2.873411,0.9844441045607716,3.251937827038516
3149,COc1cc2[nH]c(C(=O)O)cc2c(C#Cc2scc3ncc(Br)nc23)c1OC,-5.367928,-2.654334,2.713594,1.0,3.3882838835136857
3150,COc1cc2cc(N=Cc3cccc4nc(Br)cnc34)[nH]c2cc1OC,-5.11545,-2.543275,2.572175,0.9993662581178973,2.957330412540584
3151,COc1cc2cc(C(=O)O)n(C)c2c(C2:cc(F)cc3nsnc:23)c1OC,-5.636272,-2.466046,3.170226,0.1886429284354733,3.002812731068791
3154,COc1cc2c(ccn2C)c(C=Cc2occ3ncc(NC(C)=O)nc23)c1OC,-4.7017,-2.052579,2.649121,0.9863895836530274,3.240772238594396
3155,COc1cc2ccn(C)c2c(C=Cc2c(Br)ncc3nonc23)c1OC,-5.310475,-3.061876,2.2486,0.9567130330947088,3.3352908200249907
3157,COc1cc2cc(C=Cc3occ4nc(Br)cnc34)n(C)c2cc1OC,-4.737341,-2.455569,2.281772,0.999896998982254,3.2682511110852825
3159,COc1cc2cc(-c3cc(OC)c(C4:occ5nc(C#N)cnc:45)s3)[nH]c2cc1OC,-4.808344,-2.727901,2.080443,0.9765925400659672,3.286847178105424
3160,COc1cc2ccn(C)c2c(N=Cc2c(OC)ncc3nonc23)c1OC,-4.940022,-2.932078,2.007944,0.9143124260735742,3.3278366511487105
3163,COc1cc2cc(C=Nc3c(C=O)ncc4nsnc34)[nH]c2cc1OC,-5.579891,-3.11433,2.465561,0.9781907751193114,3.325728566386738
3164,COc1cc2cc(-c3cc(OC):C(c4occ5nc(C#N)cnc45):s3)[nH]c2cc1OC,-4.952276,-2.777986,2.174289,0.9751305044084788,3.286847178105424
3165,COc1cc2cc(C=Cc3nc(OC(C)=O)cc4nonc34)[nH]c2cc1OC,-5.152734,-2.756805,2.395929,0.9981546047604596,3.1534352369703544
3167,CNc1cnc2c(C3:sc(-c4cc5cc(OC)c(OC)cc5[nH]4)cc:3OC)scc2n1,-4.461412,-1.940543,2.52087,0.9719404881162472,3.160945190205682
3168,COc1cc2cc(-c3cc(OC):C(c4cc(C)cc5nccnc45):s3)[nH]c2cc1OC,-4.743987,-1.941415,2.802571,0.9685738854247412,2.8487128652272897
3169,COc1cc2c:C(N=Cc3nc(C=O)cc4nonc34):n(C)c2cc1OC,-5.436285,-3.354443,2.081843,0.9999512035575228,3.4395966911087505
3170,COc1cc2cc(C3:sc(-c4nc(C=O)cc5nonc45)cc:3OC)n(C)c2cc1OC,-5.17606,-3.269507,1.906553,0.880513603512006,3.2671142360561225
3172,COc1cc2cc(C=Cc3occ4ncc(C=O)nc34)[nH]c2cc1OC,-4.877138,-2.778479,2.09866,0.9999999986697212,3.2591248740790446
3174,COc1cc2cc(C#CC3:nc(C#N)cc4nsnc:34)[nH]c2cc1OC,-5.579376,-3.255668,2.323708,1.0,3.3610602586944296
3175,COc1cc2cc(-c3s:C(c4c(OC(C)=O)ccc5nonc45):cc3OC)[nH]c2cc1OC,-4.762426,-2.599319,2.163107,0.9986341188295016,3.011201601862931
3176,COc1cc2cc(-c3s:C(c4scc5nc(O)cnc45):cc3OC)[nH]c2cc1OC,-4.443622,-2.352251,2.091371,0.999993397714726,3.2624768949922167
3177,COc1cc2cc(N=Cc3scc4nccnc34)[nH]c2cc1OC,-4.876567,-2.642867,2.2337,0.999998086407184,3.175142474319688
3178,COc1cc2cc(-c3s:C(c4cccc5nc(OC(C)=O)cnc45):cc3OC)[nH]c2cc1OC,-4.459058,-2.178213,2.280845,0.978414074192444,2.9425070242231754
3179,COc1cc2c(ccn2C)c(C=Cc2nc(C#N)cc3nsnc23)c1OC,-5.30751,-2.954908,2.352602,0.9921679643900038,3.34998690089896
3180,COc1cc2nsnc2c(-c2cc(OC):C(c3c(OC)c(OC)cc4ccn(C)c34):s2)n1,-5.240116,-2.720822,2.519294,0.6392950070324007,3.318343483731524
3181,COc1c:C(c2c(OC)c(OC)cc3[nH]c(C(=O)O)cc23):sc1-c1c(C#N)ncc2nonc12,-5.672523,-3.112261,2.560263,0.7920428638943021,3.3708522462691715
3183,COc1cc2cc(C=Cc3cc(C)cc4nccnc34)[nH]c2cc1OC,-5.042865,-2.076082,2.966782,0.9995869770982636,2.68505225869443
3184,COc1c:C(c2c(OC)c(OC)cc3c2ccn3C):sc1-c1c(C=O)ncc2nsnc12,-5.099021,-2.837658,2.261362,0.7828095381099651,3.4092822833934013
3185,COc1c:C(c2c(OC)c(OC)cc3c2cc(C(=O)O)n3C):sc1-c1nncc2nsnc12,-5.366697,-2.820379,2.546318,0.9023465191831848,3.360209779889434
3188,COc1cc2cc[nH]c2c(C=Cc2c(C=O)ncc3nonc23)c1OC,-5.506814,-3.27607,2.230744,0.964040966421372,3.393925489463661
3189,COc1cc2cc(-c3s:C(c4scc5ncc(S(=O)(=O)O)nc45):cc3OC)[nH]c2cc1OC,-4.764353,-3.060853,1.7035,0.9968133193695704,3.344113998251718
3190,COc1c:C(c2c(OC)c(OC)cc3c2ccn3C):sc1-c1nc(C=O)cc2nsnc12,-5.141813,-2.726146,2.415667,0.8635368883630941,3.397300034872691
3191,COc1cc2cc(-c3s:C(c4cccc5nc(OC(C)=O)cnc45):cc3OC)[nH]c2cc1OC,-4.635748,-2.226329,2.409419,0.9751195621107392,2.9425070242231754
3193,COc1c:C(c2c(OC)c(OC)cc3c2cc(C(=O)O)n3C):sc1-c1scc2ncc(C=O)nc12,-5.059757,-2.698776,2.360982,0.9360008136108218,3.397722697012248
3194,COc1cc2cc[nH]c2c(C=Cc2c(C#N)ccc3nonc23)c1OC,-5.469604,-3.001685,2.467919,0.9558275303595668,3.145985181771353
3195,COc1cc2cc(-c3s:C(c4c(C(F)(F)F)ncc5nsnc45):cc3OC)[nH]c2cc1OC,-4.892313,-3.089253,1.80306,0.9187763885416904,3.2409214424204524
3196,COc1cc2cc(-c3cc(OC)c(C4:nccc5nsnc:45)s3)[nH]c2cc1OC,-4.825121,-2.454998,2.370122,0.966140164518086,3.012326459982764
3197,COc1cc2cc(-c3s:C(c4c(C#N)ccc5nccnc45):cc3OC)[nH]c2cc1OC,-4.74725,-2.690245,2.057005,0.9729829947124672,2.944854217312324
3201,COc1cc2[nH]c(C(=O)O)cc2c(C=Cc2scc3ncc(C#N)nc23)c1OC,-5.387004,-2.978016,2.408987,0.9813733449378238,3.326108448725728
3203,COc1cc2cc(C=Cc3scc4nc(NC(C)=O)cnc34)[nH]c2cc1OC,-4.561044,-2.2457,2.315345,0.9999999409248976,3.074460236970354
3204,COc1cc2cc(C=Cc3c(Br)ccc4nccnc34)[nH]c2cc1OC,-5.014662,-2.429112,2.58555,0.704741393251063,2.782566104848275
3205,COc1cc2cc(-c3s:C(c4scc5ncc(Br)nc45):cc3OC)[nH]c2cc1OC,-4.554002,-2.665008,1.888994,0.999994879991634,3.1979988985700336
3206,COc1cc2cc(N=Cc3c(OC(C)=O)ncc4nonc34)[nH]c2cc1OC,-5.287555,-3.172597,2.114959,0.9818586322752352,3.307454660047279
3208,COc1cc2cc(-c3s:C(c4occ5nc(O)cnc45):cc3OC)[nH]c2cc1OC,-4.425657,-2.241495,2.184162,0.9999999974514844,3.321947735779336
3210,COc1cc2cc(N=Cc3c(C#N)ccc4nonc34)n(C)c2cc1OC,-5.385892,-3.251589,2.134302,0.999994993045008,3.164308179620239
3212,COc1cc2cc(-c3s:C(c4occ5ncc(C=O)nc45):cc3OC)[nH]c2cc1OC,-4.686207,-2.890103,1.796104,0.9999999996107258,3.2969937641036946
3213,COc1cc2cc(C=Nc3c(O)ncc4nsnc34)[nH]c2cc1OC,-4.95918,-2.647574,2.311605,0.9999999860126614,3.271808928484335
3214,COc1c:C(c2c(OC)c(OC)cc3c2ccn3C):sc1-c1cc(C=O)cc2nonc12,-5.10162,-2.669186,2.432434,0.9016829542667202,3.212481269023156
3215,COc1cc2cc(-c3s:C(c4c(OC(C)=O)ncc5nsnc45):cc3OC)[nH]c2cc1OC,-4.72997,-2.923382,1.806588,0.9984399011494705,3.2398384267401816
3216,COc1cc2cc(-c3s:C(c4c(C(F)(F)F)ccc5nccnc45):cc3OC)[nH]c2cc1OC,-4.671565,-2.434377,2.237188,0.7569406346646105,2.964998400115324
3218,COc1cc2cc(C=Nc3occ4nc(OC(C)=O)cnc34)[nH]c2cc1OC,-4.880025,-2.317551,2.562474,0.9999996108532424,3.323578506201125
3219,COc1cc2cc(C=Cc3scc4nc(O)cnc34)[nH]c2cc1OC,-4.602677,-2.220296,2.382381,0.9999999995425608,3.245033928484335
3220,COc1cc2cc(C=Nc3c(NC(C)=O)ncc4nonc34)[nH]c2cc1OC,-5.435836,-2.927567,2.508269,0.9999668758884378,3.14971062158574
3221,COc1cc2cc(-c3cc(OC)c(C4:nccc5nsnc:45)s3)[nH]c2cc1OC,-4.825263,-2.455808,2.369456,0.965773186935287,3.012326459982764
3222,COc1c:C(c2c(OC)c(OC)cc3cc(C(=O)O)n(C)c23):sc1-c1cc(C)cc2nonc12,-5.408542,-2.164833,3.243709,0.5485687067137368,3.217175424406822
3223,COc1c:C(c2c(OC)c(OC)cc3c2ccn3C):sc1-c1nc(S)cc2nonc12,-5.252529,-2.468675,2.783853,0.92869520508901,3.4539533539520484
3224,COc1cc2cc(C=Nc3occ4ncc(S)nc34)[nH]c2cc1OC,-4.852873,-2.326941,2.525932,0.99999999859837,3.539689697715104
3226,COc1cc2[nH]ccc2c(C=Nc2c(C#N)ccc3nonc23)c1OC,-5.440568,-2.895178,2.54539,0.9873639043941278,3.1455051817713526
3228,COc1cc2cc(-c3s:C(c4occ5ncc(C=O)nc45):cc3OC)[nH]c2cc1OC,-4.919064,-2.954557,1.964507,0.9999982947376408,3.2969937641036946
3229,COc1cc2cc(C#CC3:nc(O)cc4nonc:34)[nH]c2cc1OC,-5.32651,-2.80189,2.52462,1.0,3.2654512361766432
3231,COc1cc2[nH]ccc2c(C=Cc2nc(S)cc3nsnc23)c1OC,-5.241996,-2.589974,2.652022,0.9902838984461398,3.452314697715104
3233,COc1cc2cc(-c3s:C(c4scc5nc(NC(C)=O)cnc45):cc3OC)[nH]c2cc1OC,-4.409877,-2.3839,2.025977,0.9999932618023442,3.1456948915519662
3235,COc1cc2cc(C=NC3:nc(C=O)cc4nsnc:34)n(C)c2cc1OC,-5.394592,-2.920731,2.473861,0.9999999745029444,3.394454633166692
3236,COc1cc2cc(C=Nc3c(C=O)ccc4ccccc34)n(C)c2cc1OC,-5.299656,-1.809566,3.490091,0.7182031377871596,2.7442035062011243
3238,COc1c:C(c2c(OC)c(OC)cc3ccn(C)c23):sc1-c1nc(C(F)(F)F)cc2nonc12,-5.544204,-2.834828,2.709376,0.6359689208668319,3.381883440601154
3239,COc1cc2cc(C=Cc3c(C#N)ccc4nsnc34)[nH]c2cc1OC,-5.015609,-2.814088,2.20152,0.9999999759441104,2.988587643309815
3240,COc1cc2nonc2c(-c2cc(OC):C(c3c(OC)c(OC)cc4c3cc(C(=O)O)n4C):s2)n1,-5.417155,-2.81607,2.601085,0.796059409118993,3.2804641412822635
3241,COc1cc2[nH]ccc2c(C=Cc2cccc3nsnc23)c1OC,-5.046004,-2.235149,2.810855,0.960694862863752,2.814398738055953
3242,COc1c:C(c2c(OC)c(OC)cc3[nH]c(C(=O)O)cc23):sc1-c1cccc2nc(C#N)cnc12,-5.203936,-2.472884,2.731052,0.8922188704073839,3.1175742026494664
3244,COc1cc2cc(C=NC3:scc4nccnc:34)[nH]c2cc1OC,-4.881094,-2.385073,2.496021,0.9999998199895328,3.034896760033975
3246,COc1cc2c(cc(C(=O)O)n2C)c(C=Cc2nc(C)cc3nonc23)c1OC,-5.533707,-2.674019,2.859687,0.9910262541233644,3.146611930068234
3247,COc1cc2cc(N=Cc3c(O)ccc4nonc34)[nH]c2cc1OC,-4.990739,-2.568093,2.422646,0.999999779368558,3.0652223900227966
3248,COc1cc2cc(C=Nc3cccc4nc(C(F)(F)F)cnc34)n(C)c2cc1OC,-5.404584,-2.309508,3.095076,0.865528391743722,2.977775131639289
3250,COc1cc2cc(C=NC3:cc(Br)cc4nsnc:34)n(C)c2cc1OC,-5.483299,-2.713369,2.76993,0.9948359757565056,3.1309721090062794
3252,COc1cc2cc(-c3cc(OC)c(C4:nc(C=O)cc5nonc:45)s3)n(C)c2cc1OC,-5.104723,-2.864863,2.239859,0.9290201329018186,3.293319984154179
3253,COc1cc2c(ccn2C)c(C=Cc2nncc3nsnc23)c1OC,-5.194365,-2.812096,2.382268,0.989722876665327,3.284507005407411
3254,COc1cc2cc(C=Cc3cc(O)cc4nccnc34)[nH]c2cc1OC,-4.690308,-1.949077,2.741231,0.9999809470522916,2.786147643309814
3256,COc1cc2cc(C=Cc3c(Br)ncc4nsnc34)n(C)c2cc1OC,-4.919654,-2.851593,2.068061,0.9995687594901882,3.213173356407527
3257,COc1cc2cc(C#CC3:c(Br)ccc4nsnc:34)[nH]c2cc1OC,-5.351078,-2.730544,2.620534,1.0,3.0673050823304893
3258,COc1cc(-c2cccc3ncc(C#N)nc23)s:C:1c1c(OC)c(OC)cc2[nH]ccc12,-5.095705,-2.693402,2.402304,0.7562013349953071,3.009204217312325
3263,COc1cc2c(ccn2C)c(C=Cc2nc(O)cc3nsnc23)c1OC,-5.23985,-2.536407,2.703443,0.991177481413224,3.302378138112309
3264,COc1cc2cc(C=Cc3c(C=O)ccc4c3SCS4)[nH]c2cc1OC,-4.937971,-1.842584,3.095387,0.8779906555378616,3.321314412540584
3265,COc1cc2cc(C=Cc3occ4ncc(NC(C)=O)nc34)[nH]c2cc1OC,-4.542261,-2.182395,2.359866,0.9999999140463272,3.1290002369703567
3266,COc1cc2cc(C(=O)O)n(C)c2c(C=Nc2scc3nc(C#N)cnc23)c1OC,-5.605227,-2.991007,2.614219,0.9185784192023358,3.472841065705224
3269,COc1cc2cc(C3:scc4ncc(C=O)nc:34)n(C)c2cc1OC,-5.229832,-2.893195,2.336637,0.7755307591267525,3.04525686997946
3271,COc1cc(-c2cc(C#N)cc3nonc23)s:C:1c1c(OC)c(OC)cc2ccn(C)c12,-5.341957,-3.105604,2.236352,0.6500118105540609,3.244280254652911
3272,COc1cc2[nH]ccc2c(N=Cc2nncc3nsnc23)c1OC,-5.160692,-3.095791,2.0649,0.9211112940993464,3.4747455512427656
3274,COc1cc2cc(N=Cc3c(C(F)(F)F)ccc4nsnc34)[nH]c2cc1OC,-5.146893,-2.926474,2.22042,0.9991132290117382,3.169910757905118
3275,COc1cc2cc(C=Nc3cccc4nsnc34)[nH]c2cc1OC,-5.01396,-2.414222,2.599738,0.9999984410459946,2.84873126552848
3277,COc1cc2c(cc(C(=O)O)n2C)c(C=Nc2nc(C=O)cc3nsnc23)c1OC,-5.749767,-2.969221,2.780547,0.9393065522944944,3.481592164606324
3281,COc1cc2c(cc(C(=O)O)n2C)c(N=Cc2scc3nc(C#N)cnc23)c1OC,-5.433586,-3.157012,2.276574,0.9111672907453156,3.470498758012916
3282,COc1cc2cc(C=Nc3cccc4ncc(O)nc34)[nH]c2cc1OC,-5.052043,-1.827825,3.224219,0.8773448531452488,2.969675643309815
3285,COc1cc(-c2occ3ncc(C#N)nc23)s:C:1c1c(OC)c(OC)cc2c1ccn2C,-5.082803,-2.89716,2.185643,0.7936809093376187,3.4095774651347366
3287,COc1cc2cc(-c3cc(OC):C(c4c(S)ccc5nccnc45):s3)[nH]c2cc1OC,-4.97099,-1.946908,3.024082,0.6345841802625818,3.009594282686235
3290,COc1cc2ccn(C)c2c(C=Nc2cc(C#N)cc3nonc23)c1OC,-5.622972,-3.048728,2.574244,0.9330665915880354,3.2620818059938657
3291,COc1c:C(c2c(OC)c(OC)cc3c2ccn3C):sc1-c1cc(Br)cc2nccnc12,-4.903425,-2.019738,2.883687,0.8864791136350713,3.030740609682496
3293,CNc1cnc2coc(C=Cc3cc4cc(OC)c(OC)cc4[nH]3)c2n1,-4.28134,-1.871244,2.410096,0.999992403496012,3.186303335617506
3294,COc1cc2cc(C=Cc3c(Br)ccc4nonc34)[nH]c2cc1OC,-4.984838,-2.580054,2.404784,0.9999952038561905,2.901662774638181
3295,COc1cc2ccn(C)c2c(C=Nc2occ3ncc(C#N)nc23)c1OC,-5.363802,-2.94911,2.414691,0.9706474505002074,3.5233263614384205
3299,COc1cc2cc(C(=O)O)n(C)c2c(C=Nc2cc(Br)cc3nsnc23)c1OC,-5.676954,-2.609451,3.067503,0.8314115843779607,3.312381160837464
3300,COc1cc2[nH]ccc2c(C=Nc2nc(C=O)cc3nonc23)c1OC,-5.598946,-2.972065,2.626881,0.9443711535403926,3.405735335617506
3304,COc1cc2c(cc(C(=O)O)n2C)c(C2:cccc3ncc(C#N)nc:23)c1OC,-5.722656,-2.582061,3.140595,0.4716603092098123,2.7886837249400287
3305,COc1cc2cc(C=Cc3cccc4nccnc34)[nH]c2cc1OC,-4.681617,-2.012198,2.669419,0.9996044510059376,2.537824049664524
3306,COc1cc2cc(N=Cc3scc4ncc(S(=O)(=O)O)nc34)[nH]c2cc1OC,-5.497322,-3.426705,2.070617,0.9988607493640068,3.486134126941144
3307,COc1cc2cc(C(=O)O)[nH]c2c(C2:cncc3nsnc:23)c1OC,-5.698074,-2.941206,2.756868,0.7199792366221955,3.0470022654290805
3308,COc1cc2nsnc2c(C=Cc2c(OC)c(OC)cc3c2ccn3C)n1,-5.167905,-2.50144,2.666465,0.991252682514665,3.2078642235762818
3309,COc1cc2cc(C(=O)O)[nH]c2c(C2:c(C#N)ncc3nonc:23)c1OC,-5.829273,-3.463045,2.366229,0.5304859229177361,3.196086285724662
3310,COc1cc2cc(-c3cc(OC):C(c4cc(NC(C)=O)cc5nsnc45):s3)[nH]c2cc1OC,-4.718207,-2.202026,2.51618,0.9763216138849417,3.0279274611100675
3311,COc1cc2cc(C=Cc3c(C(F)(F)F)ccc4nonc34)[nH]c2cc1OC,-5.068477,-2.710491,2.357987,0.9472073991304062,2.963466356736665
3312,COc1cc2[nH]c(C(=O)O)cc2c(C=Cc2c(F)ncc3nsnc23)c1OC,-5.424927,-2.876065,2.548863,0.983732159342626,3.26770491564611
3313,COc1cc2[nH]ccc2c(C=Cc2nc(Br)cc3nonc23)c1OC,-5.452058,-2.86863,2.583428,0.9928056955699108,3.263505082330488
3314,COc1cc2c:C(N=Cc3nncc4nonc34):[nH]c2cc1OC,-5.657897,-3.424792,2.233105,0.9999082125439832,3.3642354413526547
3317,COc1cc2cc(C=Cc3cc(S(=O)(=O)O)cc4nonc34)[nH]c2cc1OC,-5.160645,-2.917388,2.243257,0.9998823194008244,2.987802286629556
3318,COc1cc2cc(N=Cc3scc4ncc(OC(C)=O)nc34)[nH]c2cc1OC,-4.885649,-2.62222,2.263429,0.9997701896134716,3.3385444677395864
3319,COc1cc2cc(N=Cc3scc4ncc(Br)nc34)n(C)c2cc1OC,-4.949316,-2.822984,2.126332,0.999175686997007,3.372374188008359
3320,COc1cc2[nH]c(C(=O)O)cc2c(C2:nc(C#N)cc3nsnc:23)c1OC,-5.980446,-3.211387,2.769058,0.5363873317592553,3.181688107587009
3321,COc1cc2cc(C#Cc3nc(OC(C)=O)cc4nsnc34)[nH]c2cc1OC,-5.380814,-2.854815,2.525999,1.0,3.3052392754318944
3322,COc1cc2cc(C=Cc3c(O)ncc4nonc34)[nH]c2cc1OC,-4.77769,-2.783644,1.994045,0.9999999996534068,3.1480377746381816
3323,COc1cc2cc(C=Cc3occ4nccnc34)[nH]c2cc1OC,-4.609098,-2.246712,2.362386,0.9999999900466174,3.0328732435504584
3324,COc1cc2cc(N=Cc3cc(NC(C)=O)cc4nonc34)n(C)c2cc1OC,-5.008933,-2.629974,2.378959,0.9999998057466312,3.0879613567932704
3327,COc1cc2c(cc(C(=O)O)n2C)c(C=Nc2nncc3nsnc23)c1OC,-5.713503,-2.890527,2.822976,0.9182968247817134,3.401097710193336
3329,COc1cc2cc(C=NC3:cc(F)cc4nonc:34)[nH]c2cc1OC,-5.496436,-2.684444,2.811991,0.99957460009561,2.996872390022796
3330,COc1cc2cc(N=Cc3c(C#N)ncc4nonc34)n(C)c2cc1OC,-5.499289,-3.476151,2.023138,0.9999163132687306,3.3525061816182404
3331,COc1cc2cc(C=NC3:c(Br)ncc4nonc:34)[nH]c2cc1OC,-5.368769,-3.079003,2.289766,0.9999998763277704,3.230166620792027
3333,COc1cc2cc(C=Cc3occ4nc(C)cnc34)[nH]c2cc1OC,-4.556746,-2.107247,2.449499,0.9999999961116748,3.0853243130997194
3335,COc1cc2cc(C3:nncc4nonc:34)n(C)c2cc1OC,-5.55236,-3.049917,2.502443,0.9971024312614496,2.934301311435372
3337,COc1cc2ccn(C)c2c(N=Cc2c(S)ncc3nsnc23)c1OC,-5.208755,-2.923803,2.284952,0.8430400893968596,3.583498096532269
3338,COc1cc2cc[nH]c2c(C=Cc2nc(F)cc3nonc23)c1OC,-5.552179,-2.894303,2.657876,0.9905821695818232,3.3232031592535654
3339,COc1cc2[nH]ccc2c(C=Cc2c(F)ncc3nsnc23)c1OC,-5.114372,-2.720501,2.393871,0.9870729499845112,3.249630082330489
3340,COc1cc2cc(C=Cc3scc4nc(Br)cnc34)[nH]c2cc1OC,-4.779354,-2.556097,2.223257,0.9999999995538632,3.1851243130997204
3341,COc1cc2[nH]c(C(=O)O)cc2c(N=Cc2cncc3nsnc23)c1OC,-5.461443,-2.970103,2.49134,0.8684840584756646,3.262786701098761
3343,COc1cc2cc[nH]c2c(C=Cc2cc(NC(C)=O)cc3nsnc23)c1OC,-5.253117,-2.355123,2.897994,0.962419326737212,3.0796681215857395
3344,COc1cc2cc(C3:nc(C#N)cc4nonc:34)n(C)c2cc1OC,-5.526901,-3.112888,2.414013,0.999999845360846,3.0344627204670003
3346,COc1cc2c(ccn2C)c(C=Cc2nc(C(F)(F)F)cc3nonc23)c1OC,-5.499041,-2.915903,2.583139,0.9935325049509692,3.248058083914388
3347,COc1cc(-c2cncc3nsnc23)s:C:1c1c(OC)c(OC)cc2ccn(C)c12,-5.235196,-2.893974,2.341221,0.6432596920499362,3.266408558677368
3348,COc1cc2cc(C(=O)O)[nH]c2c(C2:nc(F)cc3nsnc:23)c1OC,-5.803251,-2.987788,2.815463,0.8056142719248568,3.186182071128572
3349,COc1cc2cc(C#CC3:occ4ncc(C=O)nc:34)n(C)c2cc1OC,-5.211101,-2.960447,2.250655,1.0,3.4070006871127454
3354,COc1cc2[nH]c(C(=O)O)cc2c(C=Nc2nc(F)cc3nsnc23)c1OC,-5.77032,-2.823129,2.947191,0.9591792162566828,3.405579307077464
3355,COc1cc2[nH]ccc2c(C=Cc2c(S)ncc3nsnc23)c1OC,-5.073941,-2.620044,2.453897,0.9596146159647626,3.414082005407412
3356,COc1cc2cc(C=Nc3cccc4cc(S(=O)(=O)O)ccc34)[nH]c2cc1OC,-5.473421,-2.033909,3.439512,0.8980609968743449,2.64763509037676
3357,COc1cc2cc(C=Cc3cccc4nc(F)cnc34)[nH]c2cc1OC,-4.767704,-2.13124,2.636465,0.9922141779626515,2.764436874079045
3358,COc1cc2c(ccn2C)c(C=Cc2cccc3ncc(Br)nc23)c1OC,-5.093137,-2.158147,2.93499,0.9741010038006755,2.857498988811047
3359,COc1cc2c(cc(C(=O)O)n2C)c(C=Cc2c(Br)ncc3nonc23)c1OC,-5.580631,-3.03331,2.547321,0.9682347444783712,3.302634152290457
3362,COc1cc2cc(N=Cc3nc(C#N)cc4nonc34)[nH]c2cc1OC,-5.77054,-3.577961,2.192579,0.9999879518392364,3.4281291817713537
3364,COc1cc2[nH]c(C(=O)O)cc2c(C=Cc2cncc3nonc23)c1OC,-5.59601,-2.806765,2.789245,0.9688109781753308,3.125686401398461
3366,COc1cc2cc(C=Nc3occ4nc(O)cnc34)[nH]c2cc1OC,-4.823933,-2.216315,2.607618,0.999999978159435,3.4100666207920263
3368,COc1cc(-c2cncc3nonc23)s:C:1c1c(OC)c(OC)cc2c1ccn2C,-5.153213,-2.829788,2.323425,0.7909903273142626,3.164867950448388
3369,COc1cc2cc[nH]c2c(C=Cc2scc3nc(C)cnc23)c1OC,-4.893608,-2.225828,2.66778,0.9796808857402444,3.2242012361766426
3371,COc1cc2c:C(N=Cc3nc(C=O)cc4nsnc34):n(C)c2cc1OC,-5.123745,-3.153285,1.97046,0.9999999526465932,3.485871616183675
3372,COc1cc2c(ccn2C)c(C=Cc2cccc3nonc23)c1OC,-5.123815,-2.289604,2.834212,0.9547899533445832,2.812547390022795
3373,COc1cc2cc(C3:sc(-c4scc5nc(C)cnc45)cc:3OC)n(C)c2cc1OC,-4.716027,-2.386231,2.329795,0.8565125264934604,3.137203703602397
3374,COc1cc2cc(C=Nc3cc(S)cc4nsnc34)[nH]c2cc1OC,-5.112127,-2.484018,2.628109,0.9999554296865394,3.3222339284843354
3375,COc1cc(-c2nncc3nsnc23)s:C:1c1c(OC)c(OC)cc2cc(C(=O)O)[nH]c12,-5.507324,-3.282399,2.224925,0.7959799753116772,3.386318969783934
3376,COc1cc2cc(C(=O)O)[nH]c2c(C2:nc(C=O)cc3nonc:23)c1OC,-5.832444,-3.298196,2.534247,0.8551549846951283,3.188518269530329
3377,COc1cc(-c2nc(C=O)cc3nonc23)s:C:1c1c(OC)c(OC)cc2[nH]ccc12,-5.370702,-3.160947,2.209755,0.7963900756062761,3.31818304673118
3378,COc1cnc2coc(C3:sc(-c4cc5cc(OC)c(OC)cc5[nH]4)cc:3OC)c2n1,-4.509264,-1.827588,2.681676,0.921602788143314,3.1653308427553792
3379,COc1cc2ccn(C)c2c(C=Cc2scc3ncc(C#N)nc23)c1OC,-5.117776,-2.940148,2.177628,0.9637578226626136,3.379718369430429
3380,COc1cc2cc(-c3s:C(c4c(S(=O)(=O)O)ccc5nonc45):cc3OC)[nH]c2cc1OC,-4.992953,-3.079303,1.91365,0.8999794970200738,3.070972559045763
3382,COc1cc2cc(-c3s:C(c4c(O)ncc5nonc45):cc3OC)[nH]c2cc1OC,-4.54543,-2.863385,1.682045,0.9999994358234222,3.2126323511639523
3384,COc1cc2cc[nH]c2c(C=Nc2c(C#N)ccc3nsnc23)c1OC,-5.485887,-2.98755,2.498337,0.9993294648029584,3.2515242586944293
3385,COc1cc2cc(-c3s:C(c4c(O)ncc5nonc45):cc3OC)[nH]c2cc1OC,-4.545429,-2.863347,1.682081,0.9999994759333992,3.2126323511639523
3386,COc1cc2cc(-c3cc(OC):C(c4nc(C(F)(F)F)cc5nsnc45):s3)[nH]c2cc1OC,-5.147893,-2.778455,2.369438,0.9575853973237292,3.2448981173584173
3387,CNc1cnc2csc(C=Cc3cc4cc(OC)c(OC)cc4[nH]3)c2n1,-4.352101,-1.977875,2.374226,0.9995478564763686,3.1326079510021216
3388,COc1cc2cc(-c3s:C(c4c(OC)ccc5nccnc45):cc3OC)[nH]c2cc1OC,-4.53293,-2.184738,2.348192,0.9799104345303268,2.815510070155133
3390,COc1cnc2csc(C3:cc(OC)c(-c4cc5cc(OC)c(OC)cc5[nH]4)s:3)c2n1,-4.383999,-2.228872,2.155127,0.9999932533816004,3.119534299972321
3391,COc1c:C(c2c(OC)c(OC)cc3[nH]ccc23):sc1-c1c(C=O)ncc2nsnc12,-5.132524,-2.825934,2.306591,0.7823539428508235,3.392582009566098
3392,COc1c:C(c2c(OC)c(OC)cc3[nH]ccc23):sc1-c1scc2nc(C#N)cnc12,-4.944318,-2.617667,2.326651,0.898799468983615,3.3283420787104347
3394,COc1cc2cc(-c3s:C(c4scc5nc(OC(C)=O)cnc45):cc3OC)[nH]c2cc1OC,-4.473338,-2.464776,2.008562,0.9992419176325908,3.2313024201935363
3395,COc1cc2cc(-c3cc(OC)c(C4:c(C=O)ncc5nonc:45)s3)[nH]c2cc1OC,-5.023541,-2.973389,2.050152,0.8818986378125807,3.2738675756853706
3396,COc1c:C(c2c(OC)c(OC)cc3cc(C(=O)O)[nH]c23):sc1-c1nc(C=O)cc2nsnc12,-5.520942,-2.954185,2.566757,0.8716158601396162,3.4705056116537865
3400,COc1cc2cc(-c3s:C(c4scc5ncc(OC(C)=O)nc45):cc3OC)[nH]c2cc1OC,-4.464361,-2.461927,2.002434,0.9997627728768992,3.221660194334289
3402,COc1cc2[nH]c(C(=O)O)cc2c(C=Cc2nccc3nsnc23)c1OC,-5.455307,-2.672511,2.782796,0.9898828972633158,3.1011355522476123
3404,COc1cc2cc(-c3s:C(c4scc5nc(Br)cnc45):cc3OC)[nH]c2cc1OC,-4.590667,-2.675894,1.914773,0.9999946657572998,3.212320007693468
3405,COc1cc2cc(N=Cc3scc4nc(OC(C)=O)cnc34)[nH]c2cc1OC,-4.960033,-2.664841,2.295192,0.9999333666751178,3.3498740831242024
3406,COc1cc2cc(-c3s:C(c4c(Br)ccc5nsnc45):cc3OC)[nH]c2cc1OC,-4.691636,-2.656428,2.035208,0.8758208103101841,3.004526268874148
3407,COc1cc2cc(C=Nc3cccc4nc(Br)cnc34)[nH]c2cc1OC,-5.384885,-2.260885,3.124,0.8902585670266188,2.909031335617506
3408,COc1cc2cc(C=Cc3nc(C#N)cc4nonc34)[nH]c2cc1OC,-5.359747,-3.130061,2.229686,0.999999999927168,3.1903261048482765
3409,COc1cc2cc(C=Cc3scc4nc(S(=O)(=O)O)cnc34)[nH]c2cc1OC,-5.014551,-3.055726,1.958826,0.9992760360406636,3.288270835801904
3410,COc1cc2[nH]ccc2c(C=Cc2scc3ncc(C#N)nc23)c1OC,-5.081805,-2.813324,2.26848,0.9897684599978348,3.306991951002124
3411,COc1cc2cc(C=Cc3c(C)ccc4nccnc34)[nH]c2cc1OC,-4.869835,-1.996357,2.873478,0.9544762842575584,2.7062036433098147
3412,COc1cc2cc(C=Cc3cc(C#N)cc4nsnc34)n(C)c2cc1OC,-4.991153,-2.831333,2.15982,0.9999122908722232,3.0474070807191405
3413,COc1c:C(c2c(OC)c(OC)cc3cc(C(=O)O)n(C)c23):sc1-c1cc(C)cc2nsnc12,-5.244693,-2.143408,3.101285,0.5339460066660388,3.259070970965528
3414,COc1cc2cc(C3:c(C#N)ccc4nonc:34)n(C)c2cc1OC,-5.297934,-2.930911,2.367024,0.7464531284934692,2.8071400769133703
3415,COc1c:C(c2c(OC)c(OC)cc3c2cc(C(=O)O)n3C):sc1-c1occ2ncc(C=O)nc12,-5.044772,-2.585162,2.45961,0.8973927863694674,3.45151924332308
3416,COc1cc2cc(N=Cc3occ4nc(C(F)(F)F)cnc34)[nH]c2cc1OC,-5.020475,-2.877925,2.14255,0.9999758141216248,3.4382965417415337
3417,COc1c:C(c2c(OC)c(OC)cc3cc(C(=O)O)n(C)c23):sc1-c1cc(Br)cc2nsnc12,-5.483596,-2.47249,3.011105,0.5010834456046852,3.311617853556619
3422,COc1cc2cc(N=Cc3cccc4nc(C=O)cnc34)n(C)c2cc1OC,-5.198278,-2.821497,2.376781,0.9998232041507652,3.0094231215857388
3425,COc1cc2cc(-c3s:C(c4cccc5nc(F)cnc45):cc3OC)[nH]c2cc1OC,-4.523262,-2.287871,2.235391,0.968663877672128,2.899293331951577
3426,COc1c:C(c2c(OC)c(OC)cc3[nH]c(C(=O)O)cc23):sc1-c1cc(C=O)cc2nonc12,-5.36903,-2.79195,2.57708,0.8941456810412297,3.2437258039614782
3427,COc1cc2cc(-c3s:C(c4c(S)ncc5nonc45):cc3OC)[nH]c2cc1OC,-4.787818,-2.951063,1.836754,0.9943347686337016,3.306224301074506
3430,COc1cc2c(ccn2C)c(C=Cc2scc3ncc(C=O)nc23)c1OC,-5.028408,-2.735084,2.293324,0.9863459948860274,3.318423064735124
3431,COc1cc2[nH]ccc2c(C=Cc2cccc3ncc(C#N)nc23)c1OC,-5.159084,-2.556033,2.60305,0.9724079616974456,2.885156139352814
3432,COc1cc2cc(C=Nc3c(C#N)ccc4ccccc34)[nH]c2cc1OC,-5.226374,-1.933722,3.292652,0.8573435668579702,2.661072115684176
3433,COc1cc2cc(-c3s:C(c4c(C)ccc5nccnc45):cc3OC)[nH]c2cc1OC,-4.55538,-2.033007,2.522373,0.7756819775349723,2.821798431346563
3434,COc1cc2ccn(C)c2c(N=Cc2c(C#N)ccc3nonc23)c1OC,-5.32582,-3.18882,2.137001,0.9096069783652468,3.2435459418580006
3437,COc1cc2cc(C=Cc3cc(S(=O)(=O)O)cc4nccnc34)[nH]c2cc1OC,-4.922106,-2.508646,2.41346,0.99976392224336,2.850584246099088
3438,COc1cc2cc(C=Nc3c(OC(C)=O)ccc4nsnc34)[nH]c2cc1OC,-5.082833,-2.421556,2.661277,0.9588691167674523,3.0160086985088164
3439,COc1cc2cc(-c3s:C(c4c(NC(C)=O)ccc5nsnc45):cc3OC)[nH]c2cc1OC,-4.752463,-2.435596,2.316867,0.8615894762522267,2.9895662499807703
3440,COc1cc2cc(C(=O)O)[nH]c2c(C=Nc2c(C#N)ccc3nonc23)c1OC,-5.903848,-3.179121,2.724727,0.98560812782143,3.2439821823092174
3442,COc1cc2cc(-c3s:C(c4c(C#N)ccc5ccccc45):cc3OC)[nH]c2cc1OC,-4.87421,-2.05836,2.81585,0.7836298662475599,2.7130906721618224
3443,COc1cc2cc(C=Cc3c(S)ccc4nsnc34)[nH]c2cc1OC,-4.833088,-2.386521,2.446567,0.9325636156463296,3.0949070054074124
3444,CNc1cnc2c(C=Nc3cc4cc(OC)c(OC)cc4[nH]3)occ2n1,-4.526038,-2.17352,2.352518,0.9999991568503336,3.410627643309814
3445,COc1c:C(c2c(OC)c(OC)cc3[nH]ccc23):sc1-c1scc2ncc(Br)nc12,-4.780733,-2.240812,2.539921,0.8988374387464951,3.288335392308852
3446,COc1cc2cc(C=Nc3scc4nc(NC(C)=O)cnc34)[nH]c2cc1OC,-4.994038,-2.390815,2.603223,0.9999962233284378,3.1265702369703545
3447,COc1c:C(c2c(OC)c(OC)cc3[nH]ccc23):sc1-c1cccc2nonc12,-5.098261,-2.141103,2.957158,0.8000683443080397,2.925735251191556
3448,COc1cc2[nH]c(C(=O)O)cc2c(C2:c(C#N)ncc3nsnc:23)c1OC,-6.019749,-3.232911,2.786838,0.4737909780247876,3.114129807991868
3451,COc1cc2cc(C(=O)O)[nH]c2c(N=Cc2c(C#N)ncc3nonc23)c1OC,-5.78759,-3.609944,2.177645,0.9921523597924882,3.440536778932108
3452,COc1cc2cc(-c3s:C(c4cc(C=O)cc5nsnc45):cc3OC)[nH]c2cc1OC,-4.852793,-3.001257,1.851536,0.9999401201472808,3.1247476102575407
3453,COc1cc2cc(-c3cc(OC):C(c4scc5sc(=S)sc45):s3)[nH]c2cc1OC,-4.905347,-1.981645,2.923702,0.8759329103293351,3.2975761356083435
3454,COc1cc2cc(C=Cc3cc(C(F)(F)F)cc4nccnc34)[nH]c2cc1OC,-5.047965,-2.383478,2.664487,0.9998464614971134,2.80053715416663
3455,COc1cc2cc(-c3s:C(c4cccc5nc(C)cnc45):cc3OC)[nH]c2cc1OC,-4.418886,-2.045922,2.372964,0.9815711533984354,2.76556904500257
3456,COc1cc2cc(C=Cc3c(OC(C)=O)ncc4nonc34)[nH]c2cc1OC,-5.020458,-2.811635,2.208824,0.9938888798595132,3.131359275431894
3457,COc1cc2cc[nH]c2c(C#Cc2c(C=O)ccc3nonc23)c1OC,-5.574905,-3.141087,2.433818,1.0,3.2209094894636605
3458,COc1cc2cc(C=Cc3c(NC(C)=O)ccc4nsnc34)[nH]c2cc1OC,-4.885173,-2.334877,2.550296,0.910927514394348,2.925728313893432
3459,COc1cc2cc(C(=O)O)n(C)c2c(C=Cc2cccc3nsnc23)c1OC,-5.342905,-2.429697,2.913209,0.852683738572076,2.977726142520501
3460,COc1cc2[nH]c(C(=O)O)cc2c(N=Cc2scc3nc(C#N)cnc23)c1OC,-5.514831,-3.178426,2.336405,0.9087717100476396,3.444406947787641
3465,COc1cc2cc(C=Nc3scc4nc(C)cnc34)n(C)c2cc1OC,-4.803793,-2.222754,2.581039,0.9999896736459416,3.1346937306279017
3466,COc1cc2ccn(C)c2c(C=Cc2nc(C=O)cc3nonc23)c1OC,-5.498235,-3.078353,2.419882,0.9697772323943066,3.37509699080905
3467,COc1cc2cc(C=Cc3c(OC(C)=O)ncc4nonc34)n(C)c2cc1OC,-4.983678,-2.787787,2.195891,0.9925268892077808,3.164442782684453
3468,COc1cc2c(ccn2C)c(C=Cc2nncc3nonc23)c1OC,-5.461894,-2.952201,2.509693,0.9925535356294036,3.245480082330488
3469,COc1cc2nsnc2c(C=Cc2c(OC)c(OC)cc3cc[nH]c23)n1,-5.258249,-2.591683,2.666565,0.9877279522878478,3.2789396433098137
3470,COc1cc2cc(C=Cc3scc4nc(O)cnc34)n(C)c2cc1OC,-4.727563,-2.28379,2.443773,0.9998406164808752,3.272120549754721
3471,COc1c:C(c2c(OC)c(OC)cc3cc[nH]c23):sc1-c1occ2ncc(C=O)nc12,-5.051799,-2.612556,2.439243,0.905430195990776,3.445413643101101
3472,COc1cc2cc(C=CC3:nccc4nsnc:34)n(C)c2cc1OC,-4.881003,-2.566324,2.31468,0.9999000968870682,2.9877743130997203
3473,COc1cc2cc(-c3cc(OC)c(C4:c(Br)ccc5nsnc:45)s3)[nH]c2cc1OC,-4.971843,-2.488796,2.483046,0.7235782319201226,3.007413030949282
3474,COc1cc(-c2cccc3ncc(C#N)nc23)s:C:1c1c(OC)c(OC)cc2c1cc(C(=O)O)n2C,-5.272254,-2.784796,2.487458,0.7667344261731811,3.1136629738958987
3476,COc1cc2cc(C(=O)O)n(C)c2c(C=Cc2nc(Br)cc3nsnc23)c1OC,-5.548607,-2.94149,2.607117,0.9437893844668218,3.424160648016952
3477,COc1cc2cc(C=Cc3c(S(=O)(=O)O)ccc4ccccc34)[nH]c2cc1OC,-5.114192,-1.952296,3.161896,0.7952625217632228,2.60644953690584
3479,COc1cc2cc(-c3s:C(c4nc(OC(C)=O)cc5nonc45):cc3OC)[nH]c2cc1OC,-4.819093,-2.843581,1.975511,0.9997250485811622,3.203763303990592
3480,COc1cc2cc(C=Cc3occ4nc(S(=O)(=O)O)cnc34)[nH]c2cc1OC,-5.018801,-2.995893,2.022907,0.9999612041327376,3.339247466765876
3482,COc1cc2cc(N=Cc3c(C=O)ccc4nccnc34)n(C)c2cc1OC,-5.17677,-2.707346,2.469424,0.9570804647214868,3.0536425446626625
3483,COc1cc2cc(C=Cc3cccc4ccc(C=O)cc34)[nH]c2cc1OC,-5.052365,-2.036145,3.01622,0.9313255605226926,2.532073890832104
3484,COc1cc2cc(C=Cc3nc(C)cc4nsnc34)[nH]c2cc1OC,-4.890198,-2.54442,2.345779,0.9999999960258812,3.019385851561257
3486,COc1cc2cc(-c3cc(OC):C(c4cccc5cc(C#N)ccc45):s3)[nH]c2cc1OC,-5.056212,-1.804736,3.251476,0.7624322355687759,2.6911580634661725
3489,COc1cc2[nH]ccc2c(C=Cc2occ3ncc(C=O)nc23)c1OC,-5.079755,-2.689302,2.390454,0.9905518131481776,3.3697427202328907
3490,COc1cc2[nH]ccc2c(C=Nc2cc(C#N)cc3nsnc23)c1OC,-5.439641,-2.767341,2.6723,0.9207552932514416,3.233727335617507
3491,COc1cc2cc(N=Cc3c(C(F)(F)F)ncc4nsnc34)n(C)c2cc1OC,-5.199633,-3.197805,2.001828,0.9857393328770332,3.3725726138289174
3492,COc1cc2c(cc(C(=O)O)n2C)c(C=Nc2scc3nc(C#N)cnc23)c1OC,-5.537505,-2.953602,2.583903,0.9947808309320604,3.400521285485444
3493,COc1cc2cc[nH]c2c(C=Cc2nc(C)cc3nsnc23)c1OC,-5.229472,-2.572464,2.657008,0.9873737103851168,3.2141954669458723
3495,COc1cc2cc(N=Cc3c(C(F)(F)F)ncc4nonc34)[nH]c2cc1OC,-5.265203,-3.26563,1.999573,0.9950148349882364,3.322094010095965
3496,COc1cc2cc(-c3s:C(c4scc5nc(C=O)cnc45):cc3OC)[nH]c2cc1OC,-4.588829,-2.895607,1.693223,0.9999957801070872,3.238007592971456
3497,COc1cc2cc(C3:c(C#N)ccc4nonc:34)n(C)c2cc1OC,-5.297933,-2.930899,2.367034,0.7464930308592115,2.8071400769133703
3501,COc1c:C(c2c(OC)c(OC)cc3ccn(C)c23):sc1-c1scc2nc(F)cnc12,-5.044495,-2.236938,2.807557,0.5977220253292761,3.3903680392667344
3502,COc1cc2cc(C=Cc3c(OC)ccc4nccnc34)[nH]c2cc1OC,-4.466549,-1.967573,2.498975,0.999984461256844,2.6854928257433475
3503,COc1cc2[nH]c(C(=O)O)cc2c(N=Cc2cc(C=O)cc3nsnc23)c1OC,-5.511784,-3.051341,2.460443,0.8722855077410504,3.298400944035297
3505,CNc1cnc2c(C=Cc3cc4cc(OC)c(OC)cc4[nH]3)occ2n1,-4.408608,-1.897313,2.511295,0.9999999693196928,3.1818227202328924
3506,COc1cc2cc(-c3s:C(c4cc(C#N)cc5ccccc45):cc3OC)[nH]c2cc1OC,-4.748713,-2.016891,2.731822,0.8567440827226747,2.702365922997944
3507,COc1cc2cc(-c3cc(OC):C(c4cccc5ccc(C#N)cc45):s3)[nH]c2cc1OC,-5.021005,-1.828538,3.192467,0.7732421209241147,2.6960102373792143
3508,COc1cc2cc(-c3cc(OC)c(C4:cc(C=O)cc5nsnc:45)s3)n(C)c2cc1OC,-4.845983,-2.729738,2.116246,0.9011648986278368,3.191394033182074
3509,COc1cc2cc(-c3cc(OC)c(C4:nc(C#N)cc5nonc:45)s3)[nH]c2cc1OC,-5.315247,-2.984158,2.331089,0.9955591395322184,3.2493396586585783
3510,COc1cc2cc(C=Cc3scc4nc(OC(C)=O)cnc34)[nH]c2cc1OC,-4.64347,-2.338099,2.30537,0.999916608316738,3.175049083124202
3512,COc1cc2cc(N=Cc3scc4nc(O)cnc34)[nH]c2cc1OC,-4.719731,-2.471921,2.247811,0.9999999802681552,3.4392839284843344
3513,COc1cc2cc(C(=O)O)n(C)c2c(C=Cc2c(S)ncc3nsnc23)c1OC,-5.287033,-2.862362,2.424671,0.927237076768664,3.514017058273362
3516,COc1cc2nsnc2c(C=Nc2cc3cc(OC)c(OC)cc3n2C)n1,-4.971108,-2.80541,2.165698,0.9999999904235248,3.342479408391468
3517,COc1cc2cc(N=Cc3nc(Br)cc4nonc34)n(C)c2cc1OC,-5.481609,-3.259381,2.222228,0.9999948728795812,3.40518395931813
3518,COc1cc2c:C(c3scc4ncc(O)nc34):n(C)c2cc1OC,-5.041458,-2.18369,2.857767,0.7075962132727942,3.089263799465132
3520,COc1cc2c(ccn2C)c(C=Cc2nc(O)cc3nonc23)c1OC,-5.322559,-2.588798,2.733761,0.9930102861920844,3.2542272025613723
3521,COc1cc2cc(C=Cc3scc4sc(=S)sc34)[nH]c2cc1OC,-4.889174,-2.196129,2.693045,0.9999941895697234,3.317926449474969
3524,COc1cc2nsnc2c(C=Cc2c(OC)c(OC)cc3c2cc(C(=O)O)n3C)n1,-5.345702,-2.61763,2.728072,0.9906716102586984,3.257749307463465
3526,COc1cc2cc(-c3cc(OC)c(C4:cc(C#N)cc5nccnc:45)s3)[nH]c2cc1OC,-5.023636,-2.524832,2.498804,0.9705759287707538,2.9707088995865725
3527,COc1cc(-c2nncc3nonc23)s:C:1c1c(OC)c(OC)cc2cc(C(=O)O)n(C)c12,-5.621227,-3.208503,2.412724,0.6266826684719086,3.4034559337355894
3529,COc1cc2cc(C=Cc3nc(O)cc4nonc34)n(C)c2cc1OC,-5.122644,-2.677042,2.445602,0.9999340056362518,3.1670956017297733
3530,COc1cc2cc(C=Cc3cccc4cc(C=O)ccc34)[nH]c2cc1OC,-5.033132,-2.006974,3.026157,0.9229698264182457,2.5094904588794407
3531,COc1cc2cc(C=Cc3nc(S(=O)(=O)O)cc4nsnc34)[nH]c2cc1OC,-5.463438,-3.300883,2.162554,0.9999999817377148,3.287107057807745
3532,COc1cc2[nH]c(C(=O)O)cc2c(C=Cc2c(Br)ncc3nonc23)c1OC,-5.646757,-3.048433,2.598323,0.9672323750005548,3.277747758878826
3533,COc1cc2ccn(C)c2c(C2:c(C#N)ncc3nonc:23)c1OC,-5.545611,-3.279242,2.266369,0.3337331831297945,3.1968078992318976
3534,COc1cc2cc[nH]c2c(C2:nc(C#N)cc3nsnc:23)c1OC,-5.401056,-3.145879,2.255176,0.8105902116738237,3.2387665832542325
3535,COc1cc2cc(C=Nc3c(OC)ccc4nsnc34)[nH]c2cc1OC,-4.89358,-2.244553,2.649026,0.9997951712612724,2.9254233356175074
3536,COc1cc2cc(C=Cc3c(S(=O)(=O)O)ccc4nonc34)[nH]c2cc1OC,-5.367602,-3.038372,2.32923,0.9204930983229808,2.9876340295701613
3539,COc1cc2cc(C=Cc3cccc4nonc34)n(C)c2cc1OC,-4.863014,-2.393977,2.469037,0.9999749077390024,2.722995466945873
3540,COc1cc2cc(C=Cc3occ4nc(OC(C)=O)cnc34)[nH]c2cc1OC,-4.642512,-2.249634,2.392877,0.9999033530249206,3.2253885062011243
3541,COc1cc2cc(C(=O)O)n(C)c2c(C=Nc2cc(C#N)cc3nccnc23)c1OC,-5.762802,-2.493451,3.269351,0.714988209544996,3.202684074955183
3544,COc1cc2c(ccn2C)c(C=Nc2c(S(=O)(=O)O)ccc3nsnc23)c1OC,-5.652025,-2.803339,2.848686,0.8642998347222692,3.1763965454528496
3545,COc1cc2cc(-c3s:C(c4cccc5nc(C=O)cnc45):cc3OC)[nH]c2cc1OC,-4.855481,-2.773884,2.081598,0.9808220277309664,2.929108732362492
3546,COc1cc2cc(C(=O)O)n(C)c2c(C=Nc2nncc3nsnc23)c1OC,-5.774154,-2.973779,2.800374,0.8457750166324824,3.477994691692848
3547,COc1cc2cc(C#Cc3cc(C=O)cc4c3SCS4)[nH]c2cc1OC,-5.227854,-1.898449,3.329405,1.0,3.4649377971559687
3548,COc1cc2[nH]c(C(=O)O)cc2c(C=Cc2cc(F)cc3nonc23)c1OC,-5.605122,-2.614243,2.990879,0.9667515676836418,3.025660124993724
3550,COc1cc2cc(C=CC3:nc(C#N)cc4nsnc:34)n(C)c2cc1OC,-5.142836,-2.998883,2.143953,0.999958210897741,3.266250037762097
3551,COc1cc2[nH]c(C(=O)O)cc2c(C=Cc2nncc3nonc23)c1OC,-5.740317,-3.093447,2.64687,0.9904608692186654,3.2583703174823766
3552,COc1cc2cc[nH]c2c(C#Cc2nncc3nsnc23)c1OC,-5.534073,-3.119289,2.414785,1.0,3.4445609358581493
3553,COc1cc2cc(C=Cc3nc(C(F)(F)F)cc4nonc34)n(C)c2cc1OC,-5.416614,-3.016614,2.4,0.999965089972393,3.1684563745126777
3554,COc1cc2ccn(C)c2c(C=Cc2cc(C=O)cc3nonc23)c1OC,-5.485574,-2.841239,2.644335,0.5418120591702849,3.187621865933925
3556,COc1cc2cc(C(=O)O)[nH]c2c(C=Cc2c(C(F)(F)F)ncc3nsnc23)c1OC,-5.656273,-3.080857,2.575416,0.8563026814846376,3.377542344031736
3557,COc1cc2c(ccn2C)c(C=Cc2nc(F)cc3nonc23)c1OC,-5.35601,-2.743081,2.612928,0.9937258683612812,3.24576420879838
3558,COc1cc2ccn(C)c2c(C=Cc2c(F)ncc3nsnc23)c1OC,-5.134005,-2.812811,2.321194,0.9507427623075694,3.324569406303578
3560,COc1cc2[nH]ccc2c(N=Cc2cncc3nsnc23)c1OC,-5.097456,-2.810236,2.28722,0.886488149702995,3.274811045748259
3563,COc1cc2ccn(C)c2c(C=Cc2cc(NC(C)=O)cc3nsnc23)c1OC,-4.955365,-2.252604,2.702761,0.9427335870508812,3.087431150414284
3564,COc1cc(-c2cncc3nsnc23)s:C:1c1c(OC)c(OC)cc2cc[nH]c12,-5.046858,-2.838312,2.208546,0.8955827697327328,3.246455031411335
3565,COc1cc2cc(C(=O)O)[nH]c2c(C=Cc2nc(C(F)(F)F)cc3nonc23)c1OC,-5.837642,-3.144411,2.693231,0.99231899810312,3.3372178359816456
3566,COc1cc2[nH]ccc2c(C=Nc2c(C(F)(F)F)ccc3nsnc23)c1OC,-5.316375,-2.514305,2.802069,0.8904493221893082,3.1787109526470845
3567,COc1cc2ccn(C)c2c(C=Cc2scc3ncc(Br)nc23)c1OC,-4.98583,-2.546861,2.438969,0.947714155452252,3.3572762670104384
3570,COc1cc2cc(C=Nc3c(C#N)ccc4nonc34)n(C)c2cc1OC,-5.54085,-3.016548,2.524302,0.9999144567309096,3.0947087790208387
3571,COc1cc2c(cc(C(=O)O)n2C)c(C=Cc2c(S)ncc3nsnc23)c1OC,-5.321437,-2.753409,2.568028,0.9600404869331324,3.439018767675072
3572,COc1cc2ccn(C)c2c(C=Nc2nc(F)cc3nsnc23)c1OC,-5.535043,-2.752088,2.782955,0.9035927935508934,3.4717596349938065
3573,COc1cc2cc(C(=O)O)[nH]c2c(C2:cc(F)cc3nsnc:23)c1OC,-5.694907,-2.625886,3.069021,0.7230605681701127,2.946216844574304
3574,COc1cc2cc(N=Cc3cccc4ncc(C=O)nc34)[nH]c2cc1OC,-5.29823,-2.892544,2.405686,0.9997817331001002,2.9818040683468965
3575,COc1cc2cc(C=Nc3cccc4ncc(C)nc34)[nH]c2cc1OC,-5.213051,-1.906025,3.307027,0.8973716462214891,2.750214104848276
3576,COc1cc2ccn(C)c2c(N=Cc2c(O)ncc3nsnc23)c1OC,-5.221201,-2.812845,2.408356,0.8703453003616657,3.4747290736632443
3579,COc1cc2c(ccn2C)c(C=Cc2cncc3nonc23)c1OC,-5.226717,-2.64479,2.581927,0.971640262452713,3.103582005407411
3582,COc1cc2cc(-c3cc(OC)c(C4:cccc5nsnc:45)s3)[nH]c2cc1OC,-4.659407,-2.251196,2.40821,0.9766690199348216,2.850417119323424
3584,COc1cc2cc(C=Cc3cccc4ncc(O)nc34)n(C)c2cc1OC,-4.659735,-1.896556,2.763179,0.9770384744799624,2.8509031846152446
3586,COc1cc2cc(-c3cc(OC)c(C4:c(OC)ncc5nonc:45)s3)[nH]c2cc1OC,-4.740993,-2.608134,2.132858,0.8489763528720936,3.125747955979234
3587,COc1cc2cc(C=Cc3cc(C#N)cc4nonc34)n(C)c2cc1OC,-5.332674,-3.013417,2.319256,0.9988750947137872,3.016839448351508
3589,COc1cc2cc[nH]c2c(N=Cc2cncc3nonc23)c1OC,-5.412264,-3.036213,2.376051,0.9683215417430692,3.285276760033973
3590,COc1cc2cc(-c3cc(OC):C(c4cccc5ncc(NC(C)=O)nc45):s3)[nH]c2cc1OC,-4.846526,-1.95523,2.891296,0.9333488622178694,2.870171576166077
3591,COc1cc2[nH]c(C(=O)O)cc2c(C=Cc2c(C(F)(F)F)ncc3nonc23)c1OC,-5.704545,-3.062187,2.642359,0.9155583622581324,3.2823435962678733
3592,COc1cc2c(ccn2C)c(C=Cc2scc3ncc(Br)nc23)c1OC,-4.899679,-2.407138,2.492541,0.9866172482527122,3.284318262852434
3594,COc1cc2cc(-c3cc(OC):C(c4cc(C(F)(F)F)cc5nccnc45):s3)[nH]c2cc1OC,-5.030635,-2.344081,2.686554,0.9686278929159527,2.963737823192247
3596,COc1cc2cc(C=NC3:c(Br)ccc4nonc:34)[nH]c2cc1OC,-5.240062,-2.68985,2.550211,0.999999942179941,3.002658928484335
3597,COc1cc(-c2nncc3nsnc23)s:C:1c1c(OC)c(OC)cc2ccn(C)c12,-5.200317,-3.138322,2.061995,0.6393726897313025,3.376184408409032
3599,COc1cc(-c2nc(C=O)cc3nonc23)s:C:1c1c(OC)c(OC)cc2cc(C(=O)O)[nH]c12,-5.513281,-3.268458,2.244823,0.9069153574975986,3.4128897462691707
3600,COc1cc2cc(C3:sc(-c4nc(O)cc5nsnc45)cc:3OC)n(C)c2cc1OC,-4.981858,-2.812231,2.169628,0.8708398917947324,3.2771678644415587
3601,COc1cc2cc(C=Cc3occ4ncc(S(=O)(=O)O)nc34)[nH]c2cc1OC,-5.125031,-2.985061,2.13997,0.999791494075477,3.3600727832215727
3602,COc1cc2cc(-c3s:C(c4nc(S)cc5nsnc45):cc3OC)[nH]c2cc1OC,-4.727262,-2.809662,1.9176,0.9999980132333964,3.3511647304126093
3603,COc1c:C(c2c(OC)c(OC)cc3[nH]c(C(=O)O)cc23):sc1-c1cc(C#N)cc2nsnc12,-5.362853,-2.747237,2.615616,0.8965707297890242,3.265217630884555
3604,COc1c:C(c2c(OC)c(OC)cc3cc(C(=O)O)[nH]c23):sc1-c1nc(C#N)cc2nsnc12,-5.583617,-3.033617,2.549999,0.880119052295288,3.4795690731922484
3607,COc1cc2cc(-c3s:C(c4cccc5ncc(Br)nc45):cc3OC)[nH]c2cc1OC,-4.661821,-2.439956,2.221865,0.9788039346165368,2.863101974993928
3608,COc1cc(C2:cc(OC)c(-c3cc4cc(OC)c(OC)cc4[nH]3)s:2)c2nccnc2c1,-4.599926,-2.128581,2.471345,0.9733667623554704,2.8407025450715224
3610,COc1cc2cc(-c3cc(OC):C(c4cccc5ncc(C=O)nc45):s3)[nH]c2cc1OC,-4.775085,-2.556969,2.218117,0.9754299682090996,2.938128297579884
3611,COc1cc(C2:cc(OC)c(-c3cc4cc(OC)c(OC)cc4[nH]3)s:2)c2nsnc2c1,-4.500897,-2.314502,2.186395,0.9999993241197396,2.979420557534981
3612,COc1cc2cc(C=Cc3cc(S(=O)(=O)O)cc4ccccc34)[nH]c2cc1OC,-4.884167,-1.911489,2.972678,0.9293207228911324,2.575229837093458
3613,CNc1ncc2nonc2c1C=Cc1cc2cc(OC)c(OC)cc2[nH]1,-4.730706,-2.553667,2.17704,0.9515049549922484,3.088647335617507
3614,COc1cc2cc(-c3s:C(c4nc(F)cc5nonc45):cc3OC)[nH]c2cc1OC,-4.889437,-2.919711,1.969727,0.9999999980392144,3.1623804728097475
3616,COc1cc2c(cc(C(=O)O)n2C)c(C=Cc2nc(C=O)cc3nsnc23)c1OC,-5.546968,-3.016177,2.530791,0.9894040965707004,3.3891921646063228
3617,COc1cc2cc(-c3s:C(c4occ5ncc(F)nc45):cc3OC)[nH]c2cc1OC,-4.469513,-2.460757,2.008755,0.9999999918141932,3.2703257322015187
3618,COc1c:C(c2c(OC)c(OC)cc3[nH]c(C(=O)O)cc23):sc1-c1nc(C=O)cc2nsnc12,-5.465979,-2.878118,2.587861,0.8865701768992884,3.418918592423017
3620,COc1cc2cc(C=Cc3cc(S)cc4nonc34)[nH]c2cc1OC,-4.979411,-2.470538,2.508873,0.9984580441892434,3.1659589284843355
3622,COc1cnc2coc(C3:cc(OC)c(-c4cc5cc(OC)c(OC)cc5[nH]4)s:3)c2n1,-4.449582,-2.111548,2.338034,0.9999869818893374,3.177000505676728
3623,COc1cc2cc(-c3s:C(c4c(NC(C)=O)ccc5nonc45):cc3OC)[nH]c2cc1OC,-4.829113,-2.528743,2.30037,0.9256578111278646,2.9788001288678405
3624,COc1cc2[nH]c(C(=O)O)cc2c(C=Cc2c(C#N)ccc3nonc23)c1OC,-5.738887,-3.075319,2.663568,0.9845474881482305,3.1089686738664417
3626,CNc1ccc2nsnc2c1C1:cc(OC)c(-c2cc3cc(OC)c(OC)cc3[nH]2)s:1,-4.481197,-2.196184,2.285013,0.9023964438289668,3.032788923999977
3629,COc1cc2cc[nH]c2c(C=Nc2c(C#N)ncc3nonc23)c1OC,-5.71892,-3.395579,2.32334,0.9997355341856086,3.4256885663867385
3630,COc1cc2cc(-c3s:C(c4occ5nc(C)cnc45):cc3OC)[nH]c2cc1OC,-4.508447,-2.279758,2.228689,0.9999961937589604,3.14140998980438
3632,COc1cc2cc(C=Cc3c(F)ccc4nonc34)[nH]c2cc1OC,-4.896963,-2.487538,2.409424,0.9999987070586074,2.8318070054074127
3634,COc1cc2cc(C=Cc3cc(C=O)cc4nccnc34)[nH]c2cc1OC,-4.942581,-2.488721,2.45386,0.99994462592146,2.850077441127961
3635,COc1cc2cc(C=Cc3cc(C(F)(F)F)cc4nsnc34)[nH]c2cc1OC,-5.133035,-2.714041,2.418993,0.9997899604986162,2.965648440475711
3636,COc1cc2cc(C=Cc3cccc4ncc(NC(C)=O)nc34)[nH]c2cc1OC,-4.903845,-2.038729,2.865116,0.9910620874319952,2.694978174533272
3637,COc1cc2cc(C=Cc3cc(NC(C)=O)cc4nccnc34)n(C)c2cc1OC,-4.762493,-2.037344,2.725149,0.9999518937121704,2.786868783869412
3639,COc1cc2cc(C=CC3:cc(C)cc4nsnc:34)[nH]c2cc1OC,-4.940777,-2.328428,2.612349,0.9993951859884188,2.868920466945873
3640,COc1cc2cc[nH]c2c(C=Nc2c(C#N)ncc3nsnc23)c1OC,-5.578985,-3.283677,2.295308,0.9996448191569314,3.463154412540584
3642,COc1cc2[nH]ccc2c(C=Cc2nc(C)cc3nsnc23)c1OC,-5.115092,-2.446096,2.668996,0.990795703197314,3.13461277463818
3644,COc1cc2cc(C=Cc3nccc4nonc34)[nH]c2cc1OC,-5.087966,-2.679354,2.408612,0.9999999998847148,2.92203082596804
3645,COc1c:C(c2c(OC)c(OC)cc3c2cc(C(=O)O)n3C):sc1-c1cc(Br)cc2nsnc12,-5.17594,-2.428359,2.747582,0.8945291944974052,3.2386748576052025
3646,COc1cc2cc(C=Cc3nc(Br)cc4nonc34)n(C)c2cc1OC,-5.223832,-2.908279,2.315553,0.999988000339025,3.177979801313972
3649,COc1cc2cc(N=Cc3nc(F)cc4nsnc34)n(C)c2cc1OC,-5.409263,-3.148159,2.261105,0.9999836046518732,3.433987701521872
3650,COc1c:C(c2c(OC)c(OC)cc3c2cc(C(=O)O)n3C):sc1-c1c(F)ccc2nsnc12,-5.154432,-2.311681,2.842751,0.7625690690081749,3.1516583393865805
3651,COc1cc2c(cc(C(=O)O)n2C)c(N=Cc2cc(C#N)cc3nsnc23)c1OC,-5.485542,-3.124177,2.361365,0.8807788863966524,3.312449856914016
3652,COc1c:C(c2c(OC)c(OC)cc3[nH]ccc23):sc1-c1cc(C=O)cc2nonc12,-5.148048,-2.68209,2.465957,0.8980283478649517,3.191358500490903
3653,COc1cc2cc(C3:cc(OC)c(-c4cccc5ncc(C#N)nc45)s:3)n(C)c2cc1OC,-5.040612,-2.575144,2.465468,0.7097466973915839,2.99123515341776
3655,COc1cc2cc(C(=O)O)[nH]c2c(C=Cc2scc3ncc(C=O)nc23)c1OC,-5.397658,-3.021548,2.376109,0.9871555791907396,3.39996585960753
3656,COc1c:C(c2c(OC)c(OC)cc3[nH]ccc23):sc1-c1cc(F)cc2nsnc12,-5.019296,-2.236329,2.782967,0.894963457739447,3.1252888806809453
3657,COc1cc2cc(C#Cc3cc(C=O)cc4ccccc34)[nH]c2cc1OC,-5.025017,-2.095981,2.929037,1.0,2.7164460801812176
3658,COc1cc2cc(C=Nc3nc(S(=O)(=O)O)cc4nonc34)[nH]c2cc1OC,-5.827267,-3.251963,2.575304,0.9651322922425416,3.3506889468048247
3659,COc1cc2cc(C=NC3:c(C#N)ccc4nccnc:34)[nH]c2cc1OC,-5.613217,-2.61791,2.995307,0.918672741171213,2.9283703405362456
3662,COc1cc2cc(C=Nc3occ4ncc(S(=O)(=O)O)nc34)[nH]c2cc1OC,-5.503773,-3.132966,2.370807,0.9999936771924036,3.459505694613977
3663,COc1cc2cc(C=CC3:nc(S)cc4nonc:34)[nH]c2cc1OC,-5.192192,-2.778962,2.41323,0.9999999994331776,3.28759931309972
3664,COc1c:C(c2c(OC)c(OC)cc3cc(C(=O)O)n(C)c23):sc1-c1cc(C=O)cc2nsnc12,-5.507686,-2.754137,2.753549,0.5445471017112921,3.3860255227579312
3665,COc1cc2cc(C=Cc3occ4nc(C=O)cnc34)[nH]c2cc1OC,-4.781352,-2.755014,2.026338,0.9999999986927696,3.2573211817713545
3666,COc1cc2cc(-c3s:C(c4cccc5ncc(C=O)nc45):cc3OC)[nH]c2cc1OC,-4.750587,-2.794595,1.955992,0.9711806853694788,2.9164410066099844
3667,COc1cc2cc(C=Cc3c(Br)ncc4nsnc34)[nH]c2cc1OC,-4.961465,-2.877146,2.084319,0.9999996187837664,3.18444931309972
3668,COc1cc2cc(N=Cc3scc4nc(S)cnc34)[nH]c2cc1OC,-5.094306,-2.731121,2.363184,0.999866112679442,3.5802223900227954
3670,COc1c:C(c2c(OC)c(OC)cc3[nH]ccc23):sc1-c1nc(O)cc2nonc12,-5.256627,-2.40435,2.852277,0.9232674449182976,3.313741474598656
3671,COc1cc2cc(-c3cc(OC):C(c4cc(Br)cc5nccnc45):s3)[nH]c2cc1OC,-4.909569,-2.238014,2.671555,0.9732335467564645,2.9048022342851976
3673,COc1cc2cc(C=Cc3c(S(=O)(=O)O)ccc4nccnc34)[nH]c2cc1OC,-5.351397,-2.666029,2.685367,0.8867072909368884,2.882158542534357
3674,COc1cc2cc(C=Nc3scc4nc(O)cnc34)[nH]c2cc1OC,-5.03586,-2.387136,2.648723,0.9999739944455064,3.302933928484334
3675,COc1cc2cc(N=Cc3occ4nc(NC(C)=O)cnc34)[nH]c2cc1OC,-4.976784,-2.54703,2.429754,0.999998799503336,3.3393042754318945
3677,CNc1cc(C=Cc2cc3cc(OC)c(OC)cc3[nH]2)c2nsnc2c1,-4.709331,-2.03928,2.670051,0.9961909053333547,3.0031150279251992
3678,COc1cc2[nH]c(C(=O)O)cc2c(C=Cc2nc(C=O)cc3nsnc23)c1OC,-5.626636,-3.038779,2.587858,0.9893666178142656,3.3652221447857658
3679,COc1cc2cc(-c3cc(OC):C(c4occ5ncc(C)nc45):s3)[nH]c2cc1OC,-4.605483,-2.038688,2.566795,0.968406507828406,3.1230702760297824
3680,COc1cc2cc(C=Nc3cc(OC(C)=O)cc4nsnc34)n(C)c2cc1OC,-5.2385,-2.482927,2.755572,0.9993209222921182,3.131772613828918
3681,COc1c:C(c2c(OC)c(OC)cc3ccn(C)c23):sc1-c1scc2nc(Br)cnc12,-5.140412,-2.367487,2.772925,0.5636011495741386,3.3825418154905096
3682,COc1cc2cc(-c3s:C(c4cccc5ncc(C(F)(F)F)nc45):cc3OC)[nH]c2cc1OC,-4.8439,-2.61286,2.23104,0.9826178329306292,2.909384457807631
3683,CNc1cnc2coc(C3:cc(OC)c(-c4cc5cc(OC)c(OC)cc5[nH]4)s:3)c2n1,-4.177359,-2.004452,2.172907,0.999992707802642,3.235627299108016
3684,COc1cc2cc(C(=O)O)n(C)c2c(C=Cc2cc(C#N)cc3nccnc23)c1OC,-5.516891,-2.626981,2.88991,0.8477357366872703,3.098314313681973
3687,COc1cc2cc(C(=O)O)n(C)c2c(C=Cc2scc3nccnc23)c1OC,-5.080994,-2.394812,2.686182,0.9281599903562968,3.2253514589761973
3688,COc1c:C(c2c(OC)c(OC)cc3cc[nH]c23):sc1-c1cccc2nc(C#N)cnc12,-5.150435,-2.57421,2.576225,0.8992367697890268,3.1086090668106525
3693,COc1cc2cc(C=Cc3scc4nc(OC(C)=O)cnc34)n(C)c2cc1OC,-4.77024,-2.397258,2.372982,0.9998908999024304,3.2070669853110942
3694,COc1cc2nonc2c(C=Cc2cc3cc(OC)c(OC)cc3n2C)n1,-5.05749,-2.641543,2.415948,0.9999237751242972,3.077852435364494
3695,COc1cc2cc[nH]c2c(C=Cc2nncc3nsnc23)c1OC,-5.386388,-2.950998,2.43539,0.9874504239976184,3.367242034759249
3697,COc1cc2cc(-c3cc(OC)c(C4:nccc5nsnc:45)s3)n(C)c2cc1OC,-5.023092,-2.518023,2.50507,0.879815649882814,3.0707865550995503
3698,COc1cc2nsnc2c(C=Cc2c(OC)c(OC)cc3[nH]c(C(=O)O)cc23)n1,-5.436649,-2.680143,2.756506,0.9919427793817852,3.2305733642979604
3699,COc1cc2cc(C=Cc3cccc4nc(C#N)cnc34)n(C)c2cc1OC,-5.143799,-2.75915,2.384649,0.9992388424464996,2.836138506201124
3700,COc1cc2cc(C3:cc(OC)c(-c4occ5ncc(C=O)nc45)s:3)n(C)c2cc1OC,-4.965006,-2.640833,2.324174,0.9265204853345288,3.338075013739977
3701,COc1cc2ccn(C)c2c(C=Cc2nncc3nonc23)c1OC,-5.436855,-2.994167,2.442688,0.9716298245730988,3.3204646977151047
3702,COc1cc2cc(C=Cc3cccc4nc(C=O)cnc34)[nH]c2cc1OC,-4.817753,-2.554984,2.262769,0.999110667273738,2.7921295121338794
3704,COc1cc2cc(C=Cc3nc(Br)cc4nsnc34)n(C)c2cc1OC,-5.055348,-2.812856,2.242492,0.9999485515590216,3.226130736864908
3705,COc1cc2cc(C3:cc(C#N)cc4nonc:34)n(C)c2cc1OC,-5.553638,-3.097589,2.456049,0.7170328682018623,2.795776479946957
3706,COc1cc2cc(C=Cc3nc(F)cc4nonc34)[nH]c2cc1OC,-5.226821,-2.84088,2.385941,0.9999999994211526,3.1283935438689507
3708,COc1cc2cc(-c3s:C(c4cccc5ncc(C(F)(F)F)nc45):cc3OC)[nH]c2cc1OC,-4.843865,-2.613125,2.230739,0.982641887252138,2.909384457807631
3710,COc1cc2cc[nH]c2c(C=Cc2occ3nc(C#N)cnc23)c1OC,-5.23324,-2.892104,2.341136,0.982767887563256,3.44794948946366
3712,CNc1ncc2nonc2c1C1:cc(OC)c(-c2cc3cc(OC)c(OC)cc3[nH]2)s:1,-4.609341,-2.694461,1.91488,0.9636569538802128,3.1850094944407727
3713,COc1cc2cc(C(=O)O)[nH]c2c(C=Nc2scc3nc(C#N)cnc23)c1OC,-5.699473,-3.100703,2.59877,0.997991235624119,3.4424026325906434
3715,COc1cc2cc(C=Nc3c(C#N)ccc4nccnc34)[nH]c2cc1OC,-5.613181,-2.617973,2.995208,0.9187069524015564,2.9283703405362456
3716,COc1cc2cc(N=Cc3nccc4nonc34)n(C)c2cc1OC,-5.24805,-2.985637,2.262413,0.9999998851527168,3.1736377746381805
3717,COc1cc2cc(C=Cc3c(OC(C)=O)ncc4nsnc34)[nH]c2cc1OC,-4.888368,-2.739365,2.149003,0.9889682284959228,3.166483506201125
3718,COc1cc2cc(C=Nc3cccc4nccnc34)[nH]c2cc1OC,-5.252861,-2.019753,3.233108,0.8940372450740481,2.6958143552493503
3721,COc1cc2ccn(C)c2c(C=Cc2occ3ncc(C=O)nc23)c1OC,-5.120747,-2.759617,2.36113,0.9556616381371024,3.440839248551308
3722,COc1cc2cc(N=Cc3c(NC(C)=O)ncc4nsnc34)[nH]c2cc1OC,-5.330321,-3.01281,2.317511,0.9999739283443656,3.269542160047279
3723,COc1cnc2coc(C=Nc3cc4cc(OC)c(OC)cc4[nH]3)c2n1,-4.920684,-2.351439,2.569245,0.9998171006072288,3.345537797155969
3724,COc1cc2c(ccn2C)c(C=Cc2nc(C)cc3nsnc23)c1OC,-5.060053,-2.431754,2.628299,0.9898464018908402,3.139702670336841
3728,COc1cc2cc(C(=O)O)n(C)c2c(C=Cc2scc3nc(C)cnc23)c1OC,-5.027823,-2.261783,2.76604,0.9272440014462552,3.274493981350286
3729,COc1cc2cc(C=Nc3c(F)ncc4nonc34)[nH]c2cc1OC,-5.317001,-2.92516,2.391841,0.9960009143100866,3.196918543868951
3730,COc1cc2cc(C#CC3:scc4nc(Br)cnc:34)[nH]c2cc1OC,-5.163833,-2.693973,2.46986,1.0,3.3432050823304893
3731,COc1cc2cc(-c3s:C(c4c(C=O)ncc5nonc45):cc3OC)[nH]c2cc1OC,-4.922242,-3.161848,1.760394,0.999999300677985,3.2710781201970383
3732,COc1cc2ccn(C)c2c(C=Cc2cc(Br)cc3nonc23)c1OC,-5.360285,-2.699494,2.66079,0.869266527344658,3.083636973871144
3734,COc1cc2c(ccn2C)c(C=Nc2nc(C#N)cc3nonc23)c1OC,-5.593284,-3.037894,2.55539,0.948104352663982,3.404511975824035
3736,COc1cc2cc(C(=O)O)n(C)c2c(C=Cc2c(F)ccc3nsnc23)c1OC,-5.289926,-2.473908,2.816018,0.9254956586684376,3.126288853145157
3737,COc1cc2cc(C=Cc3scc4ncc(F)nc34)n(C)c2cc1OC,-4.796067,-2.46285,2.333218,0.9995545634101902,3.212127410461582
3738,COc1cc(C=Nc2cc3cc(OC)c(OC)cc3[nH]2)c2nonc2c1,-5.216682,-2.718319,2.498363,0.9998360633295976,3.0193094894636605
3740,COc1cc2cc(-c3cc(OC):C(c4cc(S(=O)(=O)O)cc5nccnc45):s3)[nH]c2cc1OC,-5.026903,-2.517885,2.509017,0.9750505587107732,2.990348400115325
3741,COc1cc2[nH]c(C(=O)O)cc2c(C=Cc2c(S)ncc3nsnc23)c1OC,-5.374099,-2.766102,2.607997,0.9582097158092112,3.4175851493364693
3743,COc1cc2c(ccn2C)c(C=Cc2cc(F)cc3nsnc23)c1OC,-5.106833,-2.340357,2.766476,0.9724732795516524,3.025019094453266
3745,COc1cc2cc(N=Cc3cc(O)cc4nonc34)n(C)c2cc1OC,-5.231393,-2.748434,2.482959,0.9998211154074088,3.169310986345157
3746,COc1cc2cc(N=Cc3occ4nc(C#N)cnc34)n(C)c2cc1OC,-5.075471,-3.132458,1.943013,0.999987996405428,3.4983349528470136
3747,COc1cc2c:C(c3c(C)ncc4nsnc34):n(C)c2cc1OC,-5.217895,-2.739878,2.478017,0.5612722462791688,2.887335971410833
3749,COc1cc2ccn(C)c2c(C=Nc2cccc3ncc(C#N)nc23)c1OC,-5.419421,-2.552163,2.867258,0.7159193087395558,3.105897929278048
3750,COc1cc2cc(N=Cc3c(C)ccc4nccnc34)n(C)c2cc1OC,-5.028624,-2.310386,2.718238,0.9887963115576344,2.918109178621238
3751,COc1cc2nsnc2c(C=Cc2c(OC)c(OC)cc3cc(C(=O)O)n(C)c23)n1,-5.388036,-2.646063,2.741973,0.9553977489350256,3.330069087683245
3752,COc1cc2cc[nH]c2c(C2:cc(C#N)cc3nonc:23)c1OC,-5.643071,-3.111135,2.531936,0.7739847377564182,2.9606715999766404
3753,COc1cc2nonc2c(C=Cc2c(OC)c(OC)cc3[nH]c(C(=O)O)cc23)n1,-5.565032,-2.738427,2.826605,0.9921377406485102,3.1871200809958964
3755,COc1cc2cc(-c3cc(OC):C(c4occ5nc(OC(C)=O)cnc45):s3)[nH]c2cc1OC,-4.729259,-2.12997,2.599289,0.962809149971732,3.274662976658348
3756,COc1cc2cc(N=Cc3occ4ncc(O)nc34)[nH]c2cc1OC,-4.777813,-2.391811,2.386002,0.9999936642290296,3.5447877746381806
3757,COc1cc2cc(C(=O)O)[nH]c2c(C=Cc2c(Br)ncc3nonc23)c1OC,-5.752837,-3.184786,2.56805,0.9535026663027694,3.3458129974377355
3759,COc1cc2[nH]c(C(=O)O)cc2c(C=Cc2c(F)ccc3nsnc23)c1OC,-5.311434,-2.459673,2.851761,0.9895202105434382,3.0200410402809688
3760,COc1cc2nsnc2c(C2:cc3cc(OC)c(OC)cc3n:2C)n1,-5.03799,-2.485828,2.552162,0.9712060707256592,2.921368895981626
3761,COc1cc2cc(C=Cc3c(O)ncc4nsnc34)[nH]c2cc1OC,-4.67069,-2.646509,2.024181,0.999988163324952,3.1870646977151047
3762,COc1cc2c(ccn2C)c(C=Cc2c(F)ncc3nsnc23)c1OC,-5.056959,-2.707231,2.349729,0.9877350097594866,3.2516114021455724
3764,COc1cc2cc(C=Nc3cc(C=O)cc4nonc34)[nH]c2cc1OC,-5.325583,-2.986783,2.338799,0.9999999464643629,3.138362412540584
3765,COc1cc2cc(C=Cc3cc(OC(C)=O)cc4nccnc34)[nH]c2cc1OC,-4.707709,-2.050973,2.656735,0.9809617659973244,2.785483642559223
3766,COc1cc2c(cc(C(=O)O)n2C)c(C2:nc(C#N)cc3nsnc:23)c1OC,-5.861454,-3.214551,2.646902,0.5532221725029813,3.2068998523549705
3768,COc1cc2cc(C=Cc3c(C=O)ncc4nsnc34)[nH]c2cc1OC,-5.012676,-3.035136,1.97754,0.9999989033555794,3.2443741048482764
3769,COc1cc2cc(C3:cccc4nonc:34)n(C)c2cc1OC,-5.273999,-2.471969,2.802031,0.6920859412547739,2.496819493253554
3771,COc1cc2cc(C=Cc3cccc4ccc(C#N)cc34)[nH]c2cc1OC,-4.863969,-1.951078,2.912891,0.9355763634919584,2.511162648228554
3772,COc1cc2cc(-c3s:C(c4cc(O)cc5nonc45):cc3OC)[nH]c2cc1OC,-4.704054,-2.49681,2.207244,0.9999994745980896,3.029409095349997
3773,COc1cc2cc(C3:cc(C#N)cc4nccnc:34)n(C)c2cc1OC,-5.444675,-2.698965,2.745709,0.5877383469938523,2.6681101547443262
3774,COc1cc2c(ccn2C)c(C=Nc2c(C(F)(F)F)ccc3nsnc23)c1OC,-5.263985,-2.479742,2.784243,0.8769017170134321,3.1878358616921654
3775,COc1cc2cc(C(=O)O)n(C)c2c(C=Cc2cncc3nsnc23)c1OC,-5.462889,-2.802612,2.660277,0.8508394649431625,3.250421760826246
3776,COc1cc2cc(N=Cc3cccc4cc(S(=O)(=O)O)ccc34)[nH]c2cc1OC,-5.292232,-2.367315,2.924918,0.9965370910921364,2.6973917507895173
3777,COc1cc2cc(C3:occ4nc(C#N)cnc:34)n(C)c2cc1OC,-4.977111,-2.813687,2.163424,0.9999999846677576,3.1043857973900764
3778,COc1cc2c(ccn2C)c(C=Cc2cc(F)cc3nonc23)c1OC,-5.319705,-2.457934,2.861771,0.9878701828073392,2.993212233746405
3779,COc1cc2c:C(N=Cc3cc(Br)cc4nsnc34):[nH]c2cc1OC,-4.992907,-2.780038,2.212869,0.9999999369364324,3.1314954669458723
3780,COc1cc2cc(C#Cc3cc(S(=O)(=O)O)cc4nonc34)[nH]c2cc1OC,-5.472532,-3.09854,2.373991,1.0,3.1100498036694795
3782,COc1cc2cc(C#CC3:cc(C=O)cc4nonc:34)[nH]c2cc1OC,-5.176941,-2.967456,2.209485,1.0,3.1514350279252
3785,COc1cc2cc(C=NC3:nc(C(F)(F)F)cc4nonc:34)n(C)c2cc1OC,-5.791789,-3.035043,2.756745,0.9870593255609192,3.2891230411793444
3787,COc1cc2cc(C=Cc3c(OC)ccc4nccnc34)n(C)c2cc1OC,-4.629434,-1.947113,2.682321,0.9961209386252964,2.728782352354971
3788,COc1cc2cc(C=Cc3c(S)ccc4nonc34)n(C)c2cc1OC,-4.915077,-2.439707,2.47537,0.9378769821604608,3.096031152665323
3789,COc1cc2c(ccn2C)c(C2:nc(Br)cc3nsnc:23)c1OC,-5.436067,-2.782568,2.653498,0.5813015071644275,3.1158321252569863
3790,COc1cc2c(cc(C(=O)O)n2C)c(N=Cc2c(S)ncc3nsnc23)c1OC,-5.456946,-2.922224,2.534722,0.8624899565778179,3.554129878786183
3791,COc1cc2cc[nH]c2c(N=Cc2cncc3nsnc23)c1OC,-5.268668,-2.911623,2.357045,0.9551178639433552,3.308140716077931
3792,COc1cc2ccn(C)c2c(C=Cc2c(C(F)(F)F)ncc3nsnc23)c1OC,-5.270742,-2.932055,2.338687,0.8496701361884114,3.357524750581055
3794,COc1cc2cc(-c3s:C(c4nc(C)cc5nonc45):cc3OC)[nH]c2cc1OC,-4.73088,-2.726475,2.004405,0.999999998663004,3.030553818069139
3795,COc1cc2[nH]c(C(=O)O)cc2c(C=Cc2cc(NC(C)=O)cc3nsnc23)c1OC,-5.400257,-2.333359,3.066898,0.9360461826947116,3.0616426956448386
3796,COc1cc2cc(C=CC3:nc(C#N)cc4nonc:34)n(C)c2cc1OC,-5.315774,-3.09577,2.220004,0.9999830800519444,3.2199751126871714
3798,COc1cc2[nH]c(C(=O)O)cc2c(C=Cc2nc(C(F)(F)F)cc3nonc23)c1OC,-5.863341,-3.120577,2.742763,0.9919958281920802,3.2746927912589268
3799,COc1cc2cc(N=Cc3c(S(=O)(=O)O)ccc4nonc34)[nH]c2cc1OC,-5.685237,-3.475703,2.209534,0.9777076738307956,3.1659584696870056
3800,COc1cc2cc(-c3cc(OC):C(c4c(NC(C)=O)ccc5nonc45):s3)[nH]c2cc1OC,-4.913472,-2.238177,2.675295,0.8240017961106092,2.9814412090642417
3802,COc1cc2cc(C=Cc3c(S)ccc4nsnc34)n(C)c2cc1OC,-4.793034,-2.369026,2.424008,0.93232467778504,3.1260511110852818
3804,COc1cc2cc(C=NC3:occ4ncc(C=O)nc:34)n(C)c2cc1OC,-5.088563,-2.787911,2.300651,0.9999999935872996,3.4044292585413185
3806,COc1cc2cc(C=NC3:c(S)ncc4nsnc:34)n(C)c2cc1OC,-5.04698,-2.778289,2.268691,0.9999965962526716,3.4229931069272777
3807,COc1cc2[nH]c(C(=O)O)cc2c(C=Nc2c(C#N)ccc3nonc23)c1OC,-5.791345,-3.046829,2.744515,0.9712701455216446,3.178407135404904
3808,COc1cc2[nH]ccc2c(C=Nc2nc(F)cc3nsnc23)c1OC,-5.42501,-2.630789,2.794221,0.9513596164138692,3.400908928484335
3809,COc1cc2c(ccn2C)c(N=Cc2c(Br)ncc3nonc23)c1OC,-5.15451,-3.106605,2.047905,0.9006359821488747,3.386792899027069
3810,COc1cc2c(cc(C(=O)O)n2C)c(N=Cc2c(O)ncc3nsnc23)c1OC,-5.471315,-2.810378,2.660937,0.9001500955405544,3.4547606480169524
3813,COc1cc2[nH]ccc2c(C=Cc2c(Br)ncc3nonc23)c1OC,-5.326339,-2.88605,2.44029,0.9727504064351002,3.2606493130997185
3814,COc1cc2c(ccn2C)c(C=Cc2cc(C)cc3nccnc23)c1OC,-4.897481,-1.808785,3.088696,0.9662094768876882,2.8115621256741843
3816,COc1cc2cc(C(=O)O)[nH]c2c(C#Cc2nc(F)cc3nsnc23)c1OC,-5.787876,-3.031258,2.756618,1.0,3.4049238056168987
3817,COc1cc2c(cc(C(=O)O)n2C)c(C=Nc2cccc3nsnc23)c1OC,-5.456847,-2.376024,3.080823,0.9434479455282322,3.025830134730822
3818,COc1cc2cc(C#CC3:c(OC)ncc4nonc:34)[nH]c2cc1OC,-5.081923,-2.857564,2.224359,1.0,3.147242412540584
3819,COc1cc2cc(C(=O)O)n(C)c2c(N=Cc2occ3nc(C#N)cnc23)c1OC,-5.403475,-3.191074,2.212401,0.9283472397984842,3.604696010760168
3821,COc1cc2[nH]c(C(=O)O)cc2c(C=Nc2cccc3nc(C=O)cnc23)c1OC,-5.659924,-2.522829,3.137095,0.8478137807350672,3.08297774314543
3823,COc1cc2cc(C=Nc3c(NC(C)=O)ccc4nccnc34)[nH]c2cc1OC,-5.268878,-2.137214,3.131664,0.9267027142963687,2.870876042929938
3824,COc1cc2c(cc(C(=O)O)n2C)c(C=Cc2scc3nc(C)cnc23)c1OC,-4.973859,-2.226035,2.747823,0.9837821236321228,3.199495690751995
3825,COc1cc2cc(-c3cc(OC):C(c4c(C)ccc5nonc45):s3)[nH]c2cc1OC,-4.811146,-2.173195,2.637951,0.781679495465537,2.92842877334642
3828,CNc1cnc2coc(C3:cc4cc(OC)c(OC)cc4n:3C)c2n1,-4.305477,-1.775923,2.529554,0.9944584219942704,3.025552427942623
3829,COc1cc(-c2scc3nc(C)cnc23)s:C:1c1c(OC)c(OC)cc2c1ccn2C,-4.757161,-2.21053,2.546631,0.7914640639056796,3.208973983322677
3830,COc1cc2cc(C#CC3:c(C(F)(F)F)ccc4nonc:34)[nH]c2cc1OC,-5.388282,-2.895308,2.492973,1.0,3.066224097729849
3831,COc1cc2cc(C=Cc3c(C)ncc4nsnc34)[nH]c2cc1OC,-4.835461,-2.61359,2.221871,0.99452256113253,3.052597390022796
3832,COc1cc(-c2nncc3nsnc23)s:C:1c1c(OC)c(OC)cc2[nH]ccc12,-5.079642,-2.918249,2.161393,0.8248493738345879,3.295953383059687
3834,COc1cc2c:C(N=Cc3nc(C=O)cc4nonc34):[nH]c2cc1OC,-5.544744,-3.403979,2.140765,0.9999803965044868,3.429432566386737
3836,COc1cc2cc(C(=O)O)[nH]c2c(C=Cc2scc3ncc(C#N)nc23)c1OC,-5.400622,-3.085332,2.315289,0.990513979669948,3.391683495630044
3837,COc1cc2cc(-c3s:C(c4cccc5nc(S(=O)(=O)O)cnc45):cc3OC)[nH]c2cc1OC,-4.720555,-2.886645,1.83391,0.9942342722340854,3.031318592423017
3838,COc1cc2cc(-c3s:C(c4cc(NC(C)=O)cc5nccnc45):cc3OC)[nH]c2cc1OC,-4.635568,-2.146052,2.489516,0.9735776331712732,2.8891079758488694
3839,CNc1cc(C2:cc(OC)c(-c3cc4cc(OC)c(OC)cc4[nH]3)s:2)c2nsnc2c1,-4.474986,-2.171018,2.303969,0.998607280369216,3.086972502219512
3840,COc1cc2cc(-c3s:C(c4nc(OC(C)=O)cc5nsnc45):cc3OC)[nH]c2cc1OC,-4.692989,-2.803795,1.889194,0.9999794683635754,3.241669359637071
3841,COc1cc2cc(N=Cc3c(C=O)ccc4c3SCS4)[nH]c2cc1OC,-5.231279,-2.266233,2.965046,0.9585161085084845,3.509149489463661
3843,COc1cc2cc(-c3s:C(c4occ5nc(C#N)cnc45):cc3OC)[nH]c2cc1OC,-4.673221,-2.961887,1.711334,0.9999999952503074,3.298516841026771
3844,COc1cc2cc(-c3s:C(c4c(S)ccc5nsnc45):cc3OC)[nH]c2cc1OC,-4.705803,-2.482678,2.223125,0.7967370983933408,3.1287697393571534
3845,COc1cc2cc(C=Cc3nc(NC(C)=O)cc4nsnc34)[nH]c2cc1OC,-4.988104,-2.572708,2.415396,0.99999958941199,3.103819275431894
3848,COc1cc2nsnc2c(-c2cc(OC):C(c3c(OC)c(OC)cc4[nH]ccc34):s2)n1,-5.086934,-2.629653,2.457281,0.7886266264979643,3.237738448632648
3850,COc1c:C(c2c(OC)c(OC)cc3ccn(C)c23):sc1-c1c(C=O)ncc2nsnc12,-5.340132,-2.977527,2.362605,0.5202152074991627,3.469783889479622
3851,COc1cc2cc(-c3s:C(c4c(OC)ncc5nsnc45):cc3OC)[nH]c2cc1OC,-4.570017,-2.782688,1.787329,0.999976182390498,3.1409413872670475
3852,COc1cc2cc(-c3s:C(c4cccc5ccc(C=O)cc45):cc3OC)[nH]c2cc1OC,-4.772171,-2.082773,2.689398,0.8646718329137011,2.701604384536404
3853,COc1cc2cc(C=Cc3nc(NC(C)=O)cc4nonc34)[nH]c2cc1OC,-5.151171,-2.670614,2.480557,0.9999999700896866,3.0592796600472782
3854,COc1cc2cc(C#CC3:nc(C#N)cc4nonc:34)[nH]c2cc1OC,-5.743806,-3.391176,2.35263,1.0,3.3135513356175066
3855,COc1cc2cc(-c3s:C(c4cc(S(=O)(=O)O)cc5nsnc45):cc3OC)[nH]c2cc1OC,-4.899443,-3.017607,1.881835,0.9995496005273908,3.1139790106586656
3856,COc1c:C(c2c(OC)c(OC)cc3ccn(C)c23):sc1-c1nc(C=O)cc2nsnc12,-5.403034,-2.889677,2.513358,0.4658919435174246,3.457801640958912
3857,COc1cc2cc(C(=O)O)[nH]c2c(C=Cc2c(C=O)ncc3nonc23)c1OC,-5.74102,-3.304344,2.436676,0.9759890472822108,3.401318392440551
3859,COc1c:C(c2c(OC)c(OC)cc3[nH]c(C(=O)O)cc23):sc1-c1nc(S)cc2nsnc12,-5.326799,-2.550643,2.776157,0.8899441437132205,3.5073973729415435
3860,COc1cc2cc(-c3s:C(c4occ5nc(C(F)(F)F)cnc45):cc3OC)[nH]c2cc1OC,-4.854196,-2.783521,2.070675,0.9999650246380534,3.281036578896879
3862,COc1cc2cc(-c3s:C(c4cccc5nc(S(=O)(=O)O)cnc45):cc3OC)[nH]c2cc1OC,-4.839214,-2.914446,1.924768,0.9672874667462994,3.031318592423017
3863,COc1cc2cc(-c3s:C(c4scc5ncc(S)nc45):cc3OC)[nH]c2cc1OC,-4.730052,-2.5828,2.147251,0.9999376085377956,3.37099854078828
3864,COc1cc2cc(-c3s:C(c4cccc5ncc(S(=O)(=O)O)nc45):cc3OC)[nH]c2cc1OC,-4.795034,-2.83146,1.963574,0.9639164195085004,3.0349070539614784
3865,COc1cc2[nH]ccc2c(C=Nc2c(C#N)ncc3nonc23)c1OC,-5.538124,-3.212954,2.325171,0.9957465818522488,3.3492891817713524
3867,COc1cc2cc(-c3s:C(c4occ5ncc(OC(C)=O)nc45):cc3OC)[nH]c2cc1OC,-4.44191,-2.36863,2.07328,0.9999806638799076,3.276069686969314
3868,COc1cc2cc(C=Cc3c(NC(C)=O)ncc4nsnc34)[nH]c2cc1OC,-4.924396,-2.703834,2.220562,0.9520040504301768,3.093446775431895
3869,COc1cc2cc(C=Nc3nc(C(F)(F)F)cc4nsnc34)[nH]c2cc1OC,-5.810016,-3.0121,2.797916,0.9814496411992326,3.2892295505049223
3871,COc1cc2cc(C=Cc3cccc4nc(Br)cnc34)[nH]c2cc1OC,-5.012721,-2.325695,2.687027,0.9977455617376438,2.755254104848275
3872,COc1cc2cc(-c3cc(OC)c(C4:scc5ncc(C#N)nc:45)s3)n(C)c2cc1OC,-4.803843,-2.737388,2.066455,0.9200659579527578,3.272677042480467
3874,COc1cc2cc(C(=O)O)n(C)c2c(C=Cc2cc(C#N)cc3nsnc23)c1OC,-5.638059,-2.907102,2.730957,0.7016662016158564,3.2597421646063225
3877,COc1c:C(c2c(OC)c(OC)cc3[nH]ccc23):sc1-c1occ2ncc(C=O)nc12,-4.902779,-2.468548,2.434231,0.8995123979592514,3.386055648286927
3879,COc1cc2cc(C=Nc3c(C#N)ncc4nsnc34)n(C)c2cc1OC,-5.364468,-3.140553,2.223914,0.9997514557911238,3.3296923954044546
3881,COc1cc2cc(C#CC3:nc(C)cc4nsnc:34)[nH]c2cc1OC,-5.288678,-2.747616,2.541062,1.0,3.1477454669458726
3883,COc1cc2cc(-c3s:C(c4cc(NC(C)=O)cc5nccnc45):cc3OC)[nH]c2cc1OC,-4.635574,-2.146027,2.489547,0.973583583864411,2.8891079758488694
3885,COc1cc2cc(C=Nc3c(O)ccc4nonc34)[nH]c2cc1OC,-5.113075,-2.401931,2.711144,0.9999994594212556,2.9671166207920265
3886,COc1cc2c(ccn2C)c(C=Nc2nc(C=O)cc3nsnc23)c1OC,-5.403034,-2.833117,2.569917,0.94276698241693,3.452056431368491
3889,COc1cc2cc(C(=O)O)n(C)c2c(N=Cc2cc(C#N)cc3nsnc23)c1OC,-5.494822,-3.174095,2.320727,0.8785130042344111,3.360914692078852
3890,COc1cc2cc(-c3s:C(c4nc(C#N)cc5nonc45):cc3OC)[nH]c2cc1OC,-5.00947,-3.202939,1.806531,0.9999999986602258,3.2244383622022257
3892,COc1cc2cc(C=Cc3scc4ncc(C=O)nc34)n(C)c2cc1OC,-4.828968,-2.834445,1.994523,0.9999112256505652,3.23468620159826
3893,COc1cc2cc(-c3s:C(c4cc(S(=O)(=O)O)cc5nccnc45):cc3OC)[nH]c2cc1OC,-4.769066,-2.677855,2.091212,0.9787713940809444,2.980521957807632
3894,COc1c:C(c2c(OC)c(OC)cc3ccn(C)c23):sc1-c1cc(F)cc2nsnc12,-5.27277,-2.306106,2.966664,0.5757285434377146,3.209205277028971
3897,COc1cc2cc(C=Nc3cc(C(F)(F)F)cc4nsnc34)[nH]c2cc1OC,-5.406316,-2.794039,2.612277,0.999990671659573,3.08989926812907
3898,COc1cc2[nH]ccc2c(C=Cc2nc(C#N)cc3nonc23)c1OC,-5.529574,-3.082556,2.447018,0.9925757277572498,3.3009439510021217
3899,COc1cc2cc(C=Nc3c(S)ncc4nonc34)[nH]c2cc1OC,-5.199354,-2.898608,2.300746,0.9999998811640436,3.344572390022796
3901,COc1cc2cc(C3:cc(OC)c(-c4nc(S)cc5nonc45)s:3)n(C)c2cc1OC,-5.2407,-2.634039,2.606661,0.92885975009434,3.386919088217782
3902,COc1cc2cc(-c3s:C(c4c(F)ccc5nonc45):cc3OC)[nH]c2cc1OC,-4.790848,-2.687768,2.10308,0.9999763257704928,2.942218576566457
3905,COc1c:C(c2c(OC)c(OC)cc3ccn(C)c23):sc1-c1nc(O)cc2nonc12,-5.480939,-2.485986,2.994953,0.5070268632270727,3.393374857448552
3907,COc1cc(-c2cc(C#N)cc3nsnc23)s:C:1c1c(OC)c(OC)cc2[nH]ccc12,-5.203735,-2.938612,2.265122,0.7819345620769713,3.20673084275538
3909,COc1c:C(c2c(OC)c(OC)cc3[nH]c(C(=O)O)cc23):sc1-c1cc(O)cc2nonc12,-5.225156,-2.20057,3.024586,0.8978137493906293,3.196173055323678
3910,COc1cc2cc[nH]c2c(C=Cc2nccc3nonc23)c1OC,-5.42611,-2.721594,2.704516,0.9889528871775644,3.122406430363645
3911,COc1cc2cc(C=Cc3nc(S(=O)(=O)O)cc4nsnc34)n(C)c2cc1OC,-5.337078,-3.151437,2.185641,0.9970348020314574,3.316377742034046
3913,COc1cc(-c2cc(OC):C(c3c(OC)c(OC)cc4[nH]ccc34):s2)c2nsnc2c1,-4.876528,-2.238788,2.63774,0.8187668843628967,3.082941560127894
3914,COc1cc2cc(N=Cc3occ4ncc(F)nc34)[nH]c2cc1OC,-5.091997,-2.718672,2.373325,0.999568665810194,3.477645466945873
3916,COc1cc2[nH]ccc2c(C=Cc2nc(C=O)cc3nsnc23)c1OC,-5.314351,-2.883292,2.431058,0.9896840703797652,3.3497562586944305
3917,COc1cc2cc(-c3cc(OC):C(c4c(OC(C)=O)ccc5nsnc45):s3)[nH]c2cc1OC,-4.956291,-2.324855,2.631436,0.811886157979723,3.02460880317226
3919,COc1cc2cc(-c3s:C(c4scc5nc(C)cnc45):cc3OC)[nH]c2cc1OC,-4.528611,-2.388423,2.140187,0.9999956371907636,3.081939149017259
3920,COc1cc2cc(C=NC3:scc4nc(Br)cnc:34)[nH]c2cc1OC,-5.053104,-2.606223,2.446881,0.999999975521678,3.2430243130997187
3921,COc1c:C(c2c(OC)c(OC)cc3c2ccn3C):sc1-c1cccc2nc(C#N)cnc12,-4.97951,-2.409863,2.569647,0.8894810739404448,3.0764950552180874
3922,COc1cc2cc[nH]c2c(C=Cc2scc3nccnc23)c1OC,-4.945238,-2.359022,2.586215,0.980528873879523,3.1757180787152937
3923,COc1cc2cc(C#Cc3c(S)ccc4nonc34)[nH]c2cc1OC,-5.081776,-2.53852,2.543257,1.0,3.171582005407412
3924,COc1cc2ccn(C)c2c(C=Cc2cc(C#N)cc3nccnc23)c1OC,-5.256313,-2.607094,2.649219,0.8454151082778547,3.021040044662663
3925,COc1cc2cc[nH]c2c(C=Cc2cccc3nsnc23)c1OC,-5.19732,-2.414248,2.783071,0.9637805486726754,2.896255221572437
3926,COc1cc2cc(N=Cc3cc(C(F)(F)F)cc4nccnc34)[nH]c2cc1OC,-5.280193,-2.648895,2.631298,0.9996822284630812,2.9867071354049024
3927,COc1cc2cc(C=Cc3cccc4ncc(S(=O)(=O)O)nc34)n(C)c2cc1OC,-5.149034,-2.725918,2.423116,0.9805796754994638,2.9511460107601675
3928,COc1cc2cc(C#Cc3scc4sc(=S)sc34)[nH]c2cc1OC,-5.054851,-2.203029,2.851822,1.0,3.4828802956288136
3931,COc1cc2nsnc2c(C=Cc2c(OC)c(OC)cc3[nH]ccc23)n1,-5.143459,-2.461036,2.682423,0.991080464295625,3.2025402586944303
3932,COc1cc2cc(C(=O)O)[nH]c2c(C=Cc2nncc3nsnc23)c1OC,-5.647313,-3.07391,2.573402,0.98876631146254,3.3646961916082505
3934,COc1cc2c(cc(C(=O)O)n2C)c(C=Cc2nncc3nonc23)c1OC,-5.653228,-3.06786,2.585367,0.9907372183466628,3.282590407369576
3935,COc1cc2cc(C(=O)O)[nH]c2c(C#Cc2nccc3nsnc23)c1OC,-5.751345,-2.878973,2.872371,1.0,3.1880947930068526
3937,COc1cc2cc(C=NC3:occ4ncc(C=O)nc:34)[nH]c2cc1OC,-5.116511,-2.835054,2.281457,0.9999999985680104,3.363860874079045
3938,COc1cc2c(cc(C(=O)O)n2C)c(C=Cc2nc(O)cc3nsnc23)c1OC,-5.424635,-2.65546,2.769176,0.9899237748674732,3.3392187676750726
3940,COc1cc2cc(C=NC3:c(Br)ccc4nsnc:34)[nH]c2cc1OC,-5.114526,-2.602829,2.511698,0.9898320518874092,3.0335127746381803
3942,COc1cc2cc(C#Cc3scc4ncc(NC(C)=O)nc34)[nH]c2cc1OC,-4.984578,-2.332569,2.652009,1.0,3.220933506201124
3943,COc1c:C(c2c(OC)c(OC)cc3[nH]c(C(=O)O)cc23):sc1-c1scc2nc(S)cnc12,-4.850142,-2.187013,2.663129,0.8969201341464963,3.4978063059440254
3945,COc1cc2cc(C=Cc3cc(F)cc4nccnc34)[nH]c2cc1OC,-5.058882,-2.232111,2.826771,0.9997936665192472,2.716344566386738
3948,COc1cc2cc(C=NC3:scc4nc(C=O)cnc:34)[nH]c2cc1OC,-5.245417,-2.867923,2.377494,0.9999395155128808,3.259209797155968
3949,COc1cc2cc(C(=O)O)n(C)c2c(N=Cc2nncc3nsnc23)c1OC,-5.462584,-3.257962,2.204623,0.9502499968229076,3.519845129862274
3950,COc1cc2cc(N=Cc3nc(NC(C)=O)cc4nonc34)n(C)c2cc1OC,-5.508581,-3.099986,2.408595,0.9999443394040476,3.299159105386141
3951,COc1cc2cc(C=Cc3nc(C(F)(F)F)cc4nsnc34)[nH]c2cc1OC,-5.093535,-2.884968,2.208567,0.999999946256864,3.180544253523422
3952,COc1cc(-c2cc(C#N)cc3nonc23)s:C:1c1c(OC)c(OC)cc2cc(C(=O)O)[nH]c12,-5.503395,-3.180154,2.323241,0.9061366714425574,3.268105130884555
3953,COc1cc2cc(C=Nc3c(C)ccc4nsnc34)[nH]c2cc1OC,-4.980894,-2.378095,2.6028,0.9999999934136502,2.933791620792027
3955,COc1cc2c(cc(C(=O)O)n2C)c(N=Cc2cc(C#N)cc3nonc23)c1OC,-5.613478,-3.256766,2.356712,0.9104097490103042,3.2844295272436854
3956,COc1cc2cc(C=Cc3cc(O)cc4nonc34)[nH]c2cc1OC,-4.919828,-2.320774,2.599054,0.9999952032490028,2.941537774638181
3957,COc1cc2c(cc(C(=O)O)n2C)c(C=Nc2cc(C#N)cc3nsnc23)c1OC,-5.709314,-2.896722,2.812592,0.9270036929090044,3.2855949118590697
3958,COc1cc2cc(C(=O)O)n(C)c2c(C=Cc2nc(C)cc3nsnc23)c1OC,-5.376006,-2.631567,2.744438,0.934423734259164,3.2655999642562668
3959,COc1c:C(c2c(OC)c(OC)cc3[nH]ccc23):sc1-c1c(C)ccc2nonc12,-5.101815,-2.080066,3.021749,0.6985437946665436,3.032674211629068
3960,COc1cc2cc(C=NC3:c(Br)ncc4nsnc:34)[nH]c2cc1OC,-5.223843,-2.998756,2.225087,0.9999770057441708,3.269193543868949
3961,COc1cc2ccn(C)c2c(C=Cc2nc(F)cc3nonc23)c1OC,-5.447322,-2.835742,2.61158,0.9735610721427576,3.3187222129563843
3963,COc1cc2[nH]c(C(=O)O)cc2c(C=Nc2cc(Br)cc3nsnc23)c1OC,-5.682553,-2.608659,3.073894,0.9273122269764712,3.2108445456363723
3968,COc1cc2cc(-c3s:C(c4scc5nccnc45):cc3OC)[nH]c2cc1OC,-4.61566,-2.528696,2.086963,0.9999378382978558,3.0283517347080373
3969,COc1cc2cc(C=NC3:scc4nc(Br)cnc:34)[nH]c2cc1OC,-5.053106,-2.606223,2.446883,0.999999978336447,3.2430243130997187
3970,COc1cc2cc[nH]c2c(C=Cc2nc(S)cc3nonc23)c1OC,-5.528222,-2.824587,2.703635,0.9865649253971538,3.4824089284843343
3971,COc1cc2[nH]c(C(=O)O)cc2c(C=Cc2cc(Br)cc3nonc23)c1OC,-5.63758,-2.712986,2.924593,0.9553946161116394,3.042021371342312
3972,COc1cc(-c2cc(C=O)cc3nsnc23)s:C:1c1c(OC)c(OC)cc2[nH]ccc12,-5.065624,-2.829292,2.236333,0.7837999168815419,3.228268612850453
3973,COc1cc2cc(N=Cc3occ4ncc(OC(C)=O)nc34)[nH]c2cc1OC,-4.856292,-2.550203,2.306089,0.9999835290959114,3.428563506201124
3974,COc1cc2cc[nH]c2c(C2:c(F)ncc3nsnc:23)c1OC,-5.233811,-2.950901,2.28291,0.6091331907158465,3.146160052694114
3975,COc1cc2cc(-c3s:C(c4nc(S(=O)(=O)O)cc5nonc45):cc3OC)[nH]c2cc1OC,-5.153492,-3.321478,1.832014,0.9997469703504472,3.2848613927926618
3976,COc1cc2c(ccn2C)c(C=Cc2cc(C=O)cc3nsnc23)c1OC,-5.280413,-2.690048,2.590366,0.8537536927122349,3.148074013786073
3977,COc1cc2cc(N=Cc3c(S(=O)(=O)O)ncc4nsnc34)[nH]c2cc1OC,-5.632415,-3.583896,2.048519,0.976982323529077,3.440434808538029
3978,COc1cc2ccn(C)c2c(C=Cc2c(F)ccc3nsnc23)c1OC,-5.035997,-2.383065,2.652932,0.9451002196428672,3.0601714853056565
3979,COc1cc2cc(C=NC3:cc(F)cc4nsnc:34)n(C)c2cc1OC,-5.141334,-2.472778,2.668557,0.9930999818193722,3.0948691984033694
3980,COc1cc2c(ccn2C)c(C=Cc2scc3ncc(C)nc23)c1OC,-4.728506,-2.049406,2.6791,0.9843950114185912,3.142159427093599
3982,COc1cc2cc(C=Cc3cccc4cc(C#N)ccc34)[nH]c2cc1OC,-4.89807,-1.915108,2.982962,0.9241256770805136,2.493652589056955
3983,COc1cc2[nH]ccc2c(C=Nc2cc(Br)cc3nsnc23)c1OC,-5.3434,-2.428876,2.914523,0.9129056852567274,3.187241620792027
3984,COc1c:C(c2c(OC)c(OC)cc3[nH]ccc23):sc1-c1c(O)ncc2nonc12,-4.950062,-2.524296,2.425766,0.7608142423490412,3.3197645515217324
3985,COc1cc2cc(N=Cc3occ4nc(Br)cnc34)n(C)c2cc1OC,-4.964736,-2.783152,2.181585,0.9999784240956662,3.486335518569689
3986,COc1cc2cc(C#CC3:c(O)ncc4nonc:34)[nH]c2cc1OC,-4.970433,-2.87187,2.098563,1.0,3.272364697715104
3987,COc1cc2cc(C3:sc(-c4scc5nc(C#N)cnc45)cc:3OC)n(C)c2cc1OC,-4.973292,-3.088438,1.884854,0.8625181819431518,3.292922858203206
3989,COc1cc2c(cc(C(=O)O)n2C)c(C=Nc2nc(C=O)cc3nonc23)c1OC,-5.869729,-3.097124,2.772605,0.9367497637759584,3.4391734832876413
3990,COc1cc2c:C(c3occ4nc(Br)cnc34):n(C)c2cc1OC,-5.040832,-2.47217,2.568662,0.9997613790231824,3.0797690030850404
3991,COc1cc2cc(C=Cc3c(OC)ccc4nsnc34)[nH]c2cc1OC,-4.656328,-2.263517,2.392812,0.9916556575878082,2.8229082586944294
3992,COc1cc2cc(N=Cc3c(Br)ncc4nsnc34)[nH]c2cc1OC,-5.02634,-3.066729,1.95961,0.9999955310533828,3.380110851561257
3993,COc1cc2cc(N=Cc3occ4ncc(Br)nc34)[nH]c2cc1OC,-5.03338,-2.796669,2.236711,0.999916244723796,3.4622896977151045
3994,COc1cc2c(ccn2C)c(C=Cc2nc(Br)cc3nsnc23)c1OC,-5.233544,-2.749205,2.484339,0.992110538702735,3.313262337696509
3995,COc1cc2cc(-c3cc(OC):C(c4nc(OC(C)=O)cc5nonc45):s3)[nH]c2cc1OC,-5.20359,-2.63403,2.56956,0.9775557253433512,3.2273400634013933
3996,COc1cc2cc[nH]c2c(C=Cc2c(Br)ncc3nonc23)c1OC,-5.506798,-3.10429,2.402508,0.9460937946987552,3.340232005407412
3997,COc1cc2cc(N=Cc3c(Br)ccc4nsnc34)[nH]c2cc1OC,-4.920831,-2.713019,2.207812,0.9999975138024404,3.128178159253565
4000,COc1cc2cc(C=Nc3cccc4nc(C(F)(F)F)cnc34)[nH]c2cc1OC,-5.406644,-2.322543,3.084101,0.8791432059244012,2.9247253342791986
4002,COc1cc2c:C(c3nc(C(F)(F)F)cc4nsnc34):n(C)c2cc1OC,-5.571734,-3.002484,2.56925,0.9953044774908204,3.0127856541457136
4004,COc1cc2cc(C=Cc3c(C)ncc4nonc34)n(C)c2cc1OC,-4.888836,-2.713809,2.175027,0.9998516697021658,3.0469128574470288
4005,CNc1cnc2c(C=Nc3cc4cc(OC)c(OC)cc4[nH]3)scc2n1,-4.75009,-2.344744,2.405345,0.9998241974841816,3.3146073356175068
4006,COc1cc2cc(C(=O)O)[nH]c2c(C=Cc2cccc3nonc23)c1OC,-5.579074,-2.579014,3.00006,0.9524570255658412,2.923383304495365
4008,COc1cc2cc[nH]c2c(C=Cc2cccc3nonc23)c1OC,-5.334065,-2.479471,2.854594,0.9670258559604116,2.881797858935073
4009,COc1cc2c(ccn2C)c(C=Cc2cncc3nsnc23)c1OC,-5.264136,-2.559449,2.704686,0.8349804612837295,3.1258108515612566
4010,COc1cc2cc(-c3s:C(c4c(OC)ncc5nsnc45):cc3OC)[nH]c2cc1OC,-4.517465,-2.801557,1.715908,0.9999533702913213,3.1409413872670475
4012,COc1cc2cc(N=Cc3scc4ncc(C#N)nc34)n(C)c2cc1OC,-5.099632,-3.190377,1.909256,0.999931742734566,3.3942280597401195
4013,COc1cc2[nH]ccc2c(C#Cc2c(Br)ncc3nonc23)c1OC,-5.408518,-3.030495,2.378022,1.0,3.322751236176643
4015,COc1cc2cc(-c3cc(OC)c(C4:cc(F)cc5nonc:45)s3)[nH]c2cc1OC,-5.013463,-2.434883,2.57858,0.9818865072142092,2.974763478176474
4016,COc1cc2c(cc(C(=O)O)n2C)c(C#Cc2c(S)ncc3nsnc23)c1OC,-5.39559,-2.840967,2.554623,1.0,3.480005092461397
4018,COc1cc2cc(C(=O)O)[nH]c2c(C=Nc2nncc3nsnc23)c1OC,-5.87929,-3.088267,2.791023,0.9487248070450685,3.449788898900959
4019,COc1cc2cc(C=NC3:occ4nc(C#N)cnc:34)n(C)c2cc1OC,-5.125871,-2.834831,2.29104,0.9999999990683588,3.406189698101757
4021,COc1cc2cc(C#CC3:nncc4nonc:34)n(C)c2cc1OC,-5.518729,-3.195883,2.322846,1.0,3.269887774638181
4022,COc1cc2[nH]ccc2c(C=Cc2cc(C=O)cc3nonc23)c1OC,-5.400267,-2.81646,2.583807,0.971988743302415,3.109772874079046
4023,COc1cc2[nH]c(C(=O)O)cc2c(C=Cc2c(F)ccc3nonc23)c1OC,-5.438852,-2.527544,2.911309,0.9905537237319582,2.9919210792293622
4024,CNc1ncc2nonc2c1N=Cc1cc2cc(OC)c(OC)cc2[nH]1,-4.983587,-2.508392,2.475195,0.9065324099702124,3.1861279510021223
4025,COc1cc2cc(C#CC3:nc(C(F)(F)F)cc4nonc:34)n(C)c2cc1OC,-5.603555,-3.159697,2.443859,1.0,3.231733297589601
4028,COc1cc2cc(C(=O)O)[nH]c2c(N=Cc2c(S)ncc3nsnc23)c1OC,-5.592738,-3.045651,2.547088,0.8892056472261278,3.578310952647083
4029,COc1cc2cc(C=NC3:c(C)ncc4nsnc:34)[nH]c2cc1OC,-5.307485,-2.793351,2.514135,0.9999331860205944,3.1675820054074126
4030,COc1cc2ccn(C)c2c(N=Cc2cncc3nsnc23)c1OC,-5.126556,-2.900726,2.22583,0.901399390707815,3.302032005407412
4033,COc1c:C(c2c(OC)c(OC)cc3c2cc(C(=O)O)n3C):sc1-c1c(C=O)ccc2nonc12,-5.509188,-2.701999,2.80719,0.8012396646676392,3.2490531522712747
4035,COc1cc(-c2cncc3nsnc23)s:C:1c1c(OC)c(OC)cc2c1ccn2C,-5.100468,-2.754916,2.345553,0.7311771813349943,3.202389417353574
4036,COc1cc2[nH]c(C(=O)O)cc2c(C=Nc2c(C(F)(F)F)ccc3nsnc23)c1OC,-5.677649,-2.660743,3.016906,0.8799220147743712,3.2179718610263697
4037,COc1cc2cc(C=NC3:cc(NC(C)=O)cc4nsnc:34)[nH]c2cc1OC,-5.274094,-2.424131,2.849963,0.9998988057931044,3.012351583124202
4038,COc1cc2cc(C=Cc3nc(OC(C)=O)cc4nsnc34)[nH]c2cc1OC,-4.990875,-2.670297,2.320578,0.9992151512061808,3.197974852354971
4039,COc1cc2ccn(C)c2c(C#Cc2scc3ncc(Br)nc23)c1OC,-5.105104,-2.639046,2.466058,1.0,3.434060674494845
4040,COc1cc2cc(-c3cc(OC)c(C4:cccc5nc(C=O)cnc:45)s3)[nH]c2cc1OC,-4.710261,-2.487559,2.222702,0.977775957230383,2.9507960233323907
4041,COc1cc2cc(C=Cc3c(C#N)ccc4nsnc34)n(C)c2cc1OC,-5.255977,-2.925675,2.330302,0.7909546778118769,3.02347661118867
4042,COc1cc2c(cc(C(=O)O)n2C)c(C=Nc2c(C#N)ccc3nonc23)c1OC,-5.720936,-3.025809,2.695126,0.969510480618494,3.20682513163929
4043,COc1cc2cc[nH]c2c(C2:c(C)ncc3nonc:23)c1OC,-5.478725,-2.740829,2.737896,0.5559125866567086,3.0207495631836245
4044,COc1cc2cc(N=Cc3cccc4nc(S)cnc34)[nH]c2cc1OC,-5.017639,-2.34635,2.671289,0.9998567548424458,3.1501445663867376
4046,COc1cc2cc(C3:occ4ncc(C=O)nc:34)n(C)c2cc1OC,-4.960924,-2.694509,2.266415,0.9999992905899538,3.102476588289319
4047,COc1cc2c(cc(C(=O)O)n2C)c(C=Nc2nc(F)cc3nsnc23)c1OC,-5.69474,-2.790079,2.904662,0.957465355774733,3.427309365965672
4048,COc1cc2cc(C=Nc3occ4nc(C)cnc34)[nH]c2cc1OC,-4.968964,-2.290368,2.678595,0.999999876808604,3.1944243130997183
4050,COc1cc2cc(C=Nc3cccc4nc(C)cnc34)[nH]c2cc1OC,-5.349354,-1.966485,3.382869,0.9005213103189404,2.759527951002122
4052,CNc1ncc2nonc2c1C=Nc1cc2cc(OC)c(OC)cc2[nH]1,-4.959541,-2.784849,2.174692,0.9917441845011348,3.2764824125405845
4053,COc1cc2c(ccn2C)c(C=Cc2c(Br)ncc3nonc23)c1OC,-5.262477,-2.870372,2.392105,0.970999727658754,3.262332815866987
4054,COc1cc2cc(C=NC3:nc(Br)cc4nonc:34)n(C)c2cc1OC,-5.778655,-3.034291,2.744364,0.990928653624517,3.310060882395053
4061,COc1cc2cc(C=Nc3cccc4nc(S)cnc34)[nH]c2cc1OC,-5.283706,-2.056953,3.226753,0.8909032443663125,3.1018454894636607
4062,COc1cc2cc(C=Cc3c(C)ccc4nonc34)n(C)c2cc1OC,-4.82737,-2.31259,2.51478,0.9788928724366942,2.860635310669481
4064,COc1cc2cc(N=Cc3scc4ncc(O)nc34)n(C)c2cc1OC,-4.782561,-2.476701,2.305859,0.9999964614944112,3.452642587176758
4065,COc1cc2cc(C=Nc3occ4nccnc34)[nH]c2cc1OC,-4.845661,-2.307458,2.538203,0.9999999948199232,3.1450903864076
4066,COc1cc2cc(C=Nc3scc4ncc(O)nc34)[nH]c2cc1OC,-5.019685,-2.315276,2.70441,0.9999758076204828,3.308416620792027
4067,COc1cc2cc(C=Cc3occ4nc(C=O)cnc34)n(C)c2cc1OC,-4.740091,-2.733184,2.006907,0.999940169634174,3.285230057742117
4068,COc1cc2ccn(C)c2c(C=Cc2c(C(F)(F)F)ncc3nonc23)c1OC,-5.413218,-3.029436,2.383782,0.8583394379873093,3.322834152290456
4069,COc1cc2cc(-c3cc(OC):C(c4occ5nccnc45):s3)[nH]c2cc1OC,-4.540682,-2.123017,2.417665,0.973168989541448,3.076874262180567
4072,COc1cc2cc(-c3cc(OC):C(c4c(NC(C)=O)ccc5nsnc45):s3)[nH]c2cc1OC,-4.99852,-2.229956,2.768564,0.7512247910402281,2.9922073301771697
4073,COc1cc2cc(C=Nc3nc(S(=O)(=O)O)cc4nsnc34)[nH]c2cc1OC,-5.680105,-3.291222,2.388883,0.9842105065643444,3.395792354789246
4074,COc1cc2cc(C=Cc3c(S)ncc4nonc34)[nH]c2cc1OC,-4.927544,-2.849119,2.078425,0.9999976010661352,3.2598281592535656
4075,COc1cnc2csc(C3:sc(-c4cc5cc(OC)c(OC)cc5[nH]4)cc:3OC)c2n1,-4.620993,-1.999634,2.621359,0.961162238243286,3.106094196255812
4076,COc1cc2cc[nH]c2c(C2:nc(C=O)cc3nonc:23)c1OC,-5.492707,-3.162041,2.330665,0.8508994765755765,3.174516416030153
4077,COc1cc(-c2nc(C=O)cc3nonc23)s:C:1c1c(OC)c(OC)cc2[nH]c(C(=O)O)cc12,-5.596295,-3.268308,2.327988,0.836529168299906,3.3613027270384013
4078,COc1cc(-c2nc(O)cc3nsnc23)s:C:1c1c(OC)c(OC)cc2ccn(C)c12,-5.20472,-2.744577,2.460143,0.6426635022275353,3.411502305000999
4079,COc1cc2cc(-c3s:C(c4cc(O)cc5nsnc45):cc3OC)[nH]c2cc1OC,-4.531513,-2.38357,2.147942,0.9999982021865405,3.075689059571824
4080,COc1c:C(c2c(OC)c(OC)cc3[nH]ccc23):sc1-c1c(C#N)ncc2nsnc12,-5.297548,-2.936399,2.361149,0.7918787130186997,3.346466538520289
4084,COc1cc2cc(-c3s:C(c4nc(C=O)cc5nonc45):cc3OC)[nH]c2cc1OC,-4.93111,-3.148786,1.782324,0.9999991353229544,3.214662044138267
4085,COc1cc2cc(N=Cc3occ4nccnc34)[nH]c2cc1OC,-4.853804,-2.578613,2.275191,0.999993159365882,3.2780213754185894
4086,COc1c:C(c2c(OC)c(OC)cc3c2cc(C(=O)O)n3C):sc1-c1nc(C)cc2nonc12,-5.324737,-2.405796,2.918941,0.8946589344385887,3.2416874891841507
4088,COc1cc2cc(-c3s:C(c4occ5nc(F)cnc45):cc3OC)[nH]c2cc1OC,-4.535521,-2.475082,2.06044,0.9999999945865392,3.2797990774609094
4089,COc1cc2cc(C=Cc3cccc4ncc(S(=O)(=O)O)nc34)[nH]c2cc1OC,-4.887319,-2.693352,2.193967,0.9934467106518694,2.911932838969632
4090,COc1c:C(c2c(OC)c(OC)cc3ccn(C)c23):sc1-c1c(C#N)ncc2nonc12,-5.469228,-3.143215,2.326013,0.4959673479620872,3.407094286774636
4092,COc1cc2cc(-c3s:C(c4cc(OC(C)=O)cc5nonc45):cc3OC)[nH]c2cc1OC,-4.655011,-2.565576,2.089435,0.9999913990904908,3.034968377640345
4093,COc1c:C(c2c(OC)c(OC)cc3cc[nH]c23):sc1-c1c(C=O)ncc2nsnc12,-5.188027,-3.025623,2.162404,0.6484509927944648,3.451940004380271
4094,COc1cc2cc(C=Cc3scc4ncc(S)nc34)[nH]c2cc1OC,-4.639809,-2.357931,2.281878,0.99998004117096,3.3746570054074123
4095,COc1cc2cc(-c3s:C(c4nc(C=O)cc5nonc45):cc3OC)[nH]c2cc1OC,-4.931112,-3.148788,1.782324,0.9999991279345088,3.214662044138267
4096,COc1c:C(c2c(OC)c(OC)cc3[nH]ccc23):sc1-c1nc(C=O)cc2nsnc12,-5.190071,-2.737119,2.452952,0.8647992405549796,3.380330497033685
4097,COc1cc2[nH]ccc2c(C=Cc2c(C=O)ncc3nonc23)c1OC,-5.304023,-2.918683,2.38534,0.8010017440220154,3.317526104848275
4099,COc1c:C(c2c(OC)c(OC)cc3[nH]c(C(=O)O)cc23):sc1-c1c(C#N)ccc2nonc12,-5.582422,-2.828569,2.753853,0.7812452620199897,3.205800323192248
4101,COc1cc2cc(-c3s:C(c4cc(S)cc5nccnc45):cc3OC)[nH]c2cc1OC,-4.500732,-2.218072,2.28266,0.976159658916916,3.0955431158755173
4102,COc1c:C(c2c(OC)c(OC)cc3[nH]c(C(=O)O)cc23):sc1-c1nncc2nonc12,-5.546786,-2.829578,2.717208,0.8919858087015862,3.30209327240439
4103,COc1c:C(c2c(OC)c(OC)cc3[nH]ccc23):sc1-c1scc2ncc(C=O)nc12,-4.899785,-2.555762,2.344023,0.8987873482371527,3.3268190017873582
4105,COc1cc2cc(-c3s:C(c4c(C=O)ccc5c4SCS5):cc3OC)[nH]c2cc1OC,-4.743327,-1.893489,2.849838,0.6659291955443354,3.359354351830574
4106,COc1cc2cc(N=Cc3c(C#N)ccc4ccccc34)[nH]c2cc1OC,-5.051643,-2.390452,2.661191,0.9932449557998496,2.7355626482285533
4110,COc1cc2cc(C=Nc3scc4ncc(S)nc34)[nH]c2cc1OC,-5.078682,-2.478652,2.60003,0.9999659498639628,3.4325570054074115
4112,COc1cc2cc(C(=O)O)n(C)c2c(C=Cc2scc3ncc(C#N)nc23)c1OC,-5.329261,-3.000443,2.328818,0.9347849803366766,3.423329527243686
4113,COc1cc2[nH]ccc2c(C=Cc2cc(C#N)cc3nsnc23)c1OC,-5.316852,-2.67238,2.644472,0.8326322591448541,3.123774104848275
4114,COc1cc2cc(C#CC3:occ4ncc(C=O)nc:34)[nH]c2cc1OC,-5.057296,-2.853057,2.204239,1.0,3.421099027925199
4117,COc1cc2cc(-c3s:C(c4c(F)ccc5nccnc45):cc3OC)[nH]c2cc1OC,-4.435006,-2.268264,2.166742,0.9999994491201624,2.8379128652272883
4118,COc1cc2[nH]c(C(=O)O)cc2c(C=Nc2c(C#N)ncc3nsnc23)c1OC,-5.783899,-3.199992,2.583907,0.9388955541888244,3.399062482496835
4120,COc1cc2cc(-c3cc(OC)c(C4:nc(C)cc5nsnc:45)s3)[nH]c2cc1OC,-4.809136,-2.378223,2.430912,0.9628028559136192,3.0977559647596573
4123,COc1cc2cc(N=Cc3c(OC)ccc4nsnc34)n(C)c2cc1OC,-4.968849,-2.605997,2.362852,0.9846498355753216,3.031782505294565
4124,COc1cc2cc(C=Cc3c(C=O)ccc4nsnc34)n(C)c2cc1OC,-5.035597,-2.693912,2.341685,0.9191543802305756,3.029935752047812
4126,COc1c:C(c2c(OC)c(OC)cc3c2cc(C(=O)O)n3C):sc1-c1cc(C=O)cc2nonc12,-5.396884,-2.773509,2.623375,0.7779222038557094,3.274702445834854
4127,COc1cc2cc(C=Nc3cccc4ccc(S(=O)(=O)O)cc34)[nH]c2cc1OC,-5.439924,-2.053839,3.386086,0.9108437948676368,2.6559546025718817
4130,COc1cc2cc(C=Cc3c(OC(C)=O)ccc4nsnc34)[nH]c2cc1OC,-4.99189,-2.438087,2.553803,0.9808738405882282,2.9090886985088176
4131,COc1cc2cc(-c3s:C(c4c(C(F)(F)F)ccc5nsnc45):cc3OC)[nH]c2cc1OC,-4.734578,-2.753723,1.980855,0.8690767848990488,3.0704097798894354
4132,COc1cc2cc(C=Nc3occ4ncc(F)nc34)[nH]c2cc1OC,-4.910837,-2.365915,2.544922,0.9999999389175812,3.348407005407412
4133,COc1cc2cc(C=Nc3cccc4ncc(C=O)nc34)[nH]c2cc1OC,-5.443242,-2.604592,2.83865,0.8824340064225313,2.939676257696009
4134,COc1cc2cc(C(=O)O)n(C)c2c(C=Cc2nc(C#N)cc3nonc23)c1OC,-5.794548,-3.259622,2.534926,0.9563471905587256,3.4179295272436843
4135,COc1c:C(c2c(OC)c(OC)cc3[nH]ccc23):sc1-c1c(C#N)ccc2nccnc12,-5.136231,-2.320571,2.81566,0.7343183607111519,3.0449995350380776
4137,COc1c:C(c2c(OC)c(OC)cc3cc(C(=O)O)n(C)c23):sc1-c1cc(F)cc2nsnc12,-5.432563,-2.336286,3.096277,0.5095934140119485,3.282692509427066
4138,COc1cc2cc(C(=O)O)n(C)c2c(N=Cc2c(C#N)ccc3nonc23)c1OC,-5.560439,-3.300734,2.259705,0.8861881493690675,3.29850480196896
4139,COc1c:C(c2c(OC)c(OC)cc3cc(C(=O)O)[nH]c23):sc1-c1cc(C=O)cc2nsnc12,-5.338358,-2.820153,2.518205,0.8965537233456,3.336771957807633
4141,COc1cc2nsnc2c(N=Cc2cc3cc(OC)c(OC)cc3[nH]2)n1,-5.393484,-2.686653,2.706831,0.9932200967195433,3.222530412540584
4142,COc1c:C(c2c(OC)c(OC)cc3cc(C(=O)O)[nH]c23):sc1-c1nc(O)cc2nonc12,-5.527315,-2.627682,2.899632,0.8985535816060488,3.40581275755693
4143,COc1cc2ccn(C)c2c(C=Nc2c(C#N)ccc3nonc23)c1OC,-5.617105,-2.77851,2.838595,0.7913367194285328,3.222426061738121
4145,COc1c:C(c2c(OC)c(OC)cc3c2cc(C(=O)O)n3C):sc1-c1scc2ncc(Br)nc12,-5.167182,-2.392197,2.774985,0.7574566683481416,3.357349513475649
4146,COc1cc2c(ccn2C)c(C=Cc2nc(S)cc3nsnc23)c1OC,-5.185198,-2.574286,2.610912,0.990471004822107,3.448818054952226
4147,COc1cc2cc(-c3cc(OC):C(c4c(O)ccc5nccnc45):s3)[nH]c2cc1OC,-4.710891,-1.791261,2.91963,0.8566702629347491,2.861796702738093
4148,COc1cc2cc(-c3cc(OC)c(C4:nccc5nonc:45)s3)[nH]c2cc1OC,-4.961106,-2.496873,2.464233,0.9856473685077428,2.9858803061366093
4149,COc1cc2c(cc(C(=O)O)n2C)c(C=Cc2nc(S(=O)(=O)O)cc3nsnc23)c1OC,-5.866797,-3.292442,2.574355,0.981008782944872,3.4390435605777547
4150,COc1cc(-c2cc(OC):C(c3c(OC)c(OC)cc4[nH]c(C(=O)O)cc34):s2)c2nsnc2c1,-5.128714,-2.275709,2.853005,0.7864409746351034,3.14321426549994
4151,COc1cc2cc(C=Nc3occ4ncc(C(F)(F)F)nc34)[nH]c2cc1OC,-5.350423,-2.782998,2.567425,0.9997697921727452,3.306971906882721
4152,COc1c:C(c2c(OC)c(OC)cc3cc(C(=O)O)n(C)c23):sc1-c1cccc2nonc12,-5.432396,-2.27214,3.160257,0.5576732359656907,3.099279755075539
4153,COc1cc2cc(C(=O)O)[nH]c2c(C=Nc2nc(C#N)cc3nsnc23)c1OC,-6.120638,-3.219682,2.900956,0.9794300970479995,3.524258730151619
4154,COc1cc2nonc2c(-c2cc(OC):C(c3c(OC)c(OC)cc4c3ccn4C):s2)n1,-5.192904,-2.691835,2.50107,0.7903159501793258,3.2186861718126742
4155,COc1cc2c(ccn2C)c(C=Cc2nc(C=O)cc3nsnc23)c1OC,-5.250887,-2.867195,2.383692,0.9912999961799758,3.3512564313684914
4156,COc1c:C(c2c(OC)c(OC)cc3cc[nH]c23):sc1-c1nc(C(F)(F)F)cc2nonc12,-5.44928,-2.80501,2.644269,0.9156593030084494,3.359788439939063
4161,COc1cnc2c(C=Cc3cc4cc(OC)c(OC)cc4[nH]3)scc2n1,-4.557954,-2.122982,2.434972,0.9999999998991568,3.0751224125405834
4166,COc1cc2cc(C=Cc3cc(C#N)cc4nccnc34)n(C)c2cc1OC,-4.900669,-2.504415,2.396254,0.9978732706855712,2.872957160047278
4167,COc1cc2cc(C#CC3:scc4ncc(C=O)nc:34)n(C)c2cc1OC,-5.211038,-2.96139,2.249648,1.0,3.344748739060797
4168,COc1cc2cc(C=Cc3c(OC)ncc4nsnc34)n(C)c2cc1OC,-4.598754,-2.582877,2.015877,0.9993597606099188,3.115409678121738
4169,COc1cc2ccn(C)c2c(C=Nc2scc3ncc(C#N)nc23)c1OC,-5.399055,-2.89945,2.499605,0.9313642047955236,3.4231503374623973
4170,COc1cc2cc(C=Nc3cccc4nc(OC(C)=O)cnc34)n(C)c2cc1OC,-5.39344,-2.028746,3.364694,0.8696993321563425,2.985414485226878
4172,COc1cc2cc(C=Cc3cc(C)cc4nonc34)n(C)c2cc1OC,-4.842102,-2.303921,2.538182,0.9998861513896352,2.8743654561996266
4174,COc1cc2cc(C(=O)O)n(C)c2c(C=Nc2scc3ncc(C#N)nc23)c1OC,-5.587784,-2.998758,2.589026,0.9217909311042009,3.4631421646063227
4176,COc1cc2cc(-c3s:C(c4cc(F)cc5nonc45):cc3OC)[nH]c2cc1OC,-4.926291,-2.71822,2.20807,0.9999902964573164,2.9637944262981204
4177,COc1cc2cc(C=Cc3nc(NC(C)=O)cc4nonc34)n(C)c2cc1OC,-5.408967,-2.79907,2.609898,0.9999116153202314,3.0941212066994623
4178,COc1cc2[nH]ccc2c(C=Cc2nc(O)cc3nsnc23)c1OC,-5.213623,-2.496335,2.717288,0.9910440635750076,3.301807005407412
4179,COc1cc2cc(C=Cc3c(S(=O)(=O)O)ncc4nsnc34)[nH]c2cc1OC,-5.244969,-3.53999,1.704979,0.5842541795214314,3.262110368421183
4181,COc1cc2cc(C=Cc3nc(C(F)(F)F)cc4nsnc34)n(C)c2cc1OC,-5.358426,-2.972441,2.385984,0.9999717491797172,3.212446118102422
4182,COc1c:C(c2c(OC)c(OC)cc3ccn(C)c23):sc1-c1occ2ncc(C=O)nc12,-5.200873,-2.579511,2.621362,0.5382621771635759,3.463400964712082
4183,COc1cc2cc(C=Cc3occ4nc(S)cnc34)n(C)c2cc1OC,-4.776616,-2.321844,2.454772,0.9997190274473926,3.463670861605033
4184,COc1cc2[nH]c(C(=O)O)cc2c(C=Cc2c(Br)ccc3nsnc23)c1OC,-5.433806,-2.546267,2.88754,0.9153795651044646,3.0837070578077457
4185,COc1cc(-c2cccc3ncc(C#N)nc23)s:C:1c1c(OC)c(OC)cc2c1ccn2C,-5.048554,-2.682433,2.366121,0.7535446658465328,3.035405857182081
4187,COc1cc2cc(C(=O)O)[nH]c2c(C=Cc2cc(C#N)cc3nonc23)c1OC,-5.846805,-3.142403,2.704401,0.9612741237392284,3.195402444973383
4188,COc1c:C(c2c(OC)c(OC)cc3c2cc(C(=O)O)n3C):sc1-c1scc2nc(S)cnc12,-5.056863,-2.157148,2.899716,0.7807417184502946,3.522535586350143
4190,COc1cc2cc(-c3s:C(c4cc(O)cc5nccnc45):cc3OC)[nH]c2cc1OC,-4.690115,-2.172759,2.517357,0.9735845065694236,2.9267304970336845
4192,COc1cc2cc(C(=O)O)[nH]c2c(C=Cc2occ3nc(C#N)cnc23)c1OC,-5.476905,-3.012819,2.464086,0.9865823988954971,3.4507305875625
4195,COc1cc2cc(C=Nc3nc(C#N)cc4nonc34)n(C)c2cc1OC,-5.810825,-3.194542,2.616283,0.9999778230902532,3.346910177622238
4197,COc1cc(-c2cc(C#N)cc3nonc23)s:C:1c1c(OC)c(OC)cc2c1cc(C(=O)O)n2C,-5.516915,-3.116933,2.399982,0.8042902766751798,3.2480500125538496
4198,COc1cc2cc(C=Nc3nc(NC(C)=O)cc4nsnc34)[nH]c2cc1OC,-5.29321,-2.585853,2.707357,0.9793890236172986,3.2111460062011243
4199,CNc1cnc2c(N=Cc3cc4cc(OC)c(OC)cc4[nH]3)occ2n1,-4.608617,-2.014628,2.59399,0.999998226329092,3.2865587202328914
4202,COc1cc2cc(C#CC3:occ4ncc(C=O)nc:34)[nH]c2cc1OC,-5.191069,-2.907066,2.284003,1.0,3.421099027925199
4203,COc1cc2[nH]c(C(=O)O)cc2c(C=Nc2cc(C#N)cc3nsnc23)c1OC,-5.784433,-2.926193,2.85824,0.9319853243501608,3.259098129776385
4205,COc1cc2cc(C=NC3:c(C)ccc4nonc:34)[nH]c2cc1OC,-5.313752,-2.527215,2.786537,0.9996653742271668,2.902937774638181
4206,COc1cc2c(cc(C(=O)O)n2C)c(C=Cc2nc(C)cc3nsnc23)c1OC,-5.467327,-2.636895,2.830431,0.9702781305167392,3.1906016736579774
4207,COc1cc2c(cc(C(=O)O)n2C)c(C=Cc2c(Br)ncc3nsnc23)c1OC,-5.45542,-2.939011,2.516409,0.9396227692361696,3.337324750581055
4208,COc1cc2cc(C=NC3:nc(F)cc4nonc:34)[nH]c2cc1OC,-5.91057,-3.090122,2.820448,0.9999979805386704,3.2476454669458743
4209,COc1cc2cc(C#CC3:c(F)ccc4nonc:34)[nH]c2cc1OC,-5.213554,-2.662917,2.550636,1.0,2.9587127746381814
4211,COc1cc2cc(C=Nc3cc(C#N)cc4nsnc34)n(C)c2cc1OC,-5.282764,-2.909241,2.373523,0.9967894680197038,3.180639448351508
4212,COc1cc2cc(N=Cc3c(OC)ccc4nccnc34)[nH]c2cc1OC,-5.082841,-2.334538,2.748303,0.9925795056342296,2.8661034766309204
4214,COc1cc2cc(-c3cc(OC):C(c4cc(Br)cc5nonc45):s3)[nH]c2cc1OC,-4.914444,-2.505729,2.408715,0.9819968120073796,3.0067158932033067
4215,COc1cc2cc(C(=O)O)[nH]c2c(C=Cc2cc(Br)cc3nonc23)c1OC,-5.726851,-2.814986,2.911864,0.9590919015300275,3.110086609901222
4217,COc1cc2cc(C(=O)O)n(C)c2c(C=Cc2nc(S)cc3nonc23)c1OC,-5.656108,-2.878698,2.77741,0.9455703152354088,3.504011930068234
4218,COc1cc2[nH]ccc2c(C=Cc2scc3nc(Br)cnc23)c1OC,-4.997123,-2.438858,2.558265,0.9851760548385112,3.300351236176642
4219,COc1cc2cc(-c3s:C(c4cc(S(=O)(=O)O)cc5ccccc45):cc3OC)[nH]c2cc1OC,-4.785319,-1.981308,2.804011,0.8516766193003247,2.7337359001153256
4221,COc1cc(-c2cc(C=O)cc3nsnc23)s:C:1c1c(OC)c(OC)cc2cc(C(=O)O)[nH]c12,-5.313902,-3.032058,2.281844,0.9006570177553289,3.329531573192248
4222,COc1c:C(c2c(OC)c(OC)cc3cc[nH]c23):sc1-c1cc(Br)cc2nccnc12,-5.072161,-2.190538,2.881623,0.8977783870065565,3.064891776203954
4223,COc1cc2cc(N=Cc3scc4nc(C(F)(F)F)cnc34)[nH]c2cc1OC,-5.230921,-3.004363,2.226559,0.9999903588785244,3.3471380217804825
4224,COc1cc2[nH]ccc2c(C=Cc2c(F)ccc3nsnc23)c1OC,-5.010659,-2.291833,2.718826,0.9871013925321506,2.977887774638182
4226,CNc1cnc2c(C=Cc3cc4cc(OC)c(OC)cc4n3C)occ2n1,-4.370172,-1.885605,2.484566,0.9997407154927764,3.2116925952046547
4227,COc1cc2cc[nH]c2c(C=Cc2scc3ncc(C)nc23)c1OC,-4.892494,-2.223835,2.668659,0.977477042116337,3.216720466945873
4230,COc1c:C(c2c(OC)c(OC)cc3[nH]c(C(=O)O)cc23):sc1-c1c(O)ncc2nonc12,-5.195221,-2.630582,2.56464,0.7536985112744987,3.358131367978765
4232,COc1c:C(c2c(OC)c(OC)cc3c2ccn3C):sc1-c1c(O)ncc2nonc12,-4.944935,-2.53255,2.412385,0.8050900325442473,3.3366968854205785
4233,COc1cc2nonc2c(C=Cc2c(OC)c(OC)cc3[nH]ccc23)n1,-5.313989,-2.567448,2.74654,0.9922141298512706,3.155031335617508
4234,COc1cc2c:C(c3c(O)ccc4nsnc34):n(C)c2cc1OC,-5.012214,-2.249617,2.762597,0.5727203197612785,2.724372849238888
4235,COc1cc(-c2scc3nc(C#N)cnc23)s:C:1c1c(OC)c(OC)cc2c1cc(C(=O)O)n2C,-5.272984,-3.050968,2.222016,0.7956819205322437,3.413844989005968
4236,COc1cc2cc(C=NC3:c(O)ncc4nonc:34)[nH]c2cc1OC,-5.084629,-2.743257,2.341372,0.9999998425474002,3.232782005407412
4239,COc1cc2cc(C(=O)O)n(C)c2c(C=Nc2occ3ncc(C#N)nc23)c1OC,-5.547591,-3.002549,2.545041,0.9487709136656284,3.5549701865843453
4241,COc1cc2cc(C=NC3:nc(Br)cc4nsnc:34)n(C)c2cc1OC,-5.390041,-2.824013,2.566028,0.99999999252447,3.358211817945989
4242,COc1cc2c(cc(C(=O)O)n2C)c(C=Cc2nc(NC(C)=O)cc3nsnc23)c1OC,-5.435975,-2.626861,2.809114,0.9899220193457394,3.2739669282213475
4244,COc1cc2cc(C=Nc3nc(S)cc4nonc34)[nH]c2cc1OC,-5.485332,-2.840568,2.644764,0.9999999979345632,3.406851236176643
4245,COc1cc2cc(C=Cc3nc(OC(C)=O)cc4nsnc34)n(C)c2cc1OC,-4.94836,-2.645535,2.302825,0.9985216504913236,3.229433589438674
4246,COc1cc2cc(N=Cc3c(OC)ccc4nsnc34)[nH]c2cc1OC,-4.807229,-2.524338,2.282892,0.9977087251633112,3.010743335617506
4247,COc1cc2cc(C=Nc3c(OC(C)=O)ccc4nsnc34)n(C)c2cc1OC,-5.087498,-2.362275,2.725223,0.9361503344962776,3.066391750789518
4248,COc1cc2c(ccn2C)c(C2:nc(C#N)cc3nsnc:23)c1OC,-5.522621,-3.050545,2.472076,0.5700309387760599,3.173602915483252
4249,COc1cc2cc(C(=O)O)[nH]c2c(C=Nc2nc(C=O)cc3nonc23)c1OC,-6.044214,-3.300491,2.743723,0.9810298209448732,3.481997566924603
4250,COc1cc2c(cc(C(=O)O)n2C)c(C=Cc2c(C)ncc3nonc23)c1OC,-5.410272,-2.773463,2.636809,0.9831516558835972,3.1854324428887466
4251,COc1cc2cc(C=NC3:cccc4nonc:34)n(C)c2cc1OC,-5.139022,-2.442354,2.696668,0.9999999732624792,2.8713012361766417
4252,COc1cc2[nH]ccc2c(C=Nc2nc(Br)cc3nsnc23)c1OC,-5.456456,-2.743011,2.713446,0.9552258302773718,3.4207935438689496
4255,COc1cc2c(ccn2C)c(C=Nc2occ3ncc(C)nc23)c1OC,-4.855353,-2.039756,2.815597,0.9997208930296644,3.291589364723536
4256,COc1cc2cc[nH]c2c(C=Nc2cc(C#N)cc3nccnc23)c1OC,-5.571961,-2.509847,3.062114,0.8509224824982475,3.129601109767014
4257,COc1cc2cc(C(=O)O)[nH]c2c(C=Cc2cc(F)cc3nonc23)c1OC,-5.706561,-2.709436,2.997125,0.9543999295730315,3.0937253635526343
4259,COc1cc2cc(C#CC3:occ4ncc(C=O)nc:34)[nH]c2cc1OC,-5.241361,-2.930994,2.310367,1.0,3.421099027925199
4262,COc1cc2c(ccn2C)c(C=Cc2occ3nc(C#N)cnc23)c1OC,-5.07157,-2.756965,2.314605,0.9895369252043916,3.3724842035962626
4265,COc1cc2cc(-c3cc(OC)c(C4:nncc5nonc:45)s3)n(C)c2cc1OC,-5.253966,-2.864763,2.389202,0.9354319174431496,3.2120350345271
4266,COc1cc2[nH]ccc2c(C=Nc2c(Br)ncc3nsnc23)c1OC,-5.372209,-2.786406,2.585802,0.8842334020095003,3.37296854386895
4267,COc1cc2cc(C=NC3:c(F)ccc4nonc:34)[nH]c2cc1OC,-5.195263,-2.517042,2.678221,0.9909363367754136,2.9498973900227963
4271,COc1cc2cc(C3:nc(F)cc4nonc:34)n(C)c2cc1OC,-5.599881,-2.866467,2.733414,0.9999715719198952,2.9653447949402434
4272,COc1cc2cc[nH]c2c(C=Cc2c(Br)ncc3nsnc23)c1OC,-5.372811,-3.046376,2.326435,0.9159980914858066,3.379258928484335
4273,COc1cc2cc(C=Cc3c(S)ncc4nonc34)n(C)c2cc1OC,-5.008992,-2.888905,2.120087,0.9997387115147162,3.286514936449107
4274,COc1cc2c(cc(C(=O)O)n2C)c(C=Cc2c(C(F)(F)F)ncc3nsnc23)c1OC,-5.483756,-2.988478,2.495278,0.8964846145009786,3.3422967074309016
4277,COc1c:C(c2c(OC)c(OC)cc3cc[nH]c23):sc1-c1scc2ncc(S)nc12,-4.814196,-2.210221,2.603975,0.8994402088464933,3.522763657067351
4278,COc1cc2cc(C=Cc3c(C)ncc4nsnc34)n(C)c2cc1OC,-4.889647,-2.716251,2.173396,0.9996091689153116,3.0848849988191693
4279,COc1cc2cc(C(=O)O)[nH]c2c(C#Cc2nc(C#N)cc3nonc23)c1OC,-6.058089,-3.481048,2.577042,1.0,3.429348411202276
4280,COc1cc2cc(C#Cc3occ4ncc(C(F)(F)F)nc34)[nH]c2cc1OC,-5.309161,-2.779421,2.529739,1.0,3.361311926356917
4281,COc1cc2c(cc(C(=O)O)n2C)c(C=Cc2cc(NC(C)=O)cc3nsnc23)c1OC,-5.353929,-2.317367,3.036562,0.932916206551908,3.094659235913656
4282,COc1cc2cc[nH]c2c(C=Cc2c(F)ncc3nsnc23)c1OC,-5.303335,-2.935723,2.367612,0.9658063692239164,3.329212774638181
4284,COc1cc(-c2cncc3nsnc23)s:C:1c1c(OC)c(OC)cc2[nH]c(C(=O)O)cc12,-5.273453,-2.876439,2.397014,0.8371285563340151,3.228153289310561
4286,COc1cc2ccn(C)c2c(C=Cc2nc(C(F)(F)F)cc3nonc23)c1OC,-5.56228,-3.0105,2.55178,0.9750692135254266,3.314711075367379
4287,COc1cc2ccn(C)c2c(C2:nc(F)cc3nsnc:23)c1OC,-5.457106,-2.783522,2.673583,0.4532107492239797,3.191588912587304
4289,COc1cc2cc(C#Cc3cccc4ncc(F)nc34)n(C)c2cc1OC,-4.839188,-2.229007,2.610181,1.0,2.939655232567292
4290,COc1cc(-c2c(OC)c(OC)cc3cc[nH]c23)sc1C1:c(C#N)ccc2nonc:12,-5.370309,-2.835402,2.534907,0.7976153112839834,3.209808111553997
4291,COc1cc2[nH]ccc2c(C=Nc2c(C)ncc3nonc23)c1OC,-5.367233,-2.656156,2.711076,0.979480024065102,3.232330082330489
4292,COc1cc2cc(C=Cc3cc(C(F)(F)F)cc4nsnc34)n(C)c2cc1OC,-5.092458,-2.691991,2.400467,0.9876153504426788,3.002856374512679
4293,COc1cc2cc(C=Cc3cc(Br)cc4nonc34)n(C)c2cc1OC,-5.019852,-2.622941,2.39691,0.9999279150474844,2.92354736888154
4295,COc1cc2cc(-c3cc(OC)c(C4:scc5nc(Br)cnc:45)s3)[nH]c2cc1OC,-4.709803,-2.406747,2.303056,0.9731729398122844,3.1984110631496394
4296,COc1cc2cc(-c3cc(OC)c(C4:scc5nc(Br)cnc:45)s3)[nH]c2cc1OC,-4.709785,-2.406751,2.303034,0.9731653986070564,3.1984110631496394
4297,COc1cnc2c(N=Cc3cc4cc(OC)c(OC)cc4[nH]3)scc2n1,-4.989743,-2.296397,2.693346,0.9999490876618544,3.130706412540583
4299,COc1cc2c(ccn2C)c(C=Cc2cc(C)cc3nsnc23)c1OC,-4.979183,-2.125678,2.853505,0.950932155621414,2.993303917738089
4300,COc1cc2cc[nH]c2c(N=Cc2c(O)ncc3nsnc23)c1OC,-5.344154,-2.826914,2.51724,0.930062875523509,3.48354354386895
4301,COc1cc2cc(C=Cc3scc4nc(NC(C)=O)cnc34)n(C)c2cc1OC,-4.520807,-2.238306,2.282502,0.9998098148279484,3.1089315256488046
4302,COc1cc2cc(-c3cc(OC)c(C4:c(S)ncc5nsnc:45)s3)n(C)c2cc1OC,-4.81189,-2.682027,2.129863,0.6666470922305922,3.3793147175884126
4303,COc1cc2c(cc(C(=O)O)n2C)c(C=Cc2nc(Br)cc3nonc23)c1OC,-5.678644,-3.020318,2.658326,0.9915733367399246,3.305172613828917
4306,COc1cc2cc(N=Cc3occ4ncc(C)nc34)[nH]c2cc1OC,-4.785191,-2.425848,2.359343,0.9999997452963646,3.316182005407412
4307,CNc1ccc2nsnc2c1N=Cc1cc2cc(OC)c(OC)cc2[nH]1,-4.650026,-2.122343,2.527683,0.9996857555810166,3.053347027925198
4308,COc1cc2cc(C=NC3:c(Br)ncc4nonc:34)n(C)c2cc1OC,-5.495265,-3.097524,2.39774,0.9998796177652298,3.2737072441414155
4309,COc1cc(C2:sc(-c3cc4cc(OC)c(OC)cc4[nH]3)cc:2OC)c2nonc2c1,-4.748136,-2.095995,2.652141,0.9789493660413958,2.9452999006637643
4311,COc1cc2cc(N=Cc3cc(NC(C)=O)cc4nsnc34)[nH]c2cc1OC,-5.127735,-2.599984,2.527751,0.9999784727118928,3.0951636985088165
4312,COc1cc2cc(C=Nc3cccc4ncc(C(F)(F)F)nc34)[nH]c2cc1OC,-5.512646,-2.456232,3.056414,0.9135717222541582,2.9097326513523694
4314,COc1cc2cc(-c3cc(OC)c(C4:c(Br)ncc5nsnc:45)s3)[nH]c2cc1OC,-5.049194,-2.922266,2.126929,0.743923201303677,3.2319396856898903
4316,COc1cc2cc(N=Cc3c(S(=O)(=O)O)ccc4ccccc34)n(C)c2cc1OC,-5.386484,-2.587292,2.799192,0.9020833334507026,2.8084778788920364
4317,COc1cc2cc(C=Nc3cc(S)cc4nccnc34)[nH]c2cc1OC,-5.337973,-2.097923,3.24005,0.8915231331139366,3.1313488740790447
4318,COc1cc2cc(C(=O)O)n(C)c2c(N=Cc2cncc3nonc23)c1OC,-5.513021,-3.129758,2.383264,0.8883793220379592,3.322428771537054
4319,COc1cc2cc(C=Cc3cccc4nc(Br)cnc34)n(C)c2cc1OC,-4.782232,-2.238353,2.543879,0.9861273820476716,2.796203684115742
4320,COc1cc2cc(-c3cc(OC):C(c4occ5nc(F)cnc45):s3)[nH]c2cc1OC,-4.646065,-2.228624,2.417441,0.979505012002597,3.267722333274863
4321,COc1cc2cc[nH]c2c(C=Cc2c(C(F)(F)F)ncc3nonc23)c1OC,-5.566656,-3.184667,2.381988,0.8917395399220349,3.321317573873957
4322,COc1cc2c(ccn2C)c(C=Cc2cc(Br)cc3nccnc23)c1OC,-5.235462,-2.071998,3.163464,0.8264145637933988,2.85882785993992
4325,COc1cc2[nH]ccc2c(N=Cc2c(C(F)(F)F)ccc3nonc23)c1OC,-5.217275,-2.887889,2.329386,0.9292595323976656,3.204142306103754
4326,COc1cc2cc(C(=O)O)[nH]c2c(C=Cc2c(Br)ccc3nonc23)c1OC,-5.647592,-2.767332,2.88026,0.9173511749832848,3.1236523353150485
4327,COc1cc(-c2nncc3nsnc23)s:C:1c1c(OC)c(OC)cc2cc(C(=O)O)n(C)c12,-5.516957,-3.183892,2.333065,0.5882126747205878,3.4336703257951413
4330,COc1cc(-c2nc(O)cc3nsnc23)s:C:1c1c(OC)c(OC)cc2cc(C(=O)O)[nH]c12,-5.328602,-2.838278,2.490324,0.9000176808934073,3.422965611154944
4331,COc1cc2cc[nH]c2c(C=Cc2scc3ncc(C#N)nc23)c1OC,-5.205383,-2.982586,2.222797,0.9884607942373632,3.3833913356175067
4332,COc1c:C(c2c(OC)c(OC)cc3[nH]ccc23):sc1-c1nc(C#N)cc2nonc12,-5.398178,-2.841632,2.556547,0.9011904780499996,3.350071205763159
4333,COc1c:C(c2c(OC)c(OC)cc3c2cc(C(=O)O)n3C):sc1-c1c(C#N)ncc2nsnc12,-5.504039,-3.055222,2.448816,0.7721715427526015,3.4155658681268486
4334,CNc1ccc2nonc2c1C1:cc(OC)c(-c2cc3cc(OC)c(OC)cc3[nH]2)s:1,-4.697643,-2.321746,2.375897,0.9450684042729196,3.0214179646222776
4335,COc1cc2cc(-c3s:C(c4cc(C#N)cc5nccnc45):cc3OC)[nH]c2cc1OC,-4.661993,-2.667481,1.994513,0.9817965813315456,2.960455220656806
4337,COc1cc2[nH]c(C(=O)O)cc2c(C=Nc2c(C#N)ccc3nsnc23)c1OC,-5.710158,-2.869313,2.840845,0.9139354954105708,3.205498317393646
4338,COc1c:C(c2c(OC)c(OC)cc3[nH]c(C(=O)O)cc23):sc1-c1occ2ncc(C#N)nc12,-5.120948,-2.66065,2.460298,0.896115534675334,3.4171517654999395
4339,COc1c:C(c2c(OC)c(OC)cc3c2ccn3C):sc1-c1nc(C)cc2nonc12,-5.097287,-2.263179,2.834108,0.8977629883369571,3.1811196126933066
4341,COc1cc2cc(-c3cc(OC)c(C4:c(C=O)ncc5nsnc:45)s3)[nH]c2cc1OC,-4.873806,-2.901052,1.972754,0.9006812957038177,3.2918504624615164
4342,COc1cc2ccn(C)c2c(C=Cc2nc(C#N)cc3nsnc23)c1OC,-5.396601,-3.045782,2.350819,0.9740071416143524,3.420102385414445
4344,COc1cc2cc(-c3cc(OC):C(c4c(O)ncc5nsnc45):s3)[nH]c2cc1OC,-4.672453,-2.59342,2.079033,0.7907214395707103,3.234129310019049
4345,COc1cc2cc(-c3s:C(c4c(S(=O)(=O)O)ccc5nccnc45):cc3OC)[nH]c2cc1OC,-4.904692,-2.677858,2.226834,0.8005498738029024,2.9760854193460933
4347,COc1c:C(c2c(OC)c(OC)cc3[nH]c(C(=O)O)cc23):sc1-c1scc2nc(C#N)cnc12,-5.321685,-2.764245,2.55744,0.7547711401348889,3.3707209962691707
4348,COc1cc2cc(C(=O)O)n(C)c2c(C=Cc2nc(C=O)cc3nsnc23)c1OC,-5.574917,-3.057778,2.517139,0.9440031054830488,3.461511944826104
4349,COc1cc2ccn(C)c2c(C=Cc2nc(C#N)cc3nonc23)c1OC,-5.56369,-3.153722,2.409968,0.97668346696869,3.3738274603395206
4350,COc1cc2ccn(C)c2c(C=Cc2c(C=O)ncc3nonc23)c1OC,-5.268295,-3.064989,2.203306,0.6234125026369262,3.389978908890968
4353,COc1cc2cc(-c3s:C(c4c(C#N)ccc5nsnc45):cc3OC)[nH]c2cc1OC,-5.001948,-3.027028,1.97492,0.9995225315796458,3.058300073524612
4354,COc1c:C(c2c(OC)c(OC)cc3[nH]ccc23):sc1-c1nc(C=O)cc2nonc12,-5.339088,-2.770181,2.568907,0.8951087482335287,3.3402948876992
4355,COc1cc2cc(-c3s:C(c4c(OC)ccc5nsnc45):cc3OC)[nH]c2cc1OC,-4.316391,-2.382041,1.93435,0.999999907504408,2.9245960112947067
4357,COc1cc(C2:cc(OC)c(-c3cc4cc(OC)c(OC)cc4[nH]3)s:2)c2nonc2c1,-4.606319,-2.354662,2.251657,0.9999996872858056,2.9347005921071503
4359,COc1c:C(c2c(OC)c(OC)cc3ccn(C)c23):sc1-c1nc(F)cc2nsnc12,-5.334173,-2.612829,2.721344,0.5917910081829902,3.413004927378621
4360,COc1cc2cc(-c3s:C(c4c(OC(C)=O)ccc5nsnc45):cc3OC)[nH]c2cc1OC,-4.654215,-2.551891,2.102324,0.997277321138806,3.021967722975861
4362,COc1cc2[nH]c(C(=O)O)cc2c(C=Nc2c(C#N)ncc3nonc23)c1OC,-5.868032,-3.372544,2.495488,0.9935189544448008,3.364794940282952
4363,COc1c:C(c2c(OC)c(OC)cc3c2cc(C(=O)O)n3C):sc1-c1nncc2nonc12,-5.497797,-2.815398,2.682399,0.8940083760546478,3.3299953878298822
4365,COc1cc2cc(C=Nc3scc4ncc(C(F)(F)F)nc34)[nH]c2cc1OC,-5.371695,-2.834984,2.53671,0.999586692216417,3.2093319847795083
4366,COc1cc2cc(C=Cc3c(OC)ncc4nonc34)n(C)c2cc1OC,-4.69203,-2.713849,1.978181,0.9998478087643656,3.07891697082903
4367,COc1cc2cc(C(=O)O)[nH]c2c(C=Cc2cc(C#N)cc3nsnc23)c1OC,-5.708474,-3.035332,2.673142,0.9627287771275586,3.2241061973186
4368,COc1cc2cc(-c3cc(OC)c(C4:c(C#N)ccc5nonc:45)s3)n(C)c2cc1OC,-5.213125,-2.840705,2.37242,0.7978031988142592,3.1076476257433594
4370,COc1cc2cc(-c3s:C(c4c(S(=O)(=O)O)ncc5nsnc45):cc3OC)[nH]c2cc1OC,-4.866705,-3.32749,1.539215,0.9523863245227284,3.3201973729415446
4371,COc1cc2cc(-c3s:C(c4cccc5nccnc45):cc3OC)[nH]c2cc1OC,-4.632594,-2.220733,2.411861,0.978084212666698,2.7027143510405764
4372,COc1cc2c(cc(C(=O)O)n2C)c(C=Nc2c(C#N)ncc3nsnc23)c1OC,-5.865313,-3.217546,2.647767,0.9330642152299492,3.422226779990938
4373,COc1cc2cc(C(=O)O)n(C)c2c(C=Cc2nc(C(F)(F)F)cc3nsnc23)c1OC,-5.559779,-2.962544,2.597235,0.9366532828845372,3.4124117423959373
4375,COc1cc2cc(-c3cc(OC)c(C4:cc(C#N)cc5nsnc:45)s3)n(C)c2cc1OC,-5.104152,-2.814417,2.289734,0.8984434458148605,3.170329620671507
4376,COc1c:C(c2c(OC)c(OC)cc3cc[nH]c23):sc1-c1cc(Br)cc2nsnc12,-5.132754,-2.488085,2.64467,0.9048216353823424,3.218669918248029
4377,COc1cc2cc(C=Cc3cc(C(F)(F)F)cc4nonc34)n(C)c2cc1OC,-5.358154,-2.831084,2.52707,0.983243648832668,2.973798254854559
4378,COc1cc2cc(C(=O)O)n(C)c2c(C=Nc2nc(C=O)cc3nsnc23)c1OC,-5.951811,-3.078791,2.87302,0.8726505081589815,3.553911944826103
4381,COc1cc2[nH]ccc2c(N=Cc2cc(C#N)cc3nsnc23)c1OC,-5.21644,-2.990005,2.226435,0.897182649663089,3.2823790279251988
4382,COc1cnc2c(C3:cc(OC)c(-c4cc5cc(OC)c(OC)cc5[nH]4)s:3)occ2n1,-4.382454,-2.137859,2.244595,0.9999999981172852,3.187184429617954
4383,COc1c:C(c2c(OC)c(OC)cc3[nH]ccc23):sc1-c1cccc2ncc(C#N)nc12,-4.945025,-2.440811,2.504214,0.9006398037607627,3.0281930132989467
4386,COc1cc2cc(C=Nc3c(O)ccc4nccnc34)[nH]c2cc1OC,-5.180452,-2.159127,3.021325,0.9999691626679724,2.8454017971559686
4387,COc1cc2c(cc(C(=O)O)n2C)c(C=Cc2nc(C#N)cc3nonc23)c1OC,-5.758925,-3.227698,2.531226,0.9916976052242858,3.345609747023905
4388,COc1cc2cc(-c3s:C(c4occ5nc(OC(C)=O)cnc45):cc3OC)[nH]c2cc1OC,-4.456948,-2.367089,2.089859,0.9999086983546333,3.285711912828562
4389,COc1c:C(c2c(OC)c(OC)cc3[nH]c(C(=O)O)cc23):sc1-c1cc(F)cc2nsnc12,-5.258635,-2.292597,2.966038,0.7875809190567384,3.178293650857177
4391,COc1c:C(c2c(OC)c(OC)cc3ccn(C)c23):sc1-c1c(C#N)ccc2nccnc12,-5.265772,-2.41083,2.854941,0.348983010111601,3.1290102761673504
4392,COc1cc(N=Cc2cc3cc(OC)c(OC)cc3[nH]2)c2nccnc2c1,-5.239613,-1.949327,3.290286,0.8928042015455065,2.823338387873523
4394,COc1c:C(c2c(OC)c(OC)cc3c2ccn3C):sc1-c1cc(C=O)cc2nsnc12,-4.983153,-2.591907,2.391246,0.8981546823434461,3.256218378067958
4396,COc1c:C(c2c(OC)c(OC)cc3c2ccn3C):sc1-c1nc(O)cc2nonc12,-5.244861,-2.399829,2.845032,0.9014007943061288,3.33081069660939
4398,COc1cc2cc(-c3s:C(c4c(Br)ccc5nonc45):cc3OC)[nH]c2cc1OC,-4.806666,-2.728213,2.078452,0.9916089981224248,2.992758648122805
4400,COc1cc2cc(C#CC3:cc(O)cc4nonc:34)[nH]c2cc1OC,-5.282877,-2.454663,2.828214,1.0,3.109957005407411
4401,COc1cc2cc(-c3cc(OC):C(c4scc5ncc(S(=O)(=O)O)nc45):s3)[nH]c2cc1OC,-5.254764,-2.992766,2.261999,0.8953749867095759,3.331251963512264
4403,COc1cc2cc(C=Cc3nc(S)cc4nsnc34)n(C)c2cc1OC,-4.981818,-2.656652,2.325167,0.999835545126364,3.3616864541206244
4404,COc1cc(-c2cc(OC):C(c3c(OC)c(OC)cc4cc(C(=O)O)[nH]c34):s2)c2nsnc2c1,-5.161425,-2.469412,2.692013,0.8979807092373315,3.194801284730709
4405,COc1c:C(c2c(OC)c(OC)cc3c2ccn3C):sc1-c1cccc2nonc12,-4.915688,-2.113276,2.802412,0.8987445474570723,2.950556859214041
4406,COc1cc2cc(C=NC3:nccc4nonc:34)[nH]c2cc1OC,-5.400216,-2.73341,2.666806,0.9999999900705354,3.008426869924085
4407,COc1cc2cc[nH]c2c(N=Cc2nc(C=O)cc3nsnc23)c1OC,-5.421849,-3.231405,2.190443,0.986005935255102,3.5737261048482747
4410,COc1cc2cc(-c3cc(OC):C(c4c(OC)ncc5nsnc45):s3)[nH]c2cc1OC,-4.630965,-2.566846,2.064119,0.805155141659758,3.14373084275538
4411,COc1c:C(c2c(OC)c(OC)cc3cc(C(=O)O)n(C)c23):sc1-c1nc(C(F)(F)F)cc2nonc12,-5.796017,-2.869752,2.926265,0.664628553147576,3.453264365434176
4412,COc1cc2cc(-c3s:C(c4nc(S(=O)(=O)O)cc5nsnc45):cc3OC)[nH]c2cc1OC,-5.177187,-3.324587,1.8526,0.999520143353617,3.3231750404353413
4413,COc1cc2cc(C=Nc3cc(F)cc4nccnc34)[nH]c2cc1OC,-5.372282,-2.130755,3.241527,0.8877031584269988,2.866510720232892
4414,COc1cc2cc(-c3s:C(c4c(OC)ccc5nsnc45):cc3OC)[nH]c2cc1OC,-4.316389,-2.382023,1.934367,0.999999743431056,2.9245960112947067
4415,COc1cc2cc(-c3s:C(c4cccc5nsnc45):cc3OC)[nH]c2cc1OC,-4.524606,-2.492652,2.031954,0.999994402335484,2.826664372070676
4419,COc1cc2cc(-c3s:C(c4c(OC(C)=O)ccc5nsnc45):cc3OC)[nH]c2cc1OC,-4.654176,-2.551918,2.102258,0.997278008752734,3.021967722975861
4421,COc1cc2cc(C=Cc3scc4nccnc34)n(C)c2cc1OC,-4.743383,-2.391862,2.351521,0.9997170236363786,3.008751236176642
4422,COc1cc2[nH]ccc2c(C=Cc2nc(C)cc3nonc23)c1OC,-5.27138,-2.53528,2.7361,0.99170769955168,3.085124313099719
4425,COc1cc2c(ccn2C)c(C=Cc2cccc3nsnc23)c1OC,-4.992581,-2.221512,2.77107,0.9594189432030312,2.826603159253565
4426,COc1cc2[nH]c(C(=O)O)cc2c(C=Nc2scc3ncc(C#N)nc23)c1OC,-5.631402,-3.043333,2.58807,0.9851798121341288,3.366892126024041
4427,COc1cc2cc(C#Cc3cccc4cc(S(=O)(=O)O)ccc34)[nH]c2cc1OC,-5.255707,-1.993273,3.262434,1.0,2.685002820207904
4428,COc1cc2[nH]ccc2c(C=Cc2nncc3nsnc23)c1OC,-5.258587,-2.828219,2.430368,0.9889968137678536,3.285385551242765
4429,CNc1ncc2nsnc2c1C=Cc1cc2cc(OC)c(OC)cc2n1C,-4.579166,-2.464219,2.114946,0.9463546645121838,3.157430057742117
4431,COc1cc2cc(C=Nc3c(C=O)ncc4nsnc34)n(C)c2cc1OC,-5.432125,-2.95574,2.476384,0.9227209398669304,3.3672874003994595
4432,COc1cc2c(ccn2C)c(C=Nc2scc3ncc(C#N)nc23)c1OC,-5.364446,-2.847375,2.517071,0.9714920602885636,3.3530348529469123
4434,COc1cc2cc(C=Cc3c(F)ccc4nccnc34)n(C)c2cc1OC,-4.641318,-2.07377,2.567548,0.9995983257488577,2.7574866011986607
4436,COc1cc2cc(C=Cc3c(O)ncc4nonc34)n(C)c2cc1OC,-4.733404,-2.762393,1.971011,0.9997378389032288,3.177745913580085
4437,CNc1ccc2nonc2c1C1:cc(OC)c(-c2cc3cc(OC)c(OC)cc3[nH]2)s:1,-4.549348,-2.276155,2.273193,0.9460093892027804,3.0214179646222776
4438,COc1cc2cc(C=Cc3nc(O)cc4nsnc34)n(C)c2cc1OC,-4.950896,-2.571627,2.379269,0.9999794860640704,3.2152465372807075
4439,COc1cc2cc(C#Cc3scc4sc(=S)sc34)n(C)c2cc1OC,-5.01639,-2.201653,2.814737,1.0,3.4611056240422977
4440,COc1cc2cc[nH]c2c(C=Cc2c(Br)ccc3nsnc23)c1OC,-5.266515,-2.646819,2.619696,0.8723632829751029,3.1273262361766427
4441,COc1cc2cc(-c3cc(OC)c(C4:cc(C#N)cc5nonc:45)s3)n(C)c2cc1OC,-5.267567,-2.902735,2.364832,0.8130181927945479,3.126592511626707
4443,COc1cc(-c2cccc3ncc(C#N)nc23)s:C:1c1c(OC)c(OC)cc2cc(C(=O)O)n(C)c12,-5.469198,-2.81284,2.656359,0.5657292174329087,3.1822727225630736
4445,COc1cc2cc(C(=O)O)n(C)c2c(C=Cc2occ3nc(C#N)cnc23)c1OC,-5.36737,-2.941999,2.425372,0.9373085601850586,3.4809707360348945
4446,COc1cc2[nH]ccc2c(C=Cc2cc(F)cc3nsnc23)c1OC,-5.171881,-2.349215,2.822667,0.9560924037323042,3.01674354386895
4447,COc1c:C(c2c(OC)c(OC)cc3[nH]c(C(=O)O)cc23):sc1-c1scc2nc(C=O)cnc12,-5.003494,-2.621751,2.381743,0.896933299906969,3.367899842423016
4449,COc1cc2[nH]c(C(=O)O)cc2c(N=Cc2nncc3nsnc23)c1OC,-5.509828,-3.279914,2.229915,0.8777035939473226,3.4445453424574017
4450,COc1cc2cc(N=Cc3scc4ncc(O)nc34)[nH]c2cc1OC,-4.821857,-2.477075,2.344783,0.9999985725258712,3.444766620792027
4451,COc1cc2cc(-c3cc(OC)c(C4:cc(C#N)cc5nccnc:45)s3)n(C)c2cc1OC,-5.001147,-2.51601,2.485137,0.8814927666195664,3.030347592042964
4452,COc1cc2cc(N=Cc3cccc4nonc34)n(C)c2cc1OC,-5.160522,-2.758141,2.402381,0.999999774942264,2.919295466945874
4453,COc1cc2c(cc(C(=O)O)n2C)c(N=Cc2occ3nc(C#N)cnc23)c1OC,-5.402666,-3.160135,2.242531,0.9050614388121634,3.5562311755953333
4455,COc1cc2cc(-c3cc(OC):C(c4scc5ncc(NC(C)=O)nc45):s3)[nH]c2cc1OC,-4.560328,-2.152213,2.408115,0.9618798266099096,3.1365446460527844
4456,COc1cc2cc[nH]c2c(C=Cc2occ3ncc(C=O)nc23)c1OC,-5.19547,-2.806299,2.38917,0.983469789021912,3.446142104848276
4458,COc1cc2cc(C(=O)O)n(C)c2c(C=Nc2cc(C#N)cc3nsnc23)c1OC,-5.786982,-2.933024,2.853957,0.8368847656002377,3.3579146920788494
4459,COc1cc2cc(-c3cc(OC)c(C4:nc(C(F)(F)F)cc5nsnc:45)s3)n(C)c2cc1OC,-5.248199,-2.816128,2.432071,0.8884563013534847,3.299341416309656
4461,COc1cc2cc(-c3s:C(c4occ5nc(Br)cnc45):cc3OC)[nH]c2cc1OC,-4.576121,-2.590601,1.98552,0.9999999994862824,3.271790848480588
4462,COc1cc2cc(C#CC3:c(Br)ncc4nsnc:34)[nH]c2cc1OC,-5.126639,-3.013926,2.112713,1.0,3.308776236176642
4463,COc1cc2cc(C=Cc3c(C#N)ccc4nonc34)n(C)c2cc1OC,-5.315073,-2.987802,2.327271,0.998122962096345,2.994626261538322
4464,CNc1cc(C2:cc(OC)c(-c3cc4cc(OC)c(OC)cc4[nH]3)s:2)c2nonc2c1,-4.755606,-2.281488,2.474119,0.999959491244718,3.042252536791681
4465,COc1cc2[nH]ccc2c(C=Cc2nc(F)cc3nonc23)c1OC,-5.421926,-2.762856,2.65907,0.9923535102740346,3.243620466945874
4466,COc1cc2cc(N=Cc3cccc4ncc(S)nc34)[nH]c2cc1OC,-4.955281,-2.319708,2.635573,0.999940737542154,3.132663335617506
4467,COc1cc2cc(-c3cc(OC)c(C4:cc(C#N)cc5nsnc:45)s3)n(C)c2cc1OC,-4.922128,-2.766894,2.155234,0.9044820944173924,3.170329620671507
4468,CNc1cc2nonc2c(C#Cc2cc3cc(OC)c(OC)cc3[nH]2)n1,-5.155437,-2.462491,2.692947,1.0,3.2002270279252
4469,COc1cc2cc(N=Cc3cc(C=O)cc4nsnc34)n(C)c2cc1OC,-5.19029,-3.074681,2.11561,0.999967772959126,3.249321766033825
4470,COc1cc2cc(-c3cc(OC):C(c4occ5ncc(S)nc45):s3)[nH]c2cc1OC,-4.590527,-2.102655,2.487873,0.945699791141876,3.4183926373893536
4471,COc1cc2cc(C=Cc3scc4nc(Br)cnc34)n(C)c2cc1OC,-4.91086,-2.61623,2.29463,0.999550196022564,3.213830113164283
4472,CNc1cc2nsnc2c(C2:cc(OC)c(-c3cc4cc(OC)c(OC)cc4[nH]3)s:2)n1,-4.823731,-2.536565,2.287165,0.999933102677248,3.1714698228763822
4474,COc1cc2[nH]c(C(=O)O)cc2c(C=Nc2nc(C#N)cc3nonc23)c1OC,-6.002371,-3.220195,2.782176,0.9401019219385318,3.4152303999452407
4475,COc1cc2c(ccn2C)c(C=Cc2cc(Br)cc3nonc23)c1OC,-5.26433,-2.533578,2.730752,0.9612132682583476,3.0106789697131395
4476,COc1cc2[nH]ccc2c(C=Cc2nc(S)cc3nonc23)c1OC,-5.402873,-2.691113,2.71176,0.9914037635743276,3.402826236176643
4477,COc1c:C(c2c(OC)c(OC)cc3[nH]c(C(=O)O)cc23):sc1-c1cc(Br)cc2nccnc12,-5.115614,-2.109671,3.005944,0.8929525439253179,3.0714508039614774
4478,COc1cc2cc(N=Cc3c(C=O)ccc4ccccc34)[nH]c2cc1OC,-5.115758,-2.278334,2.837424,0.9321831225572887,2.7419389795895004
4479,COc1cc2cc(-c3cc(OC):C(c4cccc5ncc(S)nc45):s3)[nH]c2cc1OC,-4.674063,-1.993891,2.680172,0.9453611811827962,3.05268849184786
4480,COc1cc2cc(C=Cc3cccc4nc(C)cnc34)n(C)c2cc1OC,-4.799901,-1.947942,2.851958,0.9896071241341398,2.6505835042955628
4481,COc1cc2cc(C=Cc3cccc4ncc(C#N)nc34)n(C)c2cc1OC,-4.988849,-2.651684,2.337164,0.9934777047253532,2.8197498523549704
4484,COc1cc2[nH]ccc2c(C=Cc2scc3ncc(C)nc23)c1OC,-4.764755,-2.062518,2.702237,0.9831562916197324,3.1371377746381803
4485,COc1cc2cc(N=Cc3c(S(=O)(=O)O)ncc4nonc34)n(C)c2cc1OC,-5.709413,-3.735472,1.973941,0.9784693110137678,3.418610220666525
4486,COc1cc2cc(C(=O)O)n(C)c2c(C=Cc2nc(O)cc3nonc23)c1OC,-5.63315,-2.802191,2.830959,0.9452612608758244,3.3702273146836177
4487,COc1cc2c:C(c3occ4ncc(C(F)(F)F)nc34):n(C)c2cc1OC,-5.187963,-2.630726,2.557237,0.9979724863542402,3.0511745772226373
4488,COc1cc2cc(N=Cc3c(F)ncc4nonc34)n(C)c2cc1OC,-5.050686,-3.110202,1.940484,0.9999999365668848,3.3030685747027464
4491,COc1cc2cc(C=Cc3c(O)ncc4nsnc34)n(C)c2cc1OC,-4.631563,-2.625369,2.006194,0.9992278987916986,3.2157180549522257
4492,COc1cc2cc(C=Nc3cccc4ncc(C#N)nc34)n(C)c2cc1OC,-5.442673,-2.596481,2.846192,0.8711838179300796,2.982970044662663
4493,COc1cc2nonc2c(C=Cc2c(OC)c(OC)cc3cc[nH]c23)n1,-5.432819,-2.703401,2.729418,0.9887861743754244,3.231430720232892
4494,COc1c:C(c2c(OC)c(OC)cc3c2cc(C(=O)O)n3C):sc1-c1c(O)ncc2nonc12,-5.163344,-2.619284,2.54406,0.7565584291517546,3.385801173394676
4495,COc1cc2cc(C=Nc3cc(C#N)cc4nccnc34)n(C)c2cc1OC,-5.520203,-2.49332,3.026883,0.8675293063130257,3.011614275431894
4496,COc1cc(-c2nncc3nonc23)s:C:1c1c(OC)c(OC)cc2c1cc(C(=O)O)n2C,-5.53412,-3.179703,2.354417,0.8123301807592612,3.328944271204572
4498,COc1cc2cc(-c3s:C(c4c(OC(C)=O)ccc5nsnc45):cc3OC)[nH]c2cc1OC,-4.704392,-2.566119,2.138273,0.9964412233743094,3.021967722975861
4500,COc1cc2cc(C=Cc3nc(NC(C)=O)cc4nsnc34)n(C)c2cc1OC,-4.949608,-2.552429,2.397179,0.9999357768189,3.137574490001525
4501,COc1cc2cc(C=Nc3c(O)ncc4nsnc34)n(C)c2cc1OC,-4.956123,-2.625772,2.330351,0.9999994339072324,3.314224084058255
4504,COc1cc2[nH]c(C(=O)O)cc2c(N=Cc2scc3ncc(Br)nc23)c1OC,-5.385567,-2.810678,2.574889,0.913853631192732,3.4108198134065777
4505,COc1cc2[nH]ccc2c(C2:cncc3nsnc:23)c1OC,-5.244678,-2.521825,2.722853,0.5726580333115553,2.9301796071867567
4506,COc1cc2[nH]c(C(=O)O)cc2c(C=Cc2c(C)ncc3nonc23)c1OC,-5.46755,-2.788294,2.679256,0.9829393813360664,3.157578917593529
4507,COc1cc2c:C(N=Cc3nc(C#N)cc4nsnc34):n(C)c2cc1OC,-5.413098,-3.344897,2.068201,0.9999593038916522,3.484602085714145
4508,COc1cc2c(cc(C(=O)O)n2C)c(C=Nc2nc(Br)cc3nsnc23)c1OC,-5.73084,-2.875117,2.855723,0.9510359660773656,3.444984579640884
4509,COc1cc2[nH]ccc2c(C=Cc2cccc3nonc23)c1OC,-5.179971,-2.308755,2.871216,0.9615356994757416,2.799941375418589
4510,COc1cc2cc(C(=O)O)[nH]c2c(C=Cc2c(C)ncc3nsnc23)c1OC,-5.544228,-2.796423,2.747805,0.9057929948785092,3.2612129974377364
4511,COc1cc2cc(-c3cc(OC)c(C4:cccc5nonc:45)s3)n(C)c2cc1OC,-4.964739,-2.323634,2.641105,0.899460846613096,2.881963657067349
4514,COc1cc2cc(-c3s:C(c4nc(O)cc5nsnc45):cc3OC)[nH]c2cc1OC,-4.990814,-2.846123,2.144691,0.9999874520806356,3.225158290341053
4515,CNc1cnc2coc(C=Cc3cc4cc(OC)c(OC)cc4n3C)c2n1,-4.243882,-1.858142,2.38574,0.998969825649365,3.21605683096889
4516,COc1cc2cc(C(=O)O)[nH]c2c(C=Nc2cc(C#N)cc3nccnc23)c1OC,-5.857597,-2.619759,3.237837,0.8573851899053212,3.164917652647693
4518,COc1cc2cc(C=Nc3nc(OC(C)=O)cc4nsnc34)[nH]c2cc1OC,-5.526637,-2.735559,2.791079,0.9659468103269788,3.320419852354971
4519,COc1cnc2c(C=Nc3cc4cc(OC)c(OC)cc4[nH]3)occ2n1,-4.85179,-2.379439,2.47235,0.999977050472196,3.357622720232891
4520,COc1cc2[nH]ccc2c(C=Cc2cc(F)cc3nonc23)c1OC,-5.305468,-2.43315,2.872318,0.9603861505645952,2.9840531592535644
4521,COc1cc2cc(-c3cc(OC)c(C4:occ5nc(C#N)cnc:45)s3)n(C)c2cc1OC,-5.005386,-2.729542,2.275844,0.8897492855891944,3.339564616444965
4523,COc1cc2cc(C(=O)O)[nH]c2c(C=Nc2c(Br)ncc3nsnc23)c1OC,-5.780056,-3.12333,2.656725,0.9561282466456984,3.448179891303364
4524,COc1cnc2coc(C=Cc3cc4cc(OC)c(OC)cc4n3C)c2n1,-4.449104,-1.966423,2.482681,0.999430960076561,3.1482933944054547
4525,COc1cc2c(ccn2C)c(C#Cc2c(S)ncc3nsnc23)c1OC,-5.103612,-2.720813,2.382799,1.0,3.4584018387360107
4527,COc1cc2c(ccn2C)c(C=Cc2cc(C=O)cc3nonc23)c1OC,-5.507076,-2.843507,2.663569,0.834207291443772,3.1175063814184405
4530,COc1cc2cc[nH]c2c(C=Cc2c(F)ccc3nonc23)c1OC,-5.323191,-2.565309,2.757882,0.9660759094451238,3.026616620792028
4531,COc1cc2cc(C(=O)O)[nH]c2c(C=Cc2c(Br)ncc3nsnc23)c1OC,-5.602389,-3.008248,2.59414,0.9061367900212988,3.381381838723033
4532,COc1cc2cc(C=Cc3c(Br)ccc4nsnc34)n(C)c2cc1OC,-4.804991,-2.484789,2.320202,0.9990416464883962,2.968049655783826
4533,COc1cc2cc(C=Cc3c(S(=O)(=O)O)ncc4nonc34)n(C)c2cc1OC,-5.484741,-3.427819,2.056922,0.9839286425215416,3.2573076565639605
4534,COc1c:C(c2c(OC)c(OC)cc3[nH]ccc23):sc1-c1scc2ncc(S)nc12,-4.898309,-2.052807,2.845502,0.7707683897050653,3.4613350345270995
4535,COc1cc2cc[nH]c2c(C=Cc2c(C(F)(F)F)ncc3nsnc23)c1OC,-5.445382,-3.055104,2.390278,0.8912555978861706,3.356886415159254
4536,COc1cc2ccn(C)c2c(C=Cc2c(S)ncc3nonc23)c1OC,-5.154254,-2.870902,2.283351,0.9549146750894032,3.4466045414387114
4538,COc1cc2cc(C3:nc(Br)cc4nsnc:34)n(C)c2cc1OC,-5.229392,-2.805519,2.423873,0.9995454585137364,3.0229529397366246
4539,COc1cc2c(ccn2C)c(N=Cc2cncc3nsnc23)c1OC,-5.033672,-2.798299,2.235373,0.884740522801928,3.2532954669458736
4540,COc1cc2cc(C=Cc3scc4ncc(O)nc34)n(C)c2cc1OC,-4.543162,-2.183813,2.359349,0.9981458292346348,3.277455061189232
4542,COc1cc2c(cc(C(=O)O)n2C)c(C=Nc2c(C(F)(F)F)ccc3nsnc23)c1OC,-5.597888,-2.64235,2.955538,0.8860094602922174,3.2474568472910423
4544,COc1cc2cc(-c3s:C(c4c(S(=O)(=O)O)ccc5nccnc45):cc3OC)[nH]c2cc1OC,-4.904696,-2.67785,2.226845,0.8005436360935221,2.9760854193460933
4545,COc1cc(-c2cncc3nsnc23)s:C:1c1c(OC)c(OC)cc2cc(C(=O)O)n(C)c12,-5.457629,-2.884073,2.573557,0.5961583677312643,3.332157174430379
4546,COc1cc2[nH]ccc2c(C=Cc2cccc3nc(C=O)cnc23)c1OC,-5.104196,-2.482682,2.621514,0.9686426851601668,2.8984928257433467
4547,COc1cc2cc(C=Cc3cc(F)cc4nccnc34)n(C)c2cc1OC,-4.757188,-2.121748,2.63544,0.9997287105939996,2.7583047830168432
4548,COc1cc2cc[nH]c2c(N=Cc2nc(S)cc3nsnc23)c1OC,-5.363978,-2.959352,2.404626,0.9842691756352956,3.685616620792027
4550,COc1cc2cc(C=Cc3occ4ncc(O)nc34)n(C)c2cc1OC,-4.488292,-2.076014,2.412278,0.999547036279542,3.3318760591102308
4551,COc1cc2cc(C(=O)O)[nH]c2c(C=Cc2occ3ncc(C=O)nc23)c1OC,-5.397868,-2.935892,2.461976,0.9848158642894214,3.4490774918776967
4552,COc1cc2cc(C(=O)O)n(C)c2c(C=Nc2nc(F)cc3nsnc23)c1OC,-5.766777,-2.805623,2.961154,0.8764484178104732,3.5023076565639606
4553,COc1cc2cc(N=Cc3cc(S)cc4nccnc34)[nH]c2cc1OC,-5.184954,-2.439221,2.745734,0.999963130564912,3.2051377971559685
4556,COc1cc2cc(C(=O)O)n(C)c2c(C=Cc2c(C)ncc3nonc23)c1OC,-5.430978,-2.830324,2.600655,0.9212872744253966,3.2604307334870377
4558,COc1cc2cc(C=Nc3c(C=O)ccc4nccnc34)[nH]c2cc1OC,-5.461952,-2.422789,3.039163,0.8670535000446238,2.953378624559916
4562,COc1cc2ccn(C)c2c(C=Cc2nc(Br)cc3nonc23)c1OC,-5.480859,-2.943652,2.537207,0.9730859835869016,3.3380694063035765
4563,COc1cc2cc(C(=O)O)n(C)c2c(C=Cc2c(Br)ncc3nonc23)c1OC,-5.553696,-3.140292,2.413404,0.9396946958945755,3.3776324428887463
4564,COc1cc2cc(N=Cc3c(O)ncc4nsnc34)n(C)c2cc1OC,-5.146596,-2.920977,2.225619,0.9840298779625092,3.392278969713141
4565,COc1cc2cc[nH]c2c(C=Nc2c(C(F)(F)F)ncc3nonc23)c1OC,-5.666689,-3.234413,2.432276,0.9893014498016416,3.4034252661816504
4566,COc1cc2cc(N=Cc3c(Br)ccc4nonc34)[nH]c2cc1OC,-5.055287,-2.81868,2.236607,0.9999997722755628,3.097324313099719
4568,CNc1c:C(N=Cc2cc3cc(OC)c(OC)cc3[nH]2):c2nsnc2c1,-4.939233,-2.083324,2.855909,0.999944547664162,3.118327951002123
4569,COc1cc2c(ccn2C)c(C=Nc2nc(S)cc3nsnc23)c1OC,-5.494192,-2.593196,2.900996,0.9486268679034132,3.553704541438714
4570,COc1cc2cc(C=Nc3occ4ncc(C)nc34)[nH]c2cc1OC,-4.777768,-2.170417,2.607351,0.999999963076877,3.18694354386895
4572,COc1cc2cc(-c3cc(OC)c(C4:c(S)ncc5nonc:45)s3)[nH]c2cc1OC,-5.08885,-2.759128,2.329722,0.8073854322823881,3.3091110631496417
4574,COc1cc2cc(C=Nc3cc(S(=O)(=O)O)cc4nsnc34)[nH]c2cc1OC,-5.267575,-2.922234,2.345341,0.9999436053072646,3.1159826176909
4575,COc1cc2cc(C=Cc3scc4nc(S)cnc34)n(C)c2cc1OC,-4.784589,-2.412975,2.371613,0.9996303833783144,3.409249863684036
4576,COc1cc2ccn(C)c2c(N=Cc2cncc3nonc23)c1OC,-5.26947,-3.017557,2.251913,0.9183090164000997,3.2798031592535644
4577,CNc1cc2nonc2c(N=Cc2cc3cc(OC)c(OC)cc3[nH]2)n1,-5.246589,-2.465238,2.781351,0.9831359341226298,3.221976566386738
4578,COc1cc2cc(-c3cc(OC)c(C4:c(O)ncc5nonc:45)s3)[nH]c2cc1OC,-4.886963,-2.713211,2.173752,0.8282027191279397,3.215519113239086
4579,COc1cc(-c2cncc3nonc23)s:C:1c1c(OC)c(OC)cc2c1cc(C(=O)O)n2C,-5.367206,-2.940469,2.426736,0.8383244413349409,3.222948241427896
4580,COc1cc2c:C(N=Cc3scc4nc(Br)cnc34):[nH]c2cc1OC,-5.087818,-2.875416,2.212402,0.9998850559096786,3.379374313099719
4584,COc1cc2c(ccn2C)c(N=Cc2c(C(F)(F)F)ccc3nonc23)c1OC,-5.149576,-2.877076,2.2725,0.9440505670438836,3.194034152290456
4585,COc1cc2cc[nH]c2c(C=Cc2c(Br)ccc3nonc23)c1OC,-5.388843,-2.688581,2.700261,0.9117781360440628,3.0964723900227966
4587,COc1cc2c(cc(C(=O)O)n2C)c(C2:nc(C=O)cc3nonc:23)c1OC,-5.951846,-3.21911,2.732736,0.6397748871751762,3.150063165964438
4590,COc1cc(-c2nc(O)cc3nsnc23)s:C:1c1c(OC)c(OC)cc2cc[nH]c12,-5.117923,-2.736965,2.380957,0.8948469186452557,3.3937191132390847
4592,COc1cc2cc(-c3s:C(c4c(OC(C)=O)ncc5nonc45):cc3OC)[nH]c2cc1OC,-4.725198,-2.931653,1.793545,0.998650714638062,3.222812076494684
4593,COc1cc2cc(-c3s:C(c4cc(C(F)(F)F)cc5nccnc45):cc3OC)[nH]c2cc1OC,-4.870923,-2.539199,2.331724,0.9744246749519712,2.953911380884556
4594,COc1c:C(c2c(OC)c(OC)cc3c2ccn3C):sc1-c1cc(C#N)cc2nsnc12,-5.154548,-2.657125,2.497423,0.7965624960574277,3.235153965557391
4597,COc1c:C(c2c(OC)c(OC)cc3[nH]ccc23):sc1-c1nc(C)cc2nonc12,-5.140722,-2.276838,2.863884,0.8950629338515839,3.160569202684524
4598,COc1cc2cc(-c3s:C(c4scc5nc(C(F)(F)F)cnc45):cc3OC)[nH]c2cc1OC,-4.866083,-2.859365,2.006718,0.9998483054054824,3.2260420379539507
4599,COc1c:C(c2c(OC)c(OC)cc3[nH]ccc23):sc1-c1c(C#N)ncc2nonc12,-5.435378,-3.004257,2.431121,0.8201292019672544,3.3284836517441443
4600,COc1cc2c(ccn2C)c(C=Cc2c(C=O)ncc3nsnc23)c1OC,-5.074413,-2.810802,2.263611,0.6632027253323827,3.356356131668192
4601,COc1cc2[nH]c(C(=O)O)cc2c(C=Cc2nc(C#N)cc3nsnc23)c1OC,-5.688703,-3.13211,2.556593,0.9905027944611964,3.3640300247107184
4602,COc1cc2nsnc2c(-c2cc(OC):C(c3c(OC)c(OC)cc4c3cc(C(=O)O)n4C):s2)n1,-5.255099,-2.733029,2.522069,0.7944738635404023,3.316823010983991
4603,COc1cc2cc(-c3s:C(c4cccc5ncc(F)nc45):cc3OC)[nH]c2cc1OC,-4.619453,-2.310182,2.309271,0.9817512978028072,2.875524619764887
4604,COc1c:C(c2c(OC)c(OC)cc3cc[nH]c23):sc1-c1nncc2nsnc12,-5.263421,-2.820613,2.442808,0.894021439404463,3.360008328114633
4605,COc1cc2cc(-c3s:C(c4c(S(=O)(=O)O)ncc5nonc45):cc3OC)[nH]c2cc1OC,-5.028134,-3.409882,1.618252,0.9716863907782384,3.302987943661148
4606,COc1cc2cc[nH]c2c(C=Cc2nc(C#N)cc3nonc23)c1OC,-5.672387,-3.210899,2.461487,0.9914830583261875,3.377343335617508
4608,CNc1cc2nonc2c(C2:cc(OC)c(-c3cc4cc(OC)c(OC)cc4[nH]3)s:2)n1,-4.678945,-2.491341,2.187604,0.9999589175947762,3.1314342135418967
4612,COc1c:C(c2c(OC)c(OC)cc3cc[nH]c23):sc1-c1nc(C=O)cc2nonc12,-5.46752,-2.923453,2.544067,0.9079984717367764,3.399652882513374
4613,COc1cc2cc(-c3s:C(c4c(O)ccc5nonc45):cc3OC)[nH]c2cc1OC,-4.643213,-2.413664,2.229549,0.9492809474000958,2.964048809124595
4614,CNc1cnc2c(C3:cc(OC)c(-c4cc5cc(OC)c(OC)cc5[nH]4)s:3)occ2n1,-4.281323,-2.028058,2.253265,0.9999982190069004,3.2318514996265977
4615,COc1cc2cc(-c3s:C(c4occ5nc(S)cnc45):cc3OC)[nH]c2cc1OC,-4.471015,-2.38161,2.089405,0.9999999918543918,3.4399427268347926
4616,COc1cc2cc(-c3s:C(c4nc(NC(C)=O)cc5nonc45):cc3OC)[nH]c2cc1OC,-5.010599,-2.847479,2.16312,0.9999966453858232,3.108570996298284
4617,COc1c:C(c2c(OC)c(OC)cc3cc(C(=O)O)n(C)c23):sc1-c1nc(F)cc2nsnc12,-5.679725,-2.645603,3.034121,0.4933415160131725,3.471475343435163
4619,COc1cc2cc(C(=O)O)[nH]c2c(C=Cc2c(C#N)ccc3nonc23)c1OC,-5.719406,-3.113716,2.60569,0.9631592134224928,3.1745437207707567
4620,COc1c:C(c2c(OC)c(OC)cc3[nH]ccc23):sc1-c1nc(F)cc2nonc12,-5.284339,-2.514701,2.769638,0.8992112733688906,3.2923958574251326
4622,COc1cc2cc(-c3s:C(c4scc5ncc(C)nc45):cc3OC)[nH]c2cc1OC,-4.404828,-2.339529,2.065299,0.9999995662933138,3.0756761794287097
4623,COc1c:C(c2c(OC)c(OC)cc3ccn(C)c23):sc1-c1nncc2nonc12,-5.422811,-2.851914,2.570897,0.6492621630016205,3.3446473779975827
4625,COc1cc2c(cc(C(=O)O)n2C)c(C=Cc2nccc3nsnc23)c1OC,-5.381848,-2.650332,2.731516,0.9899908424057734,3.1293362691027804
4627,COc1cc2cc(C=Cc3cccc4ncc(C(F)(F)F)nc34)n(C)c2cc1OC,-4.908564,-2.392196,2.516368,0.9961136673427814,2.807691615155772
4628,COc1cc2[nH]c(C(=O)O)cc2c(C=Cc2nncc3nsnc23)c1OC,-5.586385,-2.991085,2.5953,0.9894979925654817,3.2948630247750845
4629,COc1c:C(c2c(OC)c(OC)cc3cc[nH]c23):sc1-c1cc(C)cc2nsnc12,-4.948623,-2.171124,2.777499,0.903356163609208,3.160623943292752
4632,COc1cc2cc(-c3s:C(c4occ5ncc(S)nc45):cc3OC)[nH]c2cc1OC,-4.439386,-2.392433,2.046953,0.99999999894466,3.4304693815754
4634,COc1cc2cc(C#CC3:nc(C(F)(F)F)cc4nsnc:34)[nH]c2cc1OC,-5.494307,-3.064117,2.43019,1.0,3.282220592374445
4636,COc1cc2cc(C#Cc3occ4ncc(NC(C)=O)nc34)[nH]c2cc1OC,-4.931325,-2.283369,2.647956,1.0,3.280851006201125
4638,COc1cc2ccn(C)c2c(C=Nc2nc(C=O)cc3nsnc23)c1OC,-5.581428,-2.9932,2.588228,0.8944271285397822,3.522171915883975
4639,COc1cc2cc(C=Nc3scc4sc(=S)sc34)[nH]c2cc1OC,-5.511959,-2.430768,3.081191,0.9995944750991193,3.378343840779316
4640,COc1cc2cc(C=Cc3cccc4nc(C=O)cnc34)n(C)c2cc1OC,-4.972389,-2.600263,2.372127,0.9962357383216058,2.832753121585739
4641,COc1cc2cc(-c3s:C(c4occ5ncc(NC(C)=O)nc45):cc3OC)[nH]c2cc1OC,-4.392904,-2.272405,2.120499,0.9999999527305624,3.20367934327046
4642,COc1cc2cc(C=Nc3cccc4ncc(OC(C)=O)nc34)[nH]c2cc1OC,-5.426735,-2.085647,3.341087,0.8927029516910356,2.919971501688046
4643,COc1c:C(c2c(OC)c(OC)cc3cc[nH]c23):sc1-c1cc(C=O)cc2nonc12,-5.279575,-2.837304,2.442271,0.908011406079615,3.2507164953050776
4645,COc1c:C(c2c(OC)c(OC)cc3cc(C(=O)O)n(C)c23):sc1-c1cccc2ncc(C#N)nc12,-5.537622,-2.552332,2.98529,0.4024324791394318,3.1995694476201955
4646,COc1cc2cc(C=Cc3cccc4ncc(F)nc34)n(C)c2cc1OC,-4.689966,-2.098436,2.591529,0.999818954179597,2.788120767032826
4647,COc1cc2cc(C3:cc(OC)c(-c4cc(C)cc5nonc45)s:3)n(C)c2cc1OC,-4.770882,-2.174434,2.596448,0.9012981542301336,3.008878179126873
4648,COc1c:C(c2c(OC)c(OC)cc3c2cc(C(=O)O)n3C):sc1-c1cc(C=O)cc2nsnc12,-5.243795,-2.677843,2.565952,0.7876873773561055,3.315315475662169
4650,COc1cc2cc(C=Nc3cc(C(F)(F)F)cc4nccnc34)[nH]c2cc1OC,-5.429687,-2.302634,3.127053,0.8785176834127884,2.9304090115775097
4652,COc1cc2cc(-c3s:C(c4nc(C(F)(F)F)cc5nsnc45):cc3OC)[nH]c2cc1OC,-5.062253,-3.085098,1.977155,0.9999976111439046,3.221067844405564
4655,COc1cc2cc(C#CC3:nc(S)cc4nonc:34)[nH]c2cc1OC,-5.350874,-2.871243,2.479631,1.0,3.4159589284843346
4656,COc1cc2cc(-c3s:C(c4nccc5nonc45):cc3OC)[nH]c2cc1OC,-4.760082,-2.77677,1.983312,0.9999999989496632,2.9817610753673787
4657,COc1cc2cc(C=Nc3occ4nc(Br)cnc34)[nH]c2cc1OC,-5.027775,-2.533347,2.494428,0.9999999341878965,3.350157005407413
4658,COc1cc2cc(-c3s:C(c4nc(NC(C)=O)cc5nsnc45):cc3OC)[nH]c2cc1OC,-4.698293,-2.706329,1.991964,0.9999987913884972,3.146477051944764
4659,COc1cc2cc(-c3s:C(c4scc5ncc(C)nc45):cc3OC)[nH]c2cc1OC,-4.404829,-2.339498,2.065331,0.999999425263457,3.0756761794287097
4660,COc1c:C(c2c(OC)c(OC)cc3c2ccn3C):sc1-c1cc(C#N)cc2nccnc12,-5.064197,-2.336284,2.727913,0.9120460879175764,3.093103074858022
4661,COc1cc2cc(-c3s:C(c4cc(C(F)(F)F)cc5nccnc45):cc3OC)[nH]c2cc1OC,-4.760591,-2.502876,2.257715,0.9738625015182472,2.953911380884556
4662,COc1cc2cc(N=Cc3c(C=O)ccc4nonc34)[nH]c2cc1OC,-5.469837,-3.246844,2.222993,0.9915213138529784,3.153434412540584
4663,COc1c:C(c2c(OC)c(OC)cc3c2ccn3C):sc1-c1scc2ncc(Br)nc12,-4.75376,-2.229751,2.52401,0.9023732478125908,3.30598202528072
4664,COc1c:C(c2c(OC)c(OC)cc3c2cc(C(=O)O)n3C):sc1-c1cc(O)cc2nonc12,-5.193335,-2.195444,2.997891,0.8939645315647751,3.227252509427066
4665,COc1cc2nonc2c(C=Nc2cc3cc(OC)c(OC)cc3n2C)n1,-5.431735,-3.044089,2.387645,0.9999888373639269,3.2962044833165427
4666,COc1cc2cc(C(=O)O)n(C)c2c(C=Cc2nc(S)cc3nsnc23)c1OC,-5.490607,-2.771533,2.719075,0.9393817603756488,3.5480016736579785
4667,COc1cc2cc(-c3cc(OC):C(c4cc(S)cc5nonc45):s3)[nH]c2cc1OC,-4.864637,-2.364592,2.500046,0.9803291982673508,3.2150795783553656
4669,COc1cc2cc(-c3s:C(c4nccc5nonc45):cc3OC)[nH]c2cc1OC,-4.760086,-2.776819,1.983267,0.9999999996573656,2.9817610753673787
4670,COc1cc2cc(-c3cc(OC)c(C4:nc(S(=O)(=O)O)cc5nsnc:45)s3)[nH]c2cc1OC,-5.203232,-3.01376,2.189472,0.9622608959048896,3.347005313388194
4672,COc1cc2cc(C(=O)O)n(C)c2c(C=Cc2nccc3nonc23)c1OC,-5.56588,-2.784169,2.781711,0.9477510829661514,3.1781132895506863
4675,COc1cc2ccn(C)c2c(C=Cc2c(C#N)ccc3nonc23)c1OC,-5.39287,-2.922743,2.470126,0.9513419655527032,3.1484786091906694
4676,COc1c:C(c2c(OC)c(OC)cc3cc[nH]c23):sc1-c1scc2nc(Br)cnc12,-4.97461,-2.418934,2.555676,0.9044157165460298,3.3640851239725382
4677,COc1cc2cc(-c3s:C(c4scc5ncc(C)nc45):cc3OC)[nH]c2cc1OC,-4.404822,-2.339541,2.065282,0.9999995874635366,3.0756761794287097
4678,COc1cc2cc(-c3s:C(c4c(S(=O)(=O)O)ncc5nonc45):cc3OC)[nH]c2cc1OC,-5.028138,-3.409873,1.618265,0.9716727301125668,3.302987943661148
4679,COc1cc2nonc2c(-c2cc(OC):C(c3c(OC)c(OC)cc4[nH]c(C(=O)O)cc34):s2)n1,-5.433012,-2.797076,2.635935,0.7978834678854887,3.2496075347307087
4680,COc1cc2cc(C=Nc3c(F)ccc4nonc34)n(C)c2cc1OC,-5.218281,-2.439547,2.778734,0.9610103369135972,3.001012857447029
4681,COc1c:C(c2c(OC)c(OC)cc3cc[nH]c23):sc1-c1cncc2nonc12,-5.233024,-2.673143,2.559881,0.9074170570698996,3.216314921521226
4683,COc1cc2c(cc(C(=O)O)n2C)c(C=Cc2scc3nccnc23)c1OC,-5.02718,-2.351224,2.675956,0.9845373057446374,3.148454477476684
4684,COc1c:C(c2c(OC)c(OC)cc3c2ccn3C):sc1-c1occ2nc(C#N)cnc12,-4.967224,-2.595214,2.37201,0.8973201777226707,3.404388961330847
4686,COc1cc2cc(C(=O)O)n(C)c2c(C=Cc2scc3ncc(C=O)nc23)c1OC,-5.325316,-2.931395,2.393921,0.9232523223716878,3.431414692078849
4689,COc1cc2cc[nH]c2c(C=Nc2scc3ncc(C#N)nc23)c1OC,-5.480631,-3.004151,2.476479,0.9852325072290726,3.4279814894636607
4690,COc1cc2cc(C=Cc3c(OC(C)=O)ccc4nccnc34)n(C)c2cc1OC,-4.873965,-2.106211,2.767754,0.9738553291686644,2.823510593824164
4691,COc1cc2c(cc(C(=O)O)n2C)c(C=Cc2nc(C=O)cc3nonc23)c1OC,-5.700498,-3.137557,2.562941,0.9921997160515098,3.3467734832876417
4692,COc1cc2cc(C=Cc3cc(C=O)cc4ccccc34)n(C)c2cc1OC,-4.803583,-1.967102,2.836481,0.912151764964894,2.598040044662662
4696,COc1cc2cc(C=Nc3nc(S)cc4nonc34)n(C)c2cc1OC,-5.466313,-2.783535,2.682779,0.9999999992169688,3.445616599650771
4699,COc1cc2cc(C(=O)O)[nH]c2c(C=Cc2c(Br)ccc3nsnc23)c1OC,-5.538735,-2.708401,2.830333,0.8786181071405585,3.151772296366655
4700,COc1cc2nsnc2c(C=Cc2c(OC)c(OC)cc3cc(C(=O)O)[nH]c23)n1,-5.474157,-2.724171,2.749986,0.987706110714594,3.2961484112022763
4701,COc1cc2cc(C3:cc(OC)c(-c4c(Br)ccc5nonc45)s:3)n(C)c2cc1OC,-5.080419,-2.495177,2.585243,0.7071545015307374,3.054786046259741
4704,COc1cc2cc(-c3s:C(c4nc(NC(C)=O)cc5nsnc45):cc3OC)[nH]c2cc1OC,-4.698256,-2.706318,1.991939,0.9999987853588792,3.146477051944764
4705,COc1cc2ccn(C)c2c(C=Cc2nc(O)cc3nsnc23)c1OC,-5.314783,-2.635031,2.679753,0.9542486575616016,3.3753361422703136
4707,COc1cc2cc(C=Cc3c(S(=O)(=O)O)ccc4nsnc34)n(C)c2cc1OC,-5.184172,-2.91147,2.272702,0.9059941507237856,3.0517247505810543
4708,COc1cc2cc(C=Cc3c(F)ncc4nonc34)n(C)c2cc1OC,-5.086086,-3.006322,2.079764,0.9992857760991258,3.126507659941831
4710,COc1cc2cc(C3:cc(OC)c(-c4scc5nc(S)cnc45)s:3)n(C)c2cc1OC,-4.763367,-2.24685,2.516516,0.8893835932353003,3.4172736336723286
4713,COc1cc2ccn(C)c2c(C=Cc2cc(F)cc3nsnc23)c1OC,-5.215919,-2.506429,2.709491,0.8591353768383085,3.0979770986112705
4714,COc1cc2[nH]ccc2c(C=Cc2cc(C#N)cc3nonc23)c1OC,-5.438535,-2.888392,2.550143,0.9699097265824078,3.092391335617508
4716,COc1cc2cc[nH]c2c(N=Cc2nncc3nsnc23)c1OC,-5.369538,-3.181802,2.187736,0.9882188359713562,3.508075221572436
4718,COc1cc2cc(C=Nc3nc(O)cc4nonc34)n(C)c2cc1OC,-5.429369,-2.72188,2.707488,0.9999999993740338,3.299176682810854
4719,COc1cc2cc(C=Cc3occ4ncc(F)nc34)n(C)c2cc1OC,-4.618428,-2.313677,2.304751,0.9999471293834634,3.2665484083825795
4720,COc1cc2cc(C(=O)O)n(C)c2c(C=Nc2c(C#N)ncc3nonc23)c1OC,-5.947465,-3.165659,2.781806,0.7843344404394705,3.46109491185907
4721,COc1cc2cc(C=Nc3c(OC)ccc4nonc34)[nH]c2cc1OC,-4.999086,-2.286017,2.71307,0.999999784371365,2.895803643309815
4722,COc1cc2cc(C#CC3:nc(C(F)(F)F)cc4nsnc:34)n(C)c2cc1OC,-5.44578,-3.05171,2.39407,1.0,3.275723041179345
4725,COc1cc2cc(N=Cc3scc4ncc(Br)nc34)[nH]c2cc1OC,-5.054341,-2.852444,2.201897,0.999894469881106,3.362268543868951
4726,COc1cc2cc(C=Nc3cccc4ccc(C#N)cc34)[nH]c2cc1OC,-5.433325,-2.054761,3.378564,0.9024444174246952,2.626399926335063
4728,COc1cc2cc(-c3s:C(c4cc(S)cc5nsnc45):cc3OC)[nH]c2cc1OC,-4.611759,-2.560458,2.051301,0.998620167034511,3.250390490698835
4729,COc1cc2cc(N=Cc3cc(S(=O)(=O)O)cc4ccccc34)[nH]c2cc1OC,-5.312334,-2.409199,2.903135,0.9940531442663424,2.752597379307341
4730,COc1cc2cc(C(=O)O)n(C)c2c(C=Cc2occ3ncc(C=O)nc23)c1OC,-5.318088,-2.862171,2.455918,0.9393940548179476,3.479356999771157
4731,COc1cc2ccn(C)c2c(C=Cc2nc(C)cc3nsnc23)c1OC,-5.13615,-2.53097,2.60518,0.9567849282175864,3.2126606744948445
4732,COc1c:C(N=Cc2cc3cc(OC)c(OC)cc3[nH]2):c2nonc2c1,-5.12426,-2.292086,2.832174,0.9999999191587796,2.944104566386738
4733,COc1cc2cc(-c3s:C(c4c(NC(C)=O)ncc5nonc45):cc3OC)[nH]c2cc1OC,-4.880662,-2.932277,1.948385,0.9834170862921368,3.160653156691083
4734,COc1cc2cc(C=Nc3c(OC)ccc4nsnc34)n(C)c2cc1OC,-5.101876,-2.140112,2.961764,0.8909114712153365,2.9773797080917674
4735,COc1cc2cc(C(=O)O)[nH]c2c(C=Cc2nc(F)cc3nonc23)c1OC,-5.798774,-3.036518,2.762256,0.9906788351832384,3.330293036386129
4736,COc1cc2cc(N=Cc3occ4ncc(C(F)(F)F)nc34)[nH]c2cc1OC,-5.223105,-2.977746,2.245358,0.9990011846068444,3.4247588591709395
4738,COc1cc2cc(C#Cc3nc(F)cc4nonc34)[nH]c2cc1OC,-5.397438,-2.959835,2.437604,1.0,3.239955082330489
4742,COc1cc2cc(-c3s:C(c4cc(OC(C)=O)cc5nccnc45):cc3OC)[nH]c2cc1OC,-4.647112,-2.256752,2.39036,0.976798463758761,2.9466879917092985
4743,COc1cc2[nH]ccc2c(C=Cc2cc(Br)cc3nonc23)c1OC,-5.327983,-2.551074,2.776909,0.9625219358558434,3.002005082330488
4744,COc1cc2cc(-c3cc(OC):C(c4nc(OC(C)=O)cc5nsnc45):s3)[nH]c2cc1OC,-5.020323,-2.565323,2.455,0.9710693124368306,3.265246119047874
4745,COc1cc2c(cc(C(=O)O)n2C)c(C=Cc2nc(S)cc3nonc23)c1OC,-5.624492,-2.851926,2.772566,0.9910632852449792,3.429013639469943
4746,COc1cc2cc(C=Cc3occ4ncc(Br)nc34)n(C)c2cc1OC,-4.700163,-2.445699,2.254464,0.9999640495946518,3.251607659941831
4747,COc1cc2cc(N=Cc3scc4ncc(NC(C)=O)nc34)[nH]c2cc1OC,-4.824003,-2.551762,2.27224,0.9999977376820016,3.253485813893432
4748,COc1cc(-c2cc(C=O)cc3nsnc23)s:C:1c1c(OC)c(OC)cc2ccn(C)c12,-5.202019,-2.951975,2.250044,0.6416869188402827,3.309081776208279
4750,COc1cc2cc(C=Cc3c(NC(C)=O)ccc4nonc34)n(C)c2cc1OC,-5.155194,-2.46643,2.688764,0.9088933038587496,2.9367360284630646
4751,COc1cc2cc(C(=O)O)[nH]c2c(C=Cc2nc(O)cc3nsnc23)c1OC,-5.554648,-2.761467,2.793181,0.9862361772641152,3.3833238056168984
4752,COc1cc2cc(C=Cc3cccc4nc(S)cnc34)n(C)c2cc1OC,-4.829422,-2.164077,2.665345,0.9994980330861364,2.984009678121737
4753,COc1cc2cc(N=Cc3cc(C#N)cc4nsnc34)n(C)c2cc1OC,-5.060811,-3.046534,2.014277,0.9999994176962236,3.232391696103756
4754,COc1cc2ccn(C)c2c(C=Cc2scc3ncc(C)nc23)c1OC,-4.829034,-2.178359,2.650674,0.9332835578071216,3.2151174312516018
4755,COc1cc2ccn(C)c2c(C=Cc2nc(O)cc3nonc23)c1OC,-5.411569,-2.688194,2.723375,0.9625013964128988,3.3271852067193777
4760,COc1c:C(c2c(OC)c(OC)cc3cc(C(=O)O)[nH]c23):sc1-c1c(O)ncc2nonc12,-5.28641,-2.747421,2.538989,0.7583218369623839,3.411382484604076
4761,COc1cc2c:C(c3cccc4ncc(F)nc34):n(C)c2cc1OC,-5.023047,-2.190099,2.832948,0.5962742915774366,2.587111041160391
4762,COc1cc2cc(C#CC3:nc(Br)cc4nsnc:34)n(C)c2cc1OC,-5.22857,-2.946758,2.281812,1.0,3.3117373896715607
4763,COc1cc2cc(-c3s:C(c4occ5ncc(NC(C)=O)nc45):cc3OC)[nH]c2cc1OC,-4.392891,-2.272454,2.120437,0.9999999500299536,3.20367934327046
4764,COc1cc2nonc2c(C=Cc2c(OC)c(OC)cc3cc(C(=O)O)n(C)c23)n1,-5.558421,-2.759202,2.799219,0.962286583444315,3.2876504063645644
4765,COc1cc(C=Nc2cc3cc(OC)c(OC)cc3[nH]2)c2nsnc2c1,-5.077786,-2.59253,2.485256,0.999983676728401,3.05069225869443
4767,COc1cc(-c2scc3nc(C#N)cnc23)s:C:1c1c(OC)c(OC)cc2c1ccn2C,-5.067336,-2.944718,2.122618,0.7905520939934404,3.3623270847458944
4768,COc1cc2cc(N=Cc3cc(C(F)(F)F)cc4nsnc34)[nH]c2cc1OC,-5.35949,-2.984769,2.374721,0.9999454162112305,3.158888167836958
4769,COc1cc2cc(C=NC3:c(F)ccc4nsnc:34)n(C)c2cc1OC,-5.154437,-2.543056,2.611381,0.999723448054654,3.031032815866986
4770,COc1cc2[nH]c(C(=O)O)cc2c(C=Cc2nc(NC(C)=O)cc3nsnc23)c1OC,-5.483321,-2.625693,2.857628,0.9902165994383424,3.24507240386765
4771,CNc1cc(C2:sc(-c3cc4cc(OC)c(OC)cc4[nH]3)cc:2OC)c2nonc2c1,-4.702874,-1.960182,2.742692,0.977816182565845,3.052851845348293
4772,COc1cc2cc(C#Cc3cccc4ncc(S)nc34)[nH]c2cc1OC,-4.893969,-2.13104,2.762928,1.0,3.124922412540584
4774,COc1cc2cc(C(=O)O)n(C)c2c(C=Nc2nc(C=O)cc3nonc23)c1OC,-5.949086,-3.156224,2.792862,0.8806813072129407,3.51149326350742
4775,COc1cc2nsnc2c(C=Nc2c(OC)c(OC)cc3[nH]ccc23)n1,-5.101453,-2.731801,2.369652,0.9106836709434718,3.395402412540584
4776,COc1cc2c(ccn2C)c(C2:cncc3nsnc:23)c1OC,-5.182963,-2.50611,2.676854,0.5748659780443501,2.9448957170297785
4777,COc1cc2c(cc(C(=O)O)n2C)c(C=Cc2cccc3nonc23)c1OC,-5.427296,-2.464447,2.962849,0.9520150659262524,2.888018839696743
4778,COc1cc2ccn(C)c2c(C=Cc2cccc3nonc23)c1OC,-5.224266,-2.461128,2.763138,0.8502172284356402,2.887532005407412
4783,COc1cc2[nH]c(C(=O)O)cc2c(C=Nc2c(F)ncc3nonc23)c1OC,-5.781441,-2.928113,2.853328,0.9330780981304791,3.314243766668506
4784,COc1cc2[nH]ccc2c(C=Nc2cc(C#N)cc3nccnc23)c1OC,-5.41071,-2.331449,3.079261,0.8401574602086381,3.0561401630214533
4786,COc1cc2c(cc(C(=O)O)n2C)c(C=Cc2cc(Br)cc3nonc23)c1OC,-5.57527,-2.696051,2.879219,0.951903208074632,3.072728169384473
4787,COc1cc2[nH]c(C(=O)O)cc2c(C=Cc2scc3nc(F)cnc23)c1OC,-5.179452,-2.456785,2.722668,0.983744777930868,3.322649608927512
4789,COc1cc2cc(C#Cc3nc(C(F)(F)F)cc4nsnc34)[nH]c2cc1OC,-5.634882,-3.116986,2.517896,1.0,3.282220592374445
4790,COc1cc2c(ccn2C)c(C=Nc2occ3nc(Br)cnc23)c1OC,-5.190198,-2.479813,2.710385,0.9999145059136842,3.4503916516258224
4791,COc1cc2[nH]ccc2c(N=Cc2occ3ncc(C=O)nc23)c1OC,-5.120081,-2.953663,2.166419,0.9287433897847024,3.553606720232892
4792,COc1c:C(c2c(OC)c(OC)cc3c2cc(C(=O)O)n3C):sc1-c1c(OC(C)=O)ccc2nsnc12,-5.237437,-2.258933,2.978504,0.690349433822257,3.2187549729990854
4793,COc1cc2cc(C#CC3:c(OC(C)=O)ccc4nsnc:34)[nH]c2cc1OC,-5.11712,-2.528428,2.588691,1.0,3.0351163908165084
4794,COc1cc2cc(N=Cc3nc(F)cc4nonc34)[nH]c2cc1OC,-5.447122,-3.212497,2.234625,0.9999874103625132,3.376105082330489
4795,COc1cc2ccn(C)c2c(C=Cc2occ3nc(C#N)cnc23)c1OC,-5.153674,-2.852208,2.301465,0.9538309068905338,3.4425996881117484
4796,COc1cc2c(ccn2C)c(N=Cc2occ3ncc(C=O)nc23)c1OC,-5.060189,-2.939301,2.120888,0.9284957283356412,3.530240447352507
4797,COc1cc2[nH]ccc2c(C=Cc2nncc3nonc23)c1OC,-5.40976,-2.917691,2.492068,0.9919773327076477,3.2452435732207867
4798,COc1cc2cc(C=Nc3c(Br)ncc4nsnc34)n(C)c2cc1OC,-5.261135,-2.895102,2.366034,0.9442827695583952,3.311679385513556
4800,COc1cc2cc(C(=O)O)n(C)c2c(N=Cc2cc(C=O)cc3nonc23)c1OC,-5.566626,-3.255387,2.311239,0.8850623350598661,3.3484135931777512
4802,COc1cc2cc(-c3cc(OC)c(C4:c(F)ccc5nonc:45)s3)[nH]c2cc1OC,-4.8411,-2.37613,2.46497,0.8379359417868033,2.945105338641591
4805,COc1cc2cc(N=Cc3nc(NC(C)=O)cc4nsnc34)n(C)c2cc1OC,-5.226073,-2.899387,2.326687,0.9999985151223952,3.342612388688205
4807,COc1cc2[nH]ccc2c(C=Cc2scc3nccnc23)c1OC,-4.818118,-2.1969,2.621219,0.9854453655440912,3.0938615951988098
4808,COc1cc2cc(C=Cc3c(C=O)ccc4c3SCS4)n(C)c2cc1OC,-5.122262,-1.870882,3.25138,0.878466305297736,3.3475611266731864
4809,COc1cc2c(cc(C(=O)O)n2C)c(C=Cc2c(S)ncc3nonc23)c1OC,-5.442034,-2.842478,2.599556,0.9689794277393308,3.404328169384473
4810,COc1c:C(c2c(OC)c(OC)cc3c2ccn3C):sc1-c1scc2ncc(S)nc12,-4.877179,-2.067821,2.809358,0.7468152037740428,3.4750498574485507
4811,COc1cc2[nH]ccc2c(N=Cc2c(S)ncc3nsnc23)c1OC,-5.328538,-2.856894,2.471643,0.8707050653886921,3.562930082330489
4812,COc1cc2cc(C(=O)O)n(C)c2c(N=Cc2cncc3nsnc23)c1OC,-5.377645,-3.003245,2.3744,0.8682339332218002,3.342687973094989
4813,COc1cc2cc(C=Cc3cc(C)cc4nsnc34)n(C)c2cc1OC,-4.852057,-2.285712,2.566345,0.983392485126854,2.9061723169064866
4814,COc1cc2c(ccn2C)c(C=Cc2c(C)ncc3nsnc23)c1OC,-5.062254,-2.446263,2.615991,0.913959874860044,3.172016599650771
4815,COc1cc2cc(-c3cc(OC)c(C4:c(F)ncc5nsnc:45)s3)n(C)c2cc1OC,-5.003614,-2.784495,2.219119,0.7899789081138842,3.2400255567492504
4816,COc1cc2cc(-c3cc(OC)c(C4:nc(C#N)cc5nonc:45)s3)n(C)c2cc1OC,-5.354077,-2.993477,2.3606,0.9317128299706464,3.302881438084865
4818,COc1cc2cc(N=Cc3c(OC(C)=O)ccc4nccnc34)[nH]c2cc1OC,-5.164042,-2.452765,2.711277,0.971765639037406,2.9510552829670083
4819,COc1cc2cc(C(=O)O)n(C)c2c(C=Cc2nc(C(F)(F)F)cc3nonc23)c1OC,-5.805233,-3.117762,2.687472,0.9501528361653052,3.371921182955377
4820,COc1cc2c(ccn2C)c(C=Cc2c(OC)ccc3nccnc23)c1OC,-4.714879,-1.775562,2.939317,0.9621948526317748,2.8093790831242007
4821,COc1c:C(c2c(OC)c(OC)cc3[nH]ccc23):sc1-c1c(C=O)ccc2nonc12,-5.336016,-2.588654,2.747362,0.8024729508852295,3.1631154581399947
4823,COc1cc2cc(C=NC3:cccc4nc(C=O)cnc:34)[nH]c2cc1OC,-5.384531,-2.564121,2.82041,0.8910658237392863,2.939992234027372
4825,CNc1cc2nsnc2c(C=Nc2c(OC)c(OC)cc3cc[nH]c23)n1,-5.191377,-2.565081,2.626297,0.9850999529644274,3.489591335617506
4826,COc1cc2cc(C=Cc3cc(S)cc4nonc34)n(C)c2cc1OC,-5.076096,-2.52679,2.549305,0.999889188810784,3.195182711916884
4827,COc1cc2cc(N=Cc3cccc4nc(S(=O)(=O)O)cnc34)[nH]c2cc1OC,-5.256153,-2.957309,2.298844,0.9979789350877384,3.082748786436798
4828,COc1cc2c(ccn2C)c(C=Cc2occ3ncc(C=O)nc23)c1OC,-5.038605,-2.673308,2.365296,0.9903393106576328,3.370723764035823
4829,COc1cc2cc(N=Cc3cccc4nc(C=O)cnc34)[nH]c2cc1OC,-5.121103,-2.782521,2.338582,0.999959758744098,2.986433654145713
4830,COc1cc2cc(C=Nc3cc(S)cc4nonc34)[nH]c2cc1OC,-5.245417,-2.556035,2.689381,0.9999902394745472,3.272745466945873
4831,COc1cc2cc(C=Nc3cccc4nc(S(=O)(=O)O)cnc34)[nH]c2cc1OC,-5.544916,-2.734142,2.810774,0.8796522405412812,3.038572801446178
4832,COc1cc2cc(C=Nc3cccc4ncc(S)nc34)[nH]c2cc1OC,-5.449439,-2.095719,3.35372,0.8822209701960324,3.088850412540584
4833,COc1cc2cc(C#CC3:c(O)ncc4nsnc:34)[nH]c2cc1OC,-5.050976,-2.822463,2.228513,1.0,3.311391620792026
4834,COc1cc2cc[nH]c2c(C=Cc2c(C)ncc3nonc23)c1OC,-5.40523,-2.791268,2.613962,0.9171395714591026,3.208380082330489
4836,COc1cc2c(ccn2C)c(C=Cc2c(OC)ccc3nsnc23)c1OC,-4.897087,-2.149572,2.747514,0.9748275501719652,2.9458374503495097
4837,COc1cc2cc(C=Cc3occ4nc(S(=O)(=O)O)cnc34)n(C)c2cc1OC,-4.980353,-2.973072,2.007281,0.9999928929282976,3.367230733487037
4838,COc1cc2cc(C(=O)O)n(C)c2c(N=Cc2c(S)ncc3nsnc23)c1OC,-5.465969,-3.003825,2.462143,0.825257699049035,3.604389707846012
4839,COc1cc2cc(N=Cc3cc(F)cc4nccnc34)n(C)c2cc1OC,-4.841641,-2.367691,2.47395,0.9999997898898376,2.9432893984014576
4840,COc1cc2cc(C3:c(Br)ncc4nonc:34)n(C)c2cc1OC,-5.210968,-3.070306,2.140661,0.6816261587539786,3.021106107157438
4841,COc1cc2cc(C#CC3:c(S)ncc4nonc:34)[nH]c2cc1OC,-5.103206,-2.922205,2.181001,1.0,3.384155082330489
4843,COc1cc2cc(C#Cc3cccc4ncc(NC(C)=O)nc34)n(C)c2cc1OC,-4.887881,-2.049947,2.837933,1.0,2.876468059887511
4844,COc1cc2cc(N=Cc3c(S)ccc4nccnc34)[nH]c2cc1OC,-5.092836,-2.383082,2.709755,0.9911341813016152,3.126295951002122
4846,COc1cc2c(cc(C(=O)O)n2C)c(C=Nc2c(C(F)(F)F)ncc3nonc23)c1OC,-5.77228,-3.181084,2.591197,0.966335537929671,3.384075903235097
4847,COc1cc2ccn(C)c2c(N=Cc2c(Br)ncc3nsnc23)c1OC,-5.121424,-3.105797,2.015627,0.8650869405390369,3.4721843751185464
4850,CNc1cnc2c(C=Cc3cc4cc(OC)c(OC)cc4n3C)scc2n1,-4.39817,-2.005293,2.392876,0.9994117132383262,3.1593918959039566
4851,COc1cc2cc(N=Cc3c(NC(C)=O)ncc4nonc34)n(C)c2cc1OC,-5.396648,-3.146518,2.25013,0.9679997373401804,3.252522895254809
4852,COc1cc2cc(-c3cc(OC)c(C4:c(O)ncc5nsnc:45)s3)n(C)c2cc1OC,-4.97647,-2.654348,2.322122,0.6956125225674743,3.287849857448551
4854,COc1cc2cc(C=Cc3scc4ncc(S)nc34)n(C)c2cc1OC,-4.774999,-2.422092,2.352907,0.9997138502983808,3.3982403002744714
4855,COc1cc2cc(C=Nc3c(NC(C)=O)ncc4nsnc34)[nH]c2cc1OC,-5.314216,-2.840328,2.473888,0.9999981577175228,3.184834852354971
4857,COc1cc2cc[nH]c2c(C=Cc2scc3nc(Br)cnc23)c1OC,-5.117425,-2.595957,2.521468,0.980903048482537,3.379933928484335
4858,COc1cc(-c2cncc3nonc23)s:C:1c1c(OC)c(OC)cc2ccn(C)c12,-5.256239,-2.923092,2.333147,0.6467505085661686,3.2288870917721804
4859,COc1cc2c(ccn2C)c(C=Cc2c(C(F)(F)F)ncc3nonc23)c1OC,-5.318269,-2.902958,2.415311,0.9198022198145052,3.256181160837464
4862,COc1cc2c:C(c3cc(F)cc4nonc34):n(C)c2cc1OC,-5.148561,-2.502376,2.646185,0.7261335113872536,2.6821726229945444
4864,COc1cc2cc(C(=O)O)n(C)c2c(N=Cc2c(C(F)(F)F)ccc3nonc23)c1OC,-5.463245,-3.098058,2.365187,0.8086082454516601,3.300718910228105
4865,COc1cc(-c2nncc3nsnc23)s:C:1c1c(OC)c(OC)cc2[nH]c(C(=O)O)cc12,-5.404348,-3.083084,2.321264,0.8329491699398595,3.331897498947078
4866,COc1cc2cc(-c3cc(OC)c(C4:cc(S(=O)(=O)O)cc5nsnc:45)s3)[nH]c2cc1OC,-5.044188,-2.796788,2.2474,0.9784977817721504,3.124122434976284
4867,COc1cc2[nH]ccc2c(C2:nc(C=O)cc3nonc:23)c1OC,-5.7229,-3.073696,2.649204,0.6361506343903736,3.097953205327812
4868,COc1cc2cc(C#CC3:c(Br)ncc4nonc:34)n(C)c2cc1OC,-5.217708,-3.108428,2.10928,1.0,3.256884167218338
4870,COc1cc2cc(-c3cc(OC):C(c4c(O)ccc5nonc45):s3)[nH]c2cc1OC,-4.812051,-2.117947,2.694104,0.888036390461326,2.9669355711997287
4871,COc1cc2cc(-c3cc(OC):C(c4c(C=O)ccc5nsnc45):s3)[nH]c2cc1OC,-4.933759,-2.634469,2.29929,0.8411214014546015,3.073754870413116
4872,COc1cc2cc(-c3s:C(c4nc(Br)cc5nonc45):cc3OC)[nH]c2cc1OC,-4.925784,-3.013112,1.912672,0.9999999921549244,3.166498898570035
4873,COc1cc2cc(-c3s:C(c4cc(Br)cc5nonc45):cc3OC)[nH]c2cc1OC,-4.763459,-2.750805,2.012655,0.9999993678015998,2.9957468413249533
4875,COc1c:C(c2c(OC)c(OC)cc3c2cc(C(=O)O)n3C):sc1-c1nc(C#N)cc2nsnc12,-5.483394,-2.949087,2.534306,0.8996199795846274,3.455198364202202
4877,COc1cc2cc(-c3s:C(c4cc(NC(C)=O)cc5nsnc45):cc3OC)[nH]c2cc1OC,-4.581126,-2.426628,2.154498,0.9997702918596166,3.017891945561786
4878,COc1cc2cc(N=Cc3c(S)ncc4nonc34)[nH]c2cc1OC,-5.343018,-3.122959,2.220059,0.999957411080436,3.4554896977151035
4880,COc1c:C(c2c(OC)c(OC)cc3c2cc(C(=O)O)n3C):sc1-c1cc(C#N)cc2nonc12,-5.437771,-2.807196,2.630575,0.8953971436882008,3.255142634217899
4881,COc1cc2cc(-c3cc(OC):C(c4occ5ncc(O)nc45):s3)[nH]c2cc1OC,-4.659466,-1.984385,2.675081,0.9335091124291512,3.3144611525950776
4882,COc1cc2cc(-c3s:C(c4c(S)ccc5nccnc45):cc3OC)[nH]c2cc1OC,-4.650647,-2.101713,2.548935,0.6660281056046481,3.006804827197904
4884,COc1cc2cc(-c3s:C(c4c(C(F)(F)F)ncc5nonc45):cc3OC)[nH]c2cc1OC,-5.022638,-3.17076,1.851878,0.9274905697862496,3.223712013140056
4885,COc1cc2cc(C(=O)O)[nH]c2c(C=Cc2nc(C=O)cc3nsnc23)c1OC,-5.689042,-3.124385,2.564657,0.987072521207304,3.430797191690081
4886,COc1cc2cc(C(=O)O)[nH]c2c(C=Cc2nc(C#N)cc3nonc23)c1OC,-5.919223,-3.338054,2.581169,0.991332069658007,3.3861517883129704
4887,COc1cc2cc(-c3s:C(c4cc(C=O)cc5c4SCS5):cc3OC)[nH]c2cc1OC,-4.756849,-1.950832,2.806017,0.8884318122263016,3.362489183291249
4889,COc1cc2cc(-c3s:C(c4c(C=O)ccc5ccccc45):cc3OC)[nH]c2cc1OC,-4.598739,-1.983923,2.614816,0.6857249671050231,2.7253430132989465
4891,COc1cc2cc(-c3s:C(c4c(C(F)(F)F)ncc5nonc45):cc3OC)[nH]c2cc1OC,-4.971281,-3.148813,1.822468,0.9259814337325574,3.223712013140056
4894,COc1cc2cc(-c3s:C(c4c(C=O)ccc5nsnc45):cc3OC)[nH]c2cc1OC,-4.737695,-2.83922,1.898475,0.871690267767008,3.070965414924784
4896,COc1cc2cc(-c3s:C(c4c(S(=O)(=O)O)ccc5nsnc45):cc3OC)[nH]c2cc1OC,-4.871413,-2.987899,1.883514,0.877607950779888,3.081854444901841
4897,COc1cc2cc(-c3s:C(c4c(NC(C)=O)ccc5nccnc45):cc3OC)[nH]c2cc1OC,-4.726904,-2.036971,2.689932,0.7231276205355539,2.8880673731525963
4900,COc1c:C(c2c(OC)c(OC)cc3cc[nH]c23):sc1-c1c(C#N)ccc2nsnc12,-5.253427,-2.775812,2.477615,0.7734850531136311,3.221179070931697
4901,COc1cc2cc(-c3s:C(c4c(S)ncc5nsnc45):cc3OC)[nH]c2cc1OC,-4.687107,-2.885461,1.801646,0.9255564627978404,3.3248344978544697
4903,COc1cc2cc(-c3s:C(c4cccc5ncc(NC(C)=O)nc45):cc3OC)[nH]c2cc1OC,-4.666764,-2.130848,2.535916,0.9436985604514612,2.8496021867925645
4904,COc1cc2cc(C=Nc3cc(NC(C)=O)cc4nccnc34)[nH]c2cc1OC,-5.424714,-2.047445,3.377269,0.9039360802867258,2.8579524099364253
4906,COc1cc2cc(-c3s:C(c4cc(F)cc5nccnc45):cc3OC)[nH]c2cc1OC,-4.727531,-2.335633,2.391898,0.9815921887156318,2.863327558399286
4907,COc1cc2cc[nH]c2c(C=Nc2c(C#N)ccc3nonc23)c1OC,-5.618268,-3.094662,2.523606,0.9994356820155086,3.221904566386737
4910,COc1cc2cc(C(=O)O)[nH]c2c(C=Cc2nc(C)cc3nsnc23)c1OC,-5.475909,-2.702463,2.773446,0.9877459071694816,3.230944253523422
4912,COc1cc2cc(C=Cc3occ4nc(OC(C)=O)cnc34)n(C)c2cc1OC,-4.716586,-2.28738,2.429206,0.9995489302709122,3.256178617581264
4913,COc1cc2cc(N=Cc3occ4nccnc34)n(C)c2cc1OC,-4.814029,-2.571841,2.242187,0.9999926704270852,3.288826236176642
4914,COc1c:C(c2c(OC)c(OC)cc3[nH]ccc23):sc1-c1cc(Br)cc2nsnc12,-5.027202,-2.339119,2.688083,0.9256895631177362,3.157241295707779
4916,COc1c:C(c2c(OC)c(OC)cc3cc(C(=O)O)n(C)c23):sc1-c1nc(NC(C)=O)cc2nsnc12,-5.548304,-2.458957,3.089347,0.4603151139485151,3.418768714597292
4919,COc1cc2cc(C=Cc3cccc4nc(OC(C)=O)cnc34)n(C)c2cc1OC,-4.809495,-2.138966,2.670529,0.9988421172895818,2.835753851742716
4920,COc1cc2cc(-c3s:C(c4c(C=O)ccc5ccccc45):cc3OC)[nH]c2cc1OC,-4.598671,-1.98395,2.61472,0.6853818014718357,2.7253430132989465
4921,COc1cc2cc(C(=O)O)[nH]c2c(N=Cc2cc(C#N)cc3nsnc23)c1OC,-5.670333,-3.207008,2.463325,0.9577639674524656,3.3277463474124067
4922,COc1c:C(c2c(OC)c(OC)cc3cc[nH]c23):sc1-c1cccc2ncc(C#N)nc12,-5.073593,-2.615425,2.458169,0.9096971352009506,3.085615421325702
4923,COc1c:C(c2c(OC)c(OC)cc3cc(C(=O)O)[nH]c23):sc1-c1nc(O)cc2nsnc12,-5.388599,-2.561518,2.827081,0.8599582460174873,3.4441264051996088
4924,COc1cc2c(ccn2C)c(C=Cc2cccc3ncc(C#N)nc23)c1OC,-5.099673,-2.540595,2.559077,0.9712667363628182,2.900346583124202
4926,COc1cc2cc(C=Cc3cc(C=O)cc4c3SCS4)n(C)c2cc1OC,-5.011651,-1.802537,3.209114,0.9579826642267936,3.3548366511487107
4927,COc1c:C(c2c(OC)c(OC)cc3[nH]ccc23):sc1-c1c(OC)ccc2nsnc12,-4.980557,-2.129486,2.851071,0.7365057658548453,3.028117013887618
4928,COc1cc2cc(-c3s:C(c4cc(C=O)cc5c4SCS5):cc3OC)[nH]c2cc1OC,-4.756843,-1.950814,2.80603,0.8884397403134523,3.362489183291249
4929,COc1cc2cc[nH]c2c(C#Cc2nccc3nsnc23)c1OC,-5.419765,-2.76442,2.655345,1.0,3.1729804962977104
4930,COc1c:C(c2c(OC)c(OC)cc3c2ccn3C):sc1-c1c(F)ccc2nccnc12,-4.894291,-1.865044,3.029248,0.7283729987496687,2.9680494854221404
4931,COc1cc2cc(C=Nc3cc(C=O)cc4nccnc34)[nH]c2cc1OC,-5.430707,-2.513952,2.916755,0.8888352264026101,3.0101247784060687
4932,COc1c:C(c2c(OC)c(OC)cc3cc(C(=O)O)[nH]c23):sc1-c1c(C#N)ccc2nccnc12,-5.3395,-2.416841,2.922658,0.7493094438148051,3.161848328523593
4933,COc1c:C(c2c(OC)c(OC)cc3cc(C(=O)O)n(C)c23):sc1-c1nc(S)cc2nonc12,-5.723131,-2.617614,3.105517,0.5340705701889985,3.567360687564717
4934,COc1cc2cc(-c3s:C(c4cccc5ncc(NC(C)=O)nc45):cc3OC)[nH]c2cc1OC,-4.619554,-2.129635,2.489918,0.9451898003584532,2.8496021867925645
4935,COc1c:C(c2c(OC)c(OC)cc3cc(C(=O)O)[nH]c23):sc1-c1cncc2nsnc12,-5.280944,-2.690771,2.590174,0.901373709812728,3.290212968093316
4936,COc1cc2cc(-c3s:C(c4nc(Br)cc5nonc45):cc3OC)[nH]c2cc1OC,-4.925817,-3.013038,1.912778,0.9999999984368906,3.166498898570035
4937,COc1c:C(c2c(OC)c(OC)cc3cc[nH]c23):sc1-c1nc(O)cc2nonc12,-5.365509,-2.52958,2.835929,0.9029733143340916,3.375170097138908
4938,COc1cc2cc(-c3s:C(c4nc(C)cc5nsnc45):cc3OC)[nH]c2cc1OC,-4.777617,-2.765051,2.012566,0.9999885173512671,3.0719860184269203
4939,COc1c:C(c2c(OC)c(OC)cc3cc[nH]c23):sc1-c1scc2ncc(Br)nc12,-4.927187,-2.402128,2.525059,0.9094552263904012,3.349764014849104
4940,COc1cc2cc(-c3s:C(c4c(Br)ccc5nccnc45):cc3OC)[nH]c2cc1OC,-4.600899,-2.286552,2.314348,0.8049395002452986,2.886749338866011
4942,COc1cc2cc(-c3s:C(c4nc(Br)cc5nonc45):cc3OC)[nH]c2cc1OC,-4.92584,-3.013083,1.912758,0.9999999999815532,3.166498898570035
4944,COc1cnc2c(C3:sc(-c4cc5cc(OC)c(OC)cc5[nH]4)cc:3OC)scc2n1,-4.792382,-1.958491,2.833891,0.813339578101714,3.1162781201970384
4946,COc1c:C(c2c(OC)c(OC)cc3ccn(C)c23):sc1-c1cccc2nonc12,-5.269217,-2.238859,3.030358,0.5793982614750661,3.0145760005378337
4948,COc1cc2cc(-c3s:C(c4cc(F)cc5nccnc45):cc3OC)[nH]c2cc1OC,-4.548844,-2.283091,2.265752,0.9858659173951224,2.863327558399286
4949,COc1cc2cc(C=Cc3nc(C)cc4nonc34)n(C)c2cc1OC,-5.15358,-2.637824,2.515756,0.999959308577428,3.004420133954305
4950,COc1c:C(c2c(OC)c(OC)cc3[nH]ccc23):sc1-c1scc2nc(Br)cnc12,-4.828052,-2.261364,2.566688,0.8956806980204872,3.3026565014322875
4952,COc1c:C(c2c(OC)c(OC)cc3c2ccn3C):sc1-c1cncc2nonc12,-5.052941,-2.490362,2.562578,0.899787168921186,3.172950240251608
4955,COc1cc2cc(C3:cc(OC)c(-c4scc5nccnc45)s:3)n(C)c2cc1OC,-4.58557,-2.175339,2.41023,0.8937590092251864,3.0725302044734324
4958,COc1cc2cc(C=Nc3c(C)ccc4nsnc34)n(C)c2cc1OC,-5.014316,-2.249578,2.764738,0.9409176964442256,2.9853423792765508
4959,COc1cc2[nH]ccc2c(C=Cc2cc(C#N)cc3nccnc23)c1OC,-5.226244,-2.439794,2.78645,0.969786240047842,2.939727736985951
4960,COc1cc2cc(-c3s:C(c4nc(C)cc5nsnc45):cc3OC)[nH]c2cc1OC,-4.606954,-2.695525,1.911429,0.9999999537745752,3.0719860184269203
4961,COc1cc2cc(-c3s:C(c4c(S(=O)(=O)O)ccc5nsnc45):cc3OC)[nH]c2cc1OC,-4.871489,-2.987944,1.883545,0.877647683465062,3.081854444901841
4964,COc1cc2cc(C(=O)O)n(C)c2c(C=Cc2nc(C)cc3nonc23)c1OC,-5.544948,-2.690576,2.854372,0.9452664444346254,3.221610220666524
4965,COc1cc2cc(N=Cc3cc(OC(C)=O)cc4nccnc34)[nH]c2cc1OC,-5.012642,-2.359921,2.652721,0.9992839408151016,2.9694106119753485
4966,COc1cc2cc(C=Cc3occ4ncc(S)nc34)n(C)c2cc1OC,-4.730229,-2.321014,2.409215,0.9997329627155858,3.4526612981954683
4967,COc1cc2cc(C#Cc3scc4nc(C(F)(F)F)cnc34)[nH]c2cc1OC,-5.176962,-2.778459,2.398503,1.0,3.3141736595604243
4968,COc1cc2[nH]ccc2c(C=Cc2nc(C=O)cc3nonc23)c1OC,-5.468662,-2.996348,2.472314,0.9916252657769264,3.3022473356175066
4969,COc1cc2cc(N=Cc3nc(S)cc4nsnc34)n(C)c2cc1OC,-5.258893,-3.010652,2.248242,0.9999767369276584,3.588890612124784
4971,COc1cc2cc(-c3s:C(c4c(NC(C)=O)ncc5nsnc45):cc3OC)[nH]c2cc1OC,-4.774409,-2.862537,1.911872,0.9636597069883944,3.177679506936581
4972,COc1cc2cc(-c3s:C(c4c(S)ccc5nccnc45):cc3OC)[nH]c2cc1OC,-4.650663,-2.101735,2.548928,0.6655251100305095,3.006804827197904
4974,COc1cc2cc(-c3s:C(c4c(S)ccc5nccnc45):cc3OC)[nH]c2cc1OC,-4.70797,-2.112998,2.594972,0.6618490770280474,3.006804827197904
4975,COc1cc2c(ccn2C)c(C=Cc2nccc3nsnc23)c1OC,-5.088801,-2.48242,2.606381,0.9893670807700315,3.077326236176642
4976,COc1cc2cc(C=Cc3c(S)ccc4nccnc34)n(C)c2cc1OC,-4.73,-2.03467,2.69533,0.9052272121993576,2.974651835963895
4977,COc1cc2cc(-c3s:C(c4c(C=O)ccc5ccccc45):cc3OC)[nH]c2cc1OC,-4.598693,-1.98389,2.614803,0.6856254283894623,2.7253430132989465
4978,COc1cc2cc(C(=O)O)n(C)c2c(C=Cc2nc(O)cc3nsnc23)c1OC,-5.461469,-2.68324,2.778229,0.9360040992636152,3.414217058273362
4979,COc1cc2cc(C=Cc3cc(S(=O)(=O)O)cc4nsnc34)n(C)c2cc1OC,-5.167906,-2.88764,2.280266,0.9980364978167372,3.053521331777634
4981,COc1cc2c(ccn2C)c(C=Cc2cc(C#N)cc3nonc23)c1OC,-5.377018,-2.762631,2.614387,0.8404795098392264,3.100576311488372
4983,COc1c:C(c2c(OC)c(OC)cc3[nH]ccc23):sc1-c1scc2nc(S)cnc12,-4.869076,-2.041334,2.827742,0.7965422013895957,3.470808379786491
4985,COc1c:C(c2c(OC)c(OC)cc3[nH]ccc23):sc1-c1scc2nc(C=O)cnc12,-4.82863,-2.517767,2.310862,0.8967185842127443,3.325299036359529
4986,COc1cc2cc(N=Cc3c(OC(C)=O)ccc4nsnc34)n(C)c2cc1OC,-4.825582,-2.65386,2.171721,0.9341666693323398,3.106928899007155
4987,COc1cc2ccn(C)c2c(C=Cc2cc(C#N)cc3nonc23)c1OC,-5.452174,-2.948781,2.503392,0.9175133056629384,3.1706917960038554
4988,COc1cc2c(cc(C(=O)O)n2C)c(N=Cc2nncc3nsnc23)c1OC,-5.425054,-3.258624,2.166431,0.8773935927829626,3.468312900066752
4989,COc1cc2[nH]c(C(=O)O)cc2c(N=Cc2occ3nc(C#N)cnc23)c1OC,-5.573478,-3.229569,2.343909,0.913649418595285,3.5322303999452407
4990,COc1cc2cc(N=Cc3nccc4nsnc34)[nH]c2cc1OC,-5.346972,-3.002008,2.344964,0.999990675515034,3.1912771995944142
4993,COc1cc2cc(C=Nc3c(S(=O)(=O)O)ccc4nsnc34)[nH]c2cc1OC,-5.806499,-3.152494,2.654005,0.9881228503442038,3.0724022866295577
4995,COc1cc2cc(N=Cc3nc(NC(C)=O)cc4nsnc34)[nH]c2cc1OC,-5.267452,-2.911015,2.356437,0.9999931854736344,3.326759660047278
4997,COc1cc(-c2cc(C#N)cc3nonc23)s:C:1c1c(OC)c(OC)cc2c1ccn2C,-5.272031,-3.015364,2.256668,0.7912177565950759,3.1837786485666904
5000,COc1cc2c(ccn2C)c(C=Nc2cc(C#N)cc3nsnc23)c1OC,-5.376678,-2.74723,2.629448,0.9163772602640526,3.238241246553306
5001,COc1c:C(c2c(OC)c(OC)cc3ccn(C)c23):sc1-c1nc(NC(C)=O)cc2nonc12,-5.478498,-2.461255,3.017243,0.500797678680459,3.307500323192248
5002,COc1cc2cc(C=Cc3c(NC(C)=O)ncc4nsnc34)n(C)c2cc1OC,-5.073824,-2.755001,2.318823,0.9478644880822488,3.127454977806404
5003,COc1cc(-c2cc(OC):C(c3c(OC)c(OC)cc4cc(C(=O)O)n(C)c34):s2)c2nonc2c1,-5.447331,-2.464107,2.983223,0.6168100297683483,3.206339180528732
5004,COc1cc2cc(-c3s:C(c4c(S)ncc5nsnc45):cc3OC)[nH]c2cc1OC,-4.68729,-2.885509,1.801781,0.9262571923076636,3.3248344978544697
5005,COc1cc2cc(N=Cc3scc4nc(F)cnc34)[nH]c2cc1OC,-4.978087,-2.752448,2.225639,0.9999727890000656,3.388939697715104
5006,COc1cc2ccn(C)c2c(N=Cc2cc(C=O)cc3nsnc23)c1OC,-5.183839,-3.028816,2.155022,0.8886156409164289,3.3285595282715885
5008,COc1cc2ccn(C)c2c(N=Cc2cc(C#N)cc3nsnc23)c1OC,-5.252386,-3.079541,2.172845,0.90782146589822,3.3116294583415176
5011,COc1cc2[nH]c(C(=O)O)cc2c(C=Cc2scc3nc(Br)cnc23)c1OC,-5.239117,-2.566168,2.672949,0.9842993214515968,3.3139317900375413
5013,COc1cc2cc(-c3cc(OC):C(c4cc(O)cc5nsnc45):s3)[nH]c2cc1OC,-4.721937,-2.188308,2.533629,0.9763654149857742,3.086658111450177
5014,COc1cc2cc[nH]c2c(C=Cc2cc(Br)cc3nonc23)c1OC,-5.485378,-2.712588,2.77279,0.966148865070203,3.08158777463818
5015,COc1cc2c(ccn2C)c(C=Cc2nc(S)cc3nonc23)c1OC,-5.339677,-2.672422,2.667255,0.992004290761622,3.40066711940129
5018,COc1cc2[nH]c(C(=O)O)cc2c(C2:c(F)ncc3nsnc:23)c1OC,-5.634146,-2.848223,2.785923,0.4414086839962237,3.048917371444694
5019,COc1cnc2csc(C=Cc3cc4cc(OC)c(OC)cc4n3C)c2n1,-4.677112,-2.15107,2.526042,0.9975283551614882,3.095992695104754
5020,CNc1cc(C=Nc2cc3cc(OC)c(OC)cc3[nH]2)c2nsnc2c1,-5.004941,-2.350672,2.654269,0.9997592757618896,3.2066608740790468
5023,COc1cc2cc(C=Cc3cccc4ccc(C#N)cc34)n(C)c2cc1OC,-5.036247,-2.013422,3.022824,0.9229388016996554,2.558810429278047
5025,COc1cc2c(cc(C(=O)O)n2C)c(C=Cc2scc3ncc(C)nc23)c1OC,-4.969747,-2.21682,2.752926,0.9836948736781614,3.1928461181024224
5027,COc1cc2c(cc(C(=O)O)n2C)c(C=Nc2occ3ncc(C#N)nc23)c1OC,-5.496425,-2.986385,2.51004,0.9998776209344856,3.482650406364564
5028,COc1cc2cc(N=Cc3c(C#N)ccc4nccnc34)[nH]c2cc1OC,-5.123399,-2.780816,2.342583,0.9999991951461048,3.0254105772226367
5029,COc1cc2c:C(c3cccc4ncc(C=O)nc34):n(C)c2cc1OC,-5.366032,-2.761528,2.604504,0.5789222030080379,2.6332365580707275
5030,COc1c:C(c2c(OC)c(OC)cc3cc[nH]c23):sc1-c1c(O)ncc2nonc12,-5.096609,-2.675568,2.421041,0.7647297395473602,3.381193174061983
5031,COc1cc2cc(-c3s:C(c4c(S(=O)(=O)O)ccc5nsnc45):cc3OC)[nH]c2cc1OC,-4.8715,-2.987943,1.883557,0.8776278149811964,3.081854444901841
5032,COc1cc2[nH]c(C(=O)O)cc2c(C=Nc2nc(C=O)cc3nonc23)c1OC,-5.944416,-3.131281,2.813135,0.9405941288065752,3.416422520020287
5034,COc1cc2ccn(C)c2c(C=Nc2c(Br)ccc3nonc23)c1OC,-5.46126,-2.584836,2.876424,0.881844423190288,3.18524341877759
5035,COc1cc2cc(C=Cc3c(C=O)ccc4ccccc34)n(C)c2cc1OC,-5.092556,-1.980039,3.112517,0.8554990344361427,2.584344467739585
5036,COc1cc2nonc2c(C=Cc2c(OC)c(OC)cc3cc(C(=O)O)[nH]c23)n1,-5.653813,-2.846279,2.807534,0.9897778062514868,3.2526951279002123
5037,COc1cc2cc(N=Cc3c(O)ncc4nonc34)[nH]c2cc1OC,-5.017177,-2.98582,2.031356,0.9999597172884844,3.3436993130997203
5038,COc1cc2cc(-c3cc(OC):C(c4cc(OC(C)=O)cc5nsnc45):s3)[nH]c2cc1OC,-4.698719,-2.295813,2.402906,0.977748964969172,3.087345137051148
5039,COc1cc2[nH]ccc2c(C=Cc2nc(NC(C)=O)cc3nsnc23)c1OC,-5.221803,-2.474832,2.746971,0.990265443566821,3.2075235062011247
5040,COc1cc2cc(N=Cc3nc(C)cc4nsnc34)[nH]c2cc1OC,-5.179363,-2.888287,2.291076,0.9999635789105792,3.267097390022796
5041,COc1cc(C#Cc2cc3cc(OC)c(OC)cc3[nH]2)c2nonc2c1,-5.276815,-2.373392,2.903423,1.0,2.983754412540584
5044,COc1cc2ccn(C)c2c(C2:cncc3nsnc:23)c1OC,-5.267644,-2.702021,2.565623,0.2527097332661888,3.046639772973834
5046,COc1cc2[nH]c(C(=O)O)cc2c(C=Cc2scc3nc(S)cnc23)c1OC,-5.095776,-2.359814,2.735962,0.9860806594123318,3.4969832019168017
5048,COc1cc2cc(C=NC3:nc(Br)cc4nonc:34)[nH]c2cc1OC,-5.574385,-2.990076,2.584309,0.9999999993563304,3.267530082330488
5049,COc1cc2cc(C(=O)O)n(C)c2c(C=Nc2nc(Br)cc3nsnc23)c1OC,-5.795839,-2.914015,2.881824,0.8818387113815388,3.5199828702391738
5051,COc1cc2c(cc(C(=O)O)n2C)c(C=Cc2scc3ncc(C#N)nc23)c1OC,-5.280752,-2.94061,2.340143,0.9871436018206408,3.3510097470239053
5052,COc1cnc2c(C3:cc4cc(OC)c(OC)cc4n:3C)occ2n1,-4.585343,-1.860714,2.72463,0.999999988697759,2.9648282675959283
5053,COc1cc2cc(C(=O)O)n(C)c2c(C=Nc2c(F)ncc3nonc23)c1OC,-5.781151,-2.965057,2.816093,0.8348884915737818,3.41322731468362
5054,COc1cc2c(cc(C(=O)O)n2C)c(C=Cc2scc3nc(F)cnc23)c1OC,-5.147278,-2.466951,2.680328,0.980161005582976,3.346427314683618
5056,COc1cc2cc(N=Cc3occ4nc(C)cnc34)n(C)c2cc1OC,-4.762585,-2.436565,2.326021,0.9999916502317362,3.3348118179459885
5058,COc1cc2c(cc(C(=O)O)n2C)c(C#Cc2c(Br)ncc3nonc23)c1OC,-5.65082,-3.149318,2.501503,1.0,3.3436204770767803
5060,COc1cc2cc(C=Cc3cncc4nsnc34)n(C)c2cc1OC,-4.844892,-2.655702,2.189191,0.998671713328751,3.036258928484335
5061,COc1c:C(c2c(OC)c(OC)cc3cc(C(=O)O)[nH]c23):sc1-c1c(OC(C)=O)ccc2nsnc12,-5.292658,-2.37863,2.914028,0.7149467914912777,3.2339942762569054
5062,COc1c:C(c2c(OC)c(OC)cc3c2ccn3C):sc1-c1c(OC(C)=O)ccc2nsnc12,-5.035887,-2.149863,2.886024,0.6849547444148335,3.1448512847307093
5063,COc1cc(N=Cc2c(OC)c(OC)cc3c2ccn3C)c2nsnc2c1,-5.138177,-2.101658,3.036519,0.9275828046242124,3.099452435364496
5065,COc1cc2cc(C=Nc3cccc4ncc(Br)nc34)[nH]c2cc1OC,-5.345823,-2.246572,3.099251,0.8939970681861633,2.89047748946366
5066,COc1cc2cc(N=Cc3c(F)ccc4nonc34)[nH]c2cc1OC,-5.307957,-2.847523,2.460434,0.9999073398694284,3.0274685438689497
5068,COc1cc2cc(N=Cc3c(C(F)(F)F)ccc4nonc34)[nH]c2cc1OC,-5.300996,-3.057039,2.243957,0.9995391142595574,3.1417907968535097
5071,COc1cc2cc(-c3s:C(c4c(C=O)ccc5ccccc45):cc3OC)[nH]c2cc1OC,-4.598669,-1.983926,2.614743,0.685470823052212,2.7253430132989465
5072,COc1cc2c(ccn2C)c(N=Cc2cc(C=O)cc3nonc23)c1OC,-5.221505,-3.05253,2.168975,0.904829746156128,3.252420067732128
5073,COc1cc2cc(C=Cc3cccc4cc(S(=O)(=O)O)ccc34)n(C)c2cc1OC,-5.064787,-1.970996,3.093791,0.9267249658116464,2.5720037030678604
5074,COc1cc2cc(-c3cc(OC)c(C4:nc(S)cc5nonc:45)s3)[nH]c2cc1OC,-5.059246,-2.584449,2.474797,0.9851748230959042,3.335502476387565
5077,COc1cc2cc(N=Cc3cc(S)cc4nsnc34)n(C)c2cc1OC,-5.122232,-2.720066,2.402166,0.9999127114508866,3.4194735643077365
5080,COc1cc2cc[nH]c2c(C=Cc2cc(C=O)cc3nonc23)c1OC,-5.601731,-3.014111,2.58762,0.8926794169148214,3.186172258694429
5081,COc1cc2cc(C(=O)O)n(C)c2c(C=Cc2c(Br)ncc3nsnc23)c1OC,-5.444647,-3.052186,2.392462,0.926516879557054,3.412323041179345
5083,CNc1ncc2nsnc2c1N=Cc1cc2cc(OC)c(OC)cc2[nH]1,-4.878283,-2.413455,2.464828,0.8895686332933201,3.223593797155969
5084,COc1c:C(c2c(OC)c(OC)cc3c2cc(C(=O)O)n3C):sc1-c1scc2ncc(S)nc12,-4.821335,-2.220773,2.600562,0.93203574667769,3.5139597159047984
5086,COc1cc2c(ccn2C)c(C=Cc2nc(NC(C)=O)cc3nsnc23)c1OC,-5.166663,-2.459628,2.707035,0.9918731360284389,3.216205446849555
5088,COc1cc2[nH]ccc2c(C=Cc2c(C)ncc3nsnc23)c1OC,-5.128026,-2.537969,2.590057,0.9307084615126392,3.167824313099719
5089,COc1cc2cc(C=Cc3cc(C)cc4nccnc34)n(C)c2cc1OC,-4.631565,-1.92064,2.710925,0.9885862382230252,2.7278252625373227
5090,COc1cc2cc(C=Cc3cc(NC(C)=O)cc4nsnc34)n(C)c2cc1OC,-4.664173,-2.275342,2.388831,0.999775689527629,2.942960043472445
5092,COc1cc2cc(C3:cc(OC)c(-c4c(C=O)ccc5nonc45)s:3)n(C)c2cc1OC,-5.177405,-2.742521,2.434884,0.7814575731082252,3.1200346079918795
5093,COc1cc2cc[nH]c2c(C=Cc2nc(C(F)(F)F)cc3nonc23)c1OC,-5.587527,-3.012647,2.57488,0.9905189480073426,3.3129888494338404
5095,COc1cc2cc(C#Cc3nc(S(=O)(=O)O)cc4nsnc34)[nH]c2cc1OC,-5.532683,-3.324173,2.20851,1.0,3.40409303638613
5096,COc1cc(-c2cncc3nsnc23)s:C:1c1c(OC)c(OC)cc2[nH]ccc12,-4.966342,-2.709363,2.256979,0.8255467443042439,3.183563822620126
5098,COc1cc2c(ccn2C)c(C2:nc(F)cc3nsnc:23)c1OC,-5.413678,-2.65785,2.755828,0.5566178261075256,3.110623527971918
5099,COc1cc2cc[nH]c2c(N=Cc2cccc3nc(Br)cnc23)c1OC,-5.201705,-2.447675,2.75403,0.9319072708607044,3.0541150279251994
5101,COc1cc2c(cc(C(=O)O)n2C)c(C=Cc2occ3ncc(C=O)nc23)c1OC,-5.272571,-2.839292,2.433278,0.9893308197772746,3.407037219551377
5102,COc1cc2cc(C3:cccc4nc(C=O)cnc:34)n(C)c2cc1OC,-5.311071,-2.737435,2.573636,0.5776641810410152,2.6489856225197936
5103,COc1cc2cc(N=Cc3c(S)ccc4nsnc34)[nH]c2cc1OC,-5.144285,-2.671618,2.472667,0.9953924495574448,3.2905685438689503
5105,COc1cc2cc(C=Nc3cc(OC(C)=O)cc4nonc34)[nH]c2cc1OC,-5.395949,-2.597567,2.798381,0.999975292292422,3.038484467739586
5107,COc1cc2cc[nH]c2c(N=Cc2c(Br)ncc3nonc23)c1OC,-5.436433,-3.241011,2.195422,0.978715746162875,3.4419012361766423
5110,COc1cc2cc(C=Nc3cc(C#N)cc4ccccc34)[nH]c2cc1OC,-5.488051,-2.054978,3.433073,0.8940440124595928,2.662373299116128
5111,COc1cc2cc(C(=O)O)[nH]c2c(C=Cc2c(C)ncc3nonc23)c1OC,-5.659778,-2.870253,2.789525,0.92245782216044,3.2256441561524394
5114,COc1cc2c(ccn2C)c(C=Cc2c(O)ncc3nsnc23)c1OC,-4.863475,-2.522329,2.341146,0.986079286206208,3.3028496557838274
5115,COc1cc2cc(-c3cc(OC)c(C4:nc(Br)cc5nonc:45)s3)n(C)c2cc1OC,-5.09206,-2.723245,2.368815,0.9361618686725854,3.2469407665394616
5116,COc1cc2cc(C=Nc3cc(C(F)(F)F)cc4nonc34)n(C)c2cc1OC,-5.513612,-2.824628,2.688984,0.9998589464817904,3.0947144941707982
5120,COc1cc2[nH]ccc2c(C=Nc2cccc3nsnc23)c1OC,-5.19646,-2.212963,2.983497,0.9348526577821294,2.9554712655284803
5122,COc1cc2cc(-c3cc(OC):C(c4cccc5nccnc45):s3)[nH]c2cc1OC,-4.764389,-2.018454,2.745935,0.969225690771386,2.7256480380432304
5124,COc1cc2ccn(C)c2c(C#Cc2nc(F)cc3nsnc23)c1OC,-5.401634,-2.877641,2.523992,1.0,3.3983956017297734
5125,COc1cc2cc(C=Nc3cc(O)cc4nsnc34)[nH]c2cc1OC,-5.07339,-2.350067,2.723323,0.9999989476863632,3.12564354386895
5126,COc1cc2cc(C=Nc3cccc4nc(OC(C)=O)cnc34)[nH]c2cc1OC,-5.266492,-2.024483,3.242009,0.8862248464440089,2.932818396961448
5127,COc1cc2cc(C=Nc3cc(S(=O)(=O)O)cc4nccnc34)[nH]c2cc1OC,-5.684413,-2.571299,3.113115,0.8903581875731109,2.955538092252933
5128,COc1cc2c(cc(C(=O)O)n2C)c(C=Nc2cccc3nc(C=O)cnc23)c1OC,-5.5857,-2.504063,3.081637,0.8490199706998978,3.1146082128862167
5129,CNc1ncc2nonc2c1N=Cc1cc2cc(OC)c(OC)cc2n1C,-4.991586,-2.461066,2.53052,0.8800519069530466,3.2313127750248345
5130,COc1cc2cc(C=Cc3scc4nc(C=O)cnc34)n(C)c2cc1OC,-4.906418,-2.835544,2.070874,0.999886197041946,3.2329293584414174
5132,COc1cc2c(cc(C(=O)O)n2C)c(N=Cc2cncc3nonc23)c1OC,-5.503883,-3.075637,2.428246,0.8971346125096318,3.270896541741534
5133,COc1cc2cc(C=Nc3c(NC(C)=O)ccc4nsnc34)[nH]c2cc1OC,-5.240309,-2.496858,2.743451,0.9983416676143512,3.001998121585739
5135,COc1cc2cc(C=NC3:scc4nc(Br)cnc:34)n(C)c2cc1OC,-5.043838,-2.568739,2.475099,0.9999995948888336,3.286217431251602
5136,COc1cc(-c2cncc3nonc23)s:C:1c1c(OC)c(OC)cc2[nH]ccc12,-5.087409,-2.775596,2.311813,0.8288635574311081,3.145148987455292
5137,CNc1cc2nsnc2c(C2:sc(-c3cc4cc(OC)c(OC)cc4[nH]3)cc:2OC)n1,-4.739316,-2.182233,2.557083,0.973055434152384,3.196371119332735
5138,COc1cc2c(ccn2C)c(C=Cc2occ3nc(C=O)cnc23)c1OC,-4.961394,-2.651177,2.310217,0.9904944201645354,3.3689669208789805
5139,COc1cc2c:C(c3scc4ncc(C)nc34):n(C)c2cc1OC,-4.937388,-2.180658,2.75673,0.736589006133675,2.847210632044318
5141,COc1cc2cc[nH]c2c(N=Cc2c(C(F)(F)F)ccc3nonc23)c1OC,-5.393687,-3.031666,2.362022,0.9843032277242248,3.233674925383208
5142,COc1cc2cc(C(=O)O)n(C)c2c(C=Cc2c(Br)ccc3nonc23)c1OC,-5.431854,-2.714181,2.717673,0.9319343223480244,3.1609572292135324
5146,COc1cc2cc(-c3cc(OC)c(C4:c(Br)ncc5nonc:45)s3)n(C)c2cc1OC,-5.165438,-2.9547,2.210738,0.728245454825976,3.2675227595464538
5147,COc1cc(-c2nc(C=O)cc3nonc23)s:C:1c1c(OC)c(OC)cc2ccn(C)c12,-5.34623,-3.245457,2.100773,0.6663716797534713,3.3970200686850323
5148,COc1cc2cc(-c3cc(OC):C(c4c(OC)ccc5nonc45):s3)[nH]c2cc1OC,-4.804582,-2.260859,2.543723,0.8329225394807852,2.916014507405336
5149,COc1c:C(c2c(OC)c(OC)cc3ccn(C)c23):sc1-c1nc(C)cc2nsnc12,-5.262797,-2.383316,2.879481,0.5457115785296904,3.284174332973027
5150,COc1c:C(c2c(OC)c(OC)cc3cc(C(=O)O)n(C)c23):sc1-c1c(C=O)ncc2nonc12,-5.671378,-3.072015,2.599363,0.4706881812909653,3.511824894814445
5151,COc1c:C(c2c(OC)c(OC)cc3cc(C(=O)O)n(C)c23):sc1-c1nc(C#N)cc2nsnc12,-5.817656,-3.031161,2.786495,0.5865805356517577,3.525908411297962
5152,COc1c:C(c2c(OC)c(OC)cc3[nH]ccc23):sc1-c1cc(C#N)cc2nsnc12,-5.185654,-2.684345,2.50131,0.8977840779590593,3.214540695823658
5153,COc1c:C(c2c(OC)c(OC)cc3c2cc(C(=O)O)n3C):sc1-c1occ2ncc(C#N)nc12,-5.098947,-2.64829,2.450657,0.8988146799952155,3.4445891020357955
5155,COc1c:C(c2c(OC)c(OC)cc3cc(C(=O)O)[nH]c23):sc1-c1nc(C)cc2nonc12,-5.445063,-2.568829,2.876234,0.8981983065264663,3.264169581378268
5156,COc1cc2cc(-c3cc(OC):C(c4nc(NC(C)=O)cc5nonc45):s3)[nH]c2cc1OC,-5.041821,-2.485582,2.55624,0.9788686105179862,3.132147755709086
5157,COc1c:C(c2c(OC)c(OC)cc3cc(C(=O)O)[nH]c23):sc1-c1c(C=O)ncc2nsnc12,-5.394337,-3.093666,2.300671,0.6390922709993154,3.481863784730709
5158,COc1c:C(c2c(OC)c(OC)cc3ccn(C)c23):sc1-c1scc2nc(C#N)cnc12,-5.265239,-2.742076,2.523163,0.5747164424219671,3.4069558252361727
5159,COc1c:C(c2c(OC)c(OC)cc3c2cc(C(=O)O)n3C):sc1-c1nc(C=O)cc2nsnc12,-5.385464,-2.836681,2.548783,0.863645336904068,3.4463198712665646
5160,COc1c:C(c2c(OC)c(OC)cc3c2cc(C(=O)O)n3C):sc1-c1nc(C=O)cc2nonc12,-5.553579,-2.920596,2.632983,0.9314948646524156,3.409961001564837
5161,COc1c:C(c2c(OC)c(OC)cc3[nH]c(C(=O)O)cc23):sc1-c1nc(C=O)cc2nonc12,-5.579006,-2.891288,2.687718,0.8920899385110805,3.381802246269171
5163,COc1c:C(c2c(OC)c(OC)cc3cc(C(=O)O)n(C)c23):sc1-c1cccc2nsnc12,-5.264572,-2.237273,3.027299,0.5442688436760164,3.1276494821226866
5164,CNc1cnc2csc(C3:cc(OC)c(-c4cc5cc(OC)c(OC)cc5[nH]4)s:3)c2n1,-4.226442,-2.112143,2.114299,0.999692630034305,3.178161093403608
5165,COc1c:C(c2c(OC)c(OC)cc3cc[nH]c23):sc1-c1nc(C)cc2nsnc12,-5.121369,-2.441596,2.679773,0.8751430887909071,3.263430025582556
5166,COc1c:C(c2c(OC)c(OC)cc3cc[nH]c23):sc1-c1scc2ncc(C=O)nc12,-5.046791,-2.717535,2.329257,0.90717917008922,3.3861769966015336
5167,COc1c:C(c2c(OC)c(OC)cc3cc(C(=O)O)[nH]c23):sc1-c1nncc2nonc12,-5.629588,-2.948098,2.68149,0.9044513211595052,3.356514743241245
5168,COc1c:C(c2c(OC)c(OC)cc3cc[nH]c23):sc1-c1nc(F)cc2nonc12,-5.416232,-2.678736,2.737496,0.9112180839451224,3.3538244799653825
5169,COc1c:C(c2c(OC)c(OC)cc3cc[nH]c23):sc1-c1cc(Br)cc2nonc12,-5.254769,-2.529402,2.725367,0.9083005062599844,3.1723899540262046
5170,COc1cc2cc(N=Cc3scc4nc(C=O)cnc34)[nH]c2cc1OC,-4.889284,-2.979764,1.90952,0.9999999425103052,3.390105797155968
5171,COc1cc2cc(C3:cc(OC)c(-c4c(C#N)ccc5nsnc45)s:3)n(C)c2cc1OC,-5.102512,-2.764645,2.337867,0.7850621310592522,3.118768673925945
5172,COc1c:C(c2c(OC)c(OC)cc3c2ccn3C):sc1-c1nncc2nonc12,-5.228243,-2.685369,2.542875,0.8999653031057437,3.28062823667379
5174,COc1cc2cc[nH]c2c(C=Cc2nccc3nsnc23)c1OC,-5.264112,-2.623558,2.640554,0.9858293413595652,3.154141814979029
5176,COc1c:C(c2c(OC)c(OC)cc3[nH]c(C(=O)O)cc23):sc1-c1nc(Br)cc2nonc12,-5.589692,-2.768889,2.820804,0.8919624972473273,3.336631119839806
5178,COc1c:C(c2c(OC)c(OC)cc3cc(C(=O)O)[nH]c23):sc1-c1cc(C)cc2nsnc12,-5.113838,-2.242506,2.871333,0.8978664289760208,3.207415238946507
5179,COc1c:C(c2c(OC)c(OC)cc3[nH]c(C(=O)O)cc23):sc1-c1nc(Br)cc2nonc12,-5.559857,-2.751227,2.80863,0.8899694174998274,3.336631119839806
5180,COc1c:C(c2c(OC)c(OC)cc3cc(C(=O)O)[nH]c23):sc1-c1occ2ncc(C=O)nc12,-5.18068,-2.699527,2.481152,0.9005520023594524,3.4758133039614787
5181,COc1cc2cc(C=Cc3nccc4nonc34)n(C)c2cc1OC,-5.044226,-2.651138,2.393088,0.9999253568693804,2.9569204669458724
5182,COc1cc2cc(N=Cc3occ4nc(O)cnc34)[nH]c2cc1OC,-4.899452,-2.483753,2.415699,0.9999654355939936,3.539305082330488
5183,COc1cc2cc[nH]c2c(C=Cc2cc(C#N)cc3nsnc23)c1OC,-5.462341,-2.956552,2.505789,0.9698156524324314,3.200173489463661
5186,COc1cc2cc(-c3s:C(c4cc(C=O)cc5ccccc45):cc3OC)[nH]c2cc1OC,-4.69552,-2.024526,2.670994,0.8597352700517031,2.715971274168512
5190,COc1cc2cc(C=Cc3c(NC(C)=O)ncc4nonc34)n(C)c2cc1OC,-5.332117,-2.737064,2.595053,0.9028967086767952,3.0931874355925206
5191,COc1cc2[nH]c(C(=O)O)cc2c(N=Cc2cc(C#N)cc3nsnc23)c1OC,-5.571826,-3.14399,2.427836,0.8803810653180932,3.282503195442425
5192,COc1cc2cc(C3:cc(OC)c(-c4cc(C=O)cc5nonc45)s:3)n(C)c2cc1OC,-5.238942,-2.870841,2.368102,0.9207101303778016,3.147656924137273
5193,COc1c:C(c2c(OC)c(OC)cc3ccn(C)c23):sc1-c1nc(O)cc2nsnc12,-5.382264,-2.448416,2.933848,0.461302607343429,3.4338654168891107
5194,COc1cc2cc(C=Cc3scc4ncc(C)nc34)n(C)c2cc1OC,-4.687658,-2.26286,2.424797,0.99963014247674,3.055027826261997
5195,COc1c:C(c2c(OC)c(OC)cc3ccn(C)c23):sc1-c1cc(C=O)cc2nsnc12,-5.320173,-2.727265,2.592909,0.5826730886477646,3.3167199841541786
5196,COc1c:C(c2c(OC)c(OC)cc3[nH]ccc23):sc1-c1c(F)ccc2nccnc12,-4.933453,-1.875463,3.05799,0.7282425470634973,2.941433867820203
5198,COc1c:C(c2c(OC)c(OC)cc3cc[nH]c23):sc1-c1cc(F)cc2nsnc12,-5.098989,-2.355577,2.743412,0.9040980077752808,3.186717503221196
5201,COc1c:C(c2c(OC)c(OC)cc3c2cc(C(=O)O)n3C):sc1-c1nc(O)cc2nonc12,-5.391055,-2.499791,2.891265,0.8937743300267188,3.38034870375905
5202,COc1c:C(c2c(OC)c(OC)cc3[nH]ccc23):sc1-c1cncc2nsnc12,-4.961972,-2.458824,2.503148,0.8944383893444875,3.191838547894852
5203,COc1c:C(c2c(OC)c(OC)cc3ccn(C)c23):sc1-c1cc(C#N)cc2nccnc12,-5.33854,-2.45348,2.88506,0.5540270699610557,3.151673778622344
5204,CNc1ccc2nonc2c1N=Cc1cc2cc(OC)c(OC)cc2[nH]1,-4.755435,-2.179865,2.57557,0.9998567919415888,3.023727335617507
5205,COc1c:C(c2c(OC)c(OC)cc3c2ccn3C):sc1-c1c(OC)ccc2nsnc12,-4.94484,-2.120418,2.824422,0.7319575703001766,3.0528275074001634
5207,COc1c:C(c2c(OC)c(OC)cc3cc(C(=O)O)n(C)c23):sc1-c1cc(O)cc2nonc12,-5.479084,-2.203996,3.275089,0.5538239152394038,3.3001955053784826
5208,CNc1cnc2csc(C3:cc(OC)c(-c4cc5cc(OC)c(OC)cc5[nH]4)s:3)c2n1,-4.226343,-2.112112,2.114231,0.9996981832782088,3.178161093403608
5209,COc1cc2cc(-c3cc(OC)c(C4:c(C#N)ccc5nccnc:45)s3)[nH]c2cc1OC,-5.012885,-2.472476,2.540408,0.8169966960985372,2.947552712295602
5210,COc1cc2cc(C(=O)O)n(C)c2c(C=Nc2nc(C#N)cc3nsnc23)c1OC,-5.87627,-3.118247,2.758024,0.8730797616942538,3.5527482085623667
5212,COc1c:C(c2c(OC)c(OC)cc3[nH]c(C(=O)O)cc23):sc1-c1cccc2nonc12,-5.163452,-2.257538,2.905915,0.8917435227904016,2.9901576849149567
5213,COc1cc2cc(C(=O)O)[nH]c2c(N=Cc2nc(C=O)cc3nsnc23)c1OC,-5.790018,-3.346199,2.443819,0.9851243478136796,3.565770174804528
5216,COc1cc2[nH]c(C(=O)O)cc2c(C=Cc2nccc3nonc23)c1OC,-5.608352,-2.761225,2.847126,0.9906739305485408,3.0722852025972625
5217,COc1c:C(c2c(OC)c(OC)cc3cc[nH]c23):sc1-c1scc2ncc(C)nc12,-4.72677,-2.060088,2.666682,0.9034743822960544,3.22744129570778
5218,COc1cnc2cccc(C=Cc3cc4cc(OC)c(OC)cc4n3C)c2n1,-4.81351,-1.903201,2.910309,0.974682082513637,2.694746775431893
5219,COc1cc2cc(N=Cc3c(OC)ncc4nonc34)[nH]c2cc1OC,-4.969098,-2.932545,2.036553,0.9999550501079912,3.233341489463661
5220,COc1c:C(c2c(OC)c(OC)cc3c2cc(C(=O)O)n3C):sc1-c1scc2nc(Br)cnc12,-4.989899,-2.419503,2.570396,0.9392327197939868,3.370313885945284
5221,COc1c:C(c2c(OC)c(OC)cc3cc[nH]c23):sc1-c1scc2ncc(C)nc12,-4.727042,-2.060086,2.666956,0.9037603293725084,3.22744129570778
5222,COc1cc2cc(C=Nc3c(C#N)ccc4nsnc34)[nH]c2cc1OC,-5.254983,-2.900477,2.354506,0.9999996900509974,3.075500874079045
5224,COc1c:C(c2c(OC)c(OC)cc3cc(C(=O)O)[nH]c23):sc1-c1scc2nccnc12,-4.920525,-2.274851,2.645674,0.9004504339214869,3.2246750137399776
5226,COc1c:C(c2c(OC)c(OC)cc3[nH]c(C(=O)O)cc23):sc1-c1cncc2nonc12,-5.320018,-2.623657,2.69636,0.8926705404113637,3.200331649411998
5227,CNc1cnc2csc(C3:cc(OC)c(-c4cc5cc(OC)c(OC)cc5[nH]4)s:3)c2n1,-4.226042,-2.111778,2.114264,0.9998133473714672,3.178161093403608
5228,COc1cc2cc(C=Cc3c(Br)ccc4nccnc34)n(C)c2cc1OC,-4.706567,-2.261255,2.445312,0.9986595642387348,2.822806281518341
5229,COc1c:C(c2c(OC)c(OC)cc3cc(C(=O)O)n(C)c23):sc1-c1cccc2nc(C#N)cnc12,-5.534219,-2.570339,2.96388,0.5235853321274827,3.2205141543985656
5230,COc1cc2[nH]c(C(=O)O)cc2c(C=Cc2nc(C)cc3nonc23)c1OC,-5.568143,-2.702909,2.865234,0.9904473407267244,3.117775606980092
5232,COc1cc2cc(N=Cc3c(C=O)ncc4nsnc34)[nH]c2cc1OC,-5.273277,-3.274227,1.999049,0.954178994194963,3.432209181771352
5235,COc1cc2cc(N=Cc3cccc4ncc(C=O)nc34)n(C)c2cc1OC,-5.055794,-2.815713,2.240081,0.9999848788586544,3.004909275431893
5236,COc1c:C(c2c(OC)c(OC)cc3[nH]ccc23):sc1-c1cc(F)cc2nonc12,-5.196905,-2.242458,2.954448,0.8216992027898422,3.079008916459122
5238,COc1cc2c(cc(C(=O)O)n2C)c(C=Cc2c(Br)ccc3nsnc23)c1OC,-5.35823,-2.525684,2.832546,0.916210779419909,3.113384579640885
5240,COc1cc2cc(C=Cc3cc(NC(C)=O)cc4nonc34)n(C)c2cc1OC,-4.794741,-2.335276,2.459464,0.9998283735664268,2.914256291127229
5242,COc1c:C(c2c(OC)c(OC)cc3[nH]ccc23):sc1-c1scc2nc(C)cnc12,-4.577407,-1.903597,2.67381,0.8972890000922196,3.1722756427560803
5243,COc1cc2cc[nH]c2c(C=Cc2nc(O)cc3nsnc23)c1OC,-5.329004,-2.625433,2.703571,0.985184702446266,3.381389697715104
5244,COc1cc2ccn(C)c2c(C=Cc2nc(Br)cc3nsnc23)c1OC,-5.315801,-2.841971,2.47383,0.9712630639663928,3.3862203418545125
5245,COc1cc2cc(C=Cc3c(Br)ccc4nonc34)n(C)c2cc1OC,-4.943279,-2.555906,2.387373,0.9995680677980217,2.938029697363868
5247,COc1cc2cc(C#CC3:cccc4ncc(C#N)nc:34)n(C)c2cc1OC,-4.978491,-2.763933,2.214558,1.0,2.9656017754318924
5250,COc1c:C(c2c(OC)c(OC)cc3cc(C(=O)O)[nH]c23):sc1-c1cc(NC(C)=O)cc2nsnc12,-5.194319,-2.278758,2.915561,0.8955263263319295,3.2370829281990208
5251,COc1cc2cc(C=Nc3c(F)ccc4nccnc34)[nH]c2cc1OC,-5.222643,-2.09918,3.123463,0.8877503753898275,2.8288713356175066
5252,COc1cc2cc(N=Cc3cc(F)cc4nccnc34)[nH]c2cc1OC,-5.104357,-2.456006,2.648351,0.9998955984327056,2.919890412540584
5253,COc1cc2[nH]ccc2c(C=Cc2occ3nc(C#N)cnc23)c1OC,-5.117776,-2.771356,2.34642,0.98919710042244,3.3715501048482768
5255,COc1cc2cc(C=Nc3nncc4nonc34)n(C)c2cc1OC,-5.521308,-2.956897,2.56441,0.9999999991059494,3.2748800823304887
5256,COc1cc2cc(C=Cc3occ4ncc(NC(C)=O)nc34)n(C)c2cc1OC,-4.505354,-2.175191,2.330163,0.9998026407180758,3.1621412817463668
5257,COc1cc2c(cc(C(=O)O)n2C)c(C=Nc2c(C#N)ncc3nonc23)c1OC,-5.948282,-3.39593,2.552351,0.9903666619728712,3.3887751316392904
5260,COc1cc2ccn(C)c2c(C=Cc2nc(C(F)(F)F)cc3nsnc23)c1OC,-5.394734,-2.908173,2.486561,0.9767887933091968,3.3587008189571232
5261,COc1cc2cc(C3:sc(-c4cc(C#N)cc5nonc45)cc:3OC)n(C)c2cc1OC,-5.139212,-3.152667,1.986546,0.8672861918783905,3.1143744220240013
5262,COc1cc2cc(N=Cc3c(S(=O)(=O)O)ncc4nonc34)[nH]c2cc1OC,-5.789223,-3.74208,2.047143,0.98234114753421,3.4048659672527304
5264,COc1cc2cc(-c3s:C(c4cc(C=O)cc5ccccc45):cc3OC)[nH]c2cc1OC,-4.697884,-2.084702,2.613182,0.8547852070127708,2.715971274168512
5266,COc1c:C(c2c(OC)c(OC)cc3cc[nH]c23):sc1-c1nc(NC(C)=O)cc2nonc12,-5.367275,-2.502214,2.865061,0.8998171729910457,3.28372189646195
5267,COc1cc2cc(-c3cc(OC):C(c4cc(NC(C)=O)cc5nonc45):s3)[nH]c2cc1OC,-4.949878,-2.283581,2.666297,0.9758282517950488,2.985586217247548
5268,COc1cc2[nH]c(C(=O)O)cc2c(C=Cc2c(Br)ncc3nsnc23)c1OC,-5.498152,-2.901104,2.597047,0.9327326171949588,3.313316600164124
5270,COc1cc2cc[nH]c2c(N=Cc2cc(C#N)cc3nsnc23)c1OC,-5.4006,-3.090333,2.310267,0.9696393516468736,3.313486720232892
5271,COc1cc2cc(C(=O)O)n(C)c2c(N=Cc2cc(C=O)cc3nsnc23)c1OC,-5.437951,-3.109653,2.328298,0.871689438123376,3.376433922848081
5272,COc1cc2cc(N=Cc3c(S)ncc4nsnc34)[nH]c2cc1OC,-5.153219,-2.979206,2.174014,0.9978462895372584,3.4945166207920275
5273,COc1cc2cc(C(=O)O)[nH]c2c(C#Cc2nc(Br)cc3nsnc23)c1OC,-5.817091,-3.131597,2.685495,1.0,3.4383561327834027
5274,COc1cc2cc(-c3cc(OC):C(c4cc(C)cc5nonc45):s3)[nH]c2cc1OC,-4.98452,-2.203239,2.781281,0.8435150697984506,2.9486699182480294
5275,COc1cc2cc(C(=O)O)n(C)c2c(C=Nc2nc(C#N)cc3nonc23)c1OC,-6.011247,-3.235717,2.77553,0.8878810809893771,3.5103295272436856
5276,COc1cc2cc(-c3s:C(c4c(C=O)ccc5nccnc45):cc3OC)[nH]c2cc1OC,-4.759535,-2.571884,2.187651,0.8131773799069599,2.957106558449448
5277,COc1cc2cc(-c3cc(OC):C(c4c(C(F)(F)F)ccc5nsnc45):s3)[nH]c2cc1OC,-4.812325,-2.554274,2.258051,0.7905203084197864,3.0730792587976232
5278,COc1cc2cc(C(=O)O)[nH]c2c(C=Cc2nc(S)cc3nsnc23)c1OC,-5.624739,-2.849705,2.775034,0.9880096498626552,3.520495373289731
5279,COc1cc2cc(C=Cc3scc4nc(S(=O)(=O)O)cnc34)n(C)c2cc1OC,-5.127062,-3.091394,2.035668,0.9998208511837192,3.3175127847690886
5281,COc1cc2cc(C3:sc(-c4cc(C=O)cc5nsnc45)cc:3OC)n(C)c2cc1OC,-4.907239,-2.954511,1.952728,0.8538757062606313,3.1791759435793683
5282,COc1cc2cc(C=Cc3cccc4ncc(NC(C)=O)nc34)n(C)c2cc1OC,-4.862441,-2.081828,2.780612,0.9819879274787152,2.739195661697467
5285,COc1cc2cc(N=Cc3cc(C)cc4nccnc34)n(C)c2cc1OC,-4.714463,-2.160502,2.553961,0.9998876930602943,2.912809877921937
5286,COc1cc2cc(C=Cc3occ4ncc(OC(C)=O)nc34)n(C)c2cc1OC,-4.584812,-2.229732,2.35508,0.9989394991212566,3.245125334279199
5288,COc1cc2c(cc(C(=O)O)n2C)c(C=Cc2nc(O)cc3nonc23)c1OC,-5.613762,-2.790422,2.82334,0.991388741468664,3.2952290240853284
5289,CNc1cnc2csc(C=Nc3cc4cc(OC)c(OC)cc4n3C)c2n1,-4.545544,-2.241588,2.303955,0.9998804988154636,3.3321181696302293
5291,COc1cc2c(ccn2C)c(C=Nc2c(Br)ccc3nonc23)c1OC,-5.302971,-2.458757,2.844215,0.9230441694584224,3.112285414619586
5292,COc1cc2cc[nH]c2c(C=Nc2nc(C=O)cc3nonc23)c1OC,-5.765769,-3.213476,2.552292,0.9973837380277594,3.4821347202328923
5293,COc1cc2cc(N=Cc3cc(C=O)cc4nonc34)[nH]c2cc1OC,-5.374419,-3.217893,2.156526,0.999963746704724,3.2027008740790457
5294,COc1cc2cc(-c3cc(OC):C(c4cc(F)cc5nccnc45):s3)[nH]c2cc1OC,-4.708056,-2.073856,2.6342,0.9742711883753828,2.873926866955898
5295,COc1cc2cc(C=Cc3c(C=O)ccc4nonc34)n(C)c2cc1OC,-5.180548,-2.804498,2.37605,0.9212604442390342,3.001085402397462
5296,COc1cc2cc(-c3cc(OC):C(c4c(S)ccc5nonc45):s3)[nH]c2cc1OC,-5.120419,-2.381397,2.739022,0.7770969289860121,3.1198888806809464
5297,COc1cc2cc(N=Cc3c(C=O)ccc4nccnc34)[nH]c2cc1OC,-5.228893,-2.7257,2.503193,0.9652839083026548,3.031786908583583
5300,COc1cc2cc(N=Cc3cccc4nccnc34)[nH]c2cc1OC,-4.993728,-2.318583,2.675145,0.9999164924556826,2.745436694553881
5301,COc1cc2cc(C=Nc3occ4ncc(S)nc34)n(C)c2cc1OC,-4.823289,-2.279363,2.543925,0.9999999997219402,3.5748648324990047
5302,COc1cc2cc[nH]c2c(C2:scc3ncc(C#N)nc:23)c1OC,-5.458914,-2.909468,2.549446,0.4812931794589049,3.188390663521792
5303,COc1cc2c(cc(C(=O)O)n2C)c(C=Cc2cncc3nsnc23)c1OC,-5.430468,-2.725047,2.705421,0.945546757934145,3.1735247793267334
5305,COc1cc2[nH]c(C(=O)O)cc2c(C=Cc2cccc3nonc23)c1OC,-5.485914,-2.47855,3.007364,0.9510835268327282,2.8535501376621983
5306,COc1cc2c:C(c3sc(-c4nc(C#N)cc5nsnc45)cc3OC):n(C)c2cc1OC,-5.119197,-3.241687,1.87751,0.8756730881688601,3.315831395819436
5307,COc1cc2cc(N=Cc3c(C(F)(F)F)ncc4nsnc34)[nH]c2cc1OC,-5.10879,-3.142495,1.966295,0.9999906537783234,3.357662851381262
5308,COc1cc2cc(C(=O)O)n(C)c2c(C=Cc2nc(Br)cc3nonc23)c1OC,-5.708535,-3.04901,2.659525,0.95489006619398,3.3801709044272084
5309,COc1cc2cc(C=Cc3scc4nc(F)cnc34)n(C)c2cc1OC,-4.860564,-2.507383,2.353181,0.9971783221893132,3.223136973871145
5311,COc1c:C(c2c(OC)c(OC)cc3[nH]ccc23):sc1-c1cc(NC(C)=O)cc2nonc12,-5.013661,-2.080838,2.932823,0.8988280617139418,3.0809597033359264
5312,CNc1cnc2coc(C=Nc3cc4cc(OC)c(OC)cc4n3C)c2n1,-4.490886,-2.146782,2.344103,0.9997709510980478,3.4256444433565028
5314,COc1cc2c(ccn2C)c(C=Nc2nc(Br)cc3nonc23)c1OC,-5.525002,-2.830693,2.694308,0.952011618267968,3.36999788863206
5317,COc1cc2[nH]ccc2c(C=Cc2scc3nc(F)cnc23)c1OC,-4.935605,-2.314687,2.620918,0.9862765960439532,3.309916620792027
5321,COc1cc2cc[nH]c2c(C=Cc2cc(F)cc3nonc23)c1OC,-5.461389,-2.604841,2.856548,0.9699186399349262,3.0636358515612585
5323,COc1cc2c(ccn2C)c(C=Nc2nncc3nsnc23)c1OC,-5.356071,-2.753076,2.602996,0.9206178929198472,3.3755089284843347
5324,COc1cc2cc(C=Cc3c(OC)ccc4nonc34)n(C)c2cc1OC,-4.736836,-2.297,2.439836,0.9926969857495096,2.8332502375622965
5326,COc1cc2cc(C=Cc3c(S(=O)(=O)O)ccc4ccccc34)n(C)c2cc1OC,-5.295349,-2.023766,3.271582,0.8010261531117444,2.6529361206502777
5327,COc1cc2[nH]c(C(=O)O)cc2c(C#Cc2c(Br)ncc3nonc23)c1OC,-5.735222,-3.175402,2.55982,1.0,3.3369269214883683
5328,COc1cc2cc(C=Cc3cc(S(=O)(=O)O)cc4ccccc34)n(C)c2cc1OC,-4.848807,-1.90536,2.943446,0.9242614963990587,2.622459747023905
5330,COc1cc2[nH]ccc2c(N=Cc2cc(C=O)cc3nonc23)c1OC,-5.287032,-3.067905,2.219127,0.903721922014443,3.268377797155968
5331,CNc1ccc2nonc2c1C=Cc1cc2cc(OC)c(OC)cc2n1C,-4.637673,-2.142151,2.495522,0.925640168380334,2.978462225574285
5333,COc1cc2cc(C=Cc3c(F)ccc4nonc34)n(C)c2cc1OC,-4.854584,-2.463806,2.390779,0.9998644011822286,2.870061921896093
5335,COc1cc2cc(N=Cc3c(Br)ncc4nsnc34)n(C)c2cc1OC,-4.983483,-3.059836,1.923647,0.9999957776913256,3.3897342711684413
5338,COc1cc2cc(C(=O)O)n(C)c2c(C=Cc2cc(C=O)cc3nonc23)c1OC,-5.776628,-2.912633,2.863995,0.5598542825652465,3.247241065705224
5340,COc1cc2cc(C3:cc(NC(C)=O)cc4nsnc:34)n(C)c2cc1OC,-5.199378,-2.336705,2.862673,0.636972171945405,2.7331510630525973
5341,COc1cc2cc(C3:c(Br)ncc4nsnc:34)n(C)c2cc1OC,-5.405461,-3.139372,2.266089,0.5567131410196551,3.0446425324968054
5342,COc1cc2cc(C#CC3:scc4ncc(S)nc:34)[nH]c2cc1OC,-5.015222,-2.477456,2.537766,1.0,3.5327377746381803
5345,COc1cc2cc[nH]c2c(C=Cc2nc(NC(C)=O)cc3nsnc23)c1OC,-5.392341,-2.652594,2.739747,0.9696955085518358,3.2791479292780465
5347,COc1cc2cc(C#CC3:c(C)ncc4nsnc:34)[nH]c2cc1OC,-5.212603,-2.801877,2.410726,1.0,3.169612774638182
5349,COc1cc2cc(N=Cc3occ4nc(S)cnc34)[nH]c2cc1OC,-5.07086,-2.663799,2.407061,0.9999989351316688,3.680243543868951
5352,COc1cc2[nH]ccc2c(C=Cc2nc(C(F)(F)F)cc3nonc23)c1OC,-5.450409,-2.883087,2.567323,0.9920514883067686,3.2404577880901204
5354,COc1cc2c(cc(C(=O)O)n2C)c(C=Cc2cccc3nc(C=O)cnc23)c1OC,-5.360004,-2.583013,2.776992,0.960378418931817,2.991519088217782
5355,COc1cc2cc(-c3cc(OC):C(c4c(S(=O)(=O)O)ccc5nccnc45):s3)[nH]c2cc1OC,-4.921731,-2.497562,2.424169,0.6559755933673326,2.978671477038402
5356,COc1cc2cc(C3:cc(OC)c(-c4cc(F)cc5nccnc45)s:3)n(C)c2cc1OC,-4.734127,-2.061106,2.673021,0.888652515147377,2.935719476969055
5357,COc1cc2cc(C=Cc3cccc4ncc(C=O)nc34)n(C)c2cc1OC,-4.836714,-2.562848,2.273866,0.9915352377324076,2.8282392754318924
5358,COc1cc2cc(N=Cc3scc4sc(=S)sc34)[nH]c2cc1OC,-5.322377,-2.505502,2.816876,0.9999048683319672,3.520622101648881
5360,COc1cc2cc[nH]c2c(N=Cc2occ3ncc(S)nc23)c1OC,-5.027914,-2.49389,2.534025,0.9715456485964428,3.7697454669458734
5361,COc1cc2cc(C=Cc3occ4ncc(C(F)(F)F)nc34)n(C)c2cc1OC,-5.044065,-2.687555,2.35651,0.997917361620025,3.2387743232306274
5362,COc1cc2cc(C=Cc3cc(OC(C)=O)cc4nonc34)n(C)c2cc1OC,-4.896933,-2.421088,2.475845,0.9736131776938884,2.956448223585016
5363,COc1cc2cc(-c3cc(OC)c(C4:cccc5nc(C=O)cnc:45)s3)n(C)c2cc1OC,-4.739304,-2.487771,2.251532,0.8886421866399707,3.010858394006957
5364,COc1cnc2c(C=Nc3cc4cc(OC)c(OC)cc4n3C)occ2n1,-4.749629,-2.349682,2.399948,0.9999135426003636,3.369652035764095
5365,COc1cc2c(cc(C(=O)O)n2C)c(N=Cc2c(Br)ncc3nonc23)c1OC,-5.480829,-3.271469,2.20936,0.8799558266948666,3.417745263401568
5366,COc1cc2cc[nH]c2c(C#Cc2nc(Br)cc3nsnc23)c1OC,-5.562365,-3.024399,2.537966,1.0,3.441772390022796
5367,COc1cc2cc(C(=O)O)[nH]c2c(N=Cc2c(O)ncc3nsnc23)c1OC,-5.609227,-2.939459,2.669767,0.9159302890175296,3.476426045149518
5368,COc1cc2cc(C(=O)O)n(C)c2c(N=Cc2scc3nc(Br)cnc23)c1OC,-5.413975,-2.921152,2.492823,0.8980657029738786,3.502040989897293
5369,COc1cnc2c(N=Cc3cc4cc(OC)c(OC)cc4[nH]3)occ2n1,-4.774407,-2.12177,2.652637,0.9999999888598636,3.2335537971559685
5370,COc1cc2cc[nH]c2c(N=Cc2scc3nc(Br)cnc23)c1OC,-5.212872,-2.793686,2.419186,0.9735275287820452,3.4801916207920263
5371,COc1cc2cc(-c3cc(OC)c(C4:c(C)ncc5nonc:45)s3)n(C)c2cc1OC,-5.042557,-2.626524,2.416033,0.707762901804385,3.145967689616384
5373,COc1c:C(c2c(OC)c(OC)cc3cc(C(=O)O)[nH]c23):sc1-c1cc(S)cc2nsnc12,-5.247633,-2.408637,2.838995,0.8953048106328476,3.453772559045764
5374,COc1cc2cc(N=Cc3cccc4nc(F)cnc34)[nH]c2cc1OC,-5.074451,-2.439258,2.635194,0.9998649199099576,2.9665131817713526
5375,COc1cc2c(ccn2C)c(C=Cc2c(C=O)ccc3c2SCS3)c1OC,-5.255613,-1.741987,3.513626,0.7931606441447685,3.4312979898100497
5376,COc1cc2cc(C=Nc3scc4ncc(C)nc34)n(C)c2cc1OC,-4.917659,-2.271257,2.646401,0.9999812908956928,3.127415144349316
5377,COc1cc2cc(C=Cc3c(S(=O)(=O)O)ncc4nsnc34)n(C)c2cc1OC,-5.126683,-3.230259,1.896424,0.9804308281069568,3.2919982548545583
5378,COc1cc2[nH]c(C(=O)O)cc2c(N=Cc2c(S)ncc3nonc23)c1OC,-5.652286,-3.072278,2.580008,0.8726092065799151,3.495780865013198
5382,COc1cc2cc(N=Cc3occ4nc(C#N)cnc34)[nH]c2cc1OC,-5.116802,-3.144571,1.972231,0.9999930025086948,3.489737181771352
5383,CNc1cc2nonc2c(-c2cc(OC):C(c3c(OC)c(OC)cc4ccn(C)c34):s2)n1,-5.189251,-2.483419,2.705832,0.6442677566140718,3.315621421178692
5385,COc1cc2[nH]ccc2c(C=Nc2nc(S)cc3nsnc23)c1OC,-5.404081,-2.56228,2.841802,0.9462696362903684,3.560114697715105
5386,COc1cc2cc(C(=O)O)[nH]c2c(N=Cc2c(Br)ncc3nsnc23)c1OC,-5.574381,-3.231554,2.342827,0.975236386239398,3.474042403474737
5391,COc1cc2cc(C=Nc3occ4ncc(Br)nc34)n(C)c2cc1OC,-4.959001,-2.457955,2.501047,0.9999998835423114,3.373811194245365
5394,COc1cc2cc(C=Nc3cc(C(F)(F)F)cc4nonc34)[nH]c2cc1OC,-5.541706,-2.874495,2.667212,0.9997898494471398,3.0447958601446485
5396,COc1cc2cc(C=Cc3c(C#N)ccc4nccnc34)n(C)c2cc1OC,-5.170561,-2.558795,2.611766,0.7696870002280216,2.884106775431894
5397,COc1cc2cc(-c3cc(OC):C(c4nc(S(=O)(=O)O)cc5nonc45):s3)[nH]c2cc1OC,-5.347549,-3.055542,2.292007,0.9820948814327142,3.308691665745515
5398,COc1cc(-c2scc3nc(Br)cnc23)s:C:1c1c(OC)c(OC)cc2ccn(C)c12,-5.131641,-2.656106,2.475535,0.6490074483886801,3.3989558015044947
5400,COc1cc(-c2scc3nc(C)cnc23)s:C:1c1c(OC)c(OC)cc2cc[nH]c12,-4.792863,-2.29962,2.493243,0.8988413660686493,3.2504999719152927
5401,COc1cc2cc(C(=O)O)[nH]c2c(N=Cc2c(C(F)(F)F)ccc3nonc23)c1OC,-5.665567,-3.165743,2.499824,0.9813217926749168,3.2643596964467623
5402,COc1cc2c(cc(C(=O)O)n2C)c(C=Cc2c(Br)ccc3nonc23)c1OC,-5.475852,-2.602963,2.872889,0.9297359370091364,3.085958938615243
5403,COc1cc(-c2nncc3nsnc23)s:C:1c1c(OC)c(OC)cc2c1cc(C(=O)O)n2C,-5.373386,-3.092746,2.280641,0.8334603539406522,3.3591586632641253
5404,COc1cc2cc[nH]c2c(N=Cc2cc(S(=O)(=O)O)cc3nsnc23)c1OC,-5.463716,-3.112885,2.35083,0.9802826380272808,3.3027199107775607
5405,COc1cc2[nH]c(C(=O)O)cc2c(C2:nc(C=O)cc3nonc:23)c1OC,-5.833433,-3.163239,2.670194,0.6813117282228549,3.123355718923041
5406,COc1cc2[nH]c(C(=O)O)cc2c(N=Cc2c(Br)ncc3nonc23)c1OC,-5.567782,-3.292255,2.275527,0.8839149055906539,3.3915123158408527
5409,COc1cc2cc(-c3cc(OC):C(c4cccc5nc(S(=O)(=O)O)cnc45):s3)[nH]c2cc1OC,-5.062394,-2.741554,2.32084,0.9661173551760438,3.052102246269171
5410,COc1c:C(c2c(OC)c(OC)cc3c2cc(C(=O)O)n3C):sc1-c1nc(C#N)cc2nonc12,-5.639075,-2.992112,2.646963,0.93731356939566,3.4188394945004745
5411,COc1c:C(c2c(OC)c(OC)cc3c2ccn3C):sc1-c1nc(C)cc2nsnc12,-5.003946,-2.304681,2.699266,0.8824611784670529,3.221610172133865
5413,COc1c:C(c2c(OC)c(OC)cc3ccn(C)c23):sc1-c1c(C=O)ncc2nonc12,-5.381364,-3.030141,2.351223,0.4909558485808178,3.4521962309842715
5414,COc1c:C(c2c(OC)c(OC)cc3[nH]ccc23):sc1-c1nccc2nonc12,-5.163217,-2.365849,2.797368,0.8965785531464684,3.0926077786640827
5415,COc1cc2cc(C3:cc(OC)c(-c4nccc5nonc45)s:3)n(C)c2cc1OC,-5.139634,-2.55073,2.588904,0.9152930304202008,3.044955428087028
5416,COc1c:C(c2c(OC)c(OC)cc3cc[nH]c23):sc1-c1occ2ncc(C#N)nc12,-5.103254,-2.679266,2.423987,0.9057875533321956,3.437782701009485
5418,COc1cc2c(cc(C(=O)O)n2C)c(C=Cc2c(C=O)ncc3nsnc23)c1OC,-5.533989,-2.942522,2.591467,0.7841276205217176,3.393866889881048
5419,COc1cc2nsnc2c(-c2cc(OC):C(c3c(OC)c(OC)cc4c3ccn4C):s2)n1,-5.044312,-2.616711,2.427601,0.7888951528896889,3.257841877645303
5420,COc1cc2cc(C(=O)O)[nH]c2c(C=Cc2nc(C#N)cc3nsnc23)c1OC,-5.752683,-3.214605,2.538078,0.9904154861979302,3.4296050716150344
5421,COc1cc2cc(-c3s:C(c4nccc5nsnc45):cc3OC)[nH]c2cc1OC,-4.633568,-2.747621,1.885947,0.9999987278837824,3.008207229213533
5422,COc1c:C(c2c(OC)c(OC)cc3cc[nH]c23):sc1-c1scc2nc(C#N)cnc12,-5.08917,-2.770974,2.318196,0.9074566649290904,3.387700073524611
5423,COc1c:C(c2c(OC)c(OC)cc3cc(C(=O)O)n(C)c23):sc1-c1nc(C=O)cc2nsnc12,-5.689801,-2.908977,2.780824,0.5198456191745454,3.5170299183623257
5424,COc1c:C(c2c(OC)c(OC)cc3c2cc(C(=O)O)n3C):sc1-c1nc(Br)cc2nsnc12,-5.375628,-2.685766,2.689862,0.8735795414033076,3.4022606065930567
5425,COc1cc2c(ccn2C)c(C=Cc2nc(C#N)cc3nonc23)c1OC,-5.459784,-3.061995,2.397788,0.9936629514598094,3.3037119758240348
5426,COc1c:C(c2c(OC)c(OC)cc3cc[nH]c23):sc1-c1nc(S)cc2nsnc12,-5.246233,-2.571949,2.674283,0.8715947771734074,3.542608737568245
5428,COc1c:C(c2c(OC)c(OC)cc3[nH]ccc23):sc1-c1nc(C)cc2nsnc12,-4.986445,-2.292272,2.694173,0.8607722523080701,3.2020014030423054
5429,COc1c:C(c2c(OC)c(OC)cc3cc(C(=O)O)n(C)c23):sc1-c1nncc2nonc12,-5.744689,-2.89524,2.849449,0.5684259403160549,3.4045070503609
5430,COc1c:C(c2c(OC)c(OC)cc3ccn(C)c23):sc1-c1nc(F)cc2nonc12,-5.454665,-2.651863,2.802803,0.6289270094769772,3.372514367938063
5431,COc1cc2cc(N=Cc3occ4nc(C=O)cnc34)[nH]c2cc1OC,-5.012481,-3.020247,1.992235,0.99999953465499,3.4861261048482755
5432,COc1c:C(c2c(OC)c(OC)cc3c2cc(C(=O)O)n3C):sc1-c1cc(Br)cc2nonc12,-5.413579,-2.492136,2.921444,0.8020292632728858,3.196779311046498
5433,COc1c:C(c2c(OC)c(OC)cc3cc(C(=O)O)n(C)c23):sc1-c1nncc2nonc12,-5.744664,-2.895208,2.849456,0.5686631948206189,3.4045070503609
5436,COc1cc2cc(C#CC3:nc(Br)cc4nonc:34)[nH]c2cc1OC,-5.427881,-3.059426,2.368455,1.0,3.276637774638181
5437,COc1cc2cc(C(=O)O)n(C)c2c(C=Cc2nc(C=O)cc3nonc23)c1OC,-5.733551,-3.17592,2.557631,0.9474224772369731,3.4190932635074214
5438,COc1cc2cc(C=Cc3cc(C=O)cc4nonc34)n(C)c2cc1OC,-4.987965,-2.814716,2.173249,0.9996838645803574,3.033769518281579
5439,COc1c:C(c2c(OC)c(OC)cc3c2cc(C(=O)O)n3C):sc1-c1nc(Br)cc2nonc12,-5.513207,-2.739577,2.77363,0.895907021497778,3.3647535620586435
5441,COc1c:C(c2c(OC)c(OC)cc3c2ccn3C):sc1-c1nc(Br)cc2nonc12,-5.264841,-2.607727,2.657114,0.9023290486434414,3.313975032273726
5442,COc1c:C(c2c(OC)c(OC)cc3cc(C(=O)O)n(C)c23):sc1-c1occ2ncc(C=O)nc12,-5.244235,-2.607321,2.636914,0.5489580514544145,3.5222292904188404
5443,COc1cc2cc(N=Cc3c(C(F)(F)F)ccc4nsnc34)n(C)c2cc1OC,-5.155361,-2.949474,2.205887,0.991116418334156,3.1894563745126785
5445,COc1cc2[nH]c(C(=O)O)cc2c(C=Cc2nc(C)cc3nsnc23)c1OC,-5.414408,-2.620142,2.794266,0.9896704222120092,3.1628790149645134
5446,COc1cc2[nH]c(C(=O)O)cc2c(C=Cc2nc(C(F)(F)F)cc3nsnc23)c1OC,-5.615871,-2.947756,2.668116,0.985313497915985,3.316124991616708
5447,COc1cc2cc(C#Cc3cc(C(F)(F)F)cc4nonc34)[nH]c2cc1OC,-5.581018,-2.953981,2.627037,1.0,3.07699079685351
5449,COc1cc2cc(N=Cc3c(O)ncc4nonc34)n(C)c2cc1OC,-5.153752,-3.070939,2.082813,0.9999707332570396,3.3543068283409987
5451,COc1c:C(c2c(OC)c(OC)cc3ccn(C)c23):sc1-c1nc(NC(C)=O)cc2nsnc12,-5.392662,-2.465021,2.92764,0.5989921915189895,3.3446166693460944
5452,COc1c:C(c2c(OC)c(OC)cc3cc(C(=O)O)[nH]c23):sc1-c1c(F)ccc2nsnc12,-5.244237,-2.404581,2.839655,0.7587223890500953,3.172204320832363
5453,COc1cc2c(ccn2C)c(N=Cc2cc(C#N)cc3nsnc23)c1OC,-5.150791,-2.976401,2.17439,0.8967489957862728,3.2660576301696898
5455,COc1c:C(c2c(OC)c(OC)cc3cc(C(=O)O)n(C)c23):sc1-c1cc(C=O)cc2nonc12,-5.667657,-2.843594,2.824062,0.5600500065728837,3.345412492930616
5457,COc1cc2c(cc(C(=O)O)n2C)c(C=Cc2cccc3ncc(C#N)nc23)c1OC,-5.395596,-2.671354,2.724241,0.9669087447062878,2.979562059040063
5458,COc1c:C(c2c(OC)c(OC)cc3cc(C(=O)O)n(C)c23):sc1-c1nc(O)cc2nsnc12,-5.521035,-2.474754,3.046281,0.4972417074837829,3.490798744244879
5459,COc1c:C(c2c(OC)c(OC)cc3cc[nH]c23):sc1-c1cc(C=O)cc2nsnc12,-5.158679,-2.75683,2.401849,0.9047235051179614,3.2954364607329083
5463,COc1c:C(c2c(OC)c(OC)cc3cc(C(=O)O)n(C)c23):sc1-c1c(F)ccc2nccnc12,-5.296446,-1.97612,3.320326,0.4765499647525213,3.118440122443958
5464,COc1cc2cc(C#CC3:c(OC)ccc4nsnc:34)[nH]c2cc1OC,-5.15045,-2.434827,2.715623,1.0,2.957863951002123
5465,COc1cc2cc(C#Cc3occ4nc(S)cnc34)[nH]c2cc1OC,-5.031567,-2.377791,2.653776,1.0,3.610628159253565
5466,COc1c:C(c2c(OC)c(OC)cc3cc(C(=O)O)n(C)c23):sc1-c1cncc2nsnc12,-5.451669,-2.614896,2.836773,0.5270422578686278,3.339631119839808
5467,COc1c:C(c2c(OC)c(OC)cc3ccn(C)c23):sc1-c1c(OC)ccc2nsnc12,-5.2325,-2.184013,3.048487,0.3364343776427501,3.113329113486385
5468,COc1c:C(c2c(OC)c(OC)cc3[nH]c(C(=O)O)cc23):sc1-c1cc(C#N)cc2nccnc12,-5.245399,-2.39959,2.845809,0.894746937353772,3.1333434334186983
5470,COc1c:C(c2c(OC)c(OC)cc3ccn(C)c23):sc1-c1scc2ncc(Br)nc12,-5.086368,-2.347845,2.738523,0.5859238470480655,3.368546186119879
5471,COc1cc2cc(N=Cc3cccc4ncc(F)nc34)[nH]c2cc1OC,-4.971208,-2.381146,2.590061,0.9999510194900164,2.949031951002123
5475,COc1cc2[nH]c(C(=O)O)cc2c(C=Nc2nc(C#N)cc3nsnc23)c1OC,-5.880158,-3.08926,2.790898,0.9414607007520844,3.458683683247304
5476,COc1cc2cc(-c3cc(OC):C(c4scc5ncc(OC(C)=O)nc45):s3)[nH]c2cc1OC,-4.713245,-2.241214,2.472031,0.9711255880184276,3.208934989751638
5479,COc1c:C(c2c(OC)c(OC)cc3[nH]c(C(=O)O)cc23):sc1-c1nc(C(F)(F)F)cc2nonc12,-5.637845,-2.825869,2.811976,0.8904354205331767,3.3548486479248414
5480,COc1cc2cc(-c3cc(OC)c(C4:scc5ncc(C=O)nc:45)s3)n(C)c2cc1OC,-5.016316,-2.710249,2.306066,0.7636398397546985,3.2801402715590804
5481,COc1c:C(c2c(OC)c(OC)cc3c2cc(C(=O)O)n3C):sc1-c1occ2nc(C#N)cnc12,-5.097468,-2.667439,2.430029,0.8894503481203104,3.4529024458348543
5482,COc1c:C(c2c(OC)c(OC)cc3c2cc(C(=O)O)n3C):sc1-c1cc(O)cc2nsnc12,-5.097665,-2.193748,2.903917,0.8952856747684297,3.2691480559857693
5483,COc1cc2[nH]c(C(=O)O)cc2c(C=Cc2cc(C#N)cc3nccnc23)c1OC,-5.5864,-2.600201,2.986199,0.9728963091602274,2.99483149880154
5484,COc1cc2cc(C#Cc3cccc4ncc(S(=O)(=O)O)nc34)[nH]c2cc1OC,-5.575155,-2.979414,2.59574,1.0,3.0896786175812627
5485,COc1cc2cc(N=Cc3nc(C(F)(F)F)cc4nsnc34)[nH]c2cc1OC,-5.508799,-3.260561,2.248237,0.9999917682123196,3.4063066683238112
5486,COc1cc2cc(C3:cc(OC)c(-c4cccc5nc(C#N)cnc45)s:3)n(C)c2cc1OC,-5.012172,-2.577103,2.435069,0.915069811472878,3.013739572403031
5487,COc1cc2cc(C(=O)O)[nH]c2c(C=Cc2cccc3nsnc23)c1OC,-5.432306,-2.498283,2.934023,0.9613492910669283,2.936526361438421
5488,COc1cc2cc(N=Cc3cccc4ncc(S(=O)(=O)O)nc34)n(C)c2cc1OC,-5.218271,-2.934292,2.28398,0.9924855858550012,3.119403153617311
5489,COc1cc2cc(C=Cc3occ4nc(C)cnc34)n(C)c2cc1OC,-4.68099,-2.172195,2.508795,0.9996421439308276,3.116727410461582
5490,COc1cc2c(ccn2C)c(C=Cc2nc(C=O)cc3nonc23)c1OC,-5.401364,-2.978405,2.422959,0.9911864362022658,3.304981506293565
5494,COc1cc2cc(C=Nc3c(Br)ccc4nsnc34)n(C)c2cc1OC,-5.146819,-2.462056,2.684763,0.91984763592842,3.0823683668025383
5495,COc1cc2cc(C=Cc3scc4ncc(OC(C)=O)nc34)n(C)c2cc1OC,-4.598399,-2.321209,2.27719,0.9995563476255936,3.196013702009031
5496,COc1c:C(c2c(OC)c(OC)cc3ccn(C)c23):sc1-c1c(Br)ccc2nonc12,-5.395398,-2.519069,2.87633,0.3523821122274996,3.184384472833167
5497,COc1cc2cc(C3:cc(OC)c(-c4scc5nc(C)cnc45)s:3)n(C)c2cc1OC,-4.738008,-2.11643,2.621578,0.9154171423355836,3.1255257315744247
5501,COc1c:C(c2c(OC)c(OC)cc3c2ccn3C):sc1-c1scc2nc(S)cnc12,-4.677075,-2.062667,2.614408,0.929408322835466,3.484307899406593
5504,COc1c:C(c2c(OC)c(OC)cc3ccn(C)c23):sc1-c1scc2nc(C=O)cnc12,-5.141497,-2.6373,2.504197,0.5801696818010469,3.403979662936933
5505,COc1c:C(c2c(OC)c(OC)cc3ccn(C)c23):sc1-c1cc(NC(C)=O)cc2nsnc12,-5.190068,-2.148471,3.041597,0.5963610848616794,3.2054512847307084
5506,COc1cc2cc(C=Nc3cccc4nc(NC(C)=O)cnc34)[nH]c2cc1OC,-4.965665,-1.886195,3.07947,0.9003178361316602,2.835865292234848
5509,COc1cc2[nH]ccc2c(C=Nc2c(Br)ccc3nsnc23)c1OC,-5.284631,-2.355673,2.928958,0.8717308675184501,3.137287774638181
5510,COc1cc2cc(N=Cc3cc(C=O)cc4ccccc34)n(C)c2cc1OC,-4.976585,-2.27854,2.698045,0.9835477798566754,2.767065236970355
5513,COc1cc2cc(N=Cc3cccc4ccc(C=O)cc34)[nH]c2cc1OC,-4.809935,-2.250391,2.559544,0.9999946746768602,2.714837796157548
5514,COc1cc2[nH]ccc2c(C=Cc2nc(C(F)(F)F)cc3nsnc23)c1OC,-5.41122,-2.836948,2.574272,0.993192792866634,3.285561196074542
5515,COc1cc2cc(N=Cc3c(S)ccc4nonc34)[nH]c2cc1OC,-5.260844,-2.794491,2.466353,0.9966167400555502,3.259714697715104
5516,COc1c:C(c2c(OC)c(OC)cc3cc(C(=O)O)n(C)c23):sc1-c1nc(OC(C)=O)cc2nsnc12,-5.59624,-2.576913,3.019327,0.4812450331274472,3.505643247831049
5520,COc1cc2[nH]ccc2c(C=Cc2c(Br)ncc3nsnc23)c1OC,-5.195794,-2.804195,2.391599,0.9448668267028916,3.2996762361766425
5522,COc1c:C(c2c(OC)c(OC)cc3c2ccn3C):sc1-c1c(F)ccc2nonc12,-5.031456,-2.218596,2.81286,0.738710935323531,3.072428878427573
5523,COc1cc2cc(N=Cc3c(NC(C)=O)ccc4nonc34)[nH]c2cc1OC,-5.385975,-2.83839,2.547585,0.9906970216825192,3.074055236970356
5524,COc1cc2[nH]ccc2c(N=Cc2cc(C=O)cc3nsnc23)c1OC,-5.158461,-2.93147,2.226991,0.8825616609081317,3.299760566386737
5526,COc1cc2cc(C=Nc3c(S(=O)(=O)O)ncc4nsnc34)n(C)c2cc1OC,-5.638675,-3.4526,2.186076,0.9998970004297034,3.381991417247721
5527,COc1cc2cc(C#Cc3scc4ncc(O)nc34)[nH]c2cc1OC,-5.03686,-2.30791,2.72895,1.0,3.4085973900227966
5528,COc1cc2cc[nH]c2c(C=Nc2nc(C#N)cc3nonc23)c1OC,-5.824059,-3.300522,2.523537,0.992902003439368,3.4808313356175065
5530,COc1cc2cc(C3:cc(OC)c(-c4scc5nc(F)cnc45)s:3)n(C)c2cc1OC,-4.685815,-2.281448,2.404367,0.8972412495719092,3.2607696126933066
5531,COc1cc2c(cc(C(=O)O)n2C)c(C=Cc2c(Br)ccc3nccnc23)c1OC,-5.37994,-2.241878,3.138061,0.8783330050553132,2.9815383184524755
5533,COc1cc2cc(C(=O)O)[nH]c2c(C=Cc2scc3nc(Br)cnc23)c1OC,-5.289701,-2.638797,2.650904,0.98266925828839,3.3819970285964507
5534,CNc1cc(C=Cc2cc3cc(OC)c(OC)cc3n2C)c2nsnc2c1,-4.682111,-2.01996,2.662151,0.9820574488718532,3.037626661138722
5535,COc1cc2cc(N=Cc3cc(S(=O)(=O)O)cc4nonc34)[nH]c2cc1OC,-5.436946,-3.235285,2.201661,0.9990276684045912,3.181042013990803
5537,COc1c:C(c2c(OC)c(OC)cc3cc(C(=O)O)n(C)c23):sc1-c1cc(Br)cc2nccnc12,-5.426459,-2.168151,3.258308,0.5104132435030418,3.176653309257145
5539,COc1cc(-c2cc(C=O)cc3nsnc23)s:C:1c1c(OC)c(OC)cc2[nH]c(C(=O)O)cc12,-5.324635,-2.950148,2.374487,0.7870734018069296,3.277944553961479
5541,COc1cc2ccn(C)c2c(C=Nc2cc(Br)cc3nsnc23)c1OC,-5.426332,-2.530939,2.895392,0.846604333202214,3.26386711940129
5542,COc1cc2cc(C=Cc3c(C(F)(F)F)ccc4nsnc34)n(C)c2cc1OC,-4.878832,-2.599352,2.27948,0.9435836398883932,3.0281538104101147
5545,COc1cc2cc(C(=O)O)[nH]c2c(C=Nc2occ3ncc(C#N)nc23)c1OC,-5.647741,-3.123519,2.524222,0.9999878646084136,3.526534902759499
5548,COc1cc2[nH]c(C(=O)O)cc2c(C=Cc2nc(O)cc3nonc23)c1OC,-5.655155,-2.785042,2.870112,0.9914127605047196,3.2701551590735694
5549,COc1cc2cc(N=Cc3c(Br)ccc4nccnc34)[nH]c2cc1OC,-5.055823,-2.482654,2.573169,0.9998791450170323,2.9704011817713525
5552,COc1cc2cc(-c3cc(OC):C(c4cc(NC(C)=O)cc5nccnc45):s3)[nH]c2cc1OC,-4.817831,-1.983419,2.834412,0.9701819563146415,2.898833114627616
5553,COc1cc2cc(-c3cc(OC):C(c4cc(C)cc5nsnc45):s3)[nH]c2cc1OC,-4.643962,-2.16589,2.478073,0.9754290080222816,2.9949498824698537
5555,COc1cc2cc(-c3cc(OC)c(C4:nc(NC(C)=O)cc5nsnc:45)s3)[nH]c2cc1OC,-4.911074,-2.435562,2.475512,0.947654673119812,3.170053811355567
5556,COc1cc2cc(N=Cc3occ4nc(OC(C)=O)cnc34)[nH]c2cc1OC,-4.937216,-2.593814,2.343402,0.9999095630555448,3.43989312158574
5557,COc1cc2c(ccn2C)c(N=Cc2scc3ncc(Br)nc23)c1OC,-4.987184,-2.630553,2.356631,0.9253459778430404,3.407404957239128
5558,COc1cc2cc(N=Cc3c(OC)ccc4nonc34)[nH]c2cc1OC,-4.935064,-2.620155,2.314908,0.9989005594497976,2.9811236433098145
5560,COc1cc2cc(C(=O)O)n(C)c2c(C=Cc2scc3nc(S)cnc23)c1OC,-5.11893,-2.411488,2.707441,0.926779451846276,3.5914546651109687
5562,COc1cc2cc(C(=O)O)n(C)c2c(C=Cc2cccc3nonc23)c1OC,-5.49604,-2.496141,2.999899,0.8369332751445466,2.964915821196257
5563,COc1cc2[nH]c(C(=O)O)cc2c(C=Cc2cncc3nsnc23)c1OC,-5.455714,-2.692014,2.763701,0.9620887933101308,3.146471815983876
5566,COc1cc2c(ccn2C)c(C=Cc2nc(Br)cc3nonc23)c1OC,-5.38568,-2.84927,2.53641,0.9922513843732867,3.265111402145573
5567,COc1c:C(c2c(OC)c(OC)cc3c2cc(C(=O)O)n3C):sc1-c1cc(NC(C)=O)cc2nonc12,-5.234143,-2.253496,2.980647,0.9006030043747999,3.183142127592065
5568,CNc1cnc2c(C3:cc4cc(OC)c(OC)cc4n:3C)scc2n1,-4.784318,-1.931663,2.852654,0.7458561123398959,2.963599665212396
5569,COc1cc2cc(N=Cc3occ4ncc(OC(C)=O)nc34)n(C)c2cc1OC,-4.816626,-2.544909,2.271717,0.99997305575798,3.441933214204152
5570,COc1cc2cc(-c3cc(OC)c(C4:cc(Br)cc5nonc:45)s3)n(C)c2cc1OC,-4.92218,-2.497472,2.424708,0.9098987451692884,3.065604927378621
5573,COc1cc2[nH]c(C(=O)O)cc2c(C=Cc2c(C)ncc3nsnc23)c1OC,-5.429456,-2.606362,2.823094,0.9155132897002172,3.193147758878826
5574,COc1cc2[nH]c(C(=O)O)cc2c(N=Cc2occ3ncc(C=O)nc23)c1OC,-5.448217,-3.127129,2.321088,0.9110964869191844,3.5305773042604374
5577,COc1cc2cc(C(=O)O)n(C)c2c(N=Cc2occ3ncc(C=O)nc23)c1OC,-5.370067,-3.136774,2.233292,0.9310893338034916,3.603082274496432
5578,COc1c:C(c2c(OC)c(OC)cc3cc[nH]c23):sc1-c1c(OC(C)=O)ccc2nsnc12,-5.083423,-2.331127,2.752296,0.718979512180437,3.176182943925125
5582,COc1cc2cc(-c3cc(OC)c(C4:nc(C(F)(F)F)cc5nonc:45)s3)n(C)c2cc1OC,-5.392413,-2.855233,2.53718,0.920541930381834,3.261834371775244
5584,COc1cc2cc(C(=O)O)[nH]c2c(C=Cc2scc3nccnc23)c1OC,-5.111482,-2.412714,2.698767,0.9834429777032868,3.190583504295564
5587,COc1cc2cc(C(=O)O)n(C)c2c(C=Cc2c(F)ccc3nonc23)c1OC,-5.494495,-2.611079,2.883416,0.9332448119936948,3.0988632121195163
5590,COc1cc2cc(C(=O)O)[nH]c2c(C=Cc2c(S)ncc3nonc23)c1OC,-5.494298,-3.018197,2.476101,0.9827695885764264,3.4500815466100825
5593,COc1cc2cc[nH]c2c(C#Cc2nc(C#N)cc3nsnc23)c1OC,-5.647717,-3.246588,2.401129,1.0,3.4720805663867367
5595,COc1cc2cc(N=Cc3c(S)ncc4nsnc34)n(C)c2cc1OC,-5.160724,-3.008481,2.152243,0.9756011771385982,3.501047992582164
5596,COc1c:C(c2c(OC)c(OC)cc3[nH]c(C(=O)O)cc23):sc1-c1scc2ncc(S)nc12,-4.818973,-2.178856,2.640116,0.8979202952506633,3.4890460081772767
5597,COc1cc2c(ccn2C)c(C=Cc2c(Br)ncc3nsnc23)c1OC,-5.130854,-2.760926,2.369927,0.9336893036356158,3.300304957239128
5599,COc1cc2cc(C3:nc(NC(C)=O)cc4nsnc:34)n(C)c2cc1OC,-5.104645,-2.507065,2.59758,0.9692392721539352,2.920839322161907
5601,COc1cc2cc(C(=O)O)[nH]c2c(C=Nc2nc(C)cc3nsnc23)c1OC,-5.730959,-2.758431,2.972528,0.996753051873168,3.3620287715370534
5603,COc1cc2cc(-c3cc(OC)c(C4:c(C)ncc5nsnc:45)s3)[nH]c2cc1OC,-4.988303,-2.58224,2.406063,0.7666059782498892,3.1075577536684227
5604,COc1cc2cc(C(=O)O)n(C)c2c(C=Nc2c(C(F)(F)F)ccc3nsnc23)c1OC,-5.722865,-2.625619,3.097246,0.6132663120199713,3.316489364773558
5609,COc1c:C(c2c(OC)c(OC)cc3cc(C(=O)O)[nH]c23):sc1-c1c(C=O)ccc2nonc12,-5.601489,-2.815833,2.785656,0.7742242471449943,3.269129169346094
5614,COc1cc2cc(C=Cc3cccc4cc(C#N)ccc34)n(C)c2cc1OC,-5.078502,-1.977533,3.100969,0.90883882685941,2.54173812158574
5615,COc1cc2cc[nH]c2c(N=Cc2c(OC)ccc3nsnc23)c1OC,-5.110952,-2.517985,2.592967,0.9396715644420836,3.1075279510021225
5616,COc1cc2cc(N=Cc3c(C=O)ccc4ccccc34)n(C)c2cc1OC,-4.91286,-2.206387,2.706473,0.9291615038515948,2.771040813893432
5617,COc1cc2cc(C=Cc3c(O)ccc4nonc34)n(C)c2cc1OC,-5.101386,-2.381211,2.720176,0.9257614945122764,2.906795393829565
5619,COc1cc2cc(C=NC3:cccc4nc(C=O)cnc:34)n(C)c2cc1OC,-5.38851,-2.529849,2.858661,0.8663999445623606,2.991767544662663
5620,COc1cc2cc(C(=O)O)n(C)c2c(N=Cc2c(Br)ncc3nonc23)c1OC,-5.498649,-3.33205,2.166599,0.852084316606849,3.4680050924613965
5621,COc1cc2[nH]c(C(=O)O)cc2c(N=Cc2c(O)ncc3nsnc23)c1OC,-5.555166,-2.830892,2.724274,0.8984897936664995,3.429464798800929
5623,COc1cc2cc(-c3cc(OC)c(C4:c(F)ccc5nonc:45)s3)n(C)c2cc1OC,-4.827246,-2.359154,2.468092,0.7700359081964693,3.0053946126933067
5624,COc1cc2cc(C=NC3:c(C)ncc4nonc:34)n(C)c2cc1OC,-5.21915,-2.749954,2.469195,0.999999495237546,3.1748419634761342
5626,COc1cc2cc(C=Nc3cc(C=O)cc4ccccc34)n(C)c2cc1OC,-5.382981,-1.985425,3.397556,0.8856634052362677,2.7613069677395856
5630,COc1cc2c(ccn2C)c(C=Cc2c(Br)ccc3nccnc23)c1OC,-5.078405,-2.0854,2.993005,0.8796910966488953,2.9065431446552044
5632,COc1cc2[nH]c(C(=O)O)cc2c(C=Cc2nc(Br)cc3nonc23)c1OC,-5.761496,-3.047069,2.714427,0.9920127377409969,3.2803504852663634
5633,COc1cc2c(cc(C(=O)O)n2C)c(N=Cc2c(S)ncc3nonc23)c1OC,-5.566425,-3.049277,2.517149,0.8746535793287684,3.519439280495585
5635,COc1cc2[nH]c(C(=O)O)cc2c(C=Cc2cccc3ncc(C=O)nc23)c1OC,-5.469868,-2.629821,2.840047,0.9474431220868575,2.9527440779870595
5640,COc1cc2cc(N=Cc3scc4ncc(C(F)(F)F)nc34)[nH]c2cc1OC,-5.105106,-2.961305,2.143801,0.9999585518193794,3.333600339209889
5642,CNc1cc(-c2cc(OC):C(c3c(OC)c(OC)cc4ccn(C)c34):s2)c2nsnc2c1,-5.033285,-2.086297,2.946988,0.6253886170047955,3.272136890324932
5648,COc1cc2c(ccn2C)c(C=Nc2cccc3nc(C=O)cnc23)c1OC,-5.23555,-2.383839,2.851711,0.8426403619248274,3.0472092754318947
5649,COc1cc2cc(C=Nc3cccc4ccc(C=O)cc34)[nH]c2cc1OC,-5.410576,-2.0383,3.372276,0.8988225366159626,2.6473111689386126
5651,COc1cc2ccn(C)c2c(C=Cc2scc3nc(Br)cnc23)c1OC,-5.037868,-2.555879,2.481988,0.9483770569691168,3.373919718153889
5653,COc1cc(C2:sc(-c3cc4cc(OC)c(OC)cc4[nH]3)cc:2OC)c2nccnc2c1,-4.738918,-1.872935,2.865983,0.9705161961965838,2.850956224001287
5655,COc1cc2cc(C=Cc3cccc4nccnc34)n(C)c2cc1OC,-4.651467,-1.996388,2.655079,0.9895173037676562,2.583803643309814
5656,COc1cc2cc(-c3cc(OC):C(c4scc5nc(S(=O)(=O)O)cnc45):s3)[nH]c2cc1OC,-4.914965,-2.895668,2.019297,0.9783674357479708,3.313561640931619
5657,COc1cc2cc(-c3cc(OC)c(C4:c(C(F)(F)F)ccc5nonc:45)s3)[nH]c2cc1OC,-5.118727,-2.639884,2.478842,0.8187764872990833,3.0621973729415446
5658,COc1cc2cc(-c3cc(OC):C(c4cccc5ncc(O)nc45):s3)[nH]c2cc1OC,-4.759759,-1.895463,2.864296,0.9770046489764692,2.952260315529795
5659,COc1cc2cc(C(=O)O)n(C)c2c(C2:nc(C=O)cc3nonc:23)c1OC,-5.856675,-3.261061,2.595614,0.403335132216275,3.2389039943668063
5661,COc1cc(-c2nc(C=O)cc3nonc23)s:C:1c1c(OC)c(OC)cc2c1ccn2C,-5.305671,-3.145642,2.160029,0.7984163600738473,3.336518462598812
5663,COc1cc2[nH]ccc2c(C=Cc2c(Br)ccc3nonc23)c1OC,-5.34097,-2.516232,2.824738,0.935314468508643,3.0168896977151043
5665,COc1c:C(c2c(OC)c(OC)cc3cc(C(=O)O)n(C)c23):sc1-c1nc(C#N)cc2nonc12,-5.822348,-3.036422,2.785926,0.5878265574472424,3.4895495415962365
5666,COc1c:C(c2c(OC)c(OC)cc3cc(C(=O)O)n(C)c23):sc1-c1c(C#N)ncc2nsnc12,-5.597094,-3.089519,2.507574,0.5672156667828216,3.4862759152226097
5667,COc1c:C(c2c(OC)c(OC)cc3[nH]c(C(=O)O)cc23):sc1-c1nccc2nonc12,-5.407423,-2.558815,2.848609,0.9240796692548718,3.144193864120368
5668,COc1c:C(c2c(OC)c(OC)cc3[nH]c(C(=O)O)cc23):sc1-c1c(C=O)ncc2nonc12,-5.467559,-2.99666,2.470899,0.8108840317250361,3.413605130884555
5669,COc1c:C(c2c(OC)c(OC)cc3cc[nH]c23):sc1-c1nc(C#N)cc2nsnc12,-5.376563,-2.954114,2.422449,0.8863579110289346,3.44946480991182
5671,COc1cc2cc(C3:cc(OC)c(-c4nc(C)cc5nonc45)s:3)n(C)c2cc1OC,-5.11796,-2.498593,2.619367,0.926919301385296,3.114085346959042
5672,COc1cc2c(cc(C(=O)O)n2C)c(C=Cc2nc(C#N)cc3nsnc23)c1OC,-5.604765,-3.107848,2.496917,0.9903920820949886,3.3880284283425866
5673,COc1cc2cc(-c3cc(OC):C(c4cc(C=O)cc5ccccc45):s3)[nH]c2cc1OC,-4.948712,-1.899869,3.048843,0.76548524498279,2.7322134146367407
5674,COc1c:C(c2c(OC)c(OC)cc3c2cc(C(=O)O)n3C):sc1-c1c(C=O)ncc2nsnc12,-5.315867,-2.949133,2.366734,0.7713879712658203,3.457446244892939
5675,COc1c:C(c2c(OC)c(OC)cc3[nH]ccc23):sc1-c1c(C#N)ccc2nonc12,-5.323501,-2.71344,2.610061,0.7971232328122112,3.1504501167398216
5676,COc1cc2[nH]c(C(=O)O)cc2c(C=Cc2nc(C#N)cc3nonc23)c1OC,-5.846248,-3.254204,2.592044,0.9916508138998442,3.320576741408656
5678,COc1c:C(c2c(OC)c(OC)cc3c2cc(C(=O)O)n3C):sc1-c1cccc2nsnc12,-5.13403,-2.209481,2.92455,0.7739518646821988,3.053137819591668
5679,COc1c:C(c2c(OC)c(OC)cc3cc(C(=O)O)[nH]c23):sc1-c1nc(S)cc2nsnc12,-5.424029,-2.652986,2.771043,0.8661491980013372,3.560648489566855
5680,COc1c:C(c2c(OC)c(OC)cc3c2cc(C(=O)O)n3C):sc1-c1nc(F)cc2nonc12,-5.481724,-2.640099,2.841625,0.8902115048804347,3.361025302949332
5681,COc1cc2cc(N=Cc3cccc4nc(C(F)(F)F)cnc34)[nH]c2cc1OC,-5.260949,-2.66084,2.600109,0.9995526185279,2.9689013192698184
5683,COc1c:C(c2c(OC)c(OC)cc3cc(C(=O)O)n(C)c23):sc1-c1c(C#N)ccc2nsnc12,-5.522916,-2.769863,2.753053,0.5388364366073952,3.3185876891629533
5685,COc1cc2[nH]c(C(=O)O)cc2c(N=Cc2c(C#N)ncc3nsnc23)c1OC,-5.68185,-3.428876,2.252974,0.957129785947807,3.4295611691760097
5686,COc1c:C(c2c(OC)c(OC)cc3[nH]ccc23):sc1-c1nc(Br)cc2nonc12,-5.398226,-2.672003,2.726223,0.9034491898692528,3.2965142831854184
5689,COc1cc2cc(C3:cc(OC)c(-c4cc(C)cc5nsnc45)s:3)n(C)c2cc1OC,-4.835905,-2.178009,2.657896,0.915378087476602,3.05410632598002
5690,CNc1cc2nonc2c(C=Nc2cc3cc(OC)c(OC)cc3n2C)n1,-5.138836,-2.684634,2.454203,0.9999917488660588,3.3576472405593
5691,COc1cc2cc[nH]c2c(C=Cc2nc(C#N)cc3nsnc23)c1OC,-5.504129,-3.094745,2.409383,0.9904791766440616,3.4248522586944308
5692,COc1cc2cc(N=Cc3cc(S)cc4nsnc34)[nH]c2cc1OC,-5.164703,-2.726729,2.437974,0.9999905241875744,3.4106762361766423
5696,COc1c:C(c2c(OC)c(OC)cc3[nH]c(C(=O)O)cc23):sc1-c1nc(NC(C)=O)cc2nsnc12,-5.345747,-2.481026,2.864721,0.8500149182898721,3.3203257309408336
5697,COc1cc2cc(C=Nc3nc(OC(C)=O)cc4nonc34)[nH]c2cc1OC,-5.682923,-2.855916,2.827007,0.9684219020606724,3.2758802369703544
5699,COc1c:C(c2c(OC)c(OC)cc3ccn(C)c23):sc1-c1cc(C=O)cc2nonc12,-5.410726,-2.815465,2.595261,0.579086112024619,3.2729828751093777
5700,COc1c:C(c2c(OC)c(OC)cc3cc[nH]c23):sc1-c1nc(O)cc2nsnc12,-5.218851,-2.474958,2.743893,0.8683151683540413,3.416602297496688
5702,COc1cc2cc(C3:cc(OC)c(-c4c(F)ccc5nccnc45)s:3)n(C)c2cc1OC,-4.981902,-2.054501,2.927401,0.7088171300373336,2.903225140536257
5703,COc1c:C(c2c(OC)c(OC)cc3[nH]c(C(=O)O)cc23):sc1-c1nc(S)cc2nonc12,-5.459135,-2.621635,2.8375,0.929119608215156,3.469083725298864
5704,COc1c:C(c2c(OC)c(OC)cc3cc(C(=O)O)[nH]c23):sc1-c1cc(F)cc2nsnc12,-5.272848,-2.431123,2.841725,0.8987395432093543,3.231544767482488
5706,COc1cc2cc(C3:cc(OC)c(-c4c(C#N)ccc5nccnc45)s:3)n(C)c2cc1OC,-5.161565,-2.495263,2.666302,0.716728113827994,3.007684089587973
5708,COc1c:C(c2c(OC)c(OC)cc3[nH]c(C(=O)O)cc23):sc1-c1cncc2nsnc12,-5.191015,-2.566119,2.624896,0.899809689446786,3.2357914972564608
5711,COc1c:C(c2c(OC)c(OC)cc3cc[nH]c23):sc1-c1cc(O)cc2nonc12,-5.156037,-2.23826,2.917776,0.9073648433347068,3.2060522080512506
5712,COc1cc2cc(N=Cc3c(S(=O)(=O)O)ccc4nsnc34)[nH]c2cc1OC,-5.538432,-3.314836,2.223595,0.9723736145632372,3.194078430738612
5713,COc1cc2[nH]ccc2c(C=Nc2nc(C#N)cc3nsnc23)c1OC,-5.525541,-2.940763,2.584778,0.9455447306659244,3.451940874079046
5714,COc1cc2cc(C=Nc3cccc4nc(F)cnc34)[nH]c2cc1OC,-5.341825,-2.146415,3.19541,0.8893902886742864,2.918214104848275
5716,COc1c:C(c2c(OC)c(OC)cc3ccn(C)c23):sc1-c1scc2ncc(C)nc12,-4.851826,-1.987708,2.864117,0.5665834127943754,3.249003528777221
5718,COc1cc2cc(N=Cc3c(C=O)ncc4nonc34)[nH]c2cc1OC,-5.449218,-3.413754,2.035464,0.9999872599954984,3.394743335617507
5719,COc1c:C(c2c(OC)c(OC)cc3c2cc(C(=O)O)n3C):sc1-c1scc2ncc(C)nc12,-4.763405,-2.081639,2.681766,0.9010403772183372,3.246615262463502
5720,COc1c:C(c2c(OC)c(OC)cc3[nH]ccc23):sc1-c1scc2nccnc12,-4.680173,-2.074692,2.605481,0.9002237772373061,3.120839097345401
5721,COc1cc2cc(C=Cc3occ4nc(O)cnc34)n(C)c2cc1OC,-4.553726,-2.098001,2.455725,0.9995808646387124,3.326541547675718
5722,COc1c:C(c2c(OC)c(OC)cc3[nH]ccc23):sc1-c1scc2ncc(C)nc12,-4.569043,-1.899771,2.669272,0.8958685718730267,3.166012673167529
5723,COc1cc2nonc2c(-c2cc(OC):C(c3c(OC)c(OC)cc4ccn(C)c34):s2)n1,-5.339769,-2.808012,2.531757,0.6564537780801176,3.279187777898896
5726,COc1cc2ccn(C)c2c(C=Cc2scc3nccnc23)c1OC,-4.873205,-2.317864,2.55534,0.9439835270205474,3.17328777463818
5727,COc1c:C(c2c(OC)c(OC)cc3ccn(C)c23):sc1-c1occ2nc(C#N)cnc12,-5.254679,-2.683882,2.570797,0.5499462513300455,3.4648905674170702
5730,COc1cc2cc(C=Cc3cc(C#N)cc4ccccc34)n(C)c2cc1OC,-4.869,-1.928514,2.940486,0.920964242719787,2.590059467739586
5732,COc1cc2cc(C(=O)O)[nH]c2c(C=Nc2scc3ncc(C#N)nc23)c1OC,-5.68535,-3.135207,2.550144,0.9906509617138748,3.432467172928355
5733,COc1cc2cc(C=Cc3cc(F)cc4nonc34)n(C)c2cc1OC,-4.993118,-2.514771,2.478348,0.9998827274041848,2.9060806329148043
5734,COc1c:C(c2c(OC)c(OC)cc3cc[nH]c23):sc1-c1cc(F)cc2nonc12,-5.224378,-2.401798,2.82258,0.9087297002073088,3.140437538999371
5735,COc1cc2[nH]ccc2c(C=Cc2nccc3nsnc23)c1OC,-5.146754,-2.497605,2.649149,0.9894164126092536,3.0722853314625453
5741,COc1cc2cc(C=Cc3cc(S(=O)(=O)O)cc4nonc34)n(C)c2cc1OC,-5.118769,-2.891084,2.227685,0.9993887186718856,3.024463212119516
5743,COc1cc2cc(-c3cc(OC):C(c4c(OC(C)=O)ccc5nonc45):s3)[nH]c2cc1OC,-5.055923,-2.35726,2.698663,0.8263923965800122,3.013842682059332
5745,COc1c:C(c2c(OC)c(OC)cc3cc[nH]c23):sc1-c1cc(NC(C)=O)cc2nsnc12,-5.028619,-2.207677,2.820943,0.904896873407015,3.179501601862931
5746,COc1cc2cc(C=Nc3cc(O)cc4nccnc34)[nH]c2cc1OC,-5.432052,-2.040541,3.391511,0.8959358408316642,2.942622104848276
5748,COc1cc2cc(C=Nc3cccc4nc(NC(C)=O)cnc34)n(C)c2cc1OC,-4.977153,-1.826816,3.150337,0.87624985496029,2.890742630023258
5749,COc1cnc2c(C=Nc3cc4cc(OC)c(OC)cc4n3C)scc2n1,-4.776096,-2.437719,2.338377,0.999927044284434,3.2761257620378217
5750,COc1cc2ccn(C)c2c(N=Cc2c(C(F)(F)F)ncc3nsnc23)c1OC,-5.159483,-3.193108,1.966374,0.8146044550756486,3.447897400153705
5752,COc1cc2cc(C=Cc3cccc4ncc(C)nc34)n(C)c2cc1OC,-4.613623,-1.876427,2.737196,0.986920005369654,2.6371419458540046
5753,COc1cc2cc(N=Cc3scc4ncc(S)nc34)[nH]c2cc1OC,-4.87917,-2.635413,2.243757,0.9999992115429353,3.568907005407412
5754,COc1c:C(c2c(OC)c(OC)cc3c2ccn3C):sc1-c1c(C)ccc2nonc12,-5.069439,-2.046244,3.023194,0.7100420340712847,3.0561313259800205
5755,COc1cc2cc(N=Cc3cc(F)cc4nonc34)[nH]c2cc1OC,-5.330212,-2.89882,2.431391,0.999945720056924,3.080853159253566
5756,COc1cc2cc(-c3cc(OC):C(c4occ5ncc(S(=O)(=O)O)nc45):s3)[nH]c2cc1OC,-5.056342,-2.888554,2.167788,0.9700794935652192,3.387940797259162
5757,COc1c:C(c2c(OC)c(OC)cc3cc[nH]c23):sc1-c1nc(OC(C)=O)cc2nsnc12,-5.210783,-2.565811,2.644972,0.8720315012946812,3.4168202598007387
5759,COc1cc2[nH]ccc2c(C2:c(C#N)ccc3nonc:23)c1OC,-5.417486,-2.739161,2.678325,0.3721910215733049,2.83495855649838
5760,COc1cc2cc(C=Nc3c(C#N)ccc4nsnc34)n(C)c2cc1OC,-5.392274,-2.917412,2.474863,0.9975436936659708,3.123559128671189
5764,COc1cc2cc[nH]c2c(N=Cc2cc(C=O)cc3nsnc23)c1OC,-5.329248,-3.032704,2.296545,0.9558810866580492,3.33086825869443
5767,COc1cc2cc(C(=O)O)[nH]c2c(C=Nc2nc(C#N)cc3nonc23)c1OC,-6.102298,-3.389366,2.712932,0.976768149890161,3.4808054468495566
5768,COc1cc2cc(C3:c(Br)ccc4nccnc:34)n(C)c2cc1OC,-5.010192,-2.293678,2.716514,0.4277466607130208,2.606351344519004
5769,COc1cc2cc(-c3cc(OC):C(c4cc(S(=O)(=O)O)cc5ccccc45):s3)[nH]c2cc1OC,-5.166073,-1.833943,3.332129,0.7519072101650361,2.749301284730709
5770,COc1cc2cc(C3:nc(S)cc4nsnc:34)n(C)c2cc1OC,-5.148412,-2.632172,2.51624,0.97724583797694,3.204101356026218
5775,COc1cc2cc(N=Cc3cc(NC(C)=O)cc4nccnc34)[nH]c2cc1OC,-5.048844,-2.291219,2.757625,0.999826808041296,2.9277270160531987
5777,COc1cc2[nH]ccc2c(C=Cc2nccc3nonc23)c1OC,-5.301646,-2.590303,2.711343,0.991966594843988,3.040549946847161
5782,COc1cc2cc(C(=O)O)[nH]c2c(C=Nc2c(Br)ccc3nonc23)c1OC,-5.780861,-2.860266,2.920596,0.9903895239715992,3.2052622671553603
5784,COc1cc2cc(C3:c(F)ccc4nsnc:34)n(C)c2cc1OC,-5.049932,-2.524651,2.525281,0.6557367306053108,2.696764025709476
5785,COc1cc(-c2scc3nc(C#N)cnc23)s:C:1c1c(OC)c(OC)cc2cc[nH]c12,-5.080742,-3.015965,2.064777,0.9023096331054166,3.403929632729451
5786,COc1c:C(c2c(OC)c(OC)cc3cc[nH]c23):sc1-c1cc(F)cc2nccnc12,-5.032402,-2.071516,2.960886,0.8999943670376034,3.034016408874653
5787,COc1cc(-c2nncc3nonc23)s:C:1c1c(OC)c(OC)cc2[nH]c(C(=O)O)cc12,-5.570175,-3.18661,2.383565,0.8391940439793631,3.3010190543147875
5790,COc1cc2c(cc(C(=O)O)n2C)c(C=Nc2c(C=O)ncc3nsnc23)c1OC,-5.804945,-2.996708,2.808236,0.8869745957019557,3.4566888679030257
5791,COc1cc2cc[nH]c2c(N=Cc2scc3ncc(Br)nc23)c1OC,-5.177601,-2.772086,2.405515,0.9700308696340664,3.4630858515612584
5792,COc1cc2cc(N=Cc3nccc4nonc34)[nH]c2cc1OC,-5.367285,-3.012552,2.354733,0.9999446229027034,3.159541814979029
5793,COc1cc2cc(C=Nc3cc(S(=O)(=O)O)cc4nccnc34)n(C)c2cc1OC,-5.512267,-2.466256,3.046011,0.8661060462462731,3.0078542525184098
5796,COc1cc2cc[nH]c2c(C=Cc2scc3nc(S)cnc23)c1OC,-4.986667,-2.380989,2.605679,0.9801512399628076,3.5807820054074115
5797,COc1cc2cc(C(=O)O)[nH]c2c(C=Nc2c(F)ncc3nonc23)c1OC,-5.869481,-3.100752,2.768729,0.9603988992142716,3.3823090052274143
5798,COc1cc2cc(C3:cc(Br)cc4nonc:34)n(C)c2cc1OC,-5.354096,-2.697952,2.656144,0.7209529392846905,2.7225830302343628
5799,COc1cc2cc(N=Cc3cc(NC(C)=O)cc4nsnc34)n(C)c2cc1OC,-4.878453,-2.513508,2.364946,0.9999163922938916,3.116665109138486
5800,COc1cc2cc[nH]c2c(C=Nc2nc(Br)cc3nsnc23)c1OC,-5.621713,-2.989906,2.631807,0.9954696569600894,3.500376236176642
5802,COc1cc(N=Cc2c(OC)c(OC)cc3c2ccn3C)c2nonc2c1,-5.231483,-2.237902,2.993581,0.9788809935502892,3.053177510289569
5803,COc1cc2c(ccn2C)c(C#Cc2c(Br)ncc3nonc23)c1OC,-5.340472,-3.014207,2.326265,1.0,3.3091159759501467
5806,COc1cc2cc(C=Nc3nc(OC(C)=O)cc4nonc34)n(C)c2cc1OC,-5.4588,-2.72179,2.73701,0.971498296289432,3.319924959044677
5807,COc1c:C(c2c(OC)c(OC)cc3[nH]ccc23):sc1-c1c(OC(C)=O)ccc2nsnc12,-5.072703,-2.160464,2.912239,0.6782718712977593,3.1199822892606406
5808,COc1cc2cc(C3:cc(OC)c(-c4c(OC(C)=O)ccc5nsnc45)s:3)n(C)c2cc1OC,-4.776646,-2.290506,2.48614,0.6793940943082718,3.083403207807633
5809,COc1cc2cc(N=Cc3c(C=O)ccc4nsnc34)[nH]c2cc1OC,-5.457878,-3.122765,2.335113,0.9716435027389696,3.183054104848276
5814,COc1c:C(c2c(OC)c(OC)cc3[nH]ccc23):sc1-c1c(OC(C)=O)ccc2nsnc12,-5.072763,-2.160493,2.912269,0.6781648327777604,3.1199822892606406
5815,COc1cc2cc(C#Cc3cccc4cc(C#N)ccc34)[nH]c2cc1OC,-5.075746,-1.996627,3.079119,1.0,2.66339223402737
5820,COc1cc2c(ccn2C)c(C2:nc(C#N)cc3nonc:23)c1OC,-5.6769,-3.12971,2.54719,0.6725400854291173,3.123417433359741
5822,COc1c:C(c2c(OC)c(OC)cc3cc(C(=O)O)n(C)c23):sc1-c1scc2ncc(S)nc12,-5.000477,-2.178766,2.821711,0.508234285024095,3.586902711856215
5823,COc1cc2cc(-c3cc(OC)c(C4:c(Br)ncc5nsnc:45)s3)n(C)c2cc1OC,-4.866411,-2.892772,1.97364,0.6557465578291021,3.2857099973086914
5825,COc1cc2cc(C=Nc3cc(S(=O)(=O)O)cc4nonc34)[nH]c2cc1OC,-5.624087,-3.08335,2.540736,0.9997556157724174,3.0708792097064794
5826,COc1cc2cc(C=NC3:nc(NC(C)=O)cc4nsnc:34)n(C)c2cc1OC,-5.289429,-2.559515,2.729913,0.9829436997167432,3.2567696119527447
5827,COc1cc2[nH]ccc2c(C#Cc2c(S)ncc3nonc23)c1OC,-5.384334,-2.879721,2.504613,1.0,3.4371570054074105
5828,COc1cc2cc[nH]c2c(C=Nc2nc(C(F)(F)F)cc3nsnc23)c1OC,-5.75425,-3.050214,2.704036,0.9953409913158796,3.456340358684085
5832,COc1cc2cc(C=NC3:c(F)ncc4nsnc:34)n(C)c2cc1OC,-5.126172,-2.898483,2.227689,0.9999999653761468,3.279329905264076
5834,COc1cc2cc(C=Cc3occ4nc(C(F)(F)F)cnc34)n(C)c2cc1OC,-4.920583,-2.62756,2.293023,0.9991684366885766,3.251977742034045
5835,COc1cc2ccn(C)c2c(C=Cc2c(OC)ccc3nccnc23)c1OC,-4.996949,-2.054716,2.942233,0.903260065952866,2.876865236970355
5836,COc1c:C(c2c(OC)c(OC)cc3[nH]ccc23):sc1-c1cc(F)cc2nccnc12,-4.989441,-1.851304,3.138137,0.757286886325095,2.97465841406048
5837,COc1cc2cc(-c3cc(OC):C(c4c(C)ccc5nccnc45):s3)[nH]c2cc1OC,-4.861888,-1.849965,3.011923,0.7091772920705031,2.8245878868348946
5840,COc1cc2cc[nH]c2c(N=Cc2cccc3nccnc23)c1OC,-5.090146,-2.206045,2.884101,0.9354389208967376,2.8448729432367053
5841,COc1cc2cc(C(=O)O)[nH]c2c(C=Nc2c(C)ncc3nonc23)c1OC,-5.802957,-2.973813,2.829144,0.9952258214891128,3.320003065597424
5842,COc1cc2[nH]c(C(=O)O)cc2c(C=Cc2occ3ncc(C=O)nc23)c1OC,-5.323468,-2.861475,2.461992,0.989355147118347,3.3835024449733835
5843,COc1cc2cc(-c3cc(OC)c(C4:nc(S)cc5nsnc:45)s3)n(C)c2cc1OC,-4.917954,-2.536912,2.381042,0.8836086493809567,3.427409647658341
5846,COc1cc2cc(C=Nc3occ4ncc(Br)nc34)[nH]c2cc1OC,-4.989262,-2.507217,2.482044,0.9999997923983944,3.333051236176643
5848,COc1cc2[nH]c(C(=O)O)cc2c(N=Cc2scc3nc(Br)cnc23)c1OC,-5.414756,-2.839423,2.575333,0.8982004911671928,3.4264098815662667
5850,COc1cc2cc(C(=O)O)[nH]c2c(N=Cc2scc3nc(Br)cnc23)c1OC,-5.474865,-2.922166,2.552699,0.9695435024106716,3.473371127914854
5851,COc1cc2cc(N=Cc3c(NC(C)=O)ccc4nccnc34)[nH]c2cc1OC,-5.231023,-2.422377,2.808646,0.988060851489575,2.967093466470253
5852,COc1cc2c(ccn2C)c(C=Cc2occ3nc(NC(C)=O)cnc23)c1OC,-4.713251,-2.016581,2.69667,0.98964572713881,3.236674114767004
5853,COc1cc2cc(C=Nc3occ4ncc(NC(C)=O)nc34)[nH]c2cc1OC,-4.784958,-2.255204,2.529754,0.999999906261444,3.227190236970356
5854,COc1cc2cc(C(=O)O)[nH]c2c(C=Cc2c(S(=O)(=O)O)ncc3nsnc23)c1OC,-5.632414,-3.508801,2.123613,0.9168532890214238,3.4535770488617894
5855,COc1c:C(c2c(OC)c(OC)cc3[nH]ccc23):sc1-c1cc(S)cc2nsnc12,-4.937273,-2.175814,2.761459,0.8939699433720176,3.3656049808598363
5856,COc1cc2cc(-c3cc(OC)c(C4:cccc5ncc(C=O)nc:45)s3)n(C)c2cc1OC,-5.024589,-2.521344,2.503246,0.7364685557102766,2.998460194334289
5858,COc1cc2cc[nH]c2c(N=Cc2c(S)ncc3nsnc23)c1OC,-5.330079,-2.935306,2.394773,0.9000013258195965,3.595333928484335
5859,COc1cc2cc(C#CC3:nc(Br)cc4nonc:34)n(C)c2cc1OC,-5.386443,-3.044581,2.341862,1.0,3.2635864541206248
5860,COc1cc2cc(C=Cc3c(C=O)ccc4nccnc34)n(C)c2cc1OC,-5.148757,-2.523665,2.625092,0.7685541393277152,2.890323698508816
5861,COc1cc2cc(C=Nc3cccc4nsnc34)n(C)c2cc1OC,-5.010177,-2.382549,2.627628,0.9999939035605644,2.902155082330488
5865,COc1cc2cc(N=Cc3c(OC)ncc4nonc34)n(C)c2cc1OC,-5.126241,-3.035514,2.090727,0.9999903537093702,3.2485988889109487
5867,COc1cc2cc(N=Cc3cc(Br)cc4nccnc34)[nH]c2cc1OC,-5.061269,-2.521083,2.540186,0.9999039991608468,2.9371242586944284
5868,COc1cc2cc(C(=O)O)[nH]c2c(N=Cc2occ3nc(C#N)cnc23)c1OC,-5.555183,-3.236317,2.318866,0.9775612754035649,3.577473551915221
5869,COc1cc2cc(C(=O)O)n(C)c2c(N=Cc2c(Br)ncc3nsnc23)c1OC,-5.363503,-3.204219,2.159284,0.8350384648958366,3.502695690751996
5872,COc1cc2cc(C3:c(O)ncc4nsnc:34)n(C)c2cc1OC,-4.956031,-2.747023,2.209008,0.7183236587961426,3.047411763266036
5873,COc1cc2c(cc(C(=O)O)n2C)c(N=Cc2c(C)ncc3nonc23)c1OC,-5.470648,-2.99362,2.477028,0.8579876111043253,3.3005435539998587
5874,COc1cc2cc[nH]c2c(C=Nc2c(C(F)(F)F)ccc3nsnc23)c1OC,-5.48672,-2.715057,2.771663,0.9175356690283047,3.251242013990804
5876,COc1cc2c(ccn2C)c(C=Cc2scc3nc(Br)cnc23)c1OC,-4.952843,-2.424611,2.528232,0.9845194814027428,3.3009617139958847
5877,COc1cc(-c2cncc3nonc23)s:C:1c1c(OC)c(OC)cc2cc[nH]c12,-5.166867,-2.908648,2.258219,0.8975437571671625,3.2080401962465004
5878,COc1cc2c(ccn2C)c(C=Cc2cccc3nc(OC(C)=O)cnc23)c1OC,-5.010171,-1.96213,3.048041,0.9684062105091412,2.91160959834905
5879,COc1cc2cc(C3:sc(-c4scc5nc(Br)cnc45)cc:3OC)n(C)c2cc1OC,-4.705105,-2.690544,2.014562,0.8653874955536289,3.2646213609450543
5881,COc1cc2c:C(c3c(S(=O)(=O)O)ccc4nonc34):n(C)c2cc1OC,-5.984028,-3.181601,2.802427,0.6231178638606076,2.822113038761099
5882,COc1cc2cc(-c3cc(OC):C(c4c(C(F)(F)F)ccc5nccnc45):s3)[nH]c2cc1OC,-5.025889,-2.334459,2.69143,0.5694405007055474,2.967584457807632
5883,COc1cc2cc(-c3cc(OC):C(c4cccc5nc(C)cnc45):s3)[nH]c2cc1OC,-4.679362,-1.900762,2.7786,0.9718260492308912,2.787987368252354
5884,COc1cc2c(ccn2C)c(N=Cc2cc(S(=O)(=O)O)cc3nsnc23)c1OC,-5.1241,-2.942553,2.181547,0.8985492025482855,3.2613743232306263
5888,COc1cc2c:C(N=Cc3nc(Br)cc4nsnc34):n(C)c2cc1OC,-5.323405,-3.168548,2.154856,0.999997795210013,3.453334894869066
5889,COc1cc2[nH]c(C(=O)O)cc2c(C=Cc2c(Br)ccc3nonc23)c1OC,-5.543765,-2.603521,2.940244,0.9301549883154352,3.0555870967561383
5890,COc1cc(-c2nc(O)cc3nsnc23)s:C:1c1c(OC)c(OC)cc2c1cc(C(=O)O)n2C,-5.319258,-2.772876,2.546382,0.7959820720688099,3.3971404446497377
5891,COc1c:C(c2c(OC)c(OC)cc3ccn(C)c23):sc1-c1nc(C#N)cc2nonc12,-5.509746,-2.991545,2.518201,0.6679162688346204,3.4282073890569693
5892,COc1c:C(c2c(OC)c(OC)cc3ccn(C)c23):sc1-c1c(C#N)ncc2nsnc12,-5.382705,-3.065362,2.317343,0.4584486689568269,3.4246819452699864
5893,COc1c:C(c2c(OC)c(OC)cc3cc(C(=O)O)[nH]c23):sc1-c1c(C=O)ncc2nonc12,-5.541438,-3.187017,2.354421,0.6835153190287124,3.4651921501153247
5894,COc1c:C(c2c(OC)c(OC)cc3cc(C(=O)O)n(C)c23):sc1-c1nccc2nonc12,-5.670018,-2.53534,3.134679,0.5522687593097368,3.2500033282765326
5895,COc1c:C(c2c(OC)c(OC)cc3cc(C(=O)O)n(C)c23):sc1-c1occ2ncc(C#N)nc12,-5.308442,-2.680516,2.627926,0.5597450428568759,3.515299149131557
5896,COc1cc2ccn(C)c2c(C=Nc2c(C#N)ccc3nsnc23)c1OC,-5.49886,-2.699339,2.799521,0.7624870681060539,3.2512764113884707
5897,COc1cc2ccn(C)c2c(C=Cc2c(C=O)ncc3nsnc23)c1OC,-5.242086,-2.900803,2.341283,0.7367658826455332,3.426471616183676
5899,COc1c:C(c2c(OC)c(OC)cc3[nH]c(C(=O)O)cc23):sc1-c1nc(Br)cc2nsnc12,-5.442922,-2.741654,2.701268,0.8925165382620427,3.3749447674824866
5900,COc1c:C(c2c(OC)c(OC)cc3cc(C(=O)O)[nH]c23):sc1-c1nc(C=O)cc2nonc12,-5.669953,-3.005748,2.664205,0.9026647433540976,3.4333892654999403
5901,COc1c:C(c2c(OC)c(OC)cc3[nH]ccc23):sc1-c1cccc2nsnc12,-4.8208,-2.094483,2.726317,0.8936578140126255,2.9571445918508967
5902,COc1c:C(c2c(OC)c(OC)cc3c2ccn3C):sc1-c1nc(C=O)cc2nonc12,-5.285236,-2.755456,2.52978,0.8971520797263373,3.358144329040062
5903,COc1c:C(c2c(OC)c(OC)cc3c2ccn3C):sc1-c1nc(S)cc2nsnc12,-5.125634,-2.429934,2.6957,0.8870079942847892,3.494443913392608
5904,COc1c:C(c2c(OC)c(OC)cc3[nH]c(C(=O)O)cc23):sc1-c1nc(C)cc2nsnc12,-5.239362,-2.424036,2.815326,0.8608946828917983,3.249232112395638
5905,COc1c:C(c2c(OC)c(OC)cc3ccn(C)c23):sc1-c1scc2ncc(C=O)nc12,-5.201339,-2.674702,2.526637,0.5833879330869955,3.405466222531186
5906,COc1c:C(c2c(OC)c(OC)cc3c2ccn3C):sc1-c1cc(Br)cc2nonc12,-5.115843,-2.364683,2.75116,0.9351983625010865,3.132639193112886
5908,COc1c:C(c2c(OC)c(OC)cc3cc[nH]c23):sc1-c1nncc2nonc12,-5.414047,-2.858831,2.555216,0.9130990541533182,3.326556679762984
5910,COc1c:C(c2c(OC)c(OC)cc3[nH]ccc23):sc1-c1nc(C(F)(F)F)cc2nsnc12,-5.261611,-2.649555,2.612055,0.8888990450313985,3.341297124802587
5911,COc1cc2cc(C(=O)O)n(C)c2c(C=Cc2nccc3nsnc23)c1OC,-5.409748,-2.684606,2.725142,0.93762524922363,3.206233250602293
5912,COc1cc2cc(C(=O)O)n(C)c2c(N=Cc2c(C#N)ccc3nsnc23)c1OC,-5.4162,-3.154547,2.261653,0.8747989964508252,3.3249509558151136
5913,COc1c:C(c2c(OC)c(OC)cc3cc[nH]c23):sc1-c1nc(Br)cc2nonc12,-5.44761,-2.780866,2.666744,0.913114102649739,3.357942905725668
5915,COc1c:C(c2c(OC)c(OC)cc3c2cc(C(=O)O)n3C):sc1-c1cc(C)cc2nsnc12,-4.976759,-2.115134,2.861625,0.8917259055400719,3.1861279750141094
5916,COc1cc2cc(C(=O)O)n(C)c2c(C=Cc2nc(C#N)cc3nsnc23)c1OC,-5.63465,-3.147127,2.487523,0.9451237352046752,3.4603482085623662
5917,COc1cc2cc(C(=O)O)[nH]c2c(C=Nc2c(C#N)ncc3nsnc23)c1OC,-5.881963,-3.344497,2.537466,0.9691378000729688,3.46463752940115
5918,COc1cc2c(ccn2C)c(C=Cc2nc(C(F)(F)F)cc3nsnc23)c1OC,-5.338245,-2.817195,2.521049,0.9925403020575004,3.292047827504131
5919,COc1cc2cc(C=Cc3c(C#N)ncc4nsnc34)n(C)c2cc1OC,-5.085435,-3.035893,2.049542,0.9987737474405388,3.2193169708290315
5920,COc1cc2cc(N=Cc3cccc4cc(C#N)ccc34)n(C)c2cc1OC,-5.047311,-2.300448,2.746864,0.9849427087452816,2.7071563908165075
5921,COc1c:C(c2c(OC)c(OC)cc3cc(C(=O)O)[nH]c23):sc1-c1cc(Br)cc2nsnc12,-5.313482,-2.555945,2.757537,0.8960369430376558,3.2610921620234308
5922,COc1cc2cc(N=Cc3c(Br)ccc4nonc34)n(C)c2cc1OC,-5.154126,-2.869754,2.284372,0.9999519683014376,3.1145906121247826
5923,COc1c:C(c2c(OC)c(OC)cc3c2ccn3C):sc1-c1nc(NC(C)=O)cc2nsnc12,-5.057002,-2.299291,2.757711,0.8524170867069695,3.287266188576864
5924,CNc1cc(N=Cc2cc3cc(OC)c(OC)cc3[nH]2)c2nonc2c1,-5.21547,-2.290058,2.925412,0.9999727760334136,3.0708190279252
5925,COc1c:C(c2c(OC)c(OC)cc3ccn(C)c23):sc1-c1c(F)ccc2nsnc12,-5.147026,-2.321133,2.825893,0.5037798259908439,3.146493214091908
5926,COc1cc2[nH]c(C(=O)O)cc2c(C=Cc2scc3ncc(C=O)nc23)c1OC,-5.395763,-2.9538,2.441963,0.9893679483193372,3.334390812703214
5927,COc1c:C(c2c(OC)c(OC)cc3[nH]ccc23):sc1-c1cc(C=O)cc2nsnc12,-5.022706,-2.602706,2.42,0.8942961734823921,3.236078465918732
5931,COc1c:C(c2c(OC)c(OC)cc3cc(C(=O)O)n(C)c23):sc1-c1c(OC)ccc2nsnc12,-5.172737,-2.132306,3.04043,0.3747974959960926,3.1971625714235508
5932,COc1c:C(c2c(OC)c(OC)cc3[nH]c(C(=O)O)cc23):sc1-c1c(C#N)ccc2nccnc12,-5.337628,-2.390406,2.947222,0.7353424487361628,3.111824552299818
5934,COc1c:C(c2c(OC)c(OC)cc3c2cc(C(=O)O)n3C):sc1-c1cc(C#N)cc2nccnc12,-5.269283,-2.470764,2.798519,0.9162185234870268,3.167361374505191
5935,COc1cc2cc(C3:cc(OC)c(-c4c(OC)ccc5nsnc45)s:3)n(C)c2cc1OC,-4.766048,-2.226943,2.539105,0.6603084497749876,2.9880031625142784
5936,COc1cc2cc(N=Cc3c(C)ccc4nsnc34)[nH]c2cc1OC,-4.96366,-2.554594,2.409065,0.999946769005046,3.048633928484336
5937,COc1cc2cc(C=NC3:cc(O)cc4nonc:34)[nH]c2cc1OC,-5.416684,-2.519678,2.897006,0.9999905751677088,3.076155082330489
5940,COc1cc2cc(N=Cc3nc(C)cc4nonc34)n(C)c2cc1OC,-5.2741,-2.945822,2.328278,0.9999961956018948,3.231624291958462
5941,COc1cc(-c2cc(C#N)cc3nsnc23)s:C:1c1c(OC)c(OC)cc2cc(C(=O)O)[nH]c12,-5.38266,-3.085267,2.297393,0.9026253430028158,3.30956426549994
5944,COc1c:C(c2c(OC)c(OC)cc3cc(C(=O)O)n(C)c23):sc1-c1scc2ncc(C)nc12,-4.909017,-2.019126,2.889891,0.5334455310784211,3.3195582584149186
5945,COc1cc2c(ccn2C)c(C=Cc2nccc3nonc23)c1OC,-5.23935,-2.57363,2.665721,0.9925758040876628,3.046472390022796
5946,COc1cc2cc(N=Cc3c(NC(C)=O)ccc4nsnc34)[nH]c2cc1OC,-5.27176,-2.707921,2.563839,0.9900258283044704,3.101823698508817
5948,COc1cc2cc(-c3cc(OC):C(c4occ5ncc(Br)nc45):s3)[nH]c2cc1OC,-4.663323,-2.338353,2.32497,0.9742969962468484,3.2453929951711062
5949,COc1cc2cc(C=Nc3scc4ncc(S)nc34)n(C)c2cc1OC,-4.893178,-2.364682,2.528496,0.9999999967539762,3.4706276183617897
5951,COc1cc2cc(N=Cc3cc(C)cc4nccnc34)[nH]c2cc1OC,-5.101872,-2.289749,2.812123,0.9999823622501034,2.888598104848276
5952,COc1cc2cc(C=Cc3c(O)ccc4nccnc34)n(C)c2cc1OC,-4.743152,-1.924023,2.81913,0.9116168809227744,2.792788898900959
5954,COc1cc2cc(C(=O)O)[nH]c2c(C=Cc2nccc3nsnc23)c1OC,-5.51545,-2.754419,2.761031,0.9880699177034208,3.170968719080779
5957,COc1cc2cc(C=Nc3c(C(F)(F)F)ccc4nccnc34)n(C)c2cc1OC,-5.387377,-2.271967,3.115411,0.8696185116335706,3.0005289777931345
5958,COc1c:C(c2c(OC)c(OC)cc3c2ccn3C):sc1-c1c(Br)ccc2nonc12,-5.138059,-2.372372,2.765687,0.6851846468788418,3.1218203119940053
5962,COc1cc2cc(C(=O)O)[nH]c2c(C=Cc2nc(Br)cc3nsnc23)c1OC,-5.662169,-3.014124,2.648045,0.9885991126436132,3.3935191318096933
5963,COc1cc2cc(C=Cc3occ4ncc(C)nc34)n(C)c2cc1OC,-4.499417,-2.087607,2.41181,0.9997884636691052,3.1094488241829943
5964,COc1cc2cc(C#Cc3cccc4ncc(C=O)nc34)n(C)c2cc1OC,-4.985511,-2.722643,2.262868,1.0,2.974091198508816
5967,COc1cc2cc(N=Cc3scc4nc(S(=O)(=O)O)cnc34)[nH]c2cc1OC,-5.286138,-3.318708,1.96743,0.9999965990194264,3.465308810485448
5968,COc1cc2[nH]ccc2c(N=Cc2occ3nc(C#N)cnc23)c1OC,-5.141086,-3.020228,2.120858,0.918550007311977,3.5554141048482766
5970,COc1cc2[nH]ccc2c(N=Cc2c(C(F)(F)F)ncc3nsnc23)c1OC,-5.169893,-3.067722,2.102171,0.9079996051370384,3.4200143606315043
5971,CNc1cnc2csc(C=Cc3cc4cc(OC)c(OC)cc4n3C)c2n1,-4.470687,-2.032399,2.438288,0.996712123309835,3.1637561316681904
5973,COc1cc2cc(N=Cc3cccc4ncc(S(=O)(=O)O)nc34)[nH]c2cc1OC,-5.268155,-2.93905,2.329105,0.99735697842144,3.0967587301516195
5975,COc1c:C(c2c(OC)c(OC)cc3ccn(C)c23):sc1-c1nc(OC(C)=O)cc2nsnc12,-5.307114,-2.547725,2.759389,0.5567034661583048,3.437825803961479
5977,COc1c:C(c2c(OC)c(OC)cc3c2ccn3C):sc1-c1nc(NC(C)=O)cc2nonc12,-5.19308,-2.330638,2.862441,0.8931195873661063,3.250149842423017
5978,COc1cc(-c2cc(OC):C(c3c(OC)c(OC)cc4c3cc(C(=O)O)n4C):s2)c2nonc2c1,-5.243081,-2.345909,2.897172,0.7924458822614622,3.1356291334329693
5979,COc1cc2ccn(C)c2c(C2:c(C#N)ccc3nonc:23)c1OC,-5.444236,-2.907351,2.536885,0.2912668612075761,2.973639101832113
5982,COc1c:C(c2c(OC)c(OC)cc3c2cc(C(=O)O)n3C):sc1-c1c(F)ccc2nonc12,-5.311395,-2.374586,2.936809,0.7706401416651606,3.1410055458643136
5983,COc1cc2cc(C(=O)O)[nH]c2c(C=Nc2cc(Br)cc3nsnc23)c1OC,-5.742637,-2.796754,2.945883,0.9857089095539532,3.2789097841952817
5984,COc1cc2cc(N=Cc3nc(OC(C)=O)cc4nonc34)[nH]c2cc1OC,-5.357307,-3.058507,2.2988,0.9999836906204508,3.376375621585739
5988,COc1cc2cc(-c3cc(OC)c(C4:c(Br)ccc5nccnc:45)s3)n(C)c2cc1OC,-4.927334,-2.117453,2.809881,0.6146511816470925,2.950988285084017
5989,COc1cc2cc[nH]c2c(C=Cc2nc(S)cc3nsnc23)c1OC,-5.359667,-2.71849,2.641176,0.9853684909253092,3.531897390022797
5990,COc1cc2c(cc(C(=O)O)n2C)c(C=Cc2scc3nc(Br)cnc23)c1OC,-5.202806,-2.578525,2.624281,0.9844472038289468,3.3379247505810543
5991,COc1cc2cc(C=Cc3occ4nccnc34)n(C)c2cc1OC,-4.567769,-2.228356,2.339413,0.9996482390630756,3.0646839284843352
5994,COc1cc2cc(-c3cc(OC):C(c4c(C=O)ccc5c4SCS5):s3)[nH]c2cc1OC,-4.870852,-1.694197,3.176655,0.6977347795650731,3.3621438073189047
5996,COc1cc2cc(N=Cc3cccc4cc(C=O)ccc34)n(C)c2cc1OC,-4.971581,-2.25101,2.720571,0.9825136520805486,2.722598313893432
6000,COc1cc2cc[nH]c2c(C=Nc2c(Br)ccc3nonc23)c1OC,-5.525951,-2.751035,2.774916,0.9886335818128944,3.186016620792026
6002,COc1cc2cc(-c3cc(OC):C(c4occ5nc(NC(C)=O)cnc45):s3)[nH]c2cc1OC,-4.486997,-2.044128,2.442869,0.9744189490468674,3.189055448016779
6004,COc1cc(-c2nncc3nonc23)s:C:1c1c(OC)c(OC)cc2c1ccn2C,-5.274643,-3.064843,2.2098,0.7967508974458203,3.2794915640440943
6005,COc1cc2nonc2c(C=Cc2c(OC)c(OC)cc3ccn(C)c23)n1,-5.345169,-2.650607,2.694562,0.9698032550145648,3.231704783016843
6007,COc1cc2ccn(C)c2c(C=Nc2c(C=O)ncc3nsnc23)c1OC,-5.637722,-2.9718,2.665922,0.8007566369023704,3.4950046831167425
6014,COc1cc2cc(C(=O)O)n(C)c2c(C2:nc(C#N)cc3nsnc:23)c1OC,-5.768273,-3.25188,2.516393,0.3590921353930002,3.295740680757337
6015,COc1cc2[nH]c(C(=O)O)cc2c(C=Nc2nc(Br)cc3nsnc23)c1OC,-5.806088,-2.90334,2.902748,0.9506511568088778,3.4237019945166054
6016,COc1cc2cc(N=Cc3c(S(=O)(=O)O)ccc4nsnc34)n(C)c2cc1OC,-5.511897,-3.353443,2.158454,0.9588353816854338,3.213027314683619
6017,COc1cc2c(cc(C(=O)O)n2C)c(C=Nc2c(F)ncc3nonc23)c1OC,-5.702247,-2.928095,2.774152,0.947384074933415,3.338229024085328
6019,COc1cc2cc[nH]c2c(C=Cc2c(C)ncc3nsnc23)c1OC,-5.279591,-2.736625,2.542966,0.9024595641679044,3.247407005407412
6020,COc1cc2ccn(C)c2c(C=Cc2scc3nc(F)cnc23)c1OC,-4.985901,-2.434202,2.551698,0.945375377224596,3.38322657886075
6022,COc1cc2cc(C(=O)O)[nH]c2c(C#Cc2nncc3nonc23)c1OC,-5.956213,-3.336489,2.619724,1.0,3.3984933944054543
6023,COc1cc2c(cc(C(=O)O)n2C)c(N=Cc2occ3ncc(C=O)nc23)c1OC,-5.369759,-3.107076,2.262682,0.9107188634502236,3.5546174393315964
6024,COc1cc2cc(C#Cc3scc4ncc(OC(C)=O)nc34)[nH]c2cc1OC,-4.839223,-2.401892,2.437332,1.0,3.3059921600472784
6025,COc1cc2c(cc(C(=O)O)n2C)c(C=Cc2cc(F)cc3nonc23)c1OC,-5.550077,-2.593649,2.956429,0.9571267393998546,3.056770904427208
6026,CNc1ccc2nonc2c1C=Nc1cc2cc(OC)c(OC)cc2[nH]1,-5.00523,-2.454525,2.550705,0.9845079037545914,3.130207951002122
6027,COc1cc2cc(C(=O)O)[nH]c2c(N=Cc2occ3ncc(C=O)nc23)c1OC,-5.515313,-3.189789,2.325525,0.9795420177158976,3.575820456230418
6028,COc1cc2cc[nH]c2c(C=Cc2nncc3nonc23)c1OC,-5.547638,-3.046071,2.501567,0.99059183181295,3.3271000567372706
6030,COc1cc2cc(N=Cc3occ4ncc(NC(C)=O)nc34)[nH]c2cc1OC,-4.958567,-2.546994,2.411573,0.9999786733166268,3.34350485235497
6031,CNc1ncc2nonc2c1C=Cc1cc2cc(OC)c(OC)cc2n1C,-4.692258,-2.536077,2.156181,0.949927565319769,3.1209373504494096
6032,COc1cc2cc(C=Cc3c(C(F)(F)F)ccc4nonc34)n(C)c2cc1OC,-5.026259,-2.683277,2.342982,0.9510171146688589,3.000728169384473
6033,COc1cc2cc(C=Nc3c(C(F)(F)F)ccc4nsnc34)[nH]c2cc1OC,-5.389917,-2.827758,2.562159,0.998125701638682,3.0841312058116417
6035,COc1cc2c(ccn2C)c(C=Nc2cc(C=O)cc3nsnc23)c1OC,-5.303573,-2.699681,2.603892,0.92372492138368,3.2886646231766825
6040,COc1cc2[nH]c(C(=O)O)cc2c(C=Cc2cc(C=O)cc3nonc23)c1OC,-5.668367,-2.991367,2.677,0.9494028907502976,3.1457251466619383
6042,COc1cc2cc(C(=O)O)n(C)c2c(C=Cc2nc(NC(C)=O)cc3nsnc23)c1OC,-5.469569,-2.651676,2.817893,0.9345473094042596,3.342223799440017
6043,COc1cc2cc(C(=O)O)[nH]c2c(C#Cc2nc(Br)cc3nonc23)c1OC,-6.042943,-3.249535,2.793408,1.0,3.393252724798982
6046,COc1cc2cc(N=Cc3cccc4nc(C)cnc34)[nH]c2cc1OC,-4.880819,-2.179194,2.701624,0.999917335826332,2.8078270279252
6047,COc1cc2cc(C(=O)O)n(C)c2c(C=Cc2cc(NC(C)=O)cc3nsnc23)c1OC,-5.394132,-2.369485,3.024647,0.8537095792081025,3.1629161071323253
6048,CNc1cnc2csc(C=Nc3cc4cc(OC)c(OC)cc4[nH]3)c2n1,-4.580368,-2.237079,2.343289,0.9999425383412436,3.319087951002122
6051,COc1cc2cc(C#Cc3c(NC(C)=O)ncc4nonc34)[nH]c2cc1OC,-5.3181,-2.929804,2.388297,1.0,3.1619575446626627
6052,COc1cc2cc(-c3cc(OC):C(c4c(S)ccc5nsnc45):s3)[nH]c2cc1OC,-5.013724,-2.292848,2.720875,0.6962555501264923,3.1316565014322872
6054,COc1cc2cc[nH]c2c(N=Cc2cccc3ccc(S(=O)(=O)O)cc23)c1OC,-5.195597,-2.150957,3.044639,0.9218658547919863,2.808709762046554
6056,COc1cc2cc(-c3cc(OC)c(C4:cc(F)cc5nonc:45)s3)n(C)c2cc1OC,-5.16627,-2.415872,2.750398,0.8043955193529045,3.034378703602398
6058,COc1cc2cc(N=Cc3c(O)ncc4nsnc34)[nH]c2cc1OC,-5.192451,-2.921146,2.271304,0.999751842508271,3.3827262361766417
6059,COc1cc2cc(C(=O)O)n(C)c2c(C=Nc2nc(S)cc3nsnc23)c1OC,-5.72705,-2.744093,2.982956,0.868205686729066,3.6438238958802
6061,COc1cc2cc(C3:cc(C=O)cc4nonc:34)n(C)c2cc1OC,-5.202107,-2.990138,2.21197,0.7261244573347556,2.822774529784443
6062,COc1cc2cc(N=Cc3c(Br)ncc4nonc34)n(C)c2cc1OC,-5.129024,-3.164012,1.965012,0.9999998905077168,3.3517621297963007
6063,COc1cc2cc(C(=O)O)[nH]c2c(C=Cc2c(F)ccc3nonc23)c1OC,-5.589723,-2.686613,2.90311,0.9862835064471612,3.0599863177882725
6064,COc1cc2c(ccn2C)c(N=Cc2scc3nc(Br)cnc23)c1OC,-5.016903,-2.655182,2.361721,0.9215733945472088,3.42404840838258
6065,COc1cc2c(ccn2C)c(N=Cc2c(O)ncc3nsnc23)c1OC,-5.150579,-2.664166,2.486413,0.9151625671157316,3.42730973894391
6067,COc1cc2cc(N=Cc3scc4ncc(C)nc34)[nH]c2cc1OC,-4.880967,-2.531552,2.349415,0.9998936023052702,3.2161608515612583
6068,COc1cc2c(cc(C(=O)O)n2C)c(C=Cc2cccc3nc(Br)cnc23)c1OC,-5.366293,-2.286606,3.079687,0.9467677739150864,2.9571526041667617
6069,COc1cc2c(ccn2C)c(C=Cc2c(O)ccc3nccnc23)c1OC,-5.326268,-1.62265,3.703619,0.4471690799973331,2.8765257620378204
6070,COc1cc2cc(C3:cc(OC)c(-c4cc(S)cc5nsnc45)s:3)n(C)c2cc1OC,-4.95272,-2.343994,2.608726,0.9169167964190456,3.314461221084916
6071,COc1cc2cc(C=NC3:cccc4ncc(C=O)nc:34)n(C)c2cc1OC,-5.444076,-2.557797,2.88628,0.8644376848994499,2.9914594677395847
6072,CNc1ncc2nsnc2c1N=Cc1cc2cc(OC)c(OC)cc2n1C,-4.886351,-2.369772,2.516579,0.8547212893887839,3.2678054823175424
6073,COc1cc2cc[nH]c2c(C=Cc2c(S(=O)(=O)O)ncc3nsnc23)c1OC,-5.233865,-3.539231,1.694635,0.612611139423112,3.439658372316021
6074,COc1cc2cc(C3:nc(Br)cc4nonc:34)n(C)c2cc1OC,-5.417243,-2.870997,2.546246,0.9999999771118326,2.9705533922253125
6077,COc1cc2cc(C(=O)O)n(C)c2c(N=Cc2c(S)ncc3nonc23)c1OC,-5.578485,-3.133973,2.444512,0.8354852731116957,3.5696991095554136
6078,CNc1cc(-c2cc(OC):C(c3c(OC)c(OC)cc4[nH]ccc34):s2)c2nsnc2c1,-4.899696,-2.039289,2.860407,0.775109845084567,3.190493504812424
6080,COc1cc2[nH]ccc2c(C=Nc2c(C(F)(F)F)ncc3nonc23)c1OC,-5.501658,-3.010216,2.491442,0.9484921133004872,3.3308942048379304
6081,COc1cc2[nH]ccc2c(N=Cc2c(Br)ncc3nsnc23)c1OC,-5.077931,-3.015025,2.062906,0.8630153492369756,3.4485243130997194
6082,CNc1cnc2c(C3:sc(-c4cc5cc(OC)c(OC)cc5[nH]4)cc:3OC)occ2n1,-4.348984,-1.803881,2.545103,0.9710044895951588,3.22018183670525
6085,COc1cc2cc(C(=O)O)n(C)c2c(C=Nc2cccc3nc(C=O)cnc23)c1OC,-5.646407,-2.554899,3.091508,0.717630155081254,3.1844342075811767
6086,COc1cc2[nH]ccc2c(N=Cc2c(O)ncc3nsnc23)c1OC,-5.215094,-2.679388,2.535706,0.911409190558114,3.451139697715103
6087,COc1cc2c(ccn2C)c(N=Cc2c(C)ncc3nonc23)c1OC,-5.238839,-2.883615,2.355224,0.8785512162920426,3.258504541438713
6088,COc1cc2[nH]c(C(=O)O)cc2c(N=Cc2c(O)ncc3nonc23)c1OC,-5.668686,-2.961349,2.707337,0.906873755882302,3.3938959575156327
6090,COc1cc2c(ccn2C)c(C=Cc2occ3ncc(Br)nc23)c1OC,-4.917032,-2.33996,2.577072,0.9899968478022524,3.3387392607734325
6091,COc1cc2cc(C3:scc4nc(C)cnc:34)n(C)c2cc1OC,-5.005641,-2.187658,2.817983,0.7480889589481464,2.855131446523954
6092,COc1cc(-c2cncc3nonc23)s:C:1c1c(OC)c(OC)cc2cc(C(=O)O)n(C)c12,-5.564335,-2.965225,2.59911,0.6017989771246347,3.297459903958914
6093,CNc1cc2nonc2c(C=Cc2c(OC)c(OC)cc3c2ccn3C)n1,-5.13583,-2.268344,2.867485,0.9923723547105444,3.223032055744115
6095,COc1cc2cc[nH]c2c(C=Nc2cc(S)cc3nsnc23)c1OC,-5.452886,-2.498639,2.954247,0.9615937352013316,3.5055916207920266
6096,COc1cc2c:C(c3c(NC(C)=O)ncc4nonc34):n(C)c2cc1OC,-5.601304,-2.905159,2.696145,0.6234344793615543,2.93387839098782
6097,COc1cc2cc(C=Cc3c(C)ccc4nsnc34)n(C)c2cc1OC,-4.702883,-2.245627,2.457256,0.9665764824576514,2.89065526908944
6098,COc1cc(-c2scc3nc(C)cnc23)s:C:1c1c(OC)c(OC)cc2[nH]ccc12,-4.787376,-2.222419,2.564957,0.7895438170128333,3.189071349375042
6099,COc1cc2cc(N=Cc3c(C(F)(F)F)ccc4nonc34)n(C)c2cc1OC,-5.100615,-2.974168,2.126447,0.9944446992932507,3.162030733487038
6100,COc1cc(-c2nncc3nsnc23)s:C:1c1c(OC)c(OC)cc2c1ccn2C,-5.119164,-3.03218,2.086984,0.7933860169817616,3.3121652670852395
6102,COc1cc2c:C(c3c(OC(C)=O)ccc4nccnc34):n(C)c2cc1OC,-5.181783,-2.170363,3.01142,0.4348838850225005,2.6307467851689914
6103,COc1cc2cc(C=Nc3cc(C=O)cc4nonc34)n(C)c2cc1OC,-5.487675,-2.968667,2.519008,0.999927021303834,3.184787899899959
6106,COc1cc2ccn(C)c2c(C=Cc2c(Br)ccc3nonc23)c1OC,-5.182969,-2.633306,2.549663,0.9497141125708304,3.098119302353473
6107,COc1cc2cc[nH]c2c(C=Cc2occ3ncc(OC(C)=O)nc23)c1OC,-5.01131,-2.29392,2.71739,0.9780731399448936,3.3893875446626627
6109,COc1cc2ccn(C)c2c(C=Nc2c(C)ncc3nonc23)c1OC,-5.464163,-2.689674,2.774489,0.8632210013759938,3.307736973871145
6110,COc1cc(-c2c(OC)c(OC)cc3c2cc(C(=O)O)n3C)s:C:1c1cccc2ncc(S(=O)(=O)O)nc12,-5.215061,-2.440371,2.774691,0.9040917020122216,3.24940849435935
6115,COc1c:C(c2c(OC)c(OC)cc3cc[nH]c23):sc1-c1nc(C#N)cc2nonc12,-5.527824,-2.997902,2.529922,0.9144171847279638,3.4094292005773337
6116,COc1c:C(c2c(OC)c(OC)cc3cc(C(=O)O)n(C)c23):sc1-c1nc(C)cc2nsnc12,-5.508789,-2.410646,3.098143,0.5090373045406431,3.35213752966998
6117,COc1c:C(c2c(OC)c(OC)cc3[nH]c(C(=O)O)cc23):sc1-c1c(C#N)ncc2nsnc12,-5.508163,-3.015474,2.492689,0.7721499569146464,3.387523880884556
6118,COc1c:C(c2c(OC)c(OC)cc3c2ccn3C):sc1-c1nc(C#N)cc2nsnc12,-5.213401,-2.794682,2.418719,0.8691274562781075,3.406861488803376
6119,COc1c:C(c2c(OC)c(OC)cc3[nH]ccc23):sc1-c1c(C=O)ncc2nonc12,-5.257032,-2.880959,2.376073,0.8377460384681346,3.3745991227899523
6120,COc1c:C(c2c(OC)c(OC)cc3ccn(C)c23):sc1-c1occ2ncc(C#N)nc12,-5.275363,-2.654061,2.621302,0.5265290427336053,3.4559377356334684
6122,COc1cc2[nH]ccc2c(C=Cc2nc(C#N)cc3nsnc23)c1OC,-5.373409,-2.971515,2.401894,0.9916444020594042,3.3484528740790447
6124,COc1c:C(c2c(OC)c(OC)cc3ccn(C)c23):sc1-c1nc(C=O)cc2nonc12,-5.500147,-2.923819,2.576328,0.5096605816406178,3.418645935126284
6125,COc1c:C(c2c(OC)c(OC)cc3cc(C(=O)O)[nH]c23):sc1-c1nc(Br)cc2nsnc12,-5.493523,-2.818991,2.674533,0.8766952888514078,3.4281958841077973
6126,COc1c:C(c2c(OC)c(OC)cc3ccn(C)c23):sc1-c1nc(C=O)cc2nonc12,-5.500167,-2.92383,2.576337,0.5097844722847434,3.418645935126284
6127,COc1c:C(c2c(OC)c(OC)cc3cc[nH]c23):sc1-c1cccc2nsnc12,-4.967523,-2.260932,2.706591,0.9035187034150512,3.0200358006421046
6128,COc1c:C(c2c(OC)c(OC)cc3c2cc(C(=O)O)n3C):sc1-c1nc(C)cc2nsnc12,-5.223018,-2.406188,2.81683,0.8820507910255496,3.279194533718563
6129,COc1c:C(c2c(OC)c(OC)cc3[nH]c(C(=O)O)cc23):sc1-c1scc2ncc(C=O)nc12,-5.063751,-2.671441,2.392311,0.9005044861192454,3.369308977038401
6130,COc1c:C(c2c(OC)c(OC)cc3c2cc(C(=O)O)n3C):sc1-c1c(C#N)ccc2nsnc12,-5.370826,-2.721489,2.649337,0.7801345911548223,3.247877642067193
6132,COc1cc2cc(C=Nc3occ4ncc(O)nc34)[nH]c2cc1OC,-4.77951,-2.15674,2.62277,0.9999999925481424,3.415549313099719
6134,COc1c:C(c2c(OC)c(OC)cc3[nH]ccc23):sc1-c1cc(C)cc2nsnc12,-4.803842,-2.006203,2.797639,0.8924496876973372,3.099195320752502
6135,COc1cc2cc(N=Cc3nc(S)cc4nonc34)n(C)c2cc1OC,-5.425122,-3.139457,2.285665,0.9999762864265154,3.540739676573848
6137,COc1cc2cc(N=Cc3cccc4ccc(C=O)cc34)n(C)c2cc1OC,-5.064109,-2.338827,2.725283,0.9880334958451996,2.7446171600472784
6138,COc1cc2cc(C3:cc(OC)c(-c4nc(NC(C)=O)cc5nsnc45)s:3)n(C)c2cc1OC,-5.103326,-2.480386,2.62294,0.8851507598574555,3.225818111653785
6140,COc1cc2cc(C3:cc(OC)c(-c4nc(O)cc5nsnc45)s:3)n(C)c2cc1OC,-5.096488,-2.495031,2.601457,0.8977568322603384,3.3042669903156847
6141,COc1c:C(c2c(OC)c(OC)cc3c2cc(C(=O)O)n3C):sc1-c1cc(C)cc2nonc12,-5.110864,-2.14863,2.962233,0.8939282474554745,3.144232428455406
6142,COc1c:C(c2c(OC)c(OC)cc3c2cc(C(=O)O)n3C):sc1-c1cccc2ncc(C#N)nc12,-5.100724,-2.527024,2.573699,0.9041244314255354,3.1309596989530206
6144,COc1c:C(c2c(OC)c(OC)cc3c2ccn3C):sc1-c1cc(F)cc2nsnc12,-4.923042,-2.178696,2.744346,0.8960043339339782,3.1466411161898105
6145,COc1c:C(c2c(OC)c(OC)cc3c2cc(C(=O)O)n3C):sc1-c1nc(S)cc2nonc12,-5.432754,-2.578947,2.853807,0.8931513920828107,3.4944176916133003
6146,COc1cc2c(ccn2C)c(C=Nc2c(C=O)ncc3nonc23)c1OC,-5.574784,-2.989247,2.585538,0.9287842492151436,3.3883964913085505
6149,COc1c:C(c2c(OC)c(OC)cc3c2ccn3C):sc1-c1cncc2nsnc12,-5.054174,-2.502039,2.552134,0.7486372763803786,3.2104717071567954
6151,COc1cc2cc(C3:cc(OC)c(-c4cc(O)cc5nonc45)s:3)n(C)c2cc1OC,-4.846655,-2.214621,2.632035,0.9062545793703628,3.098502130175824
6152,COc1cc2c(ccn2C)c(C=Nc2c(C#N)ccc3nccnc23)c1OC,-5.246753,-2.296189,2.950564,0.8562179486958053,3.0358779292780467
6153,COc1cc2c(cc(C(=O)O)n2C)c(C=Cc2nc(S)cc3nsnc23)c1OC,-5.458936,-2.739066,2.71987,0.9892232048499422,3.473003383059688
6156,COc1cc(-c2cc(OC):C(c3c(OC)c(OC)cc4cc[nH]c34):s2)c2nsnc2c1,-4.965193,-2.374085,2.591108,0.893441031587985,3.1422995549420687
6157,COc1cc2cc(-c3cc(OC):C(c4cccc5ncc(S(=O)(=O)O)nc45):s3)[nH]c2cc1OC,-5.264932,-2.692708,2.572224,0.8401670998102831,3.0556907078076323
6158,COc1cc2ccn(C)c2c(C=Cc2nccc3nonc23)c1OC,-5.324369,-2.670597,2.653772,0.9659287066138824,3.121457005407411
6161,COc1cc2cc(-c3cc(OC):C(c4scc5nc(OC(C)=O)cnc45):s3)[nH]c2cc1OC,-4.708787,-2.250475,2.458313,0.9758563654449502,3.2185772156108854
6162,COc1cc2cc(C=Nc3occ4nc(C)cnc34)n(C)c2cc1OC,-4.758591,-2.133326,2.625265,0.9999999990634818,3.238930944765115
6163,COc1c:C(c2c(OC)c(OC)cc3[nH]c(C(=O)O)cc23):sc1-c1cc(O)cc2nsnc12,-5.207765,-2.114475,3.09329,0.7361784570062793,3.238969581378268
6164,COc1c:C(c2c(OC)c(OC)cc3cc(C(=O)O)[nH]c23):sc1-c1cccc2nc(C#N)cnc12,-5.278277,-2.552397,2.72588,0.904477110921266,3.167597978873244
6167,COc1cc2cc[nH]c2c(C=Cc2nc(C)cc3nonc23)c1OC,-5.403908,-2.630161,2.773746,0.988929003081248,3.164707005407412
6170,COc1cc2cc(C=Cc3nc(OC(C)=O)cc4nonc34)n(C)c2cc1OC,-5.412579,-2.886498,2.526082,0.9974934227350148,3.18598030613661
6173,COc1c:C(c2c(OC)c(OC)cc3ccn(C)c23):sc1-c1scc2nc(C)cnc12,-4.863013,-1.991242,2.871771,0.566085758474743,3.2551241581478525
6174,COc1cc2cc(C(=O)O)n(C)c2c(C=Cc2c(Br)ccc3nsnc23)c1OC,-5.33053,-2.643835,2.686695,0.9184220451967244,3.188382870239174
6177,COc1cc2ccn(C)c2c(C#Cc2scc3ncc(C=O)nc23)c1OC,-5.305971,-3.008059,2.297912,1.0,3.462331356443416
6179,COc1cc2cc(N=Cc3c(C(F)(F)F)ccc4nccnc34)[nH]c2cc1OC,-5.251862,-2.653923,2.597939,0.9683294258780848,3.0306754280878296
6182,COc1cc2cc(N=Cc3nncc4nsnc34)n(C)c2cc1OC,-5.233233,-3.182525,2.050708,0.9999810406675032,3.411672390022796
6186,COc1c:C(c2c(OC)c(OC)cc3[nH]ccc23):sc1-c1nc(OC(C)=O)cc2nsnc12,-5.082639,-2.417887,2.664752,0.8600529705636295,3.360619605136254
6187,COc1cc2ccn(C)c2c(N=Cc2c(C#N)ccc3nsnc23)c1OC,-5.172556,-3.051827,2.120729,0.8994640839030945,3.2723962915083504
6188,COc1c:C(c2c(OC)c(OC)cc3c2cc(C(=O)O)n3C):sc1-c1nc(NC(C)=O)cc2nonc12,-5.416196,-2.531073,2.885123,0.9208658981751134,3.316897318032692
6189,COc1cc(-c2cc(OC):C(c3c(OC)c(OC)cc4[nH]c(C(=O)O)cc34):s2)c2nonc2c1,-5.258683,-2.325263,2.93342,0.7925810239614353,3.1017551308845555
6190,COc1c:C(c2c(OC)c(OC)cc3cc(C(=O)O)n(C)c23):sc1-c1c(F)ccc2nonc12,-5.568036,-2.366058,3.201978,0.3879033707859085,3.2139485418157303
6191,COc1cc2cc(C=Nc3c(S)ccc4nccnc34)n(C)c2cc1OC,-5.233443,-2.009172,3.224271,0.859956151435239,3.069319967832028
6192,COc1cc2c(cc(C(=O)O)n2C)c(C=Nc2cc(Br)cc3nsnc23)c1OC,-5.602294,-2.593993,3.008301,0.9360823111065482,3.2373828702391743
6193,COc1cc2c(ccn2C)c(C=Nc2c(C(F)(F)F)ncc3nsnc23)c1OC,-5.343225,-2.844604,2.49862,0.8915901197330234,3.370952101008406
6195,COc1cc2cc(N=Cc3nc(NC(C)=O)cc4nonc34)[nH]c2cc1OC,-5.428519,-3.04596,2.382559,0.999968138568062,3.2822200446626626
6197,COc1cc2cc[nH]c2c(C=Cc2c(Br)ccc3nccnc23)c1OC,-5.169012,-2.34578,2.823231,0.8055543626772681,2.969583335617507
6198,COc1cc2ccn(C)c2c(C=Cc2nc(S)cc3nsnc23)c1OC,-5.266341,-2.673789,2.592552,0.959089745023028,3.5217760591102305
6199,COc1cc2cc(-c3cc(OC):C(c4scc5ncc(F)nc45):s3)[nH]c2cc1OC,-4.737043,-2.303251,2.433792,0.972465332729518,3.19694594687057
6200,COc1cc2cc(N=Cc3occ4ncc(S)nc34)[nH]c2cc1OC,-5.027567,-2.641321,2.386246,0.9999454782111478,3.668928159253565
6201,COc1cc2cc(-c3cc(OC):C(c4cc(S)cc5nccnc45):s3)[nH]c2cc1OC,-4.830524,-2.07927,2.751253,0.972097013554961,3.1061424244321296
6202,COc1cc2cc(N=Cc3cc(O)cc4nonc34)[nH]c2cc1OC,-5.274475,-2.755318,2.519157,0.9999823130665682,3.1535646977151046
6204,COc1cc2cc(C=NC3:nccc4nonc:34)n(C)c2cc1OC,-5.380204,-2.67849,2.701714,0.9999999997924433,3.057414697715104
6205,CNc1ncc2nonc2c1C=Nc1cc2cc(OC)c(OC)cc2n1C,-4.930994,-2.794025,2.136969,0.968878831446628,3.290619268531328
6206,COc1cc2cc(N=Cc3occ4ncc(C=O)nc34)[nH]c2cc1OC,-5.276018,-3.188039,2.087979,0.9999245883333948,3.487929797155968
6207,COc1cc2c:C(c3cccc4nc(OC(C)=O)cnc34):n(C)c2cc1OC,-5.173668,-2.118257,3.055411,0.5831476991694623,2.654390407369576
6209,COc1cc2cc(N=Cc3cc(C(F)(F)F)cc4nonc34)n(C)c2cc1OC,-5.443282,-3.104934,2.338348,0.9976390658245344,3.149647827504131
6211,COc1cc(-c2nncc3nonc23)s:C:1c1c(OC)c(OC)cc2cc[nH]c12,-5.276964,-3.117261,2.159704,0.9019055107768412,3.3253929434992475
6212,COc1cc2cc(C(=O)O)[nH]c2c(C=Cc2nc(NC(C)=O)cc3nsnc23)c1OC,-5.611042,-2.755985,2.855057,0.9677111957265416,3.3068787699153948
6214,COc1cc2[nH]ccc2c(C=Nc2c(C=O)ncc3nsnc23)c1OC,-5.544518,-2.865575,2.678943,0.8755234648085504,3.4253525663867386
6218,COc1cc2nsnc2c(C=Nc2c(OC)c(OC)cc3cc(C(=O)O)[nH]c23)n1,-5.556956,-2.972445,2.58451,0.979697784863836,3.4311213943167225
6219,COc1cc2cc[nH]c2c(C=Cc2c(C(F)(F)F)ccc3nonc23)c1OC,-5.454863,-2.834904,2.619959,0.873832891337422,3.1410143606315035
6220,COc1cc2cc[nH]c2c(C=Cc2c(C)ccc3nccnc23)c1OC,-5.102845,-2.056503,3.046343,0.8326887326600042,2.893220874079045
6221,COc1cc2[nH]ccc2c(C=Cc2scc3nc(S)cnc23)c1OC,-4.863747,-2.224,2.639747,0.984677124684713,3.50119931309972
6222,COc1cc2c:C(c3c(C=O)ncc4nonc34):n(C)c2cc1OC,-5.289847,-3.112178,2.177669,0.7567523327691094,3.088115591539589
6223,COc1c:C(c2c(OC)c(OC)cc3ccn(C)c23):sc1-c1cc(NC(C)=O)cc2nonc12,-5.417277,-2.188782,3.228495,0.5081111543109007,3.163992150115325
6224,COc1cc2cc(N=Cc3c(F)ccc4nccnc34)n(C)c2cc1OC,-4.940246,-2.376855,2.563391,0.9999780620302992,2.9271685192805776
6225,COc1cc2ccn(C)c2c(C=Nc2nc(Br)cc3nsnc23)c1OC,-5.566804,-2.855881,2.710923,0.9036602105877948,3.4911068283409987
6226,COc1cc2ccn(C)c2c(C=Nc2c(F)ncc3nonc23)c1OC,-5.528018,-2.925271,2.602747,0.8630787818949628,3.374252774286946
6228,COc1cc2cc(-c3cc(OC)c(C4:c(C)ncc5nsnc:45)s3)n(C)c2cc1OC,-4.956688,-2.58432,2.372368,0.6768202915712869,3.164154927378622
6232,COc1cc2[nH]c(C(=O)O)cc2c(C#Cc2c(Br)ncc3nsnc23)c1OC,-5.602534,-3.013511,2.589023,1.0,3.3724957627736654
6233,COc1cc2cc(N=Cc3scc4nc(NC(C)=O)cnc34)[nH]c2cc1OC,-4.884443,-2.569211,2.315233,0.9999835008373744,3.249285236970355
6234,COc1cc2cc(N=Cc3cc(O)cc4nsnc34)[nH]c2cc1OC,-5.131934,-2.621798,2.510136,0.9999363872757876,3.186255082330489
6236,COc1cc2cc(C3:scc4nccnc:34)n(C)c2cc1OC,-4.833841,-2.275577,2.558264,0.7566866362819977,2.795489423323483
6237,COc1cc2cc(C(=O)O)n(C)c2c(C=Nc2nccc3nsnc23)c1OC,-5.665841,-2.654683,3.011157,0.8641591096265395,3.272349511556529
6238,COc1cc2c(ccn2C)c(C=Cc2c(F)ccc3nonc23)c1OC,-5.085815,-2.35302,2.732795,0.9893824208725444,2.957193522727694
6239,COc1cc2cc(C(=O)O)n(C)c2c(C=Nc2cc(C=O)cc3nsnc23)c1OC,-5.696109,-2.895058,2.801051,0.8512538800046514,3.4041361206502776
6240,COc1cc2cc[nH]c2c(C#Cc2c(S)ncc3nsnc23)c1OC,-5.389535,-2.929522,2.460013,1.0,3.538828159253565
6241,COc1cc2c(ccn2C)c(C=Cc2c(OC(C)=O)ncc3nsnc23)c1OC,-5.127028,-2.669329,2.457699,0.9562001067333106,3.2773412817463665
6242,COc1cc2cc(C#Cc3cc(C=O)cc4ccccc34)n(C)c2cc1OC,-5.156462,-2.134012,3.022451,1.0,2.722624275431892
6243,COc1cc2ccn(C)c2c(C#Cc2nc(S)cc3nonc23)c1OC,-5.589354,-2.980574,2.60878,1.0,3.521491651625823
6244,COc1cc2ccn(C)c2c(C=Cc2c(Br)ncc3nsnc23)c1OC,-5.196847,-2.989895,2.206952,0.9435252605858688,3.373262961397132
6245,COc1cc2ccn(C)c2c(C=Cc2nc(NC(C)=O)cc3nsnc23)c1OC,-5.247554,-2.556912,2.690643,0.9457404065671796,3.282045596943364
6247,COc1cc2cc(N=Cc3cc(C)cc4nonc34)[nH]c2cc1OC,-5.183253,-2.668941,2.514312,0.9999938818100356,3.048257005407412
6248,COc1cc2c(ccn2C)c(C#Cc2c(S)ncc3nonc23)c1OC,-5.216045,-2.811138,2.404907,1.0,3.4204296973638684
6250,COc1cc2c(ccn2C)c(N=Cc2c(F)ncc3nsnc23)c1OC,-4.987966,-2.931515,2.056451,0.9057362330645852,3.3760714853056566
6252,COc1cc2c(ccn2C)c(C=Cc2cccc3nc(C=O)cnc23)c1OC,-5.047475,-2.469277,2.578198,0.9666346717026392,2.913349852354971
6255,COc1c:C(c2c(OC)c(OC)cc3c2cc(C(=O)O)n3C):sc1-c1cc(F)cc2nccnc12,-5.121357,-2.082806,3.038551,0.8927213341326674,3.077903387750082
6256,COc1cc(-c2cncc3nsnc23)s:C:1c1c(OC)c(OC)cc2c1cc(C(=O)O)n2C,-5.254234,-2.857271,2.396963,0.8028002194792596,3.2576455118993604
6259,COc1cc2cc(C#Cc3c(C#N)ncc4nsnc34)n(C)c2cc1OC,-5.232823,-3.18389,2.048933,1.0,3.29781747032953
6260,COc1cc2c(cc(C(=O)O)n2C)c(C=Nc2c(C)ncc3nonc23)c1OC,-5.643909,-2.816601,2.827308,0.9820811431187152,3.2774615027178067
6262,COc1cnc2csc(C#Cc3cc4cc(OC)c(OC)cc4n3C)c2n1,-4.881024,-2.186458,2.694566,1.0,3.206055232567292
6263,COc1cc2ccn(C)c2c(N=Cc2c(Br)ncc3nonc23)c1OC,-5.260299,-3.225076,2.035223,0.8730416381489898,3.434212233746405
6266,COc1cc2[nH]ccc2c(N=Cc2scc3nc(Br)cnc23)c1OC,-5.075596,-2.670677,2.40492,0.9159955019997642,3.447787774638181
6271,COc1c:C(c2c(OC)c(OC)cc3cc(C(=O)O)n(C)c23):sc1-c1cc(S)cc2nsnc12,-5.38886,-2.31473,3.07413,0.5352524435333297,3.500241821167956
6273,COc1cc2cc(N=Cc3occ4ncc(S)nc34)n(C)c2cc1OC,-4.80369,-2.559557,2.244133,0.999997125468372,3.670745705679877
6275,COc1cc2cc(C(=O)O)[nH]c2c(C=Nc2cccc3nsnc23)c1OC,-5.595865,-2.584646,3.011219,0.9929503546164664,3.0647741136861733
6276,COc1cc2[nH]ccc2c(N=Cc2c(S)ncc3nonc23)c1OC,-5.313652,-2.914675,2.398976,0.8844501586990837,3.5239031592535657
6277,CNc1cc(-c2cc(OC):C(c3cc4cc(OC)c(OC)cc4n3C):s2)c2nsnc2c1,-4.789487,-2.19894,2.590548,0.8429854997032099,3.142231057696021
6280,CNc1cc2nonc2c(-c2cc(OC):C(c3c(OC)c(OC)cc4[nH]c(C(=O)O)cc34):s2)n1,-5.319052,-2.540879,2.778173,0.8289571121939613,3.2841435924230167
6281,COc1cc2cc(C(=O)O)n(C)c2c(N=Cc2c(OC)ncc3nonc23)c1OC,-5.193783,-3.018714,2.175069,0.8813343650107406,3.375771285485444
6282,COc1cc2cc(C#Cc3scc4ncc(NC(C)=O)nc34)n(C)c2cc1OC,-4.925464,-2.334662,2.590802,1.0,3.2163810566056537
6283,COc1cc2cc[nH]c2c(C=Cc2c(C)ccc3nsnc23)c1OC,-5.179589,-2.365225,2.814364,0.8814066374621539,3.047782005407412
6285,COc1cc2cc(C=Nc3c(C(F)(F)F)ncc4nonc34)n(C)c2cc1OC,-5.435571,-3.088258,2.347313,0.9930994303960334,3.281504237760542
6286,COc1cc2ccn(C)c2c(N=Cc2c(O)ncc3nonc23)c1OC,-5.335831,-2.937602,2.398229,0.8777856316275658,3.436756932291103
6290,COc1c:C(c2c(OC)c(OC)cc3cc[nH]c23):sc1-c1cccc2ncc(F)nc12,-4.95441,-2.05925,2.89516,0.8994158308627641,3.0580324849334257
6291,COc1cc2cc(-c3cc(OC)c(C4:scc5nc(Br)cnc:45)s3)n(C)c2cc1OC,-4.739857,-2.399712,2.340146,0.8945418393393876,3.2529433889170827
6292,COc1cc2cc(-c3cc(OC):C(c4scc5nc(OC(C)=O)cnc45):s3)[nH]c2cc1OC,-4.572846,-2.198966,2.37388,0.9796404197104536,3.2185772156108854
6295,COc1cc2c:C(c3c(S(=O)(=O)O)ccc4nccnc34):n(C)c2cc1OC,-5.730816,-2.714924,3.015892,0.4911474259568313,2.699115236970356
6296,COc1cc2ccn(C)c2c(C=Nc2cc(S)cc3nsnc23)c1OC,-5.3705,-2.38193,2.98857,0.8550747395562046,3.4961812566154284
6299,COc1cc2cc(-c3cc(OC):C(c4c(C=O)ccc5ccccc45):s3)[nH]c2cc1OC,-4.8533,-1.804023,3.049277,0.6638524476736262,2.7280415082822245
6300,COc1cc2ccn(C)c2c(N=Cc2c(C(F)(F)F)ccc3nonc23)c1OC,-5.207751,-2.993546,2.214205,0.8203368291618264,3.237355519811823
6301,COc1cc2c(ccn2C)c(C=Cc2c(Br)ccc3nonc23)c1OC,-5.167384,-2.444092,2.723292,0.9350862646640166,3.025161298195469
6302,COc1cc(-c2nncc3nsnc23)s:C:1c1c(OC)c(OC)cc2cc[nH]c12,-5.147252,-3.040266,2.106986,0.8965871207477503,3.358844591850896
6303,COc1cc2c(ccn2C)c(C2:nc(C=O)cc3nonc:23)c1OC,-5.400241,-2.973117,2.427125,0.6767207187004228,3.1111626121246374
6304,COc1cc2[nH]ccc2c(C=Cc2c(C(F)(F)F)ccc3nonc23)c1OC,-5.429934,-2.673808,2.756126,0.9074183076814718,3.0684832992877844
6306,COc1cc2cc(-c3cc(OC):C(c4cccc5ccc(S(=O)(=O)O)cc45):s3)[nH]c2cc1OC,-4.794268,-1.757842,3.036425,0.7946561666100475,2.7359065731922474
6307,COc1cc2c:C(c3occ4nc(NC(C)=O)cnc34):n(C)c2cc1OC,-4.721301,-2.087823,2.633478,0.9991279251234424,2.965740941595106
6309,CNc1ncc2nonc2c1N=Cc1c(OC)c(OC)cc2ccn(C)c12,-5.090141,-2.574897,2.515244,0.924903046796503,3.359030057742117
6317,COc1cc(-c2c(OC)c(OC)cc3c2ccn3C)s:C:1c1cccc2nc(F)cnc12,-4.92495,-1.855521,3.069429,0.7612868441735428,3.0472783949741284
6318,COc1cc2[nH]c(C(=O)O)cc2c(C=Nc2cc(C)cc3nonc23)c1OC,-5.606024,-2.449315,3.156709,0.9903599401781628,3.089270056834035
6319,COc1cc2cc(C(=O)O)n(C)c2:C(c2scc3nc(Br)cnc23):c1OC,-5.676925,-2.512082,3.164844,0.2565200153997251,3.2384465772226365
6322,COc1cc2cc(C(=O)O)[nH]c2c(C=Cc2c(OC)ncc3nsnc23)c1OC,-5.274843,-2.774946,2.499897,0.9557449149953444,3.287962294879576
6327,COc1c:C(c2c(OC)c(OC)cc3cc(C(=O)O)[nH]c23):sc1-c1c(C#N)ncc2nsnc12,-5.5697,-3.152027,2.417673,0.7713311989074115,3.439110900115325
6328,COc1c:C(c2c(OC)c(OC)cc3c2ccn3C):sc1-c1nccc2nonc12,-5.118837,-2.353012,2.765825,0.8969964380430326,3.1135486302337183
6329,COc1c:C(c2c(OC)c(OC)cc3cc(C(=O)O)[nH]c23):sc1-c1nccc2nsnc12,-5.347467,-2.580237,2.767231,0.8655236829313976,3.223027169276749
6330,COc1cc2c(ccn2C)c(C=Nc2c(C#N)ccc3nsnc23)c1OC,-5.284719,-2.717846,2.566874,0.934641999407929,3.1811609268729875
6331,COc1c:C(c2c(OC)c(OC)cc3cc[nH]c23):sc1-c1nc(C)cc2nonc12,-5.275611,-2.439644,2.835967,0.9065353703796648,3.221997825224774
6332,COc1cc2cc[nH]c2c(C=Cc2c(C=O)ncc3nsnc23)c1OC,-5.418086,-3.21948,2.198607,0.953006330043784,3.4313913356175068
6333,COc1cc2cc(C3:cc(OC)c(-c4c(C=O)ncc5nsnc45)s:3)n(C)c2cc1OC,-5.065135,-2.958405,2.10673,0.7909947949935144,3.3444579385075173
6335,COc1c:C(c2c(OC)c(OC)cc3c2ccn3C):sc1-c1nc(Br)cc2nsnc12,-5.17227,-2.597486,2.574784,0.9035277363336834,3.354465591714285
6336,COc1c:C(c2c(OC)c(OC)cc3c2ccn3C):sc1-c1nc(F)cc2nsnc12,-5.13122,-2.483227,2.647992,0.9032385344889332,3.350440766539461
6337,COc1c:C(c2c(OC)c(OC)cc3c2ccn3C):sc1-c1nc(F)cc2nonc12,-5.284349,-2.528882,2.755467,0.933348201506178,3.3099502070989004
6338,COc1c:C(c2c(OC)c(OC)cc3[nH]ccc23):sc1-c1cc(Br)cc2nonc12,-5.260312,-2.405824,2.854488,0.7766035104234567,3.1109613314859548
6339,COc1c:C(c2c(OC)c(OC)cc3[nH]c(C(=O)O)cc23):sc1-c1c(C#N)ccc2nsnc12,-5.421877,-2.716575,2.705302,0.7643106997601538,3.216342150115324
6340,COc1c:C(c2c(OC)c(OC)cc3[nH]ccc23):sc1-c1nncc2nonc12,-5.284457,-2.699633,2.584824,0.8995360500726621,3.263665470971775
6342,COc1cc2c(cc(C(=O)O)n2C)c(N=Cc2c(C#N)ncc3nsnc23)c1OC,-5.470851,-3.367499,2.103352,0.9419570362982344,3.4560064503206087
6344,COc1cc2cc(C(=O)O)[nH]c2c(N=Cc2c(C#N)ccc3nsnc23)c1OC,-5.548859,-3.196713,2.352146,0.9894595097657032,3.290905446849556
6346,COc1cc2cc(N=Cc3occ4nc(OC(C)=O)cnc34)n(C)c2cc1OC,-4.834171,-2.561434,2.272737,0.999991359848472,3.452986497506217
6347,COc1cc2ccn(C)c2c(C=Nc2c(C#N)ncc3nsnc23)c1OC,-5.685859,-3.082646,2.603212,0.7787483180394636,3.4574096781217376
6350,COc1c:C(c2c(OC)c(OC)cc3c2ccn3C):sc1-c1cc(Br)cc2nsnc12,-4.961255,-2.314056,2.6472,0.8964041777009364,3.177867339966033
6351,COc1cc2cc(N=Cc3cc(S(=O)(=O)O)cc4nsnc34)n(C)c2cc1OC,-5.250183,-3.102701,2.147483,0.9990706874064568,3.229370904427208
6352,COc1c:C(c2c(OC)c(OC)cc3c2cc(C(=O)O)n3C):sc1-c1nc(O)cc2nsnc12,-5.284576,-2.471681,2.812894,0.8822103765209063,3.417855748293462
6353,COc1c:C(c2c(OC)c(OC)cc3ccn(C)c23):sc1-c1cc(C)cc2nonc12,-5.249419,-2.131807,3.117612,0.5787613504668586,3.1384766057002995
6354,COc1c:C(c2c(OC)c(OC)cc3ccn(C)c23):sc1-c1c(F)ccc2nccnc12,-5.214771,-2.009807,3.204964,0.4336301355709251,3.028551091508364
6355,COc1cc2ccn(C)c2c(C=Nc2c(C=O)ncc3nonc23)c1OC,-5.584843,-3.013727,2.571116,0.7645739456423623,3.4585119758240364
6356,COc1c:C(c2c(OC)c(OC)cc3cc[nH]c23):sc1-c1c(OC)ccc2nsnc12,-4.869314,-2.165461,2.703853,0.7175920813250162,3.0874750087017926
6358,COc1c:C(c2c(OC)c(OC)cc3c2cc(C(=O)O)n3C):sc1-c1cncc2nsnc12,-5.142564,-2.557438,2.585126,0.8946559389620519,3.2651194573087903
6359,COc1c:C(c2c(OC)c(OC)cc3[nH]ccc23):sc1-c1cc(C#N)cc2nccnc12,-5.060391,-2.335658,2.724733,0.8875101221625439,3.068155722329047
6360,COc1c:C(c2c(OC)c(OC)cc3[nH]c(C(=O)O)cc23):sc1-c1scc2ncc(Br)nc12,-4.956819,-2.355791,2.601028,0.8914091724061611,3.3290678444055644
6361,COc1cc2cc(N=Cc3nc(S(=O)(=O)O)cc4nsnc34)[nH]c2cc1OC,-5.659199,-3.5497,2.109498,0.9999263396729006,3.512869472608135
6363,COc1c:C(c2c(OC)c(OC)cc3c2cc(C(=O)O)n3C):sc1-c1cccc2nonc12,-5.132773,-2.2454,2.887373,0.8944239547285155,3.0247680925445213
6364,COc1cc(-c2cc(C#N)cc3nsnc23)s:C:1c1c(OC)c(OC)cc2[nH]c(C(=O)O)cc12,-5.413387,-3.007201,2.406186,0.7989908596162063,3.257977246269172
6366,COc1cc2cc(C(=O)O)n(C)c2c(N=Cc2nc(C=O)cc3nsnc23)c1OC,-5.513417,-3.299129,2.214287,0.9437714177614538,3.593271285485443
6368,COc1cc2nonc2c(-c2cc(OC):C(c3c(OC)c(OC)cc4[nH]ccc34):s2)n1,-5.242203,-2.706002,2.536201,0.790752742158121,3.197702839298162
6369,COc1cc2cc(C=Nc3cccc4nc(O)cnc34)n(C)c2cc1OC,-5.019219,-1.797328,3.221891,0.8711050283734392,3.0174328549449143
6370,COc1cc2cc(C3:cc(OC)c(-c4cc(O)cc5nsnc45)s:3)n(C)c2cc1OC,-4.74532,-2.176247,2.569073,0.8985114140097045,3.14373027702897
6371,COc1c:C(c2c(OC)c(OC)cc3ccn(C)c23):sc1-c1cccc2nc(C#N)cnc12,-5.307744,-2.541571,2.766173,0.5652798801945116,3.1350657589824085
6373,COc1cc2cc(C=Cc3cccc4ncc(Br)nc34)n(C)c2cc1OC,-4.700289,-2.286184,2.414105,0.99955207628183,2.773762125674184
6374,COc1c:C(c2c(OC)c(OC)cc3c2ccn3C):sc1-c1cc(F)cc2nonc12,-5.044961,-2.217643,2.827318,0.8997842850155771,3.101412969336664
6375,COc1cc2c(ccn2C)c(C=Cc2c(Br)ccc3nsnc23)c1OC,-5.051063,-2.381559,2.669503,0.9236914323201708,3.055181256615428
6376,COc1c:C(c2c(OC)c(OC)cc3c2cc(C(=O)O)n3C):sc1-c1c(Br)ccc2nonc12,-5.350463,-2.449664,2.900799,0.7138947617143793,3.1867576106416404
6377,COc1cc2cc(C=Nc3nc(OC(C)=O)cc4nsnc34)n(C)c2cc1OC,-5.636555,-2.804302,2.832252,0.9889664676821586,3.363378242346741
6379,CNc1cc(C2:sc(-c3cc4cc(OC)c(OC)cc4[nH]3)cc:2OC)c2nsnc2c1,-4.898361,-1.918223,2.980137,0.7980012612531093,3.097571810776123
6381,COc1cc2cc(C3:cc(OC)c(-c4cc(NC(C)=O)cc5nsnc45)s:3)n(C)c2cc1OC,-4.749374,-2.19205,2.557324,0.8900874938385184,3.086652727038402
6382,COc1c:C(c2c(OC)c(OC)cc3cc(C(=O)O)[nH]c23):sc1-c1scc2nc(C=O)cnc12,-5.118793,-2.73233,2.386463,0.8999167510084252,3.4194868616537857
6383,COc1cc2ccn(C)c2c(C=Nc2c(Br)ccc3nsnc23)c1OC,-5.387747,-2.436437,2.951309,0.7672621958749777,3.215263377197548
6386,COc1cc2cc(N=Cc3c(C=O)ccc4c3SCS4)n(C)c2cc1OC,-5.105605,-2.226562,2.879043,0.9556390990930304,3.517243044755104
6387,COc1cc2cc(N=Cc3nc(C)cc4nonc34)[nH]c2cc1OC,-5.341656,-3.011429,2.330228,0.9999980778615724,3.217608928484335
6390,COc1cc2cc(C#CC3:c(C#N)ccc4nsnc:34)n(C)c2cc1OC,-5.121519,-2.899917,2.221602,1.0,3.083613873925934
6391,COc1cc(-c2cc(OC):C(c3c(OC)c(OC)cc4[nH]ccc34):s2)c2nonc2c1,-5.033262,-2.23054,2.802722,0.8261154679008178,3.0382215947000653
6392,COc1cc2cc(C=Nc3occ4ncc(O)nc34)n(C)c2cc1OC,-4.749306,-2.108262,2.641044,0.99999991582203,3.4540795934137645
6394,COc1c:C(c2c(OC)c(OC)cc3[nH]c(C(=O)O)cc23):sc1-c1c(F)ccc2nonc12,-5.279401,-2.346106,2.933295,0.7514255337401669,3.1080713183509747
6395,COc1cc2cc(C=Nc3c(OC(C)=O)ccc4nccnc34)[nH]c2cc1OC,-5.313079,-2.023211,3.289868,0.8485679430267299,2.884380213458204
6396,COc1cc2ccn(C)c2c(C#Cc2nc(Br)cc3nsnc23)c1OC,-5.429838,-2.985956,2.443882,1.0,3.4340868699210416
6397,COc1cc2[nH]ccc2c(C=Nc2nc(C#N)cc3nonc23)c1OC,-5.89515,-3.114307,2.780843,0.9514245963470732,3.404431951002123
6398,COc1c:C(c2c(OC)c(OC)cc3[nH]c(C(=O)O)cc23):sc1-c1scc2nc(F)cnc12,-4.890521,-2.228282,2.662239,0.9052852771883224,3.3497164796412964
6400,COc1cc2[nH]c(C(=O)O)cc2c(C=Cc2nc(S)cc3nsnc23)c1OC,-5.525743,-2.762217,2.763526,0.9889678370153772,3.4524301347308235
6401,COc1cc2cc(C=NC3:nc(O)cc4nsnc:34)n(C)c2cc1OC,-5.256899,-2.598644,2.658255,0.999999996103518,3.3473276183617893
6403,CNc1cc(C2:sc(-c3cc4cc(OC)c(OC)cc4[nH]3)cc:2OC)c2nsnc2c1,-4.75613,-1.980686,2.775445,0.9720515198381074,3.097571810776123
6406,COc1cc2cc(N=Cc3scc4nc(S)cnc34)n(C)c2cc1OC,-4.930559,-2.671823,2.258736,0.9999881135774502,3.584437389671561
6407,COc1cc2cc(N=Cc3scc4ncc(S)nc34)n(C)c2cc1OC,-4.839081,-2.632887,2.206195,0.9999829262975216,3.5734278262619963
6408,COc1cc2cc(C(=O)O)n(C)c2c(C=Nc2c(Br)ccc3nonc23)c1OC,-5.715859,-2.655089,3.06077,0.8439703539615929,3.2405521010084044
6409,COc1cc2c:C(c3c(NC(C)=O)ccc4nccnc34):n(C)c2cc1OC,-5.287527,-2.023598,3.263929,0.4301423326332662,2.592193133757112
6410,COc1cc2cc(-c3cc(OC):C(c4occ5nc(S)cnc45):s3)[nH]c2cc1OC,-4.585037,-2.141645,2.443391,0.97267865779785,3.427865982648745
6412,COc1cc2nonc2c(C=Cc2c(OC)c(OC)cc3c2cc(C(=O)O)n3C)n1,-5.535065,-2.74696,2.788105,0.992256300633286,3.215330626144784
6414,COc1cc2cc[nH]c2c(C=Cc2c(F)ccc3nccnc23)c1OC,-5.120035,-2.181325,2.938711,0.9549324306287992,2.902521797155968
6418,COc1cc2[nH]ccc2c(C2:nc(C#N)cc3nsnc:23)c1OC,-5.628922,-3.069112,2.559811,0.5755661763388221,3.1622033725518905
6419,COc1c:C(c2c(OC)c(OC)cc3cc(C(=O)O)[nH]c23):sc1-c1cc(NC(C)=O)cc2nonc12,-5.325883,-2.324932,3.000951,0.896958668913123,3.197676225990339
6420,COc1cc2cc(N=Cc3cc(S)cc4nonc34)n(C)c2cc1OC,-5.258929,-2.843706,2.415222,0.999134091750982,3.387666703600876
6421,COc1cc2cc(C=NC3:cc(Br)cc4nonc:34)n(C)c2cc1OC,-5.296035,-2.66871,2.627325,0.9999706848023944,3.0828211734553435
6423,COc1cc2cc(N=Cc3cc(OC(C)=O)cc4nccnc34)n(C)c2cc1OC,-5.002422,-2.356544,2.645877,0.9999082507580364,2.99514588794181
6424,COc1cc2nsnc2c(N=Cc2c(OC)c(OC)cc3c2ccn3C)n1,-5.257186,-2.434804,2.822382,0.9560706063258072,3.324371516283576
6425,COc1cc2cc(N=Cc3c(OC(C)=O)ccc4nonc34)n(C)c2cc1OC,-5.105763,-2.82003,2.285733,0.9350606780209404,3.0798377170184112
6426,COc1cc2cc(C(=O)O)n(C)c2c(C=Cc2c(C)ncc3nsnc23)c1OC,-5.322725,-2.752821,2.569904,0.912069615549019,3.2951213317776364
6427,COc1cc2cc(C(=O)O)[nH]c2c(C=Cc2scc3nc(F)cnc23)c1OC,-5.232301,-2.529647,2.702655,0.9835257185790828,3.390714847486421
6430,COc1cc2cc(C=Nc3scc4nc(S(=O)(=O)O)cnc34)n(C)c2cc1OC,-5.444186,-3.11035,2.333836,0.9998234652705456,3.3836444087007127
6432,COc1cc2[nH]c(C(=O)O)cc2c(C=Nc2nncc3nsnc23)c1OC,-5.78669,-2.919066,2.867624,0.9200505130373906,3.379955732067792
6433,CNc1ncc2nsnc2c1C=Nc1cc2cc(OC)c(OC)cc2[nH]1,-4.847836,-2.673706,2.17413,0.9909667082646796,3.31394825869443
6436,COc1cc2cc(C(=O)O)[nH]c2c(C=Nc2nccc3nsnc23)c1OC,-5.764535,-2.817366,2.947169,0.9799777863176848,3.238802285514346
6438,COc1cc2c(cc(C(=O)O)n2C)c(C=Cc2c(F)ccc3nonc23)c1OC,-5.393968,-2.535088,2.85888,0.9908712699526888,3.023864921521225
6439,COc1cc2cc[nH]c2c(N=Cc2cc(C=O)cc3nonc23)c1OC,-5.467059,-3.175614,2.291445,0.9669366419026976,3.2994854894636605
6440,COc1cc2cc(-c3cc(OC)c(C4:cc(NC(C)=O)cc5nsnc:45)s3)n(C)c2cc1OC,-4.875553,-2.211666,2.663887,0.7179370461732386,3.086652727038402
6441,COc1cc2[nH]ccc2c(C=Nc2cc(C=O)cc3nsnc23)c1OC,-5.365002,-2.718056,2.646946,0.9275313028555692,3.285495335617507
6448,COc1cc2c(cc(C(=O)O)n2C)c(C=Cc2c(C)ncc3nsnc23)c1OC,-5.366291,-2.618271,2.748019,0.9296200396285956,3.2201230411793453
6450,COc1cc2cc(C#Cc3cccc4ncc(O)nc34)[nH]c2cc1OC,-4.891999,-1.979804,2.912194,1.0,3.005747643309814
6451,COc1cc2[nH]ccc2c(C=Nc2nc(C)cc3nsnc23)c1OC,-5.299869,-2.383287,2.916581,0.9458560059810444,3.2784416207920266
6454,COc1cc2cc[nH]c2c(C=Cc2cccc3nc(C=O)cnc23)c1OC,-5.253029,-2.658444,2.594585,0.9499896381249788,2.971953772488908
6457,COc1cc(-c2cncc3nsnc23)s:C:1c1c(OC)c(OC)cc2cc(C(=O)O)[nH]c12,-5.282317,-2.926027,2.356289,0.9083882595321476,3.2825747601474164
6461,COc1cc2cc[nH]c2c(C=Nc2c(C)ncc3nonc23)c1OC,-5.549975,-2.860499,2.689477,0.9970135361508716,3.3119127746381807
6462,COc1cnc2coc(C=Nc3cc4cc(OC)c(OC)cc4n3C)c2n1,-4.697979,-2.275489,2.42249,0.9999723408763748,3.3578810067930656
6463,COc1cc2cc(N=Cc3cc(OC(C)=O)cc4nsnc34)[nH]c2cc1OC,-4.876098,-2.59734,2.278758,0.9997559879069788,3.138410429278048
6465,COc1cc2cc(C(=O)O)[nH]c2c(C=Cc2cc(C=O)cc3nonc23)c1OC,-5.758459,-3.094,2.664458,0.9523751378382288,3.211300193566254
6466,COc1cc2cc(C(=O)O)[nH]c2c(N=Cc2c(Br)ncc3nonc23)c1OC,-5.705178,-3.361197,2.343981,0.975303000451727,3.43847356218944
6467,COc1cc2c(cc(C(=O)O)n2C)c(N=Cc2scc3nc(Br)cnc23)c1OC,-5.335236,-2.818841,2.516395,0.9005789293025974,3.4517811608374647
6469,COc1cc2cc(C3:scc4nc(Br)cnc:34)n(C)c2cc1OC,-5.154351,-2.579437,2.574914,0.7605229078345279,3.020024885437982
6470,COc1cc2cc(N=Cc3scc4nc(Br)cnc34)n(C)c2cc1OC,-4.984463,-2.84613,2.138333,0.9999774455651776,3.3890176391518096
6472,CNc1ccc2nsnc2c1C=Cc1c(OC)c(OC)cc2c1ccn2C,-4.856716,-1.702022,3.154694,0.4780860405332165,3.091049438361498
6473,COc1cc2cc(C=Nc3cc(C=O)cc4c3SCS4)[nH]c2cc1OC,-5.490133,-1.95343,3.536702,0.8563814113409883,3.451865181771354
6474,COc1cc2cc(-c3cc(OC)c(C4:c(S(=O)(=O)O)ncc5nsnc:45)s3)n(C)c2cc1OC,-5.193287,-3.221907,1.971381,0.7575908332087019,3.3756687037590485
6475,COc1cc2cc(N=Cc3c(C=O)ccc4nsnc34)n(C)c2cc1OC,-5.39775,-3.09592,2.30183,0.9591966881177896,3.1996176701297294
6476,COc1cc2cc(C(=O)O)n(C)c2c(C=Nc2cccc3nsnc23)c1OC,-5.512539,-2.426747,3.085793,0.8692543546699959,3.102727116230336
6478,COc1cc2ccn(C)c2c(N=Cc2c(S)ncc3nonc23)c1OC,-5.325298,-3.047791,2.277507,0.8518538343212998,3.5455259551601266
6479,COc1cc2cc(C(=O)O)[nH]c2c(C=Nc2c(C(F)(F)F)ncc3nonc23)c1OC,-5.941363,-3.336621,2.604742,0.9822002810057888,3.420293149040681
6480,COc1cc2cc(N=Cc3nc(S)cc4nonc34)[nH]c2cc1OC,-5.588844,-3.166567,2.422277,0.9999806374625976,3.535310851561258
6481,COc1cc2c(cc(C(=O)O)n2C)c(C=Nc2nc(S)cc3nsnc23)c1OC,-5.763451,-2.769147,2.994304,0.9427204463528605,3.5688256052819085
6482,COc1cc2cc[nH]c2c(C#Cc2nc(F)cc3nsnc23)c1OC,-5.534164,-2.915715,2.61845,1.0,3.405089697715104
6483,COc1cc2[nH]c(C(=O)O)cc2c(C=Cc2c(C)ccc3nsnc23)c1OC,-5.346297,-2.290559,3.055738,0.9068539222688994,3.011211050018068
6484,COc1cc2c(ccn2C)c(N=Cc2c(Br)ncc3nsnc23)c1OC,-5.018104,-2.998487,2.019617,0.8702959347783071,3.424765040399212
6488,COc1cc2cc(C(=O)O)n(C)c2c(N=Cc2c(O)ncc3nsnc23)c1OC,-5.486001,-2.892972,2.593028,0.8495257981916817,3.5050204770767808
6489,COc1cc2cc[nH]c2c(N=Cc2c(O)ncc3nonc23)c1OC,-5.465039,-2.954109,2.51093,0.9380735537386602,3.444516620792028
6491,COc1cc2cc(-c3cc(OC)c(C4:c(C(F)(F)F)ccc5nsnc:45)s3)n(C)c2cc1OC,-5.030746,-2.686535,2.344212,0.5051320897952152,3.1311397968764574
6492,COc1cc2c(ccn2C)c(C=NC2:nc(C=O)cc3nonc:23)c1OC,-5.530694,-2.955111,2.575582,0.9473027254643214,3.405781506293565
6493,COc1cc2cc(C3:scc4nc(Br)cnc:34)n(C)c2cc1OC,-4.992539,-2.520498,2.472041,0.7645634238924256,3.020024885437982
6494,COc1cc(-c2cncc3nonc23)s:C:1c1c(OC)c(OC)cc2[nH]c(C(=O)O)cc12,-5.416595,-2.925231,2.491364,0.7938543220313015,3.192693441466097
6495,COc1cc2c(cc(C(=O)O)n2C)c(C=Cc2c(C(F)(F)F)ncc3nonc23)c1OC,-5.62826,-3.059847,2.568413,0.919426332165447,3.310365588549783
6497,COc1cc2cc(-c3cc(OC):C(c4cc(S)cc5nsnc45):s3)[nH]c2cc1OC,-4.757848,-2.326142,2.431706,0.9768192251148508,3.261359542577189
6498,COc1cc2c(cc(C(=O)O)n2C)c(C=Nc2cc(S)cc3nsnc23)c1OC,-5.534094,-2.450345,3.083749,0.9456220328265372,3.449620477076781
6499,CNc1cc(C2:cc3cc(OC)c(OC)cc3n:2C)c2nonc2c1,-4.939376,-1.978546,2.96083,0.6937401505342851,2.775422633793111
6500,COc1cc2c(ccn2C)c(C=Nc2c(C(F)(F)F)ccc3nonc23)c1OC,-5.524925,-2.665965,2.858959,0.9294661578235832,3.160410220666524
6501,COc1cc(-c2scc3nc(C)cnc23)s:C:1c1c(OC)c(OC)cc2cc(C(=O)O)n(C)c12,-5.158029,-2.37081,2.787219,0.6186466149894326,3.340432428455406
6503,COc1cc2cc(C3:c(C(F)(F)F)ncc4nonc:34)n(C)c2cc1OC,-5.469348,-3.196294,2.273054,0.6684995328498258,3.011509961838021
6504,COc1cnc2cccc(C3:cc4cc(OC)c(OC)cc4n:3C)c2n1,-5.176853,-1.846315,3.330538,0.5024880197880855,2.488920341854513
6505,COc1cc2[nH]c(C(=O)O)cc2c(C=Cc2c(C(F)(F)F)ccc3nonc23)c1OC,-5.606902,-2.731912,2.87499,0.9148791327227568,3.1167162259637573
6506,COc1cc2cc(C=Nc3cc(S(=O)(=O)O)cc4ccccc34)n(C)c2cc1OC,-5.472396,-1.990895,3.4815,0.8844424147311918,2.731791615155773
6507,COc1cc2cc(-c3cc(OC):C(c4cc(S)cc5nsnc45):s3)[nH]c2cc1OC,-4.757982,-2.326298,2.431684,0.9768720370932172,3.261359542577189
6510,COc1cc2cc[nH]c2:C(c2nc(O)cc3nsnc23):c1OC,-5.281524,-2.595154,2.68637,0.7297176489974609,3.207173339407399
6514,COc1cc2c(cc(C(=O)O)n2C):C(c2c(S)ccc3nonc23):c1OC,-5.90241,-2.288845,3.613565,0.3130926518812645,3.0015296541457133
6517,COc1cc2[nH]c(C(=O)O)cc2:C(c2cc(C)cc3nsnc23):c1OC,-5.52081,-2.142238,3.378572,0.5544362405975201,2.8310680563762
6521,COc1cc(-c2c(OC)c(OC)cc3ccn(C)c23)s:C:1c1occ2nccnc12,-4.876542,-2.058306,2.818235,0.5448325338640746,3.266445589088817
6525,COc1cc2cc[nH]c2:C(c2c(OC)ncc3nsnc23):c1OC,-5.073235,-2.616252,2.456983,0.4966996075792532,3.0744769511472088
6527,COc1cc2nsnc2c(C2:sc(-c3cc4cc(OC)c(OC)cc4n3C)cc:2OC)n1,-4.856845,-2.411269,2.445576,0.8754868855764846,3.2146433992006704
6528,COc1cc2[nH]ccc2c(C=Cc2c(C=O)ccc3c2SCS3)c1OC,-5.216532,-1.723839,3.492693,0.821257282615939,3.43193225869443
6529,COc1cc2c(ccn2C):C(c2occ3nc(S(=O)(=O)O)cnc23):c1OC,-5.527486,-2.853474,2.674013,0.7842041809939982,3.274117961838021
6530,COc1cc2[nH]ccc2c(C=Nc2c(Br)ncc3nonc23)c1OC,-5.464153,-2.91741,2.546742,0.9362536681401225,3.333941620792027
6534,COc1cc2c(ccn2C)c(C=Nc2cc(NC(C)=O)cc3nccnc23)c1OC,-5.173734,-1.730032,3.443701,0.8485472358417836,2.964490503326425
6535,COc1cc2ccn(C)c2c(C=Nc2cc(S(=O)(=O)O)cc3nsnc23)c1OC,-5.525309,-2.827706,2.697603,0.8403187811872919,3.285553810410115
6536,COc1cc(-c2c(OC)c(OC)cc3cc(C(=O)O)[nH]c23)s:C:1c1c(C(F)(F)F)ccc2nsnc12,-5.45241,-2.751175,2.701235,0.5301122441916126,3.2802123402325325
6538,COc1cc2ccn(C)c2:C(c2c(OC(C)=O)ncc3nonc23):c1OC,-5.350589,-2.900125,2.450464,0.0151458936519189,3.166304301918994
6541,COc1cc2cc(C(=O)O)[nH]c2c(C=Cc2c(C)ccc3nsnc23)c1OC,-5.443878,-2.424732,3.019146,0.8827012388342996,3.079276288576977
6543,COc1cc2[nH]ccc2:C(c2c(C(F)(F)F)ccc3nccnc23):c1OC,-5.117833,-2.086578,3.031255,0.0107272812582272,2.701641953740856
6545,COc1cc2cc[nH]c2c(C=Cc2c(C=O)ccc3c2SCS3)c1OC,-5.385684,-1.789638,3.596046,0.7975697228134468,3.5083316433098144
6546,COc1c:C(c2c(OC)c(OC)cc3c2cc(C(=O)O)n3C):sc1-c1c(C=O)ncc2nonc12,-5.462212,-3.023862,2.43835,0.7909071183783647,3.4411148477186853
6548,COc1c:C(c2c(OC)c(OC)cc3cc(C(=O)O)[nH]c23):sc1-c1nccc2nonc12,-5.490321,-2.623385,2.866937,0.901334239555882,3.1986153349572213
6549,COc1c:C(c2c(OC)c(OC)cc3ccn(C)c23):sc1-c1nccc2nsnc12,-5.248888,-2.47653,2.772357,0.5867006152720626,3.203398898570033
6551,COc1c:C(c2c(OC)c(OC)cc3[nH]c(C(=O)O)cc23):sc1-c1nc(C)cc2nonc12,-5.377855,-2.474158,2.903697,0.922238772476706,3.210918464752959
6552,COc1c:C(c2c(OC)c(OC)cc3cc(C(=O)O)n(C)c23):sc1-c1cc(C#N)cc2nonc12,-5.769309,-2.872796,2.896513,0.5581781503198766,3.3258526813136617
6554,COc1c:C(c2c(OC)c(OC)cc3ccn(C)c23):sc1-c1cccc2nsnc12,-5.231034,-2.247666,2.983368,0.5588864973960086,3.045254891414398
6555,COc1c:C(c2c(OC)c(OC)cc3c2cc(C(=O)O)n3C):sc1-c1c(C#N)ccc2nonc12,-5.501663,-2.793667,2.707995,0.8086978857845503,3.237550954469077
6556,COc1c:C(c2c(OC)c(OC)cc3cc[nH]c23):sc1-c1nc(Br)cc2nsnc12,-5.298744,-2.735321,2.563424,0.8885727328607571,3.3993751060834487
6557,COc1c:C(c2c(OC)c(OC)cc3ccn(C)c23):sc1-c1nc(S)cc2nsnc12,-5.356283,-2.547875,2.808408,0.5265491261333916,3.557008074231769
6558,COc1c:C(c2c(OC)c(OC)cc3[nH]ccc23):sc1-c1scc2ncc(C#N)nc12,-4.929379,-2.616699,2.31268,0.905748461277471,3.319188059695743
6559,COc1c:C(c2c(OC)c(OC)cc3c2ccn3C):sc1-c1c(C#N)ccc2nsnc12,-5.150612,-2.606551,2.544061,0.7805166811635671,3.1835930188118287
6560,COc1c:C(c2c(OC)c(OC)cc3ccn(C)c23):sc1-c1nc(C(F)(F)F)cc2nsnc12,-5.41769,-2.811372,2.606318,0.6012572476907454,3.419390485135567
6561,COc1cc2cc(C#Cc3cc(C#N)cc4ccccc34)[nH]c2cc1OC,-5.079538,-2.033011,3.046527,1.0,2.6963389795895
6562,COc1cc2ccn(C)c2c(C=Cc2nccc3nsnc23)c1OC,-5.164649,-2.579874,2.584775,0.9584899859099942,3.152310851561259
6564,COc1cc2cc(N=Cc3scc4ncc(F)nc34)n(C)c2cc1OC,-4.746314,-2.633004,2.11331,0.9999997355568536,3.3873149364491075
6565,COc1cc2cc(C#Cc3nc(S(=O)(=O)O)cc4nonc34)[nH]c2cc1OC,-5.682771,-3.420469,2.262303,1.0,3.3589896284017087
6568,COc1c:C(c2c(OC)c(OC)cc3[nH]ccc23):sc1-c1c(F)ccc2nsnc12,-4.904367,-2.184214,2.720153,0.763293645887092,3.061118397675579
6569,COc1cc2c(cc(C(=O)O)n2C)c(C=Nc2c(C=O)ncc3nonc23)c1OC,-5.779406,-3.010981,2.768425,0.8339157143935136,3.4232372195513783
6570,COc1c:C(c2c(OC)c(OC)cc3[nH]c(C(=O)O)cc23):sc1-c1c(OC)ccc2nsnc12,-5.233417,-2.23242,3.000997,0.6963458707638837,3.0923873424230166
6572,COc1c:C(c2c(OC)c(OC)cc3cc[nH]c23):sc1-c1c(C#N)ccc2nccnc12,-5.237405,-2.495026,2.742378,0.7409221675572981,3.102421943064833
6573,COc1c:C(c2c(OC)c(OC)cc3cc(C(=O)O)[nH]c23):sc1-c1cc(C#N)cc2nccnc12,-5.321202,-2.482153,2.839049,0.9076871364269832,3.1833672096424745
6574,COc1cc2cc(N=Cc3c(F)ccc4nsnc34)[nH]c2cc1OC,-4.831653,-2.623245,2.208407,0.9999981910558856,3.0583223900227967
6575,COc1cc2[nH]ccc2c(C=Nc2c(C#N)ccc3nccnc23)c1OC,-5.310743,-2.31399,2.996753,0.8558687067258974,3.024162648228553
6576,COc1cc2cc(N=Cc3c(S)ccc4nonc34)n(C)c2cc1OC,-5.206319,-2.794591,2.411728,0.9767515682339912,3.27259206742624
6577,COc1c:C(c2c(OC)c(OC)cc3cc[nH]c23):sc1-c1cccc2nonc12,-5.093926,-2.297116,2.796811,0.9068092126701656,2.9886264599827648
6579,COc1cc2cc(-c3cc(OC):C(c4scc5ncc(C(F)(F)F)nc45):s3)[nH]c2cc1OC,-4.848109,-2.547896,2.300213,0.9758686044927968,3.201680251353455
6581,COc1c:C(c2c(OC)c(OC)cc3cc[nH]c23):sc1-c1scc2nccnc12,-4.786681,-2.190213,2.596468,0.9043066930751392,3.18373030613661
6583,COc1cc2cc(C=Nc3cc(S)cc4nccnc34)n(C)c2cc1OC,-5.337405,-2.04273,3.294675,0.8726673395624023,3.177956531268591
6584,COc1c:C(c2c(OC)c(OC)cc3[nH]ccc23):sc1-c1cc(O)cc2nsnc12,-4.88588,-2.026248,2.859631,0.8927539628623133,3.190903549732825
6585,COc1c:C(c2c(OC)c(OC)cc3cc(C(=O)O)[nH]c23):sc1-c1occ2nc(C#N)cnc12,-5.219333,-2.828272,2.391061,0.8964378456762928,3.477225323192247
6586,COc1c:C(c2c(OC)c(OC)cc3[nH]ccc23):sc1-c1cccc2nc(C#N)cnc12,-5.117444,-2.441967,2.675477,0.7516403314253115,3.051186658783897
6588,COc1cc2cc(-c3cc(OC)c(C4:c(Br)ccc5nsnc:45)s3)n(C)c2cc1OC,-4.979972,-2.459845,2.520127,0.6675718344539111,3.066286221084916
6589,COc1c:C(c2c(OC)c(OC)cc3cc(C(=O)O)n(C)c23):sc1-c1scc2nc(C)cnc12,-4.92055,-2.025741,2.894809,0.5200011280138144,3.3252278940424507
6590,COc1cc2cc(C=Nc3scc4ncc(F)nc34)n(C)c2cc1OC,-4.917355,-2.392485,2.52487,0.9999902626288129,3.2845147285489
6592,COc1cc2ccn(C)c2c(C=Cc2c(Br)ccc3nsnc23)c1OC,-5.129534,-2.4618,2.667734,0.8611289753027578,3.128139260773432
6593,COc1cc2cc(C(=O)O)n(C)c2c(C#Cc2nccc3nsnc23)c1OC,-5.5343,-2.828008,2.706292,1.0,3.222925753036568
6594,COc1c:C(c2c(OC)c(OC)cc3c2cc(C(=O)O)n3C):sc1-c1cc(NC(C)=O)cc2nsnc12,-5.058453,-2.156468,2.901985,0.8944681285327456,3.2217836511170823
6597,COc1c:C(c2c(OC)c(OC)cc3cc[nH]c23):sc1-c1scc2nc(C=O)cnc12,-4.974996,-2.666491,2.308505,0.9065474315850351,3.3846570311737025
6599,COc1cc2cc[nH]c2c(N=Cc2occ3nc(C#N)cnc23)c1OC,-5.290994,-3.115232,2.175761,0.9812670204884548,3.586521797155968
6600,COc1c:C(c2c(OC)c(OC)cc3cc(C(=O)O)n(C)c23):sc1-c1c(C)ccc2nonc12,-5.582706,-2.165101,3.417605,0.3239348630862863,3.198851861653786
6601,COc1c:C(c2c(OC)c(OC)cc3[nH]c(C(=O)O)cc23):sc1-c1nc(OC(C)=O)cc2nsnc12,-5.359976,-2.583102,2.776874,0.8571405125683687,3.4089205519613976
6602,COc1cc(-c2cc(C#N)cc3nonc23)s:C:1c1c(OC)c(OC)cc2[nH]ccc12,-5.199319,-2.957892,2.241427,0.8329237718423976,3.162010877327548
6603,COc1c:C(c2c(OC)c(OC)cc3cc(C(=O)O)[nH]c23):sc1-c1nc(NC(C)=O)cc2nonc12,-5.47755,-2.540218,2.937333,0.9046041180445294,3.3340800340634544
6605,COc1cc(-c2cc(OC):C(c3cc4cc(OC)c(OC)cc4n3C):s2)c2nonc2c1,-4.714642,-2.357085,2.357556,0.8609293679512894,2.9933057829707472
6606,COc1c:C(c2c(OC)c(OC)cc3cc[nH]c23):sc1-c1c(F)ccc2nonc12,-5.153393,-2.386908,2.766485,0.7843293611071422,3.1107793994644872
6608,COc1cc2c(ccn2C)c(N=Cc2cc(C=O)cc3nsnc23)c1OC,-5.097974,-2.915733,2.18224,0.8879332219548883,3.28298770009976
6611,COc1cc2c(cc(C(=O)O)n2C)c(C=Nc2nc(C#N)cc3nonc23)c1OC,-5.928598,-3.187198,2.741399,0.9386131348403248,3.438009747023905
6614,COc1c:C(c2c(OC)c(OC)cc3cc(C(=O)O)[nH]c23):sc1-c1scc2nc(F)cnc12,-5.041753,-2.384225,2.657528,0.9071699454527824,3.402967596266606
6616,COc1cc2cc(-c3cc(OC):C(c4c(OC)ccc5nsnc45):s3)[nH]c2cc1OC,-4.71851,-2.25923,2.459279,0.7821512128122242,2.9273854667830363
6617,COc1cc2cc(C(=O)O)[nH]c2c(C=Cc2nc(S)cc3nonc23)c1OC,-5.76547,-2.962063,2.803407,0.988093792429654,3.475391965305312
6619,COc1cc(-c2c(OC)c(OC)cc3[nH]ccc23)sc1C1:nc(C#N)cc2nsnc:12,-5.249038,-2.811234,2.437804,0.8726511785214397,3.390106815097644
6621,COc1cc2cc[nH]c2c(C=Cc2nc(Br)cc3nsnc23)c1OC,-5.419407,-2.890309,2.529098,0.989926343866491,3.3925762361766427
6622,COc1cc2c(cc(C(=O)O)n2C)c(C=Cc2nccc3nonc23)c1OC,-5.538593,-2.754766,2.783827,0.9905061080997106,3.101216308051173
6623,COc1cc2cc[nH]c2c(C=Nc2occ3ncc(C#N)nc23)c1OC,-5.458546,-3.015115,2.443431,0.999992102811835,3.530828874079046
6627,COc1cc(-c2scc3nc(C#N)cnc23)s:C:1c1c(OC)c(OC)cc2cc(C(=O)O)[nH]c12,-5.274107,-3.107467,2.166641,0.9076451979140808,3.4373541693460936
6628,COc1cc2cc(-c3cc(OC):C(c4cccc5cc(C=O)ccc45):s3)[nH]c2cc1OC,-4.992206,-1.827825,3.164381,0.7601048313287058,2.704585822663496
6629,COc1cc2cc(C#Cc3scc4ncc(S(=O)(=O)O)nc34)[nH]c2cc1OC,-5.706093,-3.292692,2.413402,1.0,3.4531697647210864
6630,COc1cc2cc(C=Nc3c(Br)ccc4nonc34)n(C)c2cc1OC,-5.218045,-2.632404,2.585641,0.9999963261361516,3.0523484083825787
6637,COc1cc2c(ccn2C)c(C=Nc2cccc3ncc(O)nc23)c1OC,-5.16561,-1.654759,3.510851,0.8315920954076199,3.0780844033964616
6638,COc1cc2ccn(C)c2c(C=Cc2c(C)ncc3nsnc23)c1OC,-5.072658,-2.694427,2.37823,0.9291693231373008,3.2449746038087746
6639,COc1cc2[nH]ccc2c(C=Nc2c(F)ncc3nonc23)c1OC,-5.429227,-2.771415,2.657812,0.9303563808556814,3.30069354386895
6640,COc1cc2cc[nH]c2c(C=Cc2scc3nc(F)cnc23)c1OC,-5.0605,-2.478458,2.582042,0.9816228460961376,3.3894993130997184
6645,COc1cc2ccn(C)c2c(C=Nc2c(Br)ncc3nsnc23)c1OC,-5.483414,-2.872276,2.611137,0.8074861785646048,3.4445743959085666
6646,COc1cc2cc(N=Cc3occ4ncc(C=O)nc34)n(C)c2cc1OC,-5.228357,-3.174418,2.053939,0.9999681229397114,3.496574513286573
6648,COc1cc2ccn(C)c2c(C=Nc2nccc3nsnc23)c1OC,-5.425612,-2.601758,2.823854,0.8898171613338852,3.224855082330488
6650,COc1cc2cc(C=NC3:cc(NC(C)=O)cc4nsnc:34)n(C)c2cc1OC,-5.258933,-2.388519,2.870415,0.9995883688945438,3.0628238333411133
6651,COc1cc2c(cc(C(=O)O)n2C)c(N=Cc2cc(C=O)cc3nonc23)c1OC,-5.556336,-3.202367,2.353969,0.8925910680563958,3.299948758012916
6652,COc1cc2[nH]c(C(=O)O)cc2c(C=Nc2cc(C=O)cc3nsnc23)c1OC,-5.687412,-2.848506,2.838906,0.9474748278708008,3.3064469102641896
6653,COc1cc(-c2c(OC)c(OC)cc3c2ccn3C)sc1C1:nc(C#N)cc2nonc:12,-5.417462,-2.848288,2.569174,0.9378671073865432,3.367705782970747
6654,COc1cc2cc[nH]c2c(C=Cc2cccc3ncc(Br)nc23)c1OC,-5.21314,-2.32855,2.88459,0.948923882269461,2.9192313356175053
6655,COc1cc2[nH]ccc2c(C=Cc2c(S)ncc3nonc23)c1OC,-5.22698,-2.80221,2.42477,0.9899616352674898,3.375055082330489
6659,COc1cc2cc(C#Cc3occ4ncc(F)nc34)[nH]c2cc1OC,-5.051269,-2.461945,2.589324,1.0,3.4080300823304883
6660,COc1cc2cc(C(=O)O)n(C)c2c(C#Cc2nc(Br)cc3nonc23)c1OC,-5.81537,-3.18167,2.633701,1.0,3.423900818957124
6662,COc1cc2[nH]c(C(=O)O)cc2c(C=Nc2nc(C)cc3nsnc23)c1OC,-5.655059,-2.564972,3.090088,0.9487463956782672,3.293963532978144
6663,COc1cc2[nH]c(C(=O)O)cc2c(N=Cc2c(F)ncc3nsnc23)c1OC,-5.514326,-3.162547,2.351778,0.8907422450100757,3.381469472608135
6666,COc1cc2cc[nH]c2c(C=Cc2c(OC)ccc3nccnc23)c1OC,-4.914477,-1.979673,2.934803,0.9477056921720148,2.865317086098376
6668,COc1cc2cc[nH]c2c(C=NC2:c(C=O)ncc3nsnc:23)c1OC,-5.460037,-3.188445,2.271592,0.979925587836611,3.501751951002122
6669,COc1cc2cc(C3:c(Br)ccc4nonc:34)n(C)c2cc1OC,-5.082384,-2.620003,2.462381,0.6426389370925267,2.7457997723158094
6671,COc1cc2[nH]c(C(=O)O)cc2c(C=Nc2nc(S)cc3nsnc23)c1OC,-5.729904,-2.725745,3.004159,0.9393737594332312,3.550678235996646
6673,COc1cc2cc[nH]c2c(C=Nc2cccc3nc(C=O)cnc23)c1OC,-5.459851,-2.558031,2.90182,0.8536963342080117,3.109245488465241
6674,COc1cc2cc(C=Nc3cc(C(F)(F)F)cc4nsnc34)n(C)c2cc1OC,-5.520889,-2.812558,2.708331,0.9981826140119514,3.1387042377605425
6676,COc1c:C(c2c(OC)c(OC)cc3c2ccn3C):sc1-c1cc(S)cc2nsnc12,-4.900809,-2.164231,2.736578,0.8982088958925455,3.38149548681918
6677,COc1cc2c(ccn2C)c(C=Cc2c(C(F)(F)F)ncc3nsnc23)c1OC,-5.180786,-2.803746,2.37704,0.9264835493255714,3.2908717591280627
6678,COc1cc2ccn(C)c2c(N=Cc2scc3nc(F)cnc23)c1OC,-5.050612,-2.651659,2.398952,0.9369120026754584,3.480774603808776
6680,COc1cc2[nH]ccc2c(C=Nc2c(C#N)ccc3nsnc23)c1OC,-5.527277,-2.798348,2.728929,0.94657040404726,3.175124874079046
6681,COc1cc2c(ccn2C)c(C=Cc2cccc3ncc(C=O)nc23)c1OC,-5.090724,-2.461083,2.629641,0.9808048784591028,2.908836006201124
6682,COc1cc2cc(N=Cc3c(F)ncc4nsnc34)n(C)c2cc1OC,-4.90515,-3.002199,1.902951,0.9994027611333184,3.341040716074887
6684,COc1cc2c(ccn2C)c(C=Nc2cccc3nsnc23)c1OC,-5.135448,-2.201673,2.933775,0.9381915354989776,2.9637570054074107
6685,COc1cc2c(ccn2C)c(N=Cc2c(S)ncc3nonc23)c1OC,-5.247507,-2.897782,2.349725,0.8875708555737708,3.498106620440792
6687,CNc1cc2nonc2c(-c2cc(OC):C(c3c(OC)c(OC)cc4cc[nH]c34):s2)n1,-5.104513,-2.483352,2.621161,0.8925227409585684,3.2943132109489834
6688,COc1cc2[nH]c(C(=O)O)cc2c(N=Cc2c(Br)ncc3nsnc23)c1OC,-5.435407,-3.165603,2.269803,0.8599305339857717,3.427081157126148
6689,COc1cc2cc(C3:c(C)ccc4nsnc:34)n(C)c2cc1OC,-5.038122,-2.331803,2.706319,0.555152327528844,2.675673075483232
6691,COc1cc2[nH]ccc2c(C=Nc2cccc3nc(C=O)cnc23)c1OC,-5.297643,-2.396813,2.90083,0.8441279878242622,3.0357845417196785
6692,COc1cc2cc(N=Cc3cc(C)cc4nsnc34)n(C)c2cc1OC,-5.004396,-2.553213,2.451183,0.9984027558027876,3.0986563085904795
6693,COc1cc2cc(C=Nc3occ4nc(F)cnc34)n(C)c2cc1OC,-4.936627,-2.378523,2.558104,0.9999998024633806,3.399761506095677
6694,COc1cc2c(ccn2C)c(N=Cc2c(O)ncc3nonc23)c1OC,-5.260437,-2.7798,2.480637,0.9256319560950652,3.389337597571769
6695,COc1cc2c(ccn2C)c(C=Cc2c(C=O)ccc3nccnc23)c1OC,-5.282523,-2.273897,3.008625,0.6053183792177937,2.970920429278048
6696,COc1cc2cc(C(=O)O)n(C)c2c(C=Cc2scc3nc(Br)cnc23)c1OC,-5.248024,-2.624026,2.623998,0.9320730095483508,3.4129230411793454
6697,COc1cc2cc(-c3cc(OC):C(c4c(S(=O)(=O)O)ccc5nsnc45):s3)[nH]c2cc1OC,-4.99393,-2.85712,2.13681,0.6949634157673319,3.08452392381003
6699,COc1cc(-c2scc3nc(Br)cnc23)s:C:1c1c(OC)c(OC)cc2[nH]ccc12,-4.897551,-2.531239,2.366312,0.8353030113314759,3.319452208051251
6700,COc1cc2cc(C(=O)O)[nH]c2c(C=Nc2cc(S)cc3nsnc23)c1OC,-5.688136,-2.641749,3.046387,0.9817233386930142,3.4965204950034607
6701,COc1cc2c:C(c3scc4ncc(F)nc34):n(C)c2cc1OC,-4.885648,-2.379713,2.505935,0.7556128029057481,3.0181719442615123
6703,COc1cc(-c2scc3nc(C)cnc23)s:C:1c1c(OC)c(OC)cc2c1cc(C(=O)O)n2C,-4.945303,-2.328436,2.616867,0.7977046614145455,3.267489432503988
6704,COc1cc2cc(C=Nc3c(C)ccc4nonc34)n(C)c2cc1OC,-5.09433,-2.401246,2.693084,0.9999999782129892,2.955322420856593
6705,COc1cc2c:C(c3occ4ncc(S(=O)(=O)O)nc34):n(C)c2cc1OC,-5.233457,-2.911354,2.322103,0.9863066274965376,3.21184350029956
6706,COc1cc2ccn(C)c2c(C=Cc2c(C(F)(F)F)ccc3nonc23)c1OC,-5.320304,-2.687122,2.633182,0.8416420028505968,3.1469828702391744
6707,CNc1cnc2c(N=Cc3cc4cc(OC)c(OC)cc4n3C)scc2n1,-4.650101,-2.068069,2.582032,0.9999781895548367,3.228958928870989
6708,COc1cc2cc(-c3cc(OC):C(c4scc5ncc(C(F)(F)F)nc45):s3)[nH]c2cc1OC,-5.037648,-2.654063,2.383585,0.8369047718208122,3.201680251353455
6713,COc1cc(-c2c(OC)c(OC)cc3c2ccn3C)s:C:1c1c(OC(C)=O)ccc2nonc12,-5.158358,-2.217034,2.941324,0.7442176779210745,3.134309457807632
6715,COc1cc2ccn(C)c2c(C=Nc2cccc3ncc(C=O)nc23)c1OC,-5.429652,-2.509234,2.920418,0.7352469154720616,3.114387352354969
6717,COc1cc2[nH]c(C(=O)O)cc2:C(c2c(NC(C)=O)ncc3nonc23):c1OC,-5.834863,-2.675206,3.159658,0.5617352146059744,3.0071196223759262
6725,COc1cc2c(ccn2C)c(C=Cc2scc3nc(O)cnc23)c1OC,-4.762126,-2.068364,2.693762,0.9859330795885,3.3592521505863218
6730,COc1cc(-c2c(OC)c(OC)cc3cc[nH]c23)s:C:1c1occ2ncc(Br)nc12,-4.909921,-2.352577,2.557344,0.9062057092837864,3.411067055994005
6731,COc1cc2cc(C#Cc3cc(S(=O)(=O)O)cc4ccccc34)[nH]c2cc1OC,-5.246461,-2.023817,3.222645,1.0,2.7107212066994624
6733,COc1cc2[nH]ccc2:C(c2cc(NC(C)=O)cc3nonc23):c1OC,-5.307167,-2.032574,3.274593,0.6278618524164341,2.7395450819792533
6744,COc1cc2[nH]ccc2c(C=Cc2nc(S(=O)(=O)O)cc3nonc23)c1OC,-5.705547,-3.227042,2.478505,0.9855334066510976,3.347020592374445
6745,COc1cc(-c2c(OC)c(OC)cc3cc(C(=O)O)[nH]c23)s:C:1c1cc(C#N)cc2nsnc12,-5.49939,-2.90367,2.59572,0.898774878973879,3.3168046501153245
6748,COc1cc2[nH]c(C(=O)O)cc2c(C=Nc2cc(C=O)cc3nonc23)c1OC,-5.77553,-3.017259,2.758271,0.9933475197902794,3.2629936269621256
6752,COc1cc2c(ccn2C):C(c2scc3nc(F)cnc23):c1OC,-5.306127,-2.103648,3.202478,0.5661820464101821,3.1230321252569864
6753,COc1cc(-c2c(OC)c(OC)cc3ccn(C)c23)s:C:1c1cc(O)cc2nonc12,-5.31878,-2.169493,3.149287,0.5790709777837365,3.2281005567492507
6757,COc1cc2ccn(C)c2c(C=Nc2scc3nccnc23)c1OC,-5.12457,-2.352092,2.772478,0.926290667552098,3.219735851561257
6758,COc1cc2[nH]ccc2c(C=Nc2c(S(=O)(=O)O)ccc3nonc23)c1OC,-5.831131,-2.967706,2.863425,0.8804516352742453,3.138862072413394
6761,COc1c:C(c2c(OC)c(OC)cc3[nH]c(C(=O)O)cc23):sc1-c1nc(C#N)cc2nonc12,-5.658901,-2.967998,2.690903,0.8947095488944374,3.390865707807632
6762,COc1c:C(c2c(OC)c(OC)cc3cc(C(=O)O)[nH]c23):sc1-c1nc(C)cc2nsnc12,-5.305732,-2.525289,2.780443,0.8657834799098943,3.3024832290209485
6763,COc1c:C(c2c(OC)c(OC)cc3ccn(C)c23):sc1-c1nc(C#N)cc2nsnc12,-5.386331,-2.960063,2.426268,0.6293522640754637,3.4673630948895973
6764,COc1c:C(c2c(OC)c(OC)cc3cc[nH]c23):sc1-c1nccc2nonc12,-5.297522,-2.528355,2.769168,0.9093739215013223,3.1554989874552906
6766,COc1c:C(c2c(OC)c(OC)cc3c2cc(C(=O)O)n3C):sc1-c1nccc2nonc12,-5.369553,-2.544388,2.825165,0.9272849161688628,3.175491665745516
6767,COc1cc2nsnc2c(-c2cc(OC):C(c3c(OC)c(OC)cc4cc(C(=O)O)n(C)c34):s2)n1,-5.428586,-2.747182,2.681404,0.6097320144893474,3.387533058079752
6768,COc1c:C(c2c(OC)c(OC)cc3c2ccn3C):sc1-c1cccc2nsnc12,-4.790601,-2.083858,2.706743,0.8946954556702956,2.9812357500906064
6769,COc1c:C(c2c(OC)c(OC)cc3c2cc(C(=O)O)n3C):sc1-c1scc2ncc(C#N)nc12,-5.273387,-2.760164,2.513223,0.8077501297480312,3.390792555724963
6770,COc1c:C(c2c(OC)c(OC)cc3[nH]ccc23):sc1-c1nc(S)cc2nsnc12,-5.163774,-2.445873,2.717901,0.8855358954555392,3.4811801150279944
6771,COc1c:C(c2c(OC)c(OC)cc3c2ccn3C):sc1-c1nc(C(F)(F)F)cc2nsnc12,-5.219205,-2.643518,2.575687,0.8699253225316821,3.361436315095082
6773,COc1cc2ccn(C)c2c(N=Cc2c(C#N)ncc3nsnc23)c1OC,-5.268624,-3.321722,1.946902,0.9078732913220278,3.468236651148711
6775,COc1cc2cc(-c3cc(OC)c(C4:c(C#N)ncc5nsnc:45)s3)n(C)c2cc1OC,-5.193331,-3.071039,2.122293,0.7932485713130557,3.2993559942978816
6776,COc1cc2cc(N=Cc3c(S)ccc4nccnc34)n(C)c2cc1OC,-5.163321,-2.430182,2.733139,0.9635828980050204,3.144333754045814
6777,COc1cc2cc(C(=O)O)[nH]c2c(C=Cc2nc(C(F)(F)F)cc3nsnc23)c1OC,-5.7384,-3.037577,2.700823,0.9836446049525936,3.378650036339428
6778,COc1cc2cc(N=Cc3scc4ncc(C=O)nc34)n(C)c2cc1OC,-5.059044,-3.117178,1.941865,0.9999993417212754,3.403048239560299
6779,COc1c:C(c2c(OC)c(OC)cc3cc(C(=O)O)[nH]c23):sc1-c1nc(NC(C)=O)cc2nsnc12,-5.345292,-2.478563,2.866729,0.8642062488686516,3.3693589373383963
6780,COc1c:C(c2c(OC)c(OC)cc3c2ccn3C):sc1-c1c(F)ccc2nsnc12,-4.962744,-2.203792,2.758952,0.7112167420357676,3.0839290532527475
6781,COc1c:C(c2c(OC)c(OC)cc3[nH]ccc23):sc1-c1cc(C)cc2nonc12,-4.931006,-2.026281,2.904725,0.8971857915642839,3.052915356530677
6784,COc1cc2cc(C#Cc3c(NC(C)=O)ncc4nsnc34)[nH]c2cc1OC,-5.050216,-2.798394,2.251821,1.0,3.1970817754318936
6785,COc1c:C(c2c(OC)c(OC)cc3ccn(C)c23):sc1-c1cncc2nsnc12,-5.29495,-2.584598,2.710352,0.5546802956292256,3.274490848480588
6787,COc1c:C(c2c(OC)c(OC)cc3cc[nH]c23):sc1-c1cc(C#N)cc2nccnc12,-5.189098,-2.493477,2.695621,0.9005671590370048,3.1255781303558026
6790,COc1c:C(c2c(OC)c(OC)cc3cc(C(=O)O)[nH]c23):sc1-c1cccc2nonc12,-5.26912,-2.379244,2.889876,0.9027035305352008,3.044579155751811
6791,COc1cc2cc(-c3cc(OC):C(c4scc5nc(C(F)(F)F)cnc45):s3)[nH]c2cc1OC,-4.855556,-2.53141,2.324146,0.9742382595545156,3.213180003214496
6792,COc1cc(-c2cc(OC):C(c3c(OC)c(OC)cc4cc(C(=O)O)n(C)c34):s2)c2nsnc2c1,-5.330745,-2.397616,2.933129,0.5894348826603527,3.246952210356046
6793,COc1cc2c(ccn2C)c(N=Cc2nc(C=O)cc3nsnc23)c1OC,-5.142179,-3.1284,2.013779,0.906321400483903,3.519537550249609
6795,COc1cc2cc(C=Nc3cc(O)cc4nonc34)n(C)c2cc1OC,-5.197389,-2.386685,2.810704,0.9999999964098016,3.123858179692351
6797,COc1cc2c(cc(C(=O)O)n2C)c(C=Nc2scc3ncc(C#N)nc23)c1OC,-5.532088,-2.975768,2.55632,0.9779407984625714,3.390822384386542
6798,COc1c:C(c2c(OC)c(OC)cc3cc[nH]c23):sc1-c1c(Br)ccc2nonc12,-5.228765,-2.507186,2.721579,0.6983580420279254,3.161319471020839
6799,COc1cc2cc(C=Nc3occ4ncc(NC(C)=O)nc34)n(C)c2cc1OC,-4.759186,-2.216558,2.542628,0.9999995351007668,3.272422520020287
6800,COc1cc2[nH]c(C(=O)O)cc2c(C=Cc2nc(Br)cc3nsnc23)c1OC,-5.600907,-2.932297,2.66861,0.9897648585693056,3.325453893250783
6803,COc1c:C(c2c(OC)c(OC)cc3[nH]ccc23):sc1-c1cc(NC(C)=O)cc2nsnc12,-4.943562,-2.092734,2.850828,0.9005875793801599,3.1233009471984463
6805,COc1cc2cc(C(=O)O)[nH]c2c(C=Nc2c(Br)ccc3nsnc23)c1OC,-5.688679,-2.705904,2.982775,0.9380169611237332,3.233382228206967
6814,COc1cc2cc(C(=O)O)[nH]c2c(C=Nc2c(C(F)(F)F)ncc3nsnc23)c1OC,-5.832112,-3.18871,2.643402,0.9507690956153502,3.452966852081825
6815,COc1cc2cc(-c3cc(OC):C(c4occ5nc(Br)cnc45):s3)[nH]c2cc1OC,-4.859303,-2.348705,2.510598,0.9708666669067022,3.2597141042945426
6818,COc1cc2cc(C3:nc(O)cc4nsnc:34)n(C)c2cc1OC,-5.112718,-2.519444,2.593274,0.975102827426456,3.0447402700533663
6819,COc1cc2ccn(C)c2c(C=Cc2nc(S)cc3nonc23)c1OC,-5.430872,-2.773208,2.657664,0.9621080955460672,3.4736251235592945
6820,COc1cc2[nH]ccc2c(C=Cc2c(C)ccc3nccnc23)c1OC,-4.974101,-1.819532,3.154569,0.8903163565498315,2.81682148946366
6823,COc1cc2cc(C3:nccc4nonc:34)n(C)c2cc1OC,-5.217989,-2.608832,2.609157,0.9983594793488296,2.716591521225581
6824,COc1cc2cc(N=Cc3c(NC(C)=O)ccc4nccnc34)n(C)c2cc1OC,-5.183187,-2.41607,2.767117,0.9586927392682896,2.992883263507421
6825,COc1cc2ccn(C)c2c(C=Nc2nc(C=O)cc3nonc23)c1OC,-5.825114,-3.140427,2.684687,0.9048775438074514,3.4758969908090505
6826,COc1cc(-c2scc3nc(C#N)cnc23)s:C:1c1c(OC)c(OC)cc2cc(C(=O)O)n(C)c12,-5.490112,-3.107645,2.382467,0.6208515526466479,3.48455503610173
6827,COc1cc2cc(N=Cc3c(C#N)ncc4nsnc34)n(C)c2cc1OC,-5.341393,-3.359901,1.981492,0.9998942939313796,3.3889988889109484
6828,COc1cc(-c2nncc3nonc23)s:C:1c1c(OC)c(OC)cc2ccn(C)c12,-5.323404,-3.156064,2.16734,0.6473213964084794,3.343510705367888
6829,COc1c:C(c2c(OC)c(OC)cc3c2ccn3C):sc1-c1cc(F)cc2nccnc12,-4.916955,-1.940552,2.976403,0.8923554126390517,3.0005438218549383
6831,COc1cc2c(ccn2C)c(C=Nc2c(C=O)ncc3nsnc23)c1OC,-5.476007,-2.853762,2.622245,0.880744007362507,3.4248891986012584
6837,COc1cc2c(ccn2C)c(C=Nc2cccc3ncc(F)nc23)c1OC,-5.150996,-1.899278,3.251718,0.8502262015922092,3.0153019858140446
6838,COc1cc2c(ccn2C)c(C=Nc2nc(Br)cc3nsnc23)c1OC,-5.567616,-2.777414,2.790202,0.9608035238779132,3.418148824182995
6839,COc1cc2cc(N=Cc3cc(C(F)(F)F)cc4nsnc34)n(C)c2cc1OC,-5.302886,-2.976736,2.326149,0.9994211642224832,3.17870594716225
6840,COc1cc2cc(-c3cc(OC)c(C4:c(F)ncc5nonc:45)s3)n(C)c2cc1OC,-5.114791,-2.880666,2.234125,0.7839854052856776,3.221838318987013
6843,COc1cc2ccn(C)c2c(N=Cc2occ3ncc(C=O)nc23)c1OC,-5.15149,-3.022487,2.129003,0.9646798420845012,3.575812275524336
6844,COc1cc2c(cc(C(=O)O)n2C)c(C#Cc2c(Br)ncc3nsnc23)c1OC,-5.540019,-3.041085,2.498935,1.0,3.378311075367379
6845,COc1cc2[nH]ccc2c(C=Nc2nncc3nsnc23)c1OC,-5.419973,-2.771678,2.648295,0.9221100941624636,3.3789875292647427
6846,COc1cc(-c2c(OC)c(OC)cc3[nH]ccc23)s:C:1c1occ2ncc(Br)nc12,-4.784512,-2.154456,2.630056,0.8909922070880605,3.3496384334537543
6849,CNc1cnc2csc(C#Cc3cc4cc(OC)c(OC)cc4[nH]3)c2n1,-4.624057,-2.020917,2.603141,1.0,3.284365489463662
6850,COc1cc2cc(C(=O)O)[nH]c2c(N=Cc2cc(C=O)cc3nonc23)c1OC,-5.715487,-3.240947,2.47454,0.95425864130321,3.314940343660062
6852,CNc1ccc2nsnc2c1C=Nc1cc2cc(OC)c(OC)cc2n1C,-4.555246,-2.248671,2.306575,0.9672464552580132,3.1769944933065526
6853,COc1cc2cc(C#Cc3c(C=O)ccc4ccccc34)n(C)c2cc1OC,-5.194099,-2.170521,3.023578,1.0,2.727987929278047
6857,COc1cc2cc[nH]c2c(C=Nc2nc(C)cc3nsnc23)c1OC,-5.46825,-2.653347,2.814904,0.99599873921673,3.358024313099718
6858,COc1cc2c(cc(C(=O)O)n2C)c(N=Cc2c(F)ncc3nsnc23)c1OC,-5.342023,-3.097276,2.244747,0.8811568184302945,3.407950391606696
6859,COc1cc2cc(C(=O)O)n(C)c2c(C=Cc2cccc3nc(C=O)cnc23)c1OC,-5.40386,-2.651718,2.752143,0.841833142585885,3.0613450829127427
6861,COc1cc(-c2scc3nc(C#N)cnc23)s:C:1c1c(OC)c(OC)cc2[nH]ccc12,-4.998853,-2.894593,2.104261,0.8358059093660117,3.3445716379152763
6862,COc1cc2ccn(C)c2c(C#Cc2nc(C=O)cc3nonc23)c1OC,-5.581362,-3.261865,2.319497,1.0,3.405391296503356
6863,COc1c:C(c2c(OC)c(OC)cc3ccn(C)c23):sc1-c1cc(F)cc2nccnc12,-5.22227,-2.009024,3.213246,0.5575173040340652,3.0610454279411616
6864,COc1cc2cc(-c3cc(OC):C(c4cccc5nc(OC(C)=O)cnc45):s3)[nH]c2cc1OC,-4.725232,-2.03724,2.687992,0.9732290713020206,2.9630764135966885
6869,COc1cc2[nH]c(C(=O)O)cc2c(C=Cc2cccc3nc(C=O)cnc23)c1OC,-5.415423,-2.596408,2.819016,0.9625412600964408,2.956992403778914
6872,COc1cc2[nH]ccc2c(N=Cc2c(Br)ncc3nonc23)c1OC,-5.217691,-3.124326,2.093365,0.8967959169822116,3.4094973900227963
6874,COc1cnc2csc(C=Cc3c(OC)c(OC)cc4c3ccn4C)c2n1,-4.726469,-1.932476,2.793993,0.9823772194775476,3.1797295582416183
6877,COc1cc2cc(C3:c(S(=O)(=O)O)ncc4nsnc:34)n(C)c2cc1OC,-5.50514,-3.46609,2.03905,0.6697916821230521,3.1311518079918663
6879,COc1cc2cc[nH]c2c(N=Cc2c(S)ncc3nonc23)c1OC,-5.45281,-3.063176,2.389634,0.9127823800813024,3.556307005407411
6881,COc1cc2[nH]ccc2c(C=Nc2c(C)ccc3nsnc23)c1OC,-5.192973,-2.068755,3.124219,0.8724094958832308,3.0375666207920275
6882,COc1cc2cc(C(=O)O)[nH]c2c(C=Nc2nc(S)cc3nsnc23)c1OC,-5.804546,-2.933694,2.870852,0.993254799292738,3.618743474555554
6883,CNc1ncc2nsnc2c1C1:sc(-c2cc3cc(OC)c(OC)cc3[nH]2)cc:1OC,-4.636855,-2.339693,2.297162,0.8038516300759986,3.205781836705251
6884,COc1cc2cc(C(=O)O)n(C)c2c(C=Cc2c(C)ccc3nsnc23)c1OC,-5.364203,-2.339007,3.025196,0.7618610824248402,3.117676887333192
6886,COc1cc2c(ccn2C)c(N=Cc2occ3nc(C#N)cnc23)c1OC,-5.078975,-3.007578,2.071397,0.9172331847934796,3.5320008869129467
6887,COc1cc2cc[nH]c2c(N=Cc2c(Br)ncc3nsnc23)c1OC,-5.296905,-3.117799,2.179106,0.977868837148361,3.480928159253565
6888,COc1cc2cc(C(=O)O)[nH]c2c(N=Cc2c(OC)ncc3nonc23)c1OC,-5.367172,-3.040476,2.326696,0.9887696837618084,3.3429652967557466
6891,COc1cc2cc(N=Cc3c(NC(C)=O)ccc4nonc34)n(C)c2cc1OC,-5.339109,-2.838247,2.500862,0.9651622166575304,3.0960714881253537
6894,COc1c:C(c2c(OC)c(OC)cc3c2ccn3C):sc1-c1cccc2ncc(F)nc12,-4.838378,-1.92241,2.915968,0.8942877566065224,3.024032072066267
6895,COc1cc2cc(-c3cc(OC):C(c4c(F)ccc5nccnc45):s3)[nH]c2cc1OC,-4.660652,-1.999993,2.660659,0.8097160445100777,2.840702320715621
6896,COc1cc2c(ccn2C)c(C=Cc2c(C)ccc3nonc23)c1OC,-5.080695,-2.201968,2.878727,0.9278682766410684,2.947766911501084
6897,COc1cc(-c2scc3nc(Br)cnc23)s:C:1c1c(OC)c(OC)cc2c1ccn2C,-4.964108,-2.579594,2.384514,0.7919650689388433,3.336391640665335
6898,COc1cc2[nH]c(C(=O)O)cc2c(C=Nc2cc(S)cc3nsnc23)c1OC,-5.580958,-2.459503,3.121455,0.954919439154862,3.4284552564445523
6900,COc1cc2[nH]c(C(=O)O)cc2c(C=Nc2c(C(F)(F)F)ccc3nonc23)c1OC,-5.768966,-2.809133,2.959833,0.9240432593858892,3.1921407340138472
6901,COc1cc2cc(-c3cc(OC):C(c4occ5nc(Br)cnc45):s3)[nH]c2cc1OC,-4.701916,-2.350263,2.351652,0.9785504319976116,3.2597141042945426
6902,COc1cc2cc(C(=O)O)[nH]c2c(N=Cc2cc(S(=O)(=O)O)cc3nsnc23)c1OC,-5.615226,-3.125431,2.489795,0.9431171011146418,3.3277847411694816
6909,COc1cc2[nH]ccc2c(C=NC2:c(S)ncc3nonc:23)c1OC,-5.527157,-2.81314,2.714016,0.9641696675910436,3.4483473900227954
6910,COc1cc2cc(-c3cc(OC):C(c4cc(C(F)(F)F)cc5nsnc45):s3)[nH]c2cc1OC,-4.99121,-2.592469,2.398741,0.9738795390895718,3.0966534523460103
6911,COc1cc2c(cc(C(=O)O)n2C)c(C=Cc2occ3ncc(C(F)(F)F)nc23)c1OC,-5.281898,-2.68982,2.592078,0.9962082907404805,3.367613140997336
6912,COc1cc2cc(C(=O)O)n(C)c2c(C=Cc2c(O)ncc3nonc23)c1OC,-5.326157,-2.816476,2.509681,0.9232457125636612,3.3799572292135336
6916,CNc1ncc2nsnc2c1N=Cc1c(OC)c(OC)cc2c1cc(C(=O)O)n2C,-4.966359,-2.480706,2.485652,0.985919412795482,3.365497109661268
6925,COc1cc2[nH]c(C(=O)O)cc2:C(c2occ3nc(C#N)cnc23):c1OC,-5.651789,-2.831401,2.820388,0.7627827275923817,3.20012717641292
6926,COc1cc2[nH]ccc2:C(c2cccc3ncc(C=O)nc23):c1OC,-5.474869,-2.400941,3.073927,0.4552280090754322,2.6931704669458725
6928,COc1cc2[nH]ccc2c(C=Cc2scc3ncc(O)nc23)c1OC,-4.797827,-2.051766,2.746061,0.979976071783766,3.36574354386895
6929,COc1cc2[nH]c(C(=O)O)cc2c(C=Nc2cncc3nonc23)c1OC,-5.748403,-2.921172,2.827231,0.99513696951441,3.217849638161697
6935,COc1cc2[nH]c(C(=O)O)cc2c(C=Cc2c(O)ccc3nonc23)c1OC,-5.528849,-2.282041,3.246808,0.8722567766464131,3.0263296478759054
6936,COc1cc2cc(-c3cc(OC):C(c4occ5nc(C(F)(F)F)cnc45):s3)n(C)c2cc1OC,-4.892802,-2.47978,2.413022,0.8872922299225909,3.323786436552571
6942,COc1cc(-c2c(OC)c(OC)cc3cc(C(=O)O)n(C)c23)s:C:1c1cc(C#N)cc2nsnc12,-5.64764,-2.79942,2.84822,0.5135823627976919,3.366465711140976
6948,COc1cc(N=Cc2c(OC)c(OC)cc3c2cc(C(=O)O)n3C)c2nsnc2c1,-5.404588,-2.307224,3.097363,0.9456310820147728,3.158371834935993
6955,COc1cc2[nH]ccc2c(C=Nc2occ3ncc(Br)nc23)c1OC,-5.123449,-2.404494,2.718955,0.997688180996186,3.436826236176642
6962,COc1cc2c(cc(C(=O)O)n2C)c(C=Nc2cccc3nc(Br)cnc23)c1OC,-5.694974,-2.260698,3.434276,0.8532323829994002,3.084637769001927
6963,CNc1cc(C=Cc2c(OC)c(OC)cc3[nH]ccc23)c2nsnc2c1,-4.960122,-1.903245,3.056877,0.947796410120305,3.113732874079046
6973,COc1cc(-c2c(OC)c(OC)cc3[nH]c(C(=O)O)cc23)s:C:1c1c(S)ncc2nsnc12,-5.258066,-2.620835,2.637231,0.7038555924607611,3.4618881918001048
6974,COc1cc2[nH]ccc2c(C=Nc2cccc3ccc(S(=O)(=O)O)cc23)c1OC,-5.284997,-1.610346,3.674651,0.7519313025820376,2.7470741147670026
6975,COc1cc2cc(C(=O)O)[nH]c2:C(c2c(C(F)(F)F)ncc3nonc23):c1OC,-5.804452,-3.242887,2.561565,0.4393618280510726,3.177921844598149
6979,COc1c:C(c2c(OC)c(OC)cc3cc[nH]c23):sc1-c1c(C#N)ncc2nsnc12,-5.351559,-3.089726,2.261834,0.7798104376894672,3.405824533334463
6980,COc1c:C(c2c(OC)c(OC)cc3cc(C(=O)O)n(C)c23):sc1-c1cc(C#N)cc2nsnc12,-5.645619,-2.799565,2.846054,0.5045665982319238,3.366465711140976
6982,COc1c:C(c2c(OC)c(OC)cc3cc(C(=O)O)n(C)c23):sc1-c1nccc2nsnc12,-5.549546,-2.505439,3.044107,0.4688241209951255,3.273890176911768
6983,COc1cc2cc(-c3cc(OC):C(c4cccc5ncc(C)nc45):s3)[nH]c2cc1OC,-4.738181,-1.890475,2.847706,0.9607821096858636,2.7673208168262526
6984,COc1c:C(c2c(OC)c(OC)cc3[nH]c(C(=O)O)cc23):sc1-c1scc2ncc(C#N)nc12,-5.127172,-2.731953,2.395219,0.8918514142856904,3.3622344578076326
6985,COc1c:C(c2c(OC)c(OC)cc3cc(C(=O)O)n(C)c23):sc1-c1nc(S)cc2nsnc12,-5.585178,-2.578099,3.007078,0.4770333901865339,3.60486773209913
6987,COc1cc2cc(C(=O)O)n(C)c2c(N=Cc2c(C#N)ncc3nsnc23)c1OC,-5.5036,-3.428018,2.075583,0.8817076496205611,3.504471285485443
6988,COc1cc2cc(N=Cc3c(C#N)ccc4nsnc34)n(C)c2cc1OC,-5.230986,-3.114546,2.11644,0.9999175418465578,3.1931585292705886
6989,COc1cc2cc(N=Cc3scc4ncc(S(=O)(=O)O)nc34)n(C)c2cc1OC,-5.306153,-3.346806,1.959347,0.9857185075173216,3.4978717591280635
6990,COc1cc2cc(N=Cc3occ4nc(NC(C)=O)cnc34)n(C)c2cc1OC,-4.624235,-2.40444,2.219796,0.9999981695428046,3.354851037843927
6994,COc1c:C(c2c(OC)c(OC)cc3[nH]ccc23):sc1-c1nc(O)cc2nsnc12,-5.128388,-2.344586,2.783802,0.8832035252183821,3.355173674956437
6995,COc1c:C(c2c(OC)c(OC)cc3c2cc(C(=O)O)n3C):sc1-c1c(F)ccc2nccnc12,-5.050615,-1.930504,3.120111,0.7362644385399414,3.0477300753481984
6996,COc1c:C(c2c(OC)c(OC)cc3ccn(C)c23):sc1-c1nc(S)cc2nonc12,-5.462688,-2.581769,2.880919,0.5863917959840251,3.516517514791209
6997,COc1cc2cc(C=Nc3c(C=O)ncc4nonc34)n(C)c2cc1OC,-5.468553,-2.938869,2.529684,0.8753914943769081,3.3307946931067534
6999,COc1c:C(c2c(OC)c(OC)cc3cc(C(=O)O)n(C)c23):sc1-c1c(C#N)ccc2nccnc12,-5.436194,-2.432268,3.003926,0.5217941308304772,3.2148783585112835
7001,COc1cc(-c2cc(OC):C(c3c(OC)c(OC)cc4ccn(C)c34):s2)c2nsnc2c1,-5.102113,-2.356187,2.745926,0.6284561983937063,3.166948724644458
7003,COc1c:C(c2c(OC)c(OC)cc3[nH]ccc23):sc1-c1nc(C(F)(F)F)cc2nonc12,-5.408107,-2.692857,2.71525,0.9017093771850028,3.302983477159908
7004,COc1cc2cc(-c3cc(OC):C(c4occ5nc(C(F)(F)F)cnc45):s3)[nH]c2cc1OC,-4.856849,-2.48894,2.367909,0.9701279894234636,3.269868836961395
7006,COc1cc2cc(N=Cc3cccc4ncc(Br)nc34)n(C)c2cc1OC,-4.826682,-2.443174,2.383508,0.999999926327492,2.9573153724274306
7008,COc1c:C(c2c(OC)c(OC)cc3c2cc(C(=O)O)n3C):sc1-c1scc2nc(C)cnc12,-4.726865,-2.034801,2.692064,0.8985105591533227,3.252284898091033
7010,COc1cc2cc(C#Cc3occ4nc(Br)cnc34)[nH]c2cc1OC,-5.159064,-2.607783,2.55128,1.0,3.4097800823304887
7011,COc1cc2cc(N=Cc3cccc4nc(F)cnc34)n(C)c2cc1OC,-4.814638,-2.354841,2.459796,0.9999967994141394,2.9887011866132465
7012,COc1cc2cc(C=Nc3cccc4ncc(F)nc34)n(C)c2cc1OC,-5.30267,-2.062765,3.239905,0.869835062652089,2.957700187612246
7014,COc1c:C(c2c(OC)c(OC)cc3c2cc(C(=O)O)n3C):sc1-c1c(C)ccc2nonc12,-5.307232,-2.155253,3.151979,0.7050400067345076,3.1259088657023693
7016,COc1c:C(c2c(OC)c(OC)cc3cc(C(=O)O)[nH]c23):sc1-c1nc(OC(C)=O)cc2nsnc12,-5.406565,-2.64592,2.760645,0.8621714150192868,3.457953758358962
7017,COc1cc2cc(C=Nc3c(S(=O)(=O)O)ncc4nonc34)n(C)c2cc1OC,-5.593834,-3.448363,2.145472,0.9999999520621884,3.3473008189571214
7018,COc1c:C(c2c(OC)c(OC)cc3[nH]c(C(=O)O)cc23):sc1-c1nc(NC(C)=O)cc2nonc12,-5.399533,-2.45812,2.941413,0.8937806231654231,3.285046827665892
7019,COc1cc2cc(-c3cc(OC):C(c4c(NC(C)=O)ccc5nccnc45):s3)[nH]c2cc1OC,-5.030699,-1.881228,3.149471,0.6890422097118054,2.890626770456324
7020,COc1cc2cc(C=Nc3scc4nc(S)cnc34)n(C)c2cc1OC,-5.064633,-2.44857,2.616063,0.9999890155001157,3.4816371817713527
7021,COc1cc2cc(C(=O)O)[nH]c2c(N=Cc2cc(C=O)cc3nsnc23)c1OC,-5.60414,-3.146018,2.458122,0.94168937813974,3.343644096005278
7022,COc1c:C(c2c(OC)c(OC)cc3ccn(C)c23):sc1-c1c(F)ccc2nonc12,-5.409818,-2.403566,3.006252,0.3627326908267974,3.1349930392667336
7023,COc1cc2c(cc(C(=O)O)n2C)c(C=Nc2c(C(F)(F)F)ncc3nsnc23)c1OC,-5.675408,-2.996488,2.67892,0.902133195981265,3.416007022116217
7024,COc1cc2cc(-c3cc(OC):C(c4c(OC(C)=O)ncc5nsnc45):s3)[nH]c2cc1OC,-4.814377,-2.714055,2.100323,0.8048771177010203,3.242479506936582
7026,COc1cc2[nH]ccc2c(C=Cc2cc(O)cc3nccnc23)c1OC,-5.04922,-1.858139,3.191082,0.9747200250937068,2.896765489463661
7028,COc1cc2cc(N=Cc3c(S)ncc4nonc34)n(C)c2cc1OC,-5.223872,-3.104952,2.11892,0.9809996592077236,3.463075851210024
7031,COc1cc2cc(-c3cc(OC):C(c4occ5nc(C)cnc45):s3)[nH]c2cc1OC,-4.639569,-1.993301,2.646268,0.9584574150427656,3.1293332456183336
7033,COc1cc2[nH]c(C(=O)O)cc2c(C=Nc2c(Br)ccc3nonc23)c1OC,-5.703508,-2.682684,3.020825,0.9409113100893678,3.137197028596451
7034,COc1cc2c:C(c3cc(S(=O)(=O)O)cc4nonc34):n(C)c2cc1OC,-5.292554,-2.968308,2.324246,0.7377683377614972,2.7978970387611
7035,COc1cc2[nH]ccc2c(C=Cc2nc(O)cc3nonc23)c1OC,-5.382585,-2.607788,2.774797,0.9919350125570408,3.252318543868949
7036,COc1cc2cc(C(=O)O)[nH]c2c(C=Nc2c(C=O)ncc3nsnc23)c1OC,-5.743461,-3.230285,2.513176,0.9216781932103728,3.4999401560428023
7038,COc1cc2ccn(C)c2c(N=Cc2scc3ncc(Br)nc23)c1OC,-5.06223,-2.740463,2.321767,0.936381178225186,3.454824291958463
7039,COc1cc2cc(-c3cc(OC)c(C4:cncc5nsnc:45)s3)n(C)c2cc1OC,-4.969524,-2.620165,2.34936,0.920306273736506,3.141878505010105
7040,COc1cc2cc[nH]c2c(C=Cc2nc(OC(C)=O)cc3nonc23)c1OC,-5.461844,-2.783442,2.678402,0.9706600064422244,3.328763890816509
7043,COc1cc(N=Cc2cc3cc(OC)c(OC)cc3n2C)c2nccnc2c1,-5.237121,-1.893367,3.343755,0.8736612978646693,2.878030044662664
7046,COc1cc2cc[nH]c2c(C=Nc2c(F)ncc3nonc23)c1OC,-5.587743,-3.048031,2.539712,0.9913778534766796,3.380276236176643
7049,COc1cc2cc(C=Nc3cccc4ncc(Br)nc34)n(C)c2cc1OC,-5.123292,-2.126045,2.997247,0.8743457581487579,2.9433415462536043
7052,COc1cc(-c2c(OC)c(OC)cc3[nH]ccc23)s:C:1c1occ2ncc(S(=O)(=O)O)nc12,-5.268352,-2.825687,2.442665,0.896936089358861,3.484339804703331
7053,COc1cc2cc[nH]c2c(C=Nc2c(Br)ncc3nsnc23)c1OC,-5.520413,-3.04709,2.473323,0.9664893635547824,3.452551236176641
7055,COc1cc2c(cc(C(=O)O)n2C)c(C=Nc2nccc3nsnc23)c1OC,-5.607444,-2.598147,3.009297,0.9370600134438756,3.195452530057016
7057,COc1cc2ccn(C)c2c(C=Cc2cccc3ncc(Br)nc23)c1OC,-5.107357,-2.305694,2.801663,0.8354418815073794,2.9276144733265337
7058,COc1cc2ccn(C)c2c(C=Cc2c(F)ccc3nonc23)c1OC,-5.168415,-2.458781,2.709634,0.9498440102321696,3.0301515268856978
7059,COc1cc2[nH]c(C(=O)O)cc2c(C#Cc2c(S)ncc3nsnc23)c1OC,-5.44136,-2.816908,2.624452,1.0,3.4767643119460123
7060,COc1cc2cc(N=Cc3c(C(F)(F)F)ncc4nonc34)n(C)c2cc1OC,-5.219948,-3.247843,1.972105,0.993897703826429,3.3378820155383195
7066,COc1cc2c(ccn2C)c(C=Nc2nc(C)cc3nsnc23)c1OC,-5.236913,-2.368596,2.868318,0.9473401551447004,3.279644250378422
7067,COc1cc2cc(C(=O)O)[nH]c2c(C=Nc2c(C(F)(F)F)ccc3nsnc23)c1OC,-5.757157,-2.810805,2.946352,0.909602784333199,3.280496905749088
7069,COc1cc2cc[nH]c2c(C#Cc2nc(C#N)cc3nonc23)c1OC,-5.787626,-3.369942,2.417685,1.0,3.4245716433098146
7070,COc1cc(-c2scc3nc(C#N)cnc23)s:C:1c1c(OC)c(OC)cc2[nH]c(C(=O)O)cc12,-5.252806,-3.034021,2.218785,0.846859392717313,3.385767150115324
7072,CNc1cc(C=Nc2c(OC)c(OC)cc3cc[nH]c23)c2nsnc2c1,-5.113942,-2.239197,2.874745,0.9477270731335754,3.30344548946366
7074,COc1cc2cc[nH]c2c(C2:c(C=O)ncc3nsnc:23)c1OC,-5.163854,-3.13191,2.031944,0.2984414096202503,3.2655297939565733
7075,COc1cc2cc(C#Cc3scc4ncc(S(=O)(=O)O)nc34)n(C)c2cc1OC,-5.484135,-3.274023,2.210111,1.0,3.4424512463075505
7079,COc1cc2cc(C(=O)O)[nH]c2c(C#CC2:c(C#N)ccc3nsnc:23)c1OC,-5.727599,-3.107742,2.619856,1.0,3.22404709788145
7082,COc1cc2ccn(C)c2c(C=Cc2cccc3ncc(C=O)nc23)c1OC,-5.200863,-2.679257,2.521606,0.8476263121829843,2.9763221600472782
7083,COc1cc2cc(N=Cc3scc4nc(F)cnc34)n(C)c2cc1OC,-4.937176,-2.747699,2.189477,0.999999225462368,3.3983244998586706
7084,COc1cc2cc(C=Nc3scc4ncc(C(F)(F)F)nc34)n(C)c2cc1OC,-5.229122,-2.737587,2.491535,0.9991760963739486,3.2551879984443026
7085,COc1cc2cc(N=Cc3c(O)ccc4nonc34)n(C)c2cc1OC,-4.949748,-2.568264,2.381485,0.9839893042167168,3.08335630859048
7086,COc1cc2[nH]c(C(=O)O)cc2c(C=Nc2cccc3nsnc23)c1OC,-5.527328,-2.400855,3.126473,0.9431861101831808,2.9949409468530064
7087,COc1cc2cc(-c3cc(OC):C(c4scc5nc(NC(C)=O)cnc45):s3)[nH]c2cc1OC,-4.493223,-2.120069,2.373154,0.9771885977041728,3.1329696869693144
7088,COc1cc2c(ccn2C)c(C=Nc2c(C(F)(F)F)ncc3nonc23)c1OC,-5.444405,-2.972588,2.471816,0.9349183362283222,3.336261502717808
7089,COc1cc2[nH]ccc2c(C=Cc2c(C)ccc3nsnc23)c1OC,-5.031503,-2.161949,2.869554,0.9148492243331288,2.968199313099719
7091,CNc1cc2nonc2c(-c2cc(OC):C(c3c(OC)c(OC)cc4cc(C(=O)O)[nH]c34):s2)n1,-5.291994,-2.57074,2.721255,0.9023138994144267,3.335730611653786
7092,COc1cc2cc(N=Cc3cc(OC(C)=O)cc4nsnc34)n(C)c2cc1OC,-5.045043,-2.6741,2.370943,0.9965157851379624,3.1588570415962725
7095,COc1cc2cc[nH]c2c(C=Nc2occ3nc(NC(C)=O)cnc23)c1OC,-5.056533,-2.277475,2.779057,0.9995826337042806,3.388011583124201
7096,COc1cc2[nH]ccc2c(N=Cc2c(C)ncc3nonc23)c1OC,-5.179065,-2.840568,2.338497,0.8753563217089586,3.2776454669458737
7098,COc1cc(-c2scc3nc(Br)cnc23)s:C:1c1c(OC)c(OC)cc2cc(C(=O)O)[nH]c12,-5.169381,-2.752048,2.417333,0.90842150864059,3.411093650857177
7099,COc1cc2c:C(c3cccc4cc(S(=O)(=O)O)ccc34):n(C)c2cc1OC,-5.457495,-1.866175,3.59132,0.4685438878644891,2.3579211541301195
7104,COc1cc2cc(-c3cc(OC)c(C4:c(C(F)(F)F)ncc5nonc:45)s3)n(C)c2cc1OC,-5.002157,-2.944436,2.05772,0.7755524088078427,3.2812146146902244
7105,COc1cc2c:C(c3c(OC(C)=O)ccc4nsnc34):n(C)c2cc1OC,-5.267876,-2.538428,2.729448,0.5059131085530088,2.76234640718215
7106,COc1cc2cc(C=Nc3cc(C)cc4nonc34)n(C)c2cc1OC,-5.114914,-2.340398,2.774516,0.9999998956383332,3.0011831277172982
7107,COc1cc2cc(C(=O)O)[nH]c2c(C=Cc2c(C(F)(F)F)ccc3nonc23)c1OC,-5.708034,-2.939326,2.768708,0.889552954870312,3.179241270686477
7108,COc1cc(-c2nc(C=O)cc3nonc23)s:C:1c1c(OC)c(OC)cc2cc[nH]c12,-5.323096,-3.213815,2.109281,0.8992990279442652,3.377541041545353
7110,COc1cc2[nH]ccc2c(C=Cc2c(OC)ccc3nsnc23)c1OC,-4.945958,-2.16164,2.784318,0.9742155927096332,2.9335261048482764
7115,COc1cc2c(cc(C(=O)O)n2C):C(c2scc3ncc(O)nc23):c1OC,-5.422592,-2.030487,3.392105,0.624102443709213,3.208828731068792
7119,COc1cc2c(cc(C(=O)O)n2C):C(c2cccc3nc(C(F)(F)F)cnc23):c1OC,-5.679771,-2.333553,3.346218,0.4933666392846896,2.8087444275842977
7124,COc1cnc2c(C3:c(OC)c(OC)cc4cc[nH]c:34)scc2n1,-4.977498,-2.116663,2.860835,0.928554545023887,3.056595345796038
7128,COc1cc2cc(C=Nc3c(S)ncc4nonc34)n(C)c2cc1OC,-5.172615,-2.84994,2.322675,0.9999999885087676,3.385020965555137
7129,COc1cc2cc(C(=O)O)[nH]c2:C(c2scc3ncc(S)nc23):c1OC,-5.334673,-2.401504,2.93317,0.9877318424504206,3.375242766597487
7134,COc1cc(-c2c(OC)c(OC)cc3[nH]ccc23)s:C:1c1cc(O)cc2nonc12,-5.017888,-2.066676,2.951212,0.8973805437827305,3.144623585511
7138,COc1cc2[nH]ccc2c(C=Nc2c(F)ccc3nonc23)c1OC,-5.246004,-2.470399,2.775605,0.9966716517284824,3.053672390022797
7141,COc1cc2c(ccn2C):C(c2occ3ncc(C(F)(F)F)nc23):c1OC,-5.248063,-2.390281,2.857782,0.8054467961206345,3.135385038761098
7143,COc1cc2c(ccn2C)c(C=Cc2cccc3nc(Br)cnc23)c1OC,-5.050283,-2.141344,2.90894,0.959287375071254,2.879940547252607
7145,COc1cc2cc[nH]c2c(C=Nc2cc(C(F)(F)F)cc3nonc23)c1OC,-5.611524,-2.850009,2.761516,0.9893413664546168,3.211906668323812
7152,COc1cc2ccn(C)c2c(C=Nc2scc3ncc(NC(C)=O)nc23)c1OC,-5.093561,-2.302902,2.790659,0.9365782889266536,3.298284433716348
7159,COc1cc2[nH]ccc2:C(c2c(NC(C)=O)ccc3nsnc23):c1OC,-5.34506,-2.02242,3.322641,0.3881986669388798,2.7417679510021227
7160,COc1cc2cc(C(=O)O)[nH]c2c(C=Cc2scc3nc(C=O)cnc23)c1OC,-5.329766,-2.930722,2.399043,0.983351991531114,3.398316141033421
7162,COc1cc2[nH]ccc2c(C=Nc2c(C)ccc3nonc23)c1OC,-5.278607,-2.167804,3.110803,0.9187292364852266,3.0067127746381805
7166,COc1cc2c(ccn2C)c(C#Cc2cc(C)cc3nonc23)c1OC,-5.137671,-2.272917,2.864754,1.0,3.0446450819792537
7168,COc1cc2cc(C(=O)O)n(C)c2:C(c2c(C)ccc3nonc23):c1OC,-5.63534,-2.26631,3.36903,0.125319127001492,2.9127407310687907
7171,COc1cc2ccn(C)c2c(C=Cc2c(S)ccc3nsnc23)c1OC,-5.20824,-2.369959,2.838281,0.6375428786550419,3.286140716074888
7172,COc1cc(-c2c(OC)c(OC)cc3c2ccn3C)s:C:1c1cccc2nc(C(F)(F)F)cnc12,-4.949983,-2.200739,2.749244,0.8900946480639156,3.075566496070332
7173,COc1cc2ccn(C)c2:C(c2cccc3ccc(C#N)cc23):c1OC,-5.332814,-1.755775,3.577039,0.1247276759834788,2.500349032083204
7175,COc1cc(-c2c(OC)c(OC)cc3c2ccn3C)s:C:1c1c(NC(C)=O)ncc2nsnc12,-5.140993,-2.457021,2.683972,0.67074987076625,3.297319073192247
7176,CNc1cc2nonc2c(C2:sc(-c3c(OC)c(OC)cc4c3cc(C(=O)O)n4C)cc:2OC)n1,-5.179091,-2.283624,2.895467,0.9167231985140716,3.334376543166094
7177,COc1cc2c(cc(C(=O)O)n2C)c(C=Nc2nncc3nonc23)c1OC,-5.831107,-2.995806,2.835301,0.917616728213306,3.3655288689080383
7179,COc1cc(-c2c(OC)c(OC)cc3[nH]c(C(=O)O)cc23)s:C:1c1c(O)ncc2nsnc12,-5.080917,-2.560842,2.520075,0.7292522313378595,3.3753407972591623
7183,COc1cc(-c2c(OC)c(OC)cc3[nH]ccc23)s:C:1c1c(C(F)(F)F)ccc2nccnc12,-5.029518,-2.172898,2.85662,0.5151880743450236,3.060970996269172
7184,COc1cc2c(ccn2C)c(C=Cc2occ3ncc(F)nc23)c1OC,-4.832272,-2.196717,2.635555,0.9915991937735568,3.3536800092141785
7185,COc1cc2cc(-c3cc(OC):C(c4cccc5ncc(S)nc45):s3)n(C)c2cc1OC,-4.716672,-1.979732,2.73694,0.8435285765413492,3.110552274940315
7189,COc1c:C(c2c(OC)c(OC)cc3[nH]c(C(=O)O)cc23):sc1-c1nc(C#N)cc2nsnc12,-5.505286,-2.935802,2.569485,0.8985140977524984,3.427982053961477
7191,COc1cc2cc(C(=O)O)[nH]c2c(C=Cc2c(C=O)ncc3nsnc23)c1OC,-5.668162,-3.230491,2.43767,0.9594510906292272,3.4355859346544344
7192,COc1c:C(c2c(OC)c(OC)cc3cc(C(=O)O)n(C)c23):sc1-c1c(C=O)ncc2nsnc12,-5.575181,-2.991719,2.583462,0.4220434157625895,3.528156291988699
7194,COc1c:C(c2c(OC)c(OC)cc3ccn(C)c23):sc1-c1c(C#N)ccc2nonc12,-5.401551,-2.80836,2.593191,0.4746941301824969,3.232973576715464
7195,COc1c:C(c2c(OC)c(OC)cc3[nH]c(C(=O)O)cc23):sc1-c1cc(Br)cc2nonc12,-5.345392,-2.488369,2.857023,0.8928552728244779,3.165044519343529
7198,COc1c:C(c2c(OC)c(OC)cc3c2ccn3C):sc1-c1cc(C)cc2nsnc12,-4.772231,-1.995441,2.77679,0.8956915163550183,3.121140591714286
7199,COc1cc2cc(N=Cc3occ4nc(C(F)(F)F)cnc34)n(C)c2cc1OC,-5.040566,-2.895504,2.145063,0.999575289368703,3.451215348871653
7200,COc1cc2cc(C(=O)O)[nH]c2c(C=Nc2c(C#N)ccc3nsnc23)c1OC,-5.790788,-3.026695,2.764094,0.9525922850129476,3.271073364297961
7204,COc1c:C(c2c(OC)c(OC)cc3[nH]c(C(=O)O)cc23):sc1-c1c(F)ccc2nsnc12,-5.163512,-2.287667,2.875845,0.7552491573920618,3.1189532042070542
7205,COc1c:C(c2c(OC)c(OC)cc3cc(C(=O)O)[nH]c23):sc1-c1cc(C)cc2nonc12,-5.246741,-2.278433,2.968308,0.9016423281642468,3.164618712891917
7207,COc1cc2cc(C(=O)O)[nH]c2c(C=Nc2c(C=O)ncc3nonc23)c1OC,-5.871082,-3.391855,2.479227,0.9706513364741386,3.465672613828918
7212,COc1cc2cc(-c3cc(OC):C(c4scc5nc(C=O)cnc45):s3)[nH]c2cc1OC,-4.700245,-2.641623,2.058622,0.975587601684981,3.224567489254947
7214,COc1c:C(c2c(OC)c(OC)cc3ccn(C)c23):sc1-c1scc2nccnc12,-4.919412,-2.125889,2.793523,0.5766000543995832,3.2051425479439155
7215,COc1c:C(c2c(OC)c(OC)cc3c2ccn3C):sc1-c1scc2nc(Br)cnc12,-4.805161,-2.249138,2.556023,0.8932067104213184,3.319977654651349
7219,COc1c:C(c2c(OC)c(OC)cc3cc[nH]c23):sc1-c1scc2nc(C)cnc12,-4.733925,-2.065687,2.668238,0.9060223133894332,3.23370426529633
7220,COc1cc2cc(C#Cc3scc4nc(S(=O)(=O)O)cnc34)[nH]c2cc1OC,-5.381278,-3.204794,2.176484,1.0,3.4323444482653898
7222,COc1cc2c(ccn2C)c(C=Nc2c(Br)ccc3nsnc23)c1OC,-5.221763,-2.343284,2.878479,0.8744694475375594,3.142305373039544
7223,COc1c:C(c2c(OC)c(OC)cc3c2cc(C(=O)O)n3C):sc1-c1scc2nc(C=O)cnc12,-5.015617,-2.644429,2.371188,0.8992032926213432,3.3963423202461565
7224,COc1cc2cc(C(=O)O)[nH]c2c(N=Cc2nncc3nsnc23)c1OC,-5.648004,-3.309252,2.338752,0.9852843730608678,3.4927263614384207
7226,COc1c:C(c2c(OC)c(OC)cc3[nH]ccc23):sc1-c1nc(NC(C)=O)cc2nonc12,-5.233974,-2.344782,2.889192,0.89115900730188,3.227521241797465
7228,COc1cc2cc(C=Nc3scc4ncc(O)nc34)n(C)c2cc1OC,-5.091344,-2.320613,2.770731,0.9999399426501212,3.3498423792765504
7229,COc1c:C(c2c(OC)c(OC)cc3cc(C(=O)O)[nH]c23):sc1-c1c(F)ccc2nonc12,-5.355282,-2.449782,2.9055,0.7766001592449241,3.161322434976284
7231,COc1cc2cc(C#Cc3c(OC(C)=O)ncc4nonc34)[nH]c2cc1OC,-5.176509,-3.030115,2.146393,1.0,3.2432535062011247
7232,COc1c:C(c2c(OC)c(OC)cc3cc(C(=O)O)n(C)c23):sc1-c1scc2nc(F)cnc12,-5.114268,-2.272384,2.841884,0.5746685189539429,3.450506436552571
7234,COc1cc2ccn(C)c2c(C=Cc2c(Br)ccc3nccnc23)c1OC,-5.052019,-2.112898,2.939121,0.8270551775818882,2.9766586291706894
7235,COc1cc2[nH]c(C(=O)O)cc2c(C=Cc2nc(S)cc3nonc23)c1OC,-5.698493,-2.877328,2.821165,0.991018586149137,3.407326726746402
7236,COc1cc2[nH]ccc2c(C=Cc2c(C)ccc3nonc23)c1OC,-5.143122,-2.214046,2.929076,0.92400882059715,2.9373454669458727
7237,COc1cc(-c2cc(C=O)cc3nsnc23)s:C:1c1c(OC)c(OC)cc2cc[nH]c12,-5.099515,-2.945427,2.154088,0.8964580920107958,3.2876266076646266
7239,COc1cc2c(cc(C(=O)O)n2C)c(C=Nc2c(Br)ccc3nonc23)c1OC,-5.629141,-2.649381,2.97976,0.9369017929202712,3.165553810410114
7241,COc1cc(-c2nncc3nonc23)s:C:1c1c(OC)c(OC)cc2cc(C(=O)O)[nH]c12,-5.511209,-3.226793,2.284416,0.907838723457668,3.355440525151642
7242,COc1cc2cc(-c3cc(OC):C(c4cc(C=O)cc5nccnc45):s3)[nH]c2cc1OC,-4.891427,-2.445438,2.44599,0.9713639589435478,2.9915443510915907
7243,COc1cc2cc(C(=O)O)[nH]c2c(C=Cc2nc(O)cc3nonc23)c1OC,-5.736726,-2.888573,2.848154,0.9878296088949136,3.3382203976324787
7247,COc1cc2cc(C=Nc3scc4nc(NC(C)=O)cnc34)n(C)c2cc1OC,-4.927907,-2.32904,2.598867,0.9999944632640114,3.1742566663617504
7248,COc1cc2cc(N=Cc3c(C)ncc4nonc34)n(C)c2cc1OC,-5.012289,-2.914434,2.097855,0.9998640791293064,3.223473772207944
7252,COc1cc2c(ccn2C)c(C=Nc2c(F)ncc3nonc23)c1OC,-5.363669,-2.751501,2.612168,0.9298189141428586,3.301294770128941
7254,COc1cc2cc(C(=O)O)[nH]c2c(C=Nc2nc(Br)cc3nsnc23)c1OC,-5.902061,-3.066683,2.835379,0.9784279681069464,3.491767233075516
7256,COc1cc2cc(C(=O)O)n(C)c2c(C=Cc2scc3nc(F)cnc23)c1OC,-5.198144,-2.510284,2.687861,0.9256169677009009,3.421425605281909
7259,COc1cc2cc(C3:nc(C(F)(F)F)cc4nonc:34)n(C)c2cc1OC,-5.649951,-3.012833,2.637118,0.999421550916194,2.96527673106879
7262,COc1cc2c(ccn2C)c(C=Nc2c(Br)ncc3nsnc23)c1OC,-5.306922,-2.772291,2.534631,0.8862725208958521,3.371616391750564
7264,COc1cc2c(ccn2C)c(C=Nc2nccc3nsnc23)c1OC,-5.254884,-2.448386,2.806498,0.9457878174271638,3.149870466945874
7266,COc1cc2cc(N=Cc3occ4nc(O)cnc34)n(C)c2cc1OC,-4.797112,-2.452211,2.344902,0.9999902921868152,3.544625955160126
7267,COc1cc2cc(C(=O)O)n(C)c2c(C=Cc2c(S)ncc3nonc23)c1OC,-5.393662,-2.945847,2.447814,0.934729719238276,3.479326459982765
7268,COc1cc2cc(C#Cc3c(S)ccc4nsnc34)[nH]c2cc1OC,-4.969642,-2.472915,2.496727,1.0,3.2024358515612583
7277,COc1cc2cc[nH]c2c(N=Cc2c(S(=O)(=O)O)ccc3nsnc23)c1OC,-5.601004,-3.396071,2.204933,0.8642822175652125,3.2859625592683104
7281,COc1cc2ccn(C)c2c(C=Nc2nc(S)cc3nsnc23)c1OC,-5.507513,-2.682295,2.825219,0.893172955922191,3.6266625455967167
7282,COc1cc2cc(C(=O)O)[nH]c2c(C=CC2:c(C#N)ccc3nsnc:23)c1OC,-5.571973,-2.992126,2.579847,0.9477815029148108,3.2016349027594995
7284,COc1cc2c(ccn2C)c(C=Cc2c(O)ccc3nonc23)c1OC,-5.143233,-2.169937,2.973296,0.9009629827598206,2.993926994661166
7285,COc1cc2cc(C(=O)O)n(C)c2c(N=Cc2scc3nc(F)cnc23)c1OC,-5.286567,-2.763399,2.523168,0.897048183669636,3.5105435539998577
7286,COc1c:C(c2c(OC)c(OC)cc3ccn(C)c23):sc1-c1cc(S)cc2nsnc12,-5.24666,-2.284555,2.962105,0.5808251142188882,3.4440596476583423
7287,COc1cc2cc[nH]c2c(C=Nc2cccc3nsnc23)c1OC,-5.362484,-2.415035,2.947449,0.9570567349589854,3.0373277490449624
7288,COc1cc2cc(N=Cc3c(O)ccc4nsnc34)n(C)c2cc1OC,-5.182176,-2.582508,2.599669,0.97354618849075,3.113376267010437
7289,COc1cc2cc(C(=O)O)n(C)c2c(C=Cc2c(S(=O)(=O)O)ncc3nsnc23)c1OC,-5.558508,-3.405344,2.153164,0.8396705834461036,3.4856358682700623
7292,CNc1cc2nonc2c(-c2cc(OC):C(c3c(OC)c(OC)cc4c3ccn4C):s2)n1,-5.086095,-2.400133,2.685962,0.7882669795574584,3.2551198150924705
7293,COc1cc2cc(-c3cc(OC)c(C4:c(C)ccc5nsnc:45)s3)n(C)c2cc1OC,-4.886243,-2.186184,2.70006,0.6626951137742734,3.000597235070929
7294,COc1cc2ccn(C)c2c(C=Nc2cccc3nc(C=O)cnc23)c1OC,-5.369833,-2.515627,2.854205,0.7138382786871584,3.114695429278047
7295,COc1cc2cc(C(=O)O)n(C)c2c(N=Cc2c(O)ncc3nonc23)c1OC,-5.597858,-3.023232,2.574625,0.85764083481222,3.470329878786182
7300,COc1cc2c(ccn2C)c(C=Cc2occ3nc(S)cnc23)c1OC,-4.813738,-2.123694,2.690043,0.988434655331991,3.550802462436634
7301,COc1cc(-c2scc3nc(Br)cnc23)s:C:1c1c(OC)c(OC)cc2c1cc(C(=O)O)n2C,-5.163825,-2.690351,2.473474,0.796640920514756,3.38551842035824
7303,COc1cc2cc(N=Cc3scc4nc(C(F)(F)F)cnc34)n(C)c2cc1OC,-5.181695,-2.99795,2.183745,0.9999708127140094,3.362307656563961
7304,COc1cc2ccn(C)c2c(N=Cc2cc(S(=O)(=O)O)cc3nsnc23)c1OC,-5.329708,-3.087864,2.241844,0.9362848620227128,3.304695690751995
7305,COc1cc2[nH]c(C(=O)O)cc2c(C=Nc2cc(C)cc3nsnc23)c1OC,-5.502084,-2.317619,3.184465,0.9498989102315436,3.1343734648184567
7306,COc1cc2cc[nH]c2c(N=Cc2c(C(F)(F)F)ncc3nonc23)c1OC,-5.496488,-3.322928,2.17356,0.9728301206269132,3.4139781386256622
7307,COc1cc2c:C(c3c(C=O)ccc4nsnc34):n(C)c2cc1OC,-5.429604,-2.837929,2.591675,0.6110423348440868,2.8372700877476067
7308,COc1cc2cc(C3:c(C(F)(F)F)ccc4nonc:34)n(C)c2cc1OC,-5.417377,-2.837604,2.579773,0.6172777031144624,2.807921654145714
7310,COc1cc2cc(-c3cc(OC):C(c4cc(OC(C)=O)cc5nccnc45):s3)[nH]c2cc1OC,-4.819115,-2.055506,2.763609,0.9723064852413488,2.9564131304880448
7312,COc1cc2[nH]ccc2c(C2:c(S)ncc3nonc:23)c1OC,-5.57912,-2.666976,2.912143,0.3554970355887805,3.1839978149318755
7315,COc1cc2c(cc(C(=O)O)n2C):C(c2nc(C(F)(F)F)cc3nonc23):c1OC,-5.911101,-3.066127,2.844974,0.7293368135018237,3.102761274764457
7320,COc1cc2cc(-c3cc(OC):C(c4c(OC(C)=O)ccc5nccnc45):s3)[nH]c2cc1OC,-4.868765,-2.001708,2.867058,0.7381779038447471,2.922026136039195
7322,COc1cc(-c2c(OC)c(OC)cc3c2ccn3C)s:C:1c1occ2nc(S(=O)(=O)O)cnc12,-5.073795,-2.7192,2.354595,0.9412383754113308,3.484149675418968
7323,COc1cc2[nH]ccc2c(C=Nc2c(F)ccc3nsnc23)c1OC,-5.133204,-2.391828,2.741376,0.992237688975686,3.084526236176643
7327,COc1cc2c(cc(C(=O)O)n2C)c(C=Nc2c(S(=O)(=O)O)ccc3nccnc23)c1OC,-6.056032,-2.684262,3.371771,0.8721637944700513,3.117251696285693
7328,COc1cc2c:C(c3cccc4ncc(OC(C)=O)nc34):n(C)c2cc1OC,-5.139454,-2.16045,2.979004,0.5403676063109888,2.626452724798982
7331,COc1cc2cc(C(=O)O)[nH]c2c(C=Cc2scc3ncc(S)nc23)c1OC,-5.191953,-2.490159,2.701795,0.9810754487893844,3.55473568487688
7332,CNc1cc(C2:sc(-c3c(OC)c(OC)cc4ccn(C)c34)cc:2OC)c2nonc2c1,-5.167499,-1.864895,3.302604,0.5810658744525501,3.2360379892260296
7333,COc1cc(-c2c(OC)c(OC)cc3[nH]c(C(=O)O)cc23)s:C:1c1c(NC(C)=O)ncc2nonc12,-5.484149,-2.640503,2.843647,0.7116169687954838,3.314034641831923
7335,COc1cc2c:C(c3c(S)ccc4nsnc34):n(C)c2cc1OC,-5.18406,-2.456162,2.727898,0.4921095532683515,2.917813799465131
7337,COc1cc(-c2c(OC)c(OC)cc3c2ccn3C)s:C:1c1c(S)ccc2nsnc12,-5.074361,-2.111473,2.962888,0.6230081090999926,3.254740242063937
7339,COc1cc2c:C(c3occ4nccnc34):n(C)c2cc1OC,-4.785066,-2.198461,2.586605,0.9993926409436698,2.8570439687780294
7340,COc1cc2c(ccn2C):C(c2cc(S(=O)(=O)O)cc3ccccc23):c1OC,-5.273338,-1.46986,3.803478,0.4092970708503673,2.4604377221774563
7347,COc1cc2[nH]ccc2:C(c2scc3nc(Br)cnc23):c1OC,-5.516334,-2.332997,3.183337,0.4144682085707331,3.101665647099708
7350,COc1cc2c(ccn2C)c(C=Nc2scc3ncc(F)nc23)c1OC,-5.044531,-2.299733,2.744798,0.9924072904412308,3.344451734785906
7352,COc1cc2cc[nH]c2c(C=Cc2c(OC)ncc3nsnc23)c1OC,-5.047068,-2.697765,2.349303,0.9627081860902544,3.2699894894636614
7355,COc1cc2c(cc(C(=O)O)n2C):C(c2c(C)ncc3nsnc23):c1OC,-5.574795,-2.557543,3.017252,0.3739999809128363,2.987389961838023
7356,COc1cc2c(ccn2C)c(C#Cc2cc(F)cc3nccnc23)c1OC,-5.091928,-2.086591,3.005337,1.0,2.9382562315682907
7357,COc1cc2cc(C(=O)O)n(C)c2:C(c2c(S)ncc3nsnc23):c1OC,-5.583485,-2.818313,2.765172,0.1166980468937691,3.370596115684175
7360,COc1cc2cc(-c3cc(OC):C(c4c(OC)ncc5nonc45):s3)n(C)c2cc1OC,-4.890708,-2.644082,2.246626,0.754251737365061,3.1820060365633083
7361,COc1cc2ccn(C)c2c(C=Nc2occ3nc(S)cnc23)c1OC,-5.09561,-2.346722,2.748889,0.9654949058796692,3.7187694063035774
7364,CNc1cc(C2:sc(-c3c(OC)c(OC)cc4ccn(C)c34)cc:2OC)c2nonc2c1,-5.167537,-1.864817,3.30272,0.5809615593245293,3.2360379892260296
7367,COc1cc(-c2c(OC)c(OC)cc3[nH]ccc23)s:C:1c1c(S(=O)(=O)O)ncc2nonc12,-5.42853,-3.173317,2.255213,0.8024490222473213,3.402056430013504
7369,COc1cc2cc(C(=O)O)[nH]c2:C(c2cc(Br)cc3nccnc23):c1OC,-5.645177,-2.344378,3.300799,0.6168234363812595,2.801981022566766
7370,COc1cc2[nH]c(C(=O)O)cc2:C(c2scc3sc(=S)sc23):c1OC,-5.857974,-2.039025,3.818949,0.6781083212020597,3.246627280132687
7374,COc1cc2c(cc(C(=O)O)n2C):C(c2nccc3nsnc23):c1OC,-5.64601,-2.682379,2.963631,0.5343153146466163,2.921805885670194
7375,COc1cc2c(ccn2C)c(C=Nc2c(O)ncc3nsnc23)c1OC,-5.033632,-2.514297,2.519335,0.9761880518043846,3.374161090295262
7378,COc1cc2c:C(c3scc4ncc(S(=O)(=O)O)nc34):n(C)c2cc1OC,-5.668463,-3.187383,2.48108,0.7067525821040312,3.15767550029956
7381,COc1c:C(c2c(OC)c(OC)cc3cc(C(=O)O)[nH]c23):sc1-c1nc(C#N)cc2nonc12,-5.739124,-3.084762,2.654362,0.9067024227263172,3.4424527270384013
7383,COc1c:C(c2c(OC)c(OC)cc3c2ccn3C):sc1-c1nccc2nsnc12,-5.039903,-2.355758,2.684144,0.8853081018138418,3.1393797572462407
7384,COc1c:C(c2c(OC)c(OC)cc3ccn(C)c23):sc1-c1nc(C)cc2nonc12,-5.377473,-2.438953,2.93852,0.5616899923845439,3.243683773532468
7385,COc1cc2cc(-c3cc(OC):C(c4cc(C=O)cc5c4SCS5):s3)[nH]c2cc1OC,-5.063605,-1.73874,3.324865,0.711615429018372,3.3594990363595283
7386,COc1c:C(c2c(OC)c(OC)cc3[nH]c(C(=O)O)cc23):sc1-c1cccc2nsnc12,-5.220594,-2.224153,2.996441,0.7335825068513787,3.019150922446655
7387,COc1cc2cc(N=Cc3nc(Br)cc4nonc34)[nH]c2cc1OC,-5.532882,-3.269501,2.263381,0.9999695437038008,3.395989697715104
7388,COc1cc2cc(C(=O)O)n(C)c2c(C=Cc2c(C#N)ncc3nsnc23)c1OC,-5.520709,-3.121856,2.398853,0.6743066666864819,3.417326230540389
7390,COc1cc2cc(N=Cc3scc4ncc(C)nc34)n(C)c2cc1OC,-4.776915,-2.505748,2.271167,0.9999886275335064,3.2302153522495223
7394,COc1c:C(c2c(OC)c(OC)cc3cc(C(=O)O)n(C)c23):sc1-c1c(F)ccc2nsnc12,-5.320159,-2.323648,2.996511,0.5247840753270039,3.224601335337997
7395,COc1c:C(c2c(OC)c(OC)cc3cc[nH]c23):sc1-c1c(F)ccc2nccnc12,-4.99846,-2.012217,2.986242,0.7357364441451687,3.0007918626343777
7396,COc1cc2cc(C#Cc3c(S)ccc4nccnc34)[nH]c2cc1OC,-4.923236,-2.14189,2.781346,1.0,3.041688566386737
7397,COc1c:C(c2c(OC)c(OC)cc3cc(C(=O)O)[nH]c23):sc1-c1scc2ncc(Br)nc12,-5.070927,-2.471718,2.59921,0.898271523531368,3.3823189610308733
7398,COc1cc2cc(N=Cc3c(Br)ccc4nsnc34)n(C)c2cc1OC,-5.018665,-2.77306,2.245605,0.9972810967607154,3.1446105705447422
7400,COc1cc(-c2cc(C#N)cc3nsnc23)s:C:1c1c(OC)c(OC)cc2c1cc(C(=O)O)n2C,-5.393827,-3.022943,2.370884,0.7931875844886767,3.288663042381165
7401,COc1cc2c(cc(C(=O)O)n2C)c(N=Cc2nc(C=O)cc3nsnc23)c1OC,-5.47045,-3.289543,2.180907,0.8840882689929146,3.544806450320608
7402,COc1c:C(c2c(OC)c(OC)cc3c2cc(C(=O)O)n3C):sc1-c1scc2nccnc12,-4.801158,-2.20222,2.598938,0.9309316716776588,3.200990921328641
7403,CNc1ccc2nonc2c1C1:sc(-c2cc3cc(OC)c(OC)cc3[nH]2)cc:1OC,-4.648791,-1.956448,2.692344,0.8065325787043747,3.024207420110608
7404,COc1cc2cc(C=Nc3cccc4ccc(C#N)cc34)n(C)c2cc1OC,-5.429155,-2.005442,3.423713,0.8912122470930444,2.686015044662664
7407,COc1cc2cc(C=Nc3cccc4ncc(S(=O)(=O)O)nc34)n(C)c2cc1OC,-5.680954,-2.682892,2.998061,0.8704342221096392,3.1065938129579704
7408,COc1cc2cc(C#Cc3c(OC(C)=O)ccc4nccnc34)[nH]c2cc1OC,-5.151766,-2.212089,2.939676,1.0,2.902797266284896
7409,COc1cc2cc(C#Cc3c(C#N)ccc4ccccc34)n(C)c2cc1OC,-4.937811,-2.06536,2.872452,1.0,2.665600621585739
7410,COc1c:C(c2c(OC)c(OC)cc3cc(C(=O)O)n(C)c23):sc1-c1scc2nc(S)cnc12,-5.037317,-2.182485,2.854832,0.5121867478629275,3.595478582301559
7411,COc1cnc2coc(C#Cc3cc4cc(OC)c(OC)cc4[nH]3)c2n1,-4.878767,-2.077845,2.800923,1.0,3.278707027925199
7412,COc1c:C(c2c(OC)c(OC)cc3c2ccn3C):sc1-c1scc2nc(C=O)cnc12,-5.003347,-2.568383,2.434964,0.7831152813361448,3.3434780568507128
7416,COc1cc2cc(C=Nc3c(O)ccc4nsnc34)n(C)c2cc1OC,-4.972075,-2.289893,2.682182,0.9977215432156312,3.047786662020833
7417,COc1cc2cc(C3:cc(OC)c(-c4nc(NC(C)=O)cc5nonc45)s:3)n(C)c2cc1OC,-5.323058,-2.573756,2.749302,0.8974792751991728,3.188701765499939
7418,COc1cc2cc(C=Nc3cc(C#N)cc4ccccc34)n(C)c2cc1OC,-5.477872,-2.00861,3.469262,0.8853606553088931,2.7210890831242
7419,COc1cc2cc(-c3cc(OC):C(c4c(OC(C)=O)ccc5nccnc45):s3)[nH]c2cc1OC,-4.868519,-2.001725,2.866794,0.7381832047448005,2.922026136039195
7420,COc1cc2cc(C=Nc3occ4ncc(S(=O)(=O)O)nc34)n(C)c2cc1OC,-5.490153,-3.099971,2.390182,0.999913755793916,3.4991845796408825
7421,COc1c:C(c2c(OC)c(OC)cc3[nH]ccc23):sc1-c1c(F)ccc2nonc12,-5.042717,-2.229376,2.813341,0.7564915884711463,3.0493507769242374
7422,COc1cc2[nH]ccc2c(C=Nc2c(C(F)(F)F)ncc3nsnc23)c1OC,-5.592974,-2.935203,2.65777,0.9150843783402378,3.3664630461232274
7423,COc1c:C(c2c(OC)c(OC)cc3[nH]ccc23):sc1-c1scc2nc(F)cnc12,-4.756018,-2.134775,2.621242,0.8957197091515579,3.3106647304126096
7424,COc1cc2cc(C#Cc3occ4ncc(S)nc34)[nH]c2cc1OC,-4.81577,-2.336625,2.479146,1.0,3.599312774638181
7425,COc1cc2cc(-c3cc(OC):C(c4cccc5nc(Br)cnc45):s3)[nH]c2cc1OC,-4.888396,-2.257317,2.631079,0.9739168282322188,2.913973366523747
7426,COc1cc2cc(C(=O)O)[nH]c2c(C=Cc2c(Br)ccc3nccnc23)c1OC,-5.442684,-2.246149,3.196535,0.7421409832406778,3.013200568800775
7427,COc1cc2cc(-c3cc(OC):C(c4scc5ncc(O)nc45):s3)[nH]c2cc1OC,-4.93337,-2.082282,2.851088,0.7883466392130449,3.253158111450176
7431,COc1cc2cc(N=Cc3occ4ncc(Br)nc34)n(C)c2cc1OC,-4.928847,-2.763256,2.165591,0.99981140528601,3.469692067426239
7432,COc1cc2cc(N=Cc3nc(C(F)(F)F)cc4nonc34)n(C)c2cc1OC,-5.612153,-3.352585,2.259568,0.9996377958370756,3.3760256052819084
7433,COc1cc2cc(-c3cc(OC):C(c4c(C#N)ccc5ccccc45):s3)[nH]c2cc1OC,-4.821265,-1.774325,3.046939,0.6920150688309543,2.7157891671451004
7434,COc1cc2[nH]ccc2c(C=Nc2c(Br)ccc3nonc23)c1OC,-5.366619,-2.476613,2.890006,0.9231017500849508,3.106433928484334
7435,COc1cc2cc(C3:sc(-c4nncc5nonc45)cc:3OC)n(C)c2cc1OC,-5.136806,-3.231329,1.905477,0.878280194452153,3.2060522080512506
7438,COc1cc2[nH]ccc2c(N=Cc2scc3ncc(Br)nc23)c1OC,-5.045961,-2.644891,2.40107,0.9218334226966928,3.4306820054074123
7441,COc1cc2cc(C(=O)O)[nH]c2c(C2:nc(C#N)cc3nsnc:23)c1OC,-5.912417,-3.338418,2.573999,0.7934951334996226,3.246850658194296
7442,CNc1cc2nsnc2c(C=Nc2cc3cc(OC)c(OC)cc3n2C)n1,-4.876037,-2.558072,2.317965,0.999994441499235,3.403922165634224
7446,COc1c:C(c2c(OC)c(OC)cc3cc[nH]c23):sc1-c1cc(NC(C)=O)cc2nonc12,-5.147273,-2.237816,2.909457,0.9077185597369396,3.137160358000412
7447,COc1cc2cc(N=Cc3cccc4nc(OC(C)=O)cnc34)n(C)c2cc1OC,-4.952618,-2.323975,2.628642,0.9999051771766329,3.0020314988015384
7448,COc1cc2cc(N=Cc3occ4ncc(NC(C)=O)nc34)n(C)c2cc1OC,-4.739648,-2.471204,2.268444,0.999935799670168,3.358949161671319
7449,COc1cc2cc(C#Cc3cccc4cc(C#N)ccc34)n(C)c2cc1OC,-5.28725,-2.040994,3.246256,1.0,2.6708967754318937
7453,COc1cc(-c2c(OC)c(OC)cc3[nH]ccc23)s:C:1c1cc(C=O)cc2nccnc12,-4.969616,-2.316602,2.653014,0.8864876148323955,3.088991173834064
7455,COc1cc2cc(C(=O)O)n(C)c2c(C=Nc2c(Br)ncc3nsnc23)c1OC,-5.746936,-2.929432,2.817505,0.7590516502381282,3.477471759128063
7460,COc1cc2ccn(C)c2c(N=Cc2cc(C=O)cc3nonc23)c1OC,-5.323745,-3.164491,2.159255,0.9086558254070058,3.297991895903955
7461,COc1cc2c(cc(C(=O)O)n2C)c(C=Nc2cc(C=O)cc3nsnc23)c1OC,-5.62813,-2.853868,2.774262,0.9422754743390396,3.331816340430499
7462,COc1cc2cc(C3:cc(OC)c(-c4scc5ncc(S)nc45)s:3)n(C)c2cc1OC,-4.627957,-2.201448,2.426509,0.8791304420143459,3.4080155917142863
7463,COc1cc2c(ccn2C)c(C=Cc2c(S)ncc3nonc23)c1OC,-5.137738,-2.682837,2.454901,0.9688232666359566,3.3736465372807087
7464,COc1cc2cc(C#Cc3nc(OC(C)=O)cc4nonc34)[nH]c2cc1OC,-5.320038,-2.867479,2.452559,1.0,3.260699660047279
7466,COc1cc2c(cc(C(=O)O)n2C)c(C=Nc2nc(C(F)(F)F)cc3nsnc23)c1OC,-5.740781,-2.900921,2.83986,0.9512332105687864,3.4315792249134187
7467,COc1cc2c(cc(C(=O)O)n2C)c(C=Nc2nc(C)cc3nsnc23)c1OC,-5.595083,-2.53731,3.057773,0.9414593740156164,3.31844953690584
7468,COc1cc2cc(C#Cc3scc4ncc(O)nc34)n(C)c2cc1OC,-4.808423,-2.258039,2.550384,1.0,3.3919795934137635
7470,COc1cc2cc(C=Nc3c(F)ncc4nonc34)n(C)c2cc1OC,-5.32882,-2.86967,2.45915,0.9732755644311092,3.2413577638919344
7473,COc1cc2cc[nH]c2c(N=Cc2scc3ncc(C)nc23)c1OC,-5.012249,-2.429593,2.582656,0.9688029439137392,3.3169781592535657
7474,COc1cc2cc(N=Cc3occ4nc(S(=O)(=O)O)cnc34)n(C)c2cc1OC,-5.230604,-3.276056,1.954547,0.99961653833647,3.5664683403246444
7475,COc1cc2cc[nH]c2c(C=Cc2c(O)ccc3nccnc23)c1OC,-5.265895,-1.898788,3.367107,0.5135155921434444,2.938765489463661
7478,COc1cc2cc(C#Cc3c(OC(C)=O)ncc4nonc34)n(C)c2cc1OC,-5.141416,-2.998087,2.143329,1.0,3.2381566663617507
7479,COc1cc2cc(C3:c(F)ccc4nonc:34)n(C)c2cc1OC,-5.271733,-2.532766,2.738967,0.8044974757652602,2.6818814465239544
7480,COc1cc2c(cc(C(=O)O)n2C)c(C=Cc2cccc3ncc(F)nc23)c1OC,-5.27745,-2.147524,3.129925,0.955674703060269,2.949743263507422
7484,COc1cc2[nH]ccc2c(C=Cc2cccc3ncc(C=O)nc23)c1OC,-5.251767,-2.55283,2.698936,0.9650100877520628,2.8938632399445314
7485,COc1cc2cc(-c3cc(OC)c(C4:c(S)ncc5nonc:45)s3)n(C)c2cc1OC,-5.095935,-2.760821,2.335114,0.7221090110152331,3.361127479826175
7488,COc1cc2[nH]ccc2c(C=Cc2c(S(=O)(=O)O)ncc3nsnc23)c1OC,-5.280654,-3.203395,2.077259,0.9430383383392872,3.367127310972304
7489,CNc1cc(-c2cc(OC):C(c3c(OC)c(OC)cc4c3ccn4C):s2)c2nsnc2c1,-4.863902,-2.030096,2.833805,0.7792859550521534,3.2116352842387084
7492,COc1cc2c(cc(C(=O)O)n2C)c(N=Cc2c(Br)ncc3nsnc23)c1OC,-5.352725,-3.145768,2.206957,0.861840268148145,3.452435861692164
7494,COc1cc2c(cc(C(=O)O)n2C)c(N=Cc2c(O)ncc3nonc23)c1OC,-5.581852,-2.937481,2.644371,0.9084758805456836,3.4200700497263536
7495,COc1cc2cc[nH]c2c(C=Nc2cc(Br)cc3nccnc23)c1OC,-5.478144,-2.195683,3.282461,0.8566568342944942,3.078155643309814
7496,CNc1ncc2nsnc2c1C=Cc1c(OC)c(OC)cc2c1ccn2C,-4.938722,-2.126378,2.812344,0.5035470561572803,3.2411669208789817
7497,COc1cc2cc(C=Nc3c(NC(C)=O)ccc4nccnc34)n(C)c2cc1OC,-5.258609,-2.056583,3.202027,0.8934407021331482,2.924929598349049
7498,COc1cc2cc(C=Nc3c(S(=O)(=O)O)ccc4ccccc34)n(C)c2cc1OC,-5.665935,-1.948577,3.717358,0.5261565515909074,2.741292714056872
7499,COc1c:C(c2c(OC)c(OC)cc3[nH]ccc23):sc1-c1cccc2ncc(F)nc12,-4.811829,-1.890634,2.921194,0.88932616210075,2.9986744901192512
7500,COc1cc(-c2c(OC)c(OC)cc3cc[nH]c23)s:C:1c1c(F)ccc2nccnc12,-5.063335,-2.051184,3.012151,0.7353750558648284,3.0007918626343777
7502,COc1cc2cc(-c3cc(OC):C(c4occ5ncc(C(F)(F)F)nc45):s3)[nH]c2cc1OC,-4.942366,-2.551136,2.391229,0.9747069307928792,3.2583690851003526
7503,COc1cc2c(ccn2C)c(C=Cc2occ3ncc(S(=O)(=O)O)nc23)c1OC,-5.314343,-2.964565,2.349777,0.9832908953330484,3.4671435539998576
7504,COc1cc2c:C(c3c(O)ccc4nccnc34):n(C)c2cc1OC,-4.977352,-1.89746,3.079892,0.508156151939116,2.5715760465775084
7505,COc1cc2c(cc(C(=O)O)n2C)c(C=Nc2c(C(F)(F)F)ccc3nonc23)c1OC,-5.695282,-2.772472,2.922811,0.9186508176534878,3.222212791346986
7509,COc1cc2cc(C=Nc3c(S)ccc4nsnc34)n(C)c2cc1OC,-5.231952,-2.44937,2.782581,0.9587464530650528,3.224557140191312
7510,COc1cc2c:C(c3cc(NC(C)=O)cc4nonc34):n(C)c2cc1OC,-5.461139,-2.423452,3.037687,0.6796943234689997,2.6807816298542164
7512,COc1cc2c:C(c3occ4ncc(O)nc34):n(C)c2cc1OC,-4.580177,-2.009485,2.570692,0.996411780657049,3.14900791711219
7513,COc1cc(-c2c(OC)c(OC)cc3[nH]ccc23)sc1C1:c(S)ncc2nonc:12,-5.201876,-2.623729,2.578147,0.7360133700009011,3.413356501432288
7514,COc1cc2[nH]ccc2:C(c2cc(C(F)(F)F)cc3nsnc23):c1OC,-5.278742,-2.449251,2.82949,0.5765475576428587,2.8806107328777824
7515,COc1cc(-c2c(OC)c(OC)cc3cc(C(=O)O)n(C)c23)s:C:1c1c(C)ncc2nsnc12,-5.488567,-2.549894,2.938673,0.4149174554671095,3.361010728050548
7516,COc1cc(-c2c(OC)c(OC)cc3c2cc(C(=O)O)n3C)s:C:1c1occ2ncc(F)nc12,-4.885672,-2.133773,2.751899,0.8604459106927999,3.424482954771195
7520,COc1cc2cc(C(=O)O)n(C)c2c(C=Nc2c(F)ncc3nsnc23)c1OC,-5.661798,-2.864511,2.797287,0.8233067330888311,3.447917912974217
7522,COc1cc2[nH]ccc2:C(c2c(C(F)(F)F)ncc3nonc23):c1OC,-5.413355,-2.926426,2.486928,0.3468098877520354,3.0396082038999106
7523,COc1cc(-c2c(OC)c(OC)cc3cc(C(=O)O)[nH]c23)s:C:1c1scc2nc(S(=O)(=O)O)cnc12,-5.367778,-2.997429,2.370349,0.8973757225660667,3.5038609556171485
7525,COc1cc2c(cc(C(=O)O)n2C):C(c2cccc3ncc(C(F)(F)F)nc23):c1OC,-5.660365,-2.30424,3.356124,0.5207645629302111,2.7808599026974203
7529,COc1cc2c(ccn2C)c(C=Cc2cccc3nccnc23)c1OC,-4.989556,-1.911978,3.077579,0.9751211490627308,2.66977348946366
7531,COc1cc(-c2c(OC)c(OC)cc3c2ccn3C)s:C:1c1cccc2nc(NC(C)=O)cnc12,-4.668995,-1.742752,2.926243,0.8943877073595564,3.0014371397124044
7537,COc1cc2cc[nH]c2:C(c2cc(C(F)(F)F)cc3nsnc23):c1OC,-5.507926,-2.830058,2.677868,0.7354994032430693,2.969546665438372
7538,COc1cc2[nH]c(C(=O)O)cc2c(C=Cc2c(C=O)ccc3nsnc23)c1OC,-5.809262,-2.742263,3.066998,0.5899564864324438,3.1421251466619387
7539,COc1cc(-c2c(OC)c(OC)cc3[nH]c(C(=O)O)cc23)s:C:1c1c(Br)ncc2nsnc12,-5.33206,-2.84107,2.49099,0.6864561787476946,3.37331598336338
7541,COc1cc(C=Cc2c(OC)c(OC)cc3[nH]c(C(=O)O)cc23)c2nonc2c1,-5.688632,-2.359003,3.329629,0.8345456205650221,2.977989124147868
7544,COc1cc2cc[nH]c2c(C=Nc2nc(O)cc3nonc23)c1OC,-5.712899,-2.890009,2.82289,0.999997402066877,3.439701236176642
7548,COc1cc2cc(C(=O)O)n(C)c2:C(c2c(S(=O)(=O)O)ncc3nsnc23):c1OC,-5.779875,-3.611309,2.168566,0.0581159722337673,3.338983413601229
7549,COc1cc(-c2c(OC)c(OC)cc3ccn(C)c23)s:C:1c1cccc2ncc(S)nc12,-5.1287,-1.927656,3.201043,0.5924996822546487,3.235878225912421
7554,COc1cc(-c2c(OC)c(OC)cc3cc[nH]c23)s:C:1c1c(C(F)(F)F)ccc2nonc12,-5.274383,-2.627891,2.646492,0.7434581406832741,3.21540134316487
7556,COc1cc(-c2c(OC)c(OC)cc3cc(C(=O)O)n(C)c23)s:C:1c1cc(S)cc2nonc12,-5.55811,-2.356332,3.201777,0.5547565042626575,3.4583462746092515
7559,COc1cc(-c2c(OC)c(OC)cc3c2cc(C(=O)O)n3C)s:C:1c1c(S(=O)(=O)O)ccc2nonc12,-5.608592,-2.837016,2.771576,0.6549386717756867,3.264115044167209
7562,COc1cc2c(ccn2C)c(C#Cc2cccc3nc(C=O)cnc23)c1OC,-5.095591,-2.542476,2.553115,1.0,3.0227136985088165
7568,COc1cc2cc[nH]c2c(C=Cc2c(C(F)(F)F)ccc3nccnc23)c1OC,-5.19865,-2.459555,2.739095,0.7901659028237834,3.029927398069068
7571,COc1cc2cc(C(=O)O)n(C)c2:C(c2c(Br)ncc3nonc23):c1OC,-5.755373,-3.128534,2.626839,0.2017214836989642,3.239426884914945
7572,COc1cc2[nH]ccc2:C(c2cc(OC(C)=O)cc3nonc23):c1OC,-5.229753,-2.146193,3.08356,0.5262725693076742,2.8150215892557604
7573,COc1cc2[nH]ccc2c(C#Cc2cccc3nonc23)c1OC,-5.225297,-2.402527,2.822771,1.0,2.9101607160779306
7579,COc1cc2[nH]ccc2c(C=Nc2cccc3nc(F)cnc23)c1OC,-5.264442,-1.91335,3.351092,0.847294340915228,3.017838104848276
7583,COc1cc2nonc2c(C2:c(OC)c(OC)cc3cc[nH]c:23)n1,-5.375305,-2.620389,2.754916,0.8169492082647161,3.019114409341189
7589,COc1cc2cc[nH]c2c(C=Nc2occ3nc(OC(C)=O)cnc23)c1OC,-5.170366,-2.406001,2.764365,0.9999799898915792,3.488600429278048
7592,COc1cc2cc(C(=O)O)[nH]c2:C(c2scc3ncc(C#N)nc23):c1OC,-5.81328,-3.034978,2.778302,0.493270011678137,3.2011146258056336
7594,COc1cc2cc(C3:cc(OC)c(-c4c(C=O)ncc5nonc45)s:3)n(C)c2cc1OC,-5.195688,-3.02551,2.170178,0.8167377458476891,3.326870280012167
7596,COc1cc2cc(C(=O)O)n(C)c2c(C=Cc2c(C=O)ncc3nsnc23)c1OC,-5.517471,-3.025908,2.491563,0.7140918091547683,3.4661866701008286
7597,COc1cc2nsnc2c(-c2cc(OC):C(c3c(OC)c(OC)cc4cc(C(=O)O)[nH]c34):s2)n1,-5.3998,-2.868575,2.531225,0.7936244533986954,3.3383109001153244
7598,COc1c:C(c2c(OC)c(OC)cc3cc(C(=O)O)n(C)c23):sc1-c1scc2nc(C#N)cnc12,-5.351151,-2.772812,2.578338,0.5029911540862089,3.469815946619783
7599,COc1c:C(c2c(OC)c(OC)cc3cc(C(=O)O)[nH]c23):sc1-c1c(C#N)ccc2nonc12,-5.583083,-2.908633,2.67445,0.787614890279789,3.2573873424230166
7600,COc1c:C(c2c(OC)c(OC)cc3c2ccn3C):sc1-c1scc2ncc(C#N)nc12,-5.095201,-2.66784,2.427361,0.7813122797209919,3.33750138736635
7601,COc1c:C(c2c(OC)c(OC)cc3[nH]c(C(=O)O)cc23):sc1-c1nc(F)cc2nonc12,-5.533267,-2.707917,2.82535,0.9306251921141424,3.3328226831152428
7602,COc1cc2cc(N=Cc3cc(S(=O)(=O)O)cc4ccccc34)n(C)c2cc1OC,-5.034559,-2.308555,2.726005,0.9952907584283774,2.7834361206502773
7603,COc1c:C(c2c(OC)c(OC)cc3ccn(C)c23):sc1-c1cc(C)cc2nsnc12,-5.12941,-2.113033,3.016378,0.5812607524004717,3.1837047525534468
7605,COc1cc2cc(N=Cc3c(S)ccc4nsnc34)n(C)c2cc1OC,-5.217936,-2.727138,2.490798,0.9644470823627402,3.302612025846197
7607,COc1cc2cc(N=Cc3nncc4nonc34)n(C)c2cc1OC,-5.465324,-3.302214,2.163109,0.9999737553631262,3.3726454669458734
7613,COc1c:C(c2c(OC)c(OC)cc3[nH]c(C(=O)O)cc23):sc1-c1scc2nccnc12,-4.823786,-2.212935,2.610852,0.9283149208483704,3.1702535429031213
7614,COc1cc2ccn(C)c2c(N=Cc2nc(C=O)cc3nsnc23)c1OC,-5.298215,-3.196218,2.101997,0.9765792120723272,3.565109378421438
7615,COc1cc2cc(C=Nc3cc(C)cc4nccnc34)n(C)c2cc1OC,-5.34916,-1.934899,3.414261,0.8744126382723819,2.8762362515483098
7616,COc1c:C(c2c(OC)c(OC)cc3cc[nH]c23):sc1-c1cc(O)cc2nsnc12,-5.027884,-2.193708,2.834176,0.9038135603832136,3.252332172273074
7618,COc1c:C(c2c(OC)c(OC)cc3[nH]ccc23):sc1-c1occ2nc(C#N)cnc12,-4.948116,-2.567276,2.38084,0.8877456402430949,3.387578725210004
7624,COc1cc2cc(N=Cc3c(C#N)ccc4ccccc34)n(C)c2cc1OC,-4.849206,-2.334234,2.514972,0.9909948936616936,2.7648238908165084
7626,COc1cc2cc(N=Cc3scc4nccnc34)n(C)c2cc1OC,-4.836315,-2.639784,2.196532,0.9999993349047442,3.1888050823304885
7627,COc1cc(-c2cc(C#N)cc3nonc23)s:C:1c1c(OC)c(OC)cc2cc[nH]c12,-5.27766,-3.08425,2.19341,0.9013829877698548,3.221368872141724
7628,COc1cc2cc(C=Nc3occ4nc(O)cnc34)n(C)c2cc1OC,-4.792342,-2.161352,2.63099,0.9999999975753412,3.4487450819792524
7629,COc1cc(-c2cc(OC):C(c3c(OC)c(OC)cc4ccn(C)c34):s2)c2nonc2c1,-5.194742,-2.418019,2.776723,0.6429864637162505,3.123211615599656
7630,COc1cc2nonc2c(N=Cc2cc3cc(OC)c(OC)cc3n2C)n1,-5.350709,-2.679548,2.671161,0.9999999986915228,3.2204947930068526
7631,COc1cc2cc(C=Nc3cccc4cc(C#N)ccc34)n(C)c2cc1OC,-5.462144,-1.987491,3.474653,0.8877315026611468,2.68378062158574
7632,COc1cc2ccn(C)c2c(C=Nc2c(C(F)(F)F)ncc3nsnc23)c1OC,-5.524541,-2.881471,2.643071,0.603053274013563,3.437605092461397
7634,CNc1ccc2nsnc2c1C1:sc(-c2cc3cc(OC)c(OC)cc3[nH]2)cc:1OC,-4.584307,-1.939291,2.645016,0.7883524808963178,3.0355783794883084
7637,COc1cc2cc(N=Cc3cc(F)cc4nsnc34)n(C)c2cc1OC,-5.141139,-2.76192,2.379219,0.9997433560425149,3.1303714853056555
7638,COc1cc2cc(N=Cc3cc(F)cc4nonc34)n(C)c2cc1OC,-5.284952,-2.888004,2.396948,0.9999477644165746,3.0985646245987963
7639,COc1cc(C=Nc2cc3cc(OC)c(OC)cc3n2C)c2nsnc2c1,-5.008837,-2.478248,2.530589,0.9999607203314866,3.0706937940058534
7640,COc1cnc2c(C3:cc4cc(OC)c(OC)cc4n:3C)scc2n1,-4.921552,-2.058922,2.86263,0.7495532995348863,2.907608549286067
7642,COc1cc2cc[nH]c2c(C=Cc2cc(OC(C)=O)cc3nonc23)c1OC,-5.353901,-2.498759,2.855143,0.964026031275985,3.093493506201125
7644,COc1cc2ccn(C)c2c(C2:nc(C#N)cc3nsnc:23)c1OC,-5.404009,-3.150634,2.253375,0.426104788167167,3.2511472275092537
7647,COc1cc2nsnc2c(C=Nc2c(OC)c(OC)cc3cc(C(=O)O)n(C)c23)n1,-5.358161,-2.94969,2.408471,0.9236802250606412,3.461828428342586
7649,COc1cc2cc(N=Cc3scc4ncc(NC(C)=O)nc34)n(C)c2cc1OC,-4.785396,-2.551035,2.234361,0.9999548538995792,3.271125709513722
7654,COc1cc2[nH]ccc2:C(N=Cc2scc3ncc(C#N)nc23):c1OC,-5.297337,-3.100872,2.196464,0.9403162154678482,3.448531027925199
7655,COc1cc2[nH]c(C(=O)O)cc2c(C=Nc2nccc3nsnc23)c1OC,-5.678805,-2.637848,3.040956,0.9453537839204472,3.16896911868118
7657,COc1cc2cc(C#Cc3cccc4ncc(C=O)nc34)[nH]c2cc1OC,-5.390605,-2.791434,2.599171,1.0,2.974360873080625
7658,COc1cc2[nH]c(C(=O)O)cc2c(N=Cc2cc(C=O)cc3nonc23)c1OC,-5.634986,-3.196407,2.43858,0.8945896681788633,3.269697191690081
7660,COc1cc2cc(C3:cccc4ncc(Br)nc:34)n(C)c2cc1OC,-5.150382,-2.3268,2.823582,0.5998470459519978,2.5715389934897512
7663,COc1cc2c(ccn2C)c(C=Nc2nc(C(F)(F)F)cc3nsnc23)c1OC,-5.578242,-2.773163,2.805079,0.9447159478322908,3.3878700497263523
7664,COc1cc2ccn(C)c2c(C#Cc2nc(Br)cc3nonc23)c1OC,-5.578588,-3.085908,2.492679,1.0,3.3859359343701048
7666,COc1cc2cc(C=Nc3c(C=O)ccc4nccnc34)n(C)c2cc1OC,-5.286674,-2.317823,2.968851,0.8490989184306794,3.0048192754318928
7673,COc1cc2[nH]c(C(=O)O)cc2c(C=Cc2c(C=O)ncc3nsnc23)c1OC,-5.599365,-3.138269,2.461096,0.9846290782009428,3.3700108877501176
7674,COc1cc2cc(C=NC3:cc(F)cc4nonc:34)n(C)c2cc1OC,-5.269995,-2.552475,2.71752,0.9999999757348284,3.046718262852435
7675,COc1cc2cc(N=Cc3c(OC)ccc4nonc34)n(C)c2cc1OC,-4.886983,-2.618592,2.268391,0.9889674852777,3.0029321556442152
7679,COc1cc(-c2c(OC)c(OC)cc3cc(C(=O)O)[nH]c23)sc1C1:c(C#N)ccc2nsnc:12,-5.465593,-2.838237,2.627355,0.7642832109462847,3.267929169346093
7682,COc1c:C(c2c(OC)c(OC)cc3[nH]c(C(=O)O)cc23):sc1-c1cc(S)cc2nsnc12,-5.139259,-2.292132,2.847127,0.8893680280070194,3.4005214424204526
7683,COc1cc2cc(C3:c(S)ncc4nonc:34)n(C)c2cc1OC,-5.100243,-2.88183,2.218413,0.664043322188904,3.1422416275194305
7684,COc1cc2[nH]c(C(=O)O)cc2c(C=Cc2c(S(=O)(=O)O)ncc3nsnc23)c1OC,-5.610738,-3.337552,2.273186,0.8822751187806335,3.3910520041390697
7685,COc1cc2cc(C=Nc3occ4ncc(C)nc34)n(C)c2cc1OC,-4.747442,-2.118998,2.628444,0.999999993631244,3.2316523584865298
7686,CNc1cc(-c2cc(OC):C(c3c(OC)c(OC)cc4cc[nH]c34):s2)c2nsnc2c1,-4.964871,-2.167108,2.797763,0.8904698798716906,3.249851499626597
7687,COc1cc2cc(C(=O)O)[nH]c2c(C=Nc2c(C)ccc3nsnc23)c1OC,-5.581296,-2.45738,3.123916,0.9333835111880546,3.1424971259674344
7688,COc1cc2cc(C(=O)O)[nH]c2c(N=Cc2c(S)ncc3nonc23)c1OC,-5.712998,-3.179101,2.533897,0.9030302843883684,3.542742111361786
7691,COc1cc2ccn(C)c2c(C=Cc2c(C)ccc3nsnc23)c1OC,-5.088809,-2.329749,2.75906,0.7623682173961921,3.050744874079045
7694,COc1cc2cc(N=Cc3scc4nc(OC(C)=O)cnc34)n(C)c2cc1OC,-5.034113,-2.713886,2.320227,0.9998130356054744,3.365163045348618
7695,COc1cc2[nH]ccc2c(N=Cc2c(O)ncc3nonc23)c1OC,-5.326936,-2.797944,2.528992,0.9211462620040544,3.4121127746381807
7697,COc1cc2c(ccn2C)c(C=Cc2cc(S)cc3nonc23)c1OC,-5.455343,-2.345144,3.110199,0.8290338423845434,3.2823143127484844
7698,COc1cc2cc(C3:c(C(F)(F)F)ccc4nsnc:34)n(C)c2cc1OC,-5.376022,-2.830092,2.54593,0.5263036761633346,2.821415192607251
7699,COc1c:C(c2c(OC)c(OC)cc3ccn(C)c23):sc1-c1cccc2ncc(F)nc12,-5.145669,-1.992115,3.153555,0.5587902995328117,3.0845336781524884
7701,COc1cc(-c2c(OC)c(OC)cc3cc[nH]c23)s:C:1c1cc(C=O)cc2nccnc12,-5.049353,-2.415544,2.633809,0.9006443675787309,3.14641358186082
7704,COc1cc(-c2scc3nc(Br)cnc23)s:C:1c1c(OC)c(OC)cc2cc(C(=O)O)n(C)c12,-5.342399,-2.69677,2.645629,0.6123929276930696,3.4584614163096568
7705,COc1cc2[nH]ccc2c(C=Nc2cc(S)cc3nsnc23)c1OC,-5.288214,-2.287382,3.000832,0.9306027851985011,3.426008928484335
7706,CNc1cc2nsnc2c(C#CC2:cc3cc(OC)c(OC)cc3n:2C)n1,-5.153507,-2.447244,2.706263,1.0,3.2381405472526072
7707,COc1cc2cc(N=Cc3c(C)ccc4nsnc34)n(C)c2cc1OC,-4.984086,-2.574812,2.409274,0.9994002275322508,3.0672161838503547
7712,COc1cc2cc(-c3cc(OC):C(c4cc(S(=O)(=O)O)cc5nonc45):s3)[nH]c2cc1OC,-5.232662,-2.846523,2.386139,0.8677645611952851,3.081325908921693
7714,COc1cc2[nH]c(C(=O)O)cc2c(N=Cc2c(F)ncc3nonc23)c1OC,-5.536376,-3.247039,2.289337,0.8967461834689414,3.345900631322838
7716,COc1cc2c(cc(C(=O)O)n2C)c(C=Nc2c(C)ncc3nsnc23)c1OC,-5.560558,-2.612764,2.947794,0.9017629777827836,3.3121521010084054
7717,COc1cc(-c2c(OC)c(OC)cc3ccn(C)c23)s:C:1c1occ2ncc(NC(C)=O)nc12,-4.87726,-1.969755,2.907505,0.5294734846302942,3.3667229193460937
7721,COc1cc2ccn(C)c2:C(c2nc(S)cc3nonc23):c1OC,-5.428642,-2.723647,2.704995,0.4473111402116195,3.3255463786506523
7723,COc1cc2c(ccn2C)c(C#Cc2cccc3nccnc23)c1OC,-4.98784,-1.962285,3.025554,1.0,2.7864282586944285
7724,COc1cc2[nH]c(C(=O)O)cc2c(C#Cc2cc(Br)cc3nonc23)c1OC,-5.687995,-2.79579,2.892205,1.0,3.155940163942117
7727,COc1cc2cc(C(=O)O)n(C)c2c(C=Cc2c(S)ccc3nonc23)c1OC,-5.413716,-2.579672,2.834045,0.8669329560337686,3.3053042377605424
7729,COc1cc2c(cc(C(=O)O)n2C)c(C=Cc2scc3ncc(S)nc23)c1OC,-5.100023,-2.418033,2.68199,0.984903750248586,3.5063982548545587
7730,COc1cc2cc[nH]c2c(C=Nc2c(OC)ccc3nccnc23)c1OC,-5.348907,-1.774925,3.573982,0.796572462978647,2.953318269530328
7731,COc1cc2c(cc(C(=O)O)n2C):C(c2occ3nc(S(=O)(=O)O)cnc23):c1OC,-5.792272,-3.064009,2.728262,0.7699748711069574,3.308216246621868
7733,COc1cc2c(cc(C(=O)O)n2C):C(c2c(OC)ncc3nsnc23):c1OC,-5.551309,-2.59655,2.954759,0.4299845731526675,3.024684467739585
7734,COc1cc2[nH]ccc2c(C#Cc2cc(S)cc3nsnc23)c1OC,-5.199048,-2.407517,2.791531,1.0,3.424003159253565
7735,COc1cc2[nH]c(C(=O)O)cc2c(C=Cc2c(S)ccc3nsnc23)c1OC,-5.461173,-2.419068,3.042104,0.8746558990046487,3.231708421001515
7740,COc1cc(-c2c(OC)c(OC)cc3cc[nH]c23)s:C:1c1c(O)ccc2nonc12,-5.143765,-2.130824,3.012941,0.8243476930560193,3.1326096320226275
7741,COc1cc2cc(C(=O)O)n(C)c2c(C#Cc2nc(C(F)(F)F)cc3nsnc23)c1OC,-5.772088,-3.161168,2.61092,1.0,3.4389192598784533
7750,COc1cc2[nH]ccc2c(C=Nc2occ3ncc(OC(C)=O)nc23)c1OC,-4.996171,-2.190521,2.80565,0.999094350482121,3.405646390816509
7751,COc1cc2c(ccn2C)c(C=Nc2cccc3ncc(S)nc23)c1OC,-5.292956,-1.839665,3.453292,0.8574968680870358,3.194163724075783
7758,COc1cc2[nH]ccc2:C(c2nc(S)cc3nonc23):c1OC,-5.649991,-2.641429,3.008562,0.622552133682628,3.23733277996684
7760,COc1cc2ccn(C)c2:C(c2scc3nc(C=O)cnc23):c1OC,-5.45807,-2.834375,2.623695,0.3517618370290534,3.209850586122471
7764,CNc1ncc2nsnc2c1C#Cc1c(OC)c(OC)cc2cc[nH]c12,-4.951007,-2.638983,2.312024,1.0,3.37261348946366
7766,CNc1cnc2csc(C3:sc(-c4cc5cc(OC)c(OC)cc5n4C)cc:3OC)c2n1,-4.704646,-1.801365,2.903281,0.732131425705997,3.220122520079792
7767,COc1cc2nsnc2c(C2:sc(-c3c(OC)c(OC)cc4cc(C(=O)O)n(C)c34)cc:2OC)n1,-5.413429,-2.435303,2.978126,0.4712489978001905,3.4076142197751995
7770,COc1cc2cc(C(=O)O)n(C)c2:C(c2c(S)ccc3nsnc23):c1OC,-5.642994,-2.370164,3.27283,0.0554264520538453,3.145775192607253
7772,COc1cc2cc[nH]c2:C(c2scc3ncc(C)nc23):c1OC,-5.001471,-2.202573,2.798898,0.9297777986613666,3.003657954792016
7774,COc1cc2ccn(C)c2:C(c2nncc3nonc23):c1OC,-5.437385,-3.058641,2.378744,0.5060604972961741,3.1380558568899177
7779,CNc1ncc2nonc2c1C1:sc(-c2c(OC)c(OC)cc3cc(C(=O)O)[nH]c23)cc:1OC,-5.136385,-2.46032,2.676065,0.7573381876712888,3.3853993616537865
7783,COc1cc(-c2c(OC)c(OC)cc3c2cc(C(=O)O)n3C)s:C:1c1c(OC(C)=O)ccc2nonc12,-5.369935,-2.338638,3.031297,0.7488159583738678,3.208929580915441
7784,COc1cc(-c2c(OC)c(OC)cc3[nH]c(C(=O)O)cc23)s:C:1c1c(S(=O)(=O)O)ccc2nccnc12,-5.659134,-2.441401,3.217734,0.3514427587346355,3.143636227666748
7796,COc1cc2[nH]c(C(=O)O)cc2c(C=Cc2c(OC(C)=O)ccc3nsnc23)c1OC,-5.390108,-2.421929,2.968179,0.952542354773741,3.0660098043981536
7798,COc1cc2cc[nH]c2c(C=Nc2c(S(=O)(=O)O)ncc3nsnc23)c1OC,-5.559689,-3.444002,2.115687,0.9647005903516556,3.506456424896353
7799,COc1cc2ccn(C)c2c(C=Cc2occ3ncc(C(F)(F)F)nc23)c1OC,-5.124481,-2.593211,2.53127,0.9606717555814264,3.3850290240853287
7801,COc1cc2c(ccn2C):C(c2cc(F)cc3nccnc23):c1OC,-5.300784,-1.884469,3.416315,0.2831098936008667,2.64166683747675
7804,CNc1cnc2coc(N=Cc3c(OC)c(OC)cc4cc[nH]c34)c2n1,-4.751467,-2.000299,2.751168,0.9999247259952132,3.4670627202328914
7805,COc1cc2cc(C(=O)O)[nH]c2c(C=Nc2cc(C(F)(F)F)cc3nsnc23)c1OC,-5.858185,-2.846948,3.011236,0.9765845526824352,3.285795474622075
7806,COc1cc2[nH]ccc2:C(c2cccc3ccc(C=O)cc23):c1OC,-5.300429,-1.56678,3.733649,0.4128740833077134,2.397782005407411
7808,COc1cc2cc(C(=O)O)[nH]c2c(C=Nc2cccc3nc(C#N)cnc23)c1OC,-5.840025,-2.710225,3.1298,0.8500266801754137,3.149424620973484
7810,COc1cc2cc(C(=O)O)[nH]c2c(C=Nc2cc(S(=O)(=O)O)cc3nccnc23)c1OC,-5.832453,-2.585959,3.246494,0.850430295278549,3.1616015003907503
7811,COc1cc2ccn(C)c2c(C=Nc2nc(OC(C)=O)cc3nonc23)c1OC,-5.600941,-2.742318,2.858623,0.8944704688577237,3.4398546025718817
7813,COc1cc2c(cc(C(=O)O)n2C)c(C=Nc2cc(S)cc3nonc23)c1OC,-5.637277,-2.599198,3.03808,0.9898260954416483,3.405630733487037
7816,COc1cc(-c2c(OC)c(OC)cc3[nH]ccc23)s:C:1c1c(F)ncc2nsnc12,-5.005991,-2.637904,2.368087,0.7753896974802367,3.289438254562878
7821,COc1c:C(c2c(OC)c(OC)cc3cc(C(=O)O)n(C)c23):sc1-c1c(C#N)ccc2nonc12,-5.699793,-2.846141,2.853652,0.4702251691730362,3.308261001564839
7822,COc1c:C(c2c(OC)c(OC)cc3cc[nH]c23):sc1-c1nc(F)cc2nsnc12,-5.264765,-2.626741,2.638024,0.8838206372702474,3.3952566803231647
7824,COc1cc2cc(C(=O)O)[nH]c2c(N=Cc2c(C#N)ncc3nsnc23)c1OC,-5.633879,-3.461517,2.172362,0.9894937364142342,3.4748043211459905
7825,COc1cc2cc(N=Cc3c(O)ccc4nccnc34)n(C)c2cc1OC,-5.146987,-2.298614,2.848373,0.9712217849223972,2.962470816982876
7828,COc1c:C(c2c(OC)c(OC)cc3[nH]c(C(=O)O)cc23):sc1-c1cc(Br)cc2nsnc12,-5.296562,-2.420478,2.876084,0.7678981815306649,3.207841045398119
7829,COc1cc2cc(N=Cc3cccc4nc(C#N)cnc34)n(C)c2cc1OC,-4.952233,-2.793748,2.158486,0.9999967319657312,3.012808506201125
7831,COc1c:C(c2c(OC)c(OC)cc3[nH]c(C(=O)O)cc23):sc1-c1nc(O)cc2nsnc12,-5.338399,-2.493029,2.84537,0.8602380167635952,3.390875288574298
7832,COc1cc2cc(N=Cc3occ4ncc(F)nc34)n(C)c2cc1OC,-4.923937,-2.655443,2.268495,0.9998515489730158,3.484632815866988
7833,COc1c:C(c2c(OC)c(OC)cc3cc(C(=O)O)n(C)c23):sc1-c1scc2nccnc12,-4.98441,-2.158192,2.826218,0.5357905307729147,3.275502583859658
7834,COc1cc2cc(-c3cc(OC):C(c4c(F)ncc5nonc45):s3)[nH]c2cc1OC,-4.916265,-2.830058,2.086207,0.8675505173275817,3.166582619500266
7835,COc1c:C(c2c(OC)c(OC)cc3cc(C(=O)O)n(C)c23):sc1-c1cc(O)cc2nsnc12,-5.30838,-2.163351,3.145029,0.5082003514952432,3.342091051937187
7837,COc1cc2cc(C#Cc3c(OC(C)=O)ncc4nsnc34)[nH]c2cc1OC,-5.063128,-2.927659,2.135469,1.0,3.278377736970355
7838,COc1c:C(c2c(OC)c(OC)cc3cc(C(=O)O)n(C)c23):sc1-c1scc2nc(C=O)cnc12,-5.218693,-2.663545,2.555148,0.554081873440466,3.46705236734192
7839,COc1cc2cc(C=Nc3c(OC)ncc4nsnc34)n(C)c2cc1OC,-4.90954,-2.582513,2.327027,0.9998554113236816,3.225785102697163
7840,COc1cnc2c(N=Cc3cc4cc(OC)c(OC)cc4n3C)scc2n1,-5.05366,-2.300876,2.752784,0.999951238216854,3.1773307570428164
7842,COc1cc2c(cc(C(=O)O)n2C)c(N=Cc2cc(C=O)cc3nsnc23)c1OC,-5.435103,-3.056831,2.378272,0.8743971846482826,3.327969087683245
7843,COc1cc2ccn(C)c2c(C=Nc2nc(C#N)cc3nonc23)c1OC,-5.783491,-3.172913,2.610578,0.9112320154751016,3.47462746033952
7844,COc1cc2cc(-c3cc(OC):C(c4cc(O)cc5nccnc45):s3)[nH]c2cc1OC,-4.817622,-1.976232,2.84139,0.971422006997487,2.9373298055902968
7845,COc1cc2[nH]ccc2c(C=Cc2c(Br)ccc3nccnc23)c1OC,-5.040028,-2.046204,2.993824,0.8795036776094995,2.893183951002122
7847,COc1cc2[nH]ccc2c(C=Cc2cc(S(=O)(=O)O)cc3nsnc23)c1OC,-5.485233,-2.778424,2.706809,0.8635646376544373,3.1226129974377352
7848,COc1cc2cc(N=Cc3c(F)ccc4nsnc34)n(C)c2cc1OC,-5.009597,-2.698735,2.310863,0.9998883573416846,3.0766427950769666
7850,COc1cc2cc(-c3cc(OC):C(c4c(S(=O)(=O)O)ccc5nonc45):s3)[nH]c2cc1OC,-5.104232,-2.91297,2.191263,0.7448899169360923,3.07364203795395
7851,COc1cc2cc(N=Cc3c(C)ccc4nonc34)n(C)c2cc1OC,-4.902423,-2.594333,2.30809,0.9988256838457148,3.0371962254303977
7852,COc1cc(C2:cc3cc(OC)c(OC)cc3n:2C)c2nsnc2c1,-4.858661,-2.157735,2.700926,0.6565745892551265,2.696661420358657
7853,COc1cc2cc(N=Cc3c(OC)ncc4nsnc34)[nH]c2cc1OC,-4.707554,-2.795878,1.911676,0.9999992097593936,3.270807335617508
7854,COc1cc2cc[nH]c2c(C=Cc2c(C=O)ccc3ccccc23)c1OC,-5.043458,-2.201274,2.842184,0.7836146142519533,2.717175665980033
7857,COc1cnc2csc(C3:cc4cc(OC)c(OC)cc4n:3C)c2n1,-5.005686,-2.063546,2.942139,0.6955141990855913,2.8948427854724166
7858,COc1cc2cc(C=Nc3scc4nc(F)cnc34)n(C)c2cc1OC,-5.09267,-2.520001,2.572668,0.9999490149073452,3.295524291958463
7860,COc1cc2cc(N=Cc3nc(C(F)(F)F)cc4nsnc34)n(C)c2cc1OC,-5.328275,-3.175454,2.152821,0.9999476792923772,3.4200153488716527
7861,COc1cc2cc(N=Cc3occ4ncc(C(F)(F)F)nc34)n(C)c2cc1OC,-5.172507,-2.965839,2.206668,0.9969612358887204,3.438011930068233
7863,COc1cc2cc(C=Nc3c(C=O)ccc4nsnc34)n(C)c2cc1OC,-5.337791,-2.682073,2.655717,0.9133041028023152,3.1488921956042546
7864,COc1cc2[nH]ccc2:C(c2scc3ncc(C#N)nc23):c1OC,-5.399451,-2.702018,2.697433,0.4811609943069998,3.1118274528194503
7866,COc1cc2[nH]ccc2c(C=Cc2c(C=O)ncc3nsnc23)c1OC,-5.233475,-2.788412,2.445062,0.7895170261833332,3.3549919510021216
7867,COc1cc(-c2c(OC)c(OC)cc3cc[nH]c23)s:C:1c1cc(C(F)(F)F)cc2nsnc12,-5.211414,-2.611844,2.599571,0.9091164782862368,3.2498574225693355
7868,COc1cc2cc(N=Cc3cc(C=O)cc4nonc34)n(C)c2cc1OC,-5.330857,-3.206444,2.124413,0.9996372892877456,3.2187541336661933
7869,COc1cc2cc[nH]c2c(C=Nc2cc(C=O)cc3nsnc23)c1OC,-5.526125,-2.927487,2.598637,0.9691790041399126,3.3618947202328906
7870,COc1cc2cc(C#Cc3c(C=O)ccc4ccccc34)[nH]c2cc1OC,-5.0641,-2.126255,2.937845,1.0,2.7219472636131705
7871,COc1cc2cc(C#Cc3cc(S(=O)(=O)O)cc4ccccc34)n(C)c2cc1OC,-5.293846,-2.044332,3.249514,1.0,2.720117988782146
7872,COc1c:C(c2c(OC)c(OC)cc3ccn(C)c23):sc1-c1scc2ncc(S)nc12,-4.938095,-2.148994,2.789101,0.5765194963827278,3.5376140182877123
7877,COc1cc2cc(C=Nc3occ4nc(C(F)(F)F)cnc34)n(C)c2cc1OC,-5.186201,-2.638186,2.548014,0.9999699758751288,3.363620477076781
7879,COc1cc2[nH]ccc2c(C=Cc2c(OC)ccc3nccnc23)c1OC,-4.758887,-1.786874,2.972013,0.9619269273056772,2.7918561393528147
7881,COc1cc2cc[nH]c2c(N=Cc2c(C=O)ncc3nonc23)c1OC,-5.414684,-3.428928,1.985756,0.9647218127040024,3.491527951002122
7886,COc1cc2c(cc(C(=O)O)n2C)c(C=Nc2c(C#N)ccc3nsnc23)c1OC,-5.772505,-2.898118,2.874387,0.9146250947623048,3.2332712854854435
7887,COc1cc2c(cc(C(=O)O)n2C)c(C=Cc2cccc3ncc(C=O)nc23)c1OC,-5.412644,-2.613691,2.798953,0.9494051127152618,2.9873684250878085
7888,COc1c:C(c2c(OC)c(OC)cc3cc[nH]c23):sc1-c1cc(S)cc2nsnc12,-5.076115,-2.338462,2.737654,0.9037134658543484,3.427033603400087
7889,COc1cc2cc(N=Cc3nc(OC(C)=O)cc4nsnc34)n(C)c2cc1OC,-5.022259,-2.905556,2.116702,0.9998980555887322,3.434471488125353
7891,COc1cc2c(cc(C(=O)O)n2C)c(C=Nc2c(C)ccc3nsnc23)c1OC,-5.425093,-2.242418,3.182674,0.8888293494553898,3.104338425794729
7893,COc1cc2cc(C(=O)O)[nH]c2c(C=Nc2cccc3nc(C=O)cnc23)c1OC,-5.74571,-2.645839,3.099871,0.858227056986991,3.1462383766295936
7897,COc1cc2cc(C(=O)O)[nH]c2c(N=Cc2c(O)ncc3nonc23)c1OC,-5.728957,-3.074157,2.6548,0.9238479966549408,3.440857203864221
7898,COc1cc2cc(N=Cc3nc(F)cc4nonc34)n(C)c2cc1OC,-5.450811,-3.176513,2.274298,0.9999681288002716,3.3858367659709367
7903,COc1cc2c(ccn2C)c(C=Cc2occ3ncc(OC(C)=O)nc23)c1OC,-4.791405,-2.110834,2.680571,0.9897799526788986,3.3237562911272294
7907,COc1cc2cc(C(=O)O)[nH]c2c(C2:c(C=O)ncc3nsnc:23)c1OC,-5.522046,-3.248047,2.273998,0.3436676876621244,3.271148836331948
7910,COc1cc2cc(C3:cc(C)cc4nsnc:34)n(C)c2cc1OC,-5.117169,-2.320911,2.796258,0.6383807313548111,2.7077024872479374
7915,COc1cc2cc(C=Nc3c(S)ccc4nonc34)n(C)c2cc1OC,-5.156812,-2.476189,2.680623,0.986024656130856,3.194537181771352
7922,COc1cc2cc(-c3cc(OC):C(c4nc(OC(C)=O)cc5nonc45):s3)n(C)c2cc1OC,-5.199654,-2.6204,2.579254,0.9137508313833518,3.2819109001153244
7923,COc1cc2ccn(C)c2c(C#Cc2occ3ncc(O)nc23)c1OC,-4.990459,-2.162716,2.827744,1.0,3.5791047493389208
7925,COc1cc2ccn(C)c2:C(c2c(OC(C)=O)ncc3nsnc23):c1OC,-5.231678,-2.822718,2.40896,0.0660452216465622,3.1873632088015853
7927,COc1cc2cc(C(=O)O)[nH]c2:C(c2cc(NC(C)=O)cc3nonc23):c1OC,-5.73643,-2.466119,3.270311,0.7664570974988059,2.8826153488716546
7928,COc1cc2c(cc(C(=O)O)n2C)c(C=Cc2c(OC(C)=O)ccc3nonc23)c1OC,-5.454836,-2.487507,2.96733,0.9543542513477334,3.0739677925255826
7930,COc1cc2[nH]ccc2:C(c2occ3nc(NC(C)=O)cnc23):c1OC,-4.960202,-1.885872,3.07433,0.7631278171573155,3.030694146428317
7936,COc1cc2[nH]c(C(=O)O)cc2c(C=Nc2nc(S)cc3nonc23)c1OC,-6.004236,-2.922453,3.081783,0.9410863147052472,3.505574828012225
7939,COc1cc2cc(C(=O)O)[nH]c2c(C=Nc2c(F)ncc3nsnc23)c1OC,-5.72362,-3.016571,2.70705,0.9882563917193624,3.417877846512712
7940,COc1cc(-c2c(OC)c(OC)cc3cc[nH]c23)s:C:1c1c(S(=O)(=O)O)ccc2nccnc12,-5.303686,-2.504653,2.799032,0.5514547162479531,3.1270878231922463
7945,COc1cc2ccn(C)c2c(C=Cc2cccc3nc(Br)cnc23)c1OC,-5.14873,-2.313285,2.835445,0.8401191148939344,2.950056031768092
7951,COc1cc2cc(C(=O)O)n(C)c2:C(c2occ3nc(Br)cnc23):c1OC,-5.657986,-2.451203,3.206784,0.3737560653030862,3.292614577222638
7960,COc1cc2[nH]c(C(=O)O)cc2:C(c2scc3nc(C(F)(F)F)cnc23):c1OC,-5.683256,-2.578919,3.104337,0.6891675776940468,3.115788959982764
7961,COc1cc2c(cc(C(=O)O)n2C):C(c2nc(C)cc3nsnc23):c1OC,-5.630721,-2.568551,3.06217,0.532867098556586,2.9928231926072524
7962,COc1cc2c:C(c3nc(OC(C)=O)cc4nonc34):n(C)c2cc1OC,-5.271639,-2.675602,2.596037,0.9781443949055372,2.991693370744903
7966,COc1cc2cc(C(=O)O)n(C)c2c(C=Nc2cc(Br)cc3nccnc23)c1OC,-5.65783,-2.176908,3.480922,0.7245420586127853,3.1507976591118165
7968,COc1cc(-c2c(OC)c(OC)cc3cc[nH]c23)s:C:1c1c(Br)ccc2nccnc12,-5.060807,-2.127808,2.932999,0.6050369998386688,3.0496283362730985
7970,CNc1cc(C2:sc(-c3c(OC)c(OC)cc4cc[nH]c34)cc:2OC)c2nsnc2c1,-4.883211,-1.925215,2.957995,0.9024797152679404,3.2576613526948783
7971,COc1cc2cc(-c3cc(OC):C(c4c(OC(C)=O)ccc5nonc45):s3)n(C)c2cc1OC,-4.848923,-2.30913,2.539794,0.7197661046900921,3.0728613808845555
7974,COc1cc2[nH]c(C(=O)O)cc2c(C=Cc2occ3ncc(OC(C)=O)nc23)c1OC,-5.07763,-2.303539,2.774091,0.9867786912460416,3.346442165140859
7975,COc1cc(-c2c(OC)c(OC)cc3ccn(C)c23)s:C:1c1c(S)ccc2nsnc12,-5.266417,-2.266583,2.999834,0.2996934446611089,3.3173044029030967
7977,COc1cc(-c2c(OC)c(OC)cc3cc(C(=O)O)n(C)c23)s:C:1c1nc(F)cc2nonc12,-5.769572,-2.692625,3.076948,0.5492917871957126,3.4339682989007496
7983,COc1cc(N=Cc2c(OC)c(OC)cc3cc[nH]c23)c2nccnc2c1,-5.427745,-1.866741,3.561004,0.8562632188662489,2.9925916423113943
7986,COc1cc(-c2c(OC)c(OC)cc3cc[nH]c23)s:C:1c1c(F)ncc2nonc12,-5.259608,-2.872837,2.386771,0.7973319547065479,3.332256680323164
7987,COc1cc2[nH]c(C(=O)O)cc2:C(c2c(C#N)ccc3nsnc23):c1OC,-5.906272,-2.8479,3.058372,0.4543107692946257,2.897900253335997
7989,CNc1cc2nsnc2c(C2:c(OC)c(OC)cc3cc(C(=O)O)[nH]c:23)n1,-5.453913,-2.422144,3.03177,0.7595990350395851,3.137937905157859
7990,COc1cc2[nH]ccc2c(C=Nc2cccc3ccc(C=O)cc23)c1OC,-5.338264,-1.823617,3.514647,0.8815751675147865,2.743103476630921
7994,COc1cc(-c2c(OC)c(OC)cc3ccn(C)c23)s:C:1c1occ2ncc(C(F)(F)F)nc12,-5.126659,-2.377947,2.748712,0.5538738219232971,3.43257785355662
7995,COc1cc2[nH]ccc2:C(c2occ3nc(S(=O)(=O)O)cnc23):c1OC,-5.579889,-2.904033,2.675856,0.7571427118209904,3.262301776081152
7996,COc1cc2c(ccn2C)c(C=Nc2cccc3ncc(C)nc23)c1OC,-5.233382,-1.68423,3.549153,0.8406461466852926,2.8643231646352234
7997,COc1cc2ccn(C)c2c(C=Cc2c(C)ccc3nonc23)c1OC,-5.056172,-2.372131,2.684041,0.9387249761013452,3.020724915659086
8000,COc1cc2cc(C#Cc3cccc4ccc(C#N)cc34)n(C)c2cc1OC,-5.190363,-2.084944,3.105419,1.0,2.665996967739586
8003,COc1cc2cc[nH]c2:C(c2occ3ncc(S(=O)(=O)O)nc23):c1OC,-5.745824,-3.058328,2.687497,0.907857883404603,3.357206728662817
8007,COc1cc2cc[nH]c2:C(c2cc(C=O)cc3c2SCS3):c1OC,-5.467857,-1.727011,3.740846,0.5096087462074564,3.3703150782375104
8008,COc1cc(-c2c(OC)c(OC)cc3ccn(C)c23)s:C:1c1occ2ncc(C)nc12,-4.791473,-1.909541,2.881932,0.5560168065000268,3.308913318987013
8009,COc1cc2cc(-c3cc(OC):C(c4c(NC(C)=O)ncc5nsnc45):s3)n(C)c2cc1OC,-4.797623,-2.619046,2.178577,0.7025990678294421,3.2358709962691705
8010,COc1cc(-c2c(OC)c(OC)cc3[nH]c(C(=O)O)cc23)s:C:1c1cc(S(=O)(=O)O)cc2nsnc12,-5.416092,-2.734603,2.681489,0.732319750020658,3.2781589556171475
8012,COc1c:C(c2c(OC)c(OC)cc3c2ccn3C):sc1-c1c(C#N)ncc2nsnc12,-5.247736,-2.923457,2.324278,0.7891447934705376,3.364180339183763
8014,COc1c:C(c2c(OC)c(OC)cc3cc(C(=O)O)n(C)c23):sc1-c1nc(C)cc2nonc12,-5.642432,-2.436072,3.20636,0.5393131489902258,3.3146304851355683
8015,COc1c:C(c2c(OC)c(OC)cc3ccn(C)c23):sc1-c1scc2ncc(C#N)nc12,-5.211108,-2.744154,2.466954,0.6302352033530408,3.398002993452572
8016,COc1c:C(c2c(OC)c(OC)cc3c2cc(C(=O)O)n3C):sc1-c1nc(S)cc2nsnc12,-5.341136,-2.571534,2.769602,0.8698394807351477,3.531924736147713
8017,COc1c:C(c2c(OC)c(OC)cc3cc(C(=O)O)n(C)c23):sc1-c1nc(C(F)(F)F)cc2nsnc12,-5.763165,-2.834884,2.928281,0.5446981831836797,3.488197397108384
8018,COc1cc2cc(N=Cc3scc4nc(C)cnc34)n(C)c2cc1OC,-4.788637,-2.518324,2.270313,0.9999890637837292,3.237493938528109
8022,COc1c:C(c2c(OC)c(OC)cc3cc[nH]c23):sc1-c1c(F)ccc2nsnc12,-5.049409,-2.352111,2.697298,0.7655646664850624,3.12254702021583
8023,COc1c:C(c2c(OC)c(OC)cc3cc[nH]c23):sc1-c1cc(C)cc2nonc12,-5.072924,-2.195055,2.877869,0.9050116361060736,3.114343979070929
8024,COc1cc2cc(C(=O)O)n(C)c2c(C=Nc2c(C=O)ncc3nonc23)c1OC,-6.103164,-3.227966,2.875197,0.8469027823684365,3.495556999771158
8027,COc1c:C(c2c(OC)c(OC)cc3cc(C(=O)O)[nH]c23):sc1-c1cc(O)cc2nonc12,-5.326447,-2.32772,2.998726,0.90324261848594,3.249424171948988
8028,COc1cc2cc(N=Cc3occ4nc(S)cnc34)n(C)c2cc1OC,-5.024382,-2.656421,2.367962,0.999989450446536,3.681755269089441
8029,COc1cc(-c2cc(OC):C(c3cc4cc(OC)c(OC)cc4n3C):s2)c2nsnc2c1,-4.915623,-2.382851,2.532772,0.8447442381183121,3.037042892015548
8030,COc1cc(-c2cc(C#N)cc3nsnc23)s:C:1c1c(OC)c(OC)cc2c1ccn2C,-5.153968,-2.929602,2.224366,0.7888293176339902,3.2275157576114903
8031,COc1c:C(c2c(OC)c(OC)cc3cc(C(=O)O)[nH]c23):sc1-c1scc2nc(Br)cnc12,-5.114252,-2.496127,2.618124,0.8982746612238819,3.3955621372095344
8034,COc1cc2cc(C#Cc3cc(C#N)cc4ccccc34)n(C)c2cc1OC,-5.036914,-2.039955,2.996959,1.0,2.70301985235497
8036,COc1cc2cc(N=Cc3occ4ncc(C)nc34)n(C)c2cc1OC,-4.746542,-2.421288,2.325254,0.9999978940863444,3.3275332316674024
8043,COc1cc2cc(N=Cc3cc(S(=O)(=O)O)cc4nonc34)n(C)c2cc1OC,-5.389689,-3.218383,2.171306,0.9996080183304747,3.200312784769089
8044,COc1cc2cc(N=Cc3c(F)ccc4nonc34)n(C)c2cc1OC,-5.145211,-2.805776,2.339435,0.9998091256808064,3.046622836657008
8045,COc1cc2c:C(c3c(OC)ncc4nsnc34):n(C)c2cc1OC,-4.999544,-2.711194,2.28835,0.6868471697213571,2.9249864474442493
8046,COc1cc2[nH]c(C(=O)O)cc2c(C=Nc2c(C=O)ncc3nsnc23)c1OC,-5.88556,-2.973294,2.912267,0.8720981186445161,3.434365109138485
8052,COc1cc2cc(N=Cc3c(OC(C)=O)ncc4nonc34)n(C)c2cc1OC,-5.206333,-3.178655,2.027677,0.9440388437472522,3.3237782423467426
8056,COc1cc2cc(N=Cc3nccc4nsnc34)n(C)c2cc1OC,-5.168343,-2.925698,2.242645,0.9999932634014204,3.2044916207920267
8058,CNc1cnc2c(C=Nc3cc4cc(OC)c(OC)cc4n3C)occ2n1,-4.621771,-2.232425,2.389346,0.9999960284788668,3.421280207592268
8060,COc1cnc2csc(C#Cc3cc4cc(OC)c(OC)cc4[nH]3)c2n1,-4.937281,-2.202316,2.734965,1.0,3.2147950279251987
8061,COc1cc2[nH]ccc2c(C#Cc2c(Br)ncc3nsnc23)c1OC,-5.294263,-2.930934,2.363329,1.0,3.361778159253566
8062,COc1cc(-c2scc3ncc(C#N)nc23)s:C:1c1c(OC)c(OC)cc2[nH]c(C(=O)O)cc12,-5.28265,-3.051426,2.231224,0.7984441341979138,3.377280611653786
8063,COc1cc2[nH]ccc2c(C=Nc2nccc3nsnc23)c1OC,-5.318822,-2.464131,2.854691,0.9445570015947552,3.1469022545394685
8065,COc1cc2[nH]c(C(=O)O)cc2c(C2:c(C=O)ncc3nsnc:23)c1OC,-5.748045,-3.157353,2.590692,0.1776074361938436,3.168133451716564
8066,COc1cc2cc(-c3cc(OC)c(C4:cccc5ncc(Br)nc:45)s3)n(C)c2cc1OC,-4.700003,-2.174568,2.525435,0.8931293117071979,2.947058107569225
8068,COc1cc2cc(N=Cc3cc(Br)cc4nccnc34)n(C)c2cc1OC,-5.085353,-2.538853,2.5465,0.9999994058254524,2.960075612187671
8071,COc1cc2[nH]c(C(=O)O)cc2c(C=Cc2c(S)ncc3nonc23)c1OC,-5.491849,-2.960266,2.531583,0.9888305178291854,3.3820163080511723
8077,COc1cc(-c2c(OC)c(OC)cc3cc(C(=O)O)[nH]c23)s:C:1c1c(OC(C)=O)ccc2nonc12,-5.386074,-2.416038,2.970036,0.7403477873499895,3.223974321953782
8078,COc1cc2cc(C#Cc3c(OC(C)=O)ccc4nonc34)n(C)c2cc1OC,-5.192786,-2.609272,2.583514,1.0,3.0080048839977733
8082,COc1cc2cc[nH]c2c(C=Cc2c(OC(C)=O)ccc3nsnc23)c1OC,-5.240076,-2.454863,2.785213,0.9505965243312916,3.0844173523549703
8088,COc1cc2cc(C=Nc3cc(O)cc4nsnc34)n(C)c2cc1OC,-5.067042,-2.314921,2.75212,0.9999931593589856,3.172009115243286
8090,COc1cc2cc(C(=O)O)n(C)c2c(C=Nc2c(C)ccc3nsnc23)c1OC,-5.497974,-2.255713,3.242261,0.7785314711216109,3.17933671639302
8091,CNc1cc2nonc2c(-c2cc(OC):C(c3c(OC)c(OC)cc4[nH]ccc34):s2)n1,-5.132068,-2.413409,2.718659,0.7866830987017954,3.234955216134809
8095,COc1cc2cc(C=Nc3c(O)ncc4nonc34)n(C)c2cc1OC,-5.08328,-2.716043,2.367237,0.9999990043504676,3.2762519426861134
8096,COc1cc2ccn(C)c2c(N=Cc2c(C)ncc3nonc23)c1OC,-5.20848,-2.927694,2.280786,0.8610608943522058,3.3059238761580474
8097,COc1cc2cc(N=Cc3scc4nc(O)cnc34)n(C)c2cc1OC,-4.819754,-2.531727,2.288027,0.9999983195938178,3.447308075742246
8098,COc1c:C(c2c(OC)c(OC)cc3cc(C(=O)O)n(C)c23):sc1-c1cccc2ncc(F)nc12,-5.305141,-2.024632,3.280509,0.5205795771194915,3.170423952899217
8099,COc1cc(-c2c(OC)c(OC)cc3cc[nH]c23)s:C:1c1cccc2ccc(C#N)cc12,-5.250786,-1.813849,3.436937,0.7077267477660552,2.8508794681484453
8100,COc1cc2cc(C#Cc3occ4nc(C)cnc34)[nH]c2cc1OC,-4.765982,-2.170691,2.595291,1.0,3.254047390022796
8104,CNc1cc2nsnc2c(C2:cc3cc(OC)c(OC)cc3n:2C)n1,-5.114788,-2.313811,2.800977,0.9697897464890352,2.9680655373684086
8107,COc1cc2cc(C=Nc3occ4nc(NC(C)=O)cnc34)n(C)c2cc1OC,-4.882925,-2.248881,2.634044,0.9999437244611576,3.2683243961928943
8108,COc1cc2cc(C(=O)O)n(C)c2c(N=Cc2cc(S(=O)(=O)O)cc3nsnc23)c1OC,-5.447815,-3.144313,2.303502,0.8737039871299626,3.3627024766616724
8110,COc1cc2cc(C=Nc3occ4ncc(OC(C)=O)nc34)n(C)c2cc1OC,-4.838417,-2.249042,2.589375,0.999996972925374,3.35540657255312
8112,COc1cc2cc(C=Nc3cc(C=O)cc4nccnc34)n(C)c2cc1OC,-5.432778,-2.469572,2.963206,0.8708837740854486,3.0601467754318934
8113,COc1cc2cc(C(=O)O)n(C)c2c(C=Cc2c(C(F)(F)F)ccc3nonc23)c1OC,-5.503168,-2.864962,2.638206,0.93970986576799,3.217534994144188
8114,COc1cc2c:C(c3occ4nc(S(=O)(=O)O)cnc34):n(C)c2cc1OC,-5.310143,-3.036681,2.273462,0.9998343114832284,3.18990750029956
8116,COc1cc2cc(C=Nc3cncc4nsnc34)n(C)c2cc1OC,-5.139701,-2.746128,2.393574,0.999999923106663,3.179570466945874
8119,COc1cc(-c2c(OC)c(OC)cc3cc(C(=O)O)n(C)c23)s:C:1c1c(F)ncc2nonc12,-5.688165,-2.86848,2.819685,0.4132136361643843,3.4144437644877943
8121,COc1cc2[nH]ccc2c(C=Nc2cc(C(F)(F)F)cc3nsnc23)c1OC,-5.520463,-2.588165,2.932298,0.9344918888154654,3.184479014964513
8122,COc1cc2[nH]ccc2:C(c2c(S)ncc3nsnc23):c1OC,-5.213727,-2.570959,2.642768,0.2105333583301291,3.2082474652815254
8132,COc1cc2cc(C(=O)O)n(C)c2:C(c2cc(OC(C)=O)cc3nonc23):c1OC,-5.599199,-2.411264,3.187935,0.2831763830618736,3.008403967863307
8135,COc1cc2c(cc(C(=O)O)n2C)c(C=Cc2scc3nc(NC(C)=O)cnc23)c1OC,-4.966238,-2.27123,2.695007,0.9850141133571672,3.2475767812896272
8136,COc1cc2[nH]ccc2:C(c2nc(C(F)(F)F)cc3nonc23):c1OC,-5.685106,-2.897314,2.787791,0.7377349144826576,3.0315167392002262
8137,COc1cc(-c2c(OC)c(OC)cc3c2ccn3C)s:C:1c1c(C)ccc2nsnc12,-4.966695,-2.025559,2.941136,0.6904843469920725,3.067631500805195
8139,CNc1cnc2coc(C3:c(OC)c(OC)cc4c:3ccn4C)c2n1,-4.653972,-1.558698,3.095274,0.7659411377994859,3.1145071408353644
8148,COc1cc2c(cc(C(=O)O)n2C)c(C=Cc2cc(S)cc3nsnc23)c1OC,-5.394114,-2.44821,2.945903,0.9410903533092048,3.349946972803277
8149,COc1cc2[nH]c(C(=O)O)cc2:C(c2occ3ncc(C(F)(F)F)nc23):c1OC,-5.576172,-2.598136,2.978036,0.8135066889015149,3.153202998444302
8151,COc1cc(-c2c(OC)c(OC)cc3cc[nH]c23)s:C:1c1cccc2ncc(S)nc12,-4.970052,-1.986544,2.983508,0.8850581393653991,3.2127780337666163
8152,COc1cc2cc(C(=O)O)[nH]c2c(C=Nc2nc(NC(C)=O)cc3nsnc23)c1OC,-5.772127,-2.803808,2.968318,0.9830070112001555,3.3960925630188434
8155,COc1cc(-c2c(OC)c(OC)cc3c2ccn3C)s:C:1c1occ2ncc(Br)nc12,-4.762016,-2.142845,2.61917,0.8917579008543226,3.3658918154905084
8158,COc1cc(-c2c(OC)c(OC)cc3[nH]ccc23)s:C:1c1c(O)ccc2nonc12,-5.005942,-1.957647,3.048296,0.8203786424929496,3.071181009482377
8161,CNc1cc2nonc2c(C2:c(OC)c(OC)cc3cc(C(=O)O)n(C)c:23)n1,-5.613834,-2.32755,3.286283,0.4382728468414966,3.143938905609409
8165,COc1cc2c(ccn2C):C(c2c(S(=O)(=O)O)ccc3nccnc23):c1OC,-5.317576,-2.316005,3.001571,0.3069755485009765,2.743204586082781
8171,COc1cc(-c2c(OC)c(OC)cc3cc(C(=O)O)[nH]c23)s:C:1c1c(Br)ccc2nonc12,-5.449662,-2.566328,2.883334,0.6885766878391126,3.2080584151251674
8172,COc1cc2ccn(C)c2:C(c2c(OC)ccc3nccnc23):c1OC,-5.054585,-1.864442,3.190143,0.0357895122934999,2.672464208798379
8173,CNc1cnc2csc(C3:c(OC)c(OC)cc4cc[nH]c:34)c2n1,-4.817013,-1.947917,2.869096,0.8656838335590353,3.1190796267324945
8175,COc1cc2c(ccn2C)c(C#Cc2occ3ncc(NC(C)=O)nc23)c1OC,-4.892007,-2.082099,2.809908,1.0,3.321973176680701
8176,COc1cc2ccn(C)c2:C(c2cccc3nc(NC(C)=O)cnc23):c1OC,-5.041703,-1.852871,3.188832,0.0842369942432918,2.7179127053247853
8177,COc1cc2c(cc(C(=O)O)n2C):C(c2c(C=O)ccc3nonc23):c1OC,-5.815248,-2.780439,3.034809,0.3339565120062226,2.9318655328283434
8180,COc1cc2[nH]c(C(=O)O)cc2c(C=Nc2cc(C=O)cc3nccnc23)c1OC,-5.704332,-2.457585,3.246747,0.8492799837053437,3.1473346662223527
8182,COc1cc2c(ccn2C)c(C=Nc2cccc3nc(C(F)(F)F)cnc23)c1OC,-5.416524,-2.195274,3.22125,0.8347476218714177,3.0305767799909376
8191,COc1cc2[nH]ccc2c(C=Cc2c(O)ccc3nccnc23)c1OC,-5.184473,-1.567759,3.616714,0.4929327652695448,2.862366104848276
8198,COc1cc(C2:sc(-c3c(OC)c(OC)cc4cc[nH]c34)cc:2OC)c2nonc2c1,-5.071607,-2.096239,2.975369,0.906182071627516,3.105389442582519
8199,COc1cc2cc[nH]c2:C(c2c(F)ccc3nccnc23):c1OC,-5.187066,-2.087652,3.099415,0.5398028089383903,2.6660856467993828
8200,COc1cc2c(ccn2C):C(c2occ3ncc(OC(C)=O)nc23):c1OC,-5.093358,-1.965242,3.128116,0.7839537855776445,3.142800455765148
8207,CNc1ncc2nonc2c1C=Cc1c(OC)c(OC)cc2cc(C(=O)O)[nH]c12,-5.47375,-2.478141,2.995609,0.5387271428399314,3.2931529140165354
8209,COc1cc2[nH]c(C(=O)O)cc2:C(c2cc(S)cc3nsnc23):c1OC,-5.619074,-2.321179,3.297896,0.5728767519448802,3.144920532667033
8214,COc1cc2cc(C(=O)O)n(C)c2c(C=Cc2scc3nc(OC(C)=O)cnc23)c1OC,-5.100366,-2.395475,2.704891,0.9317549511619873,3.406250592871304
8219,COc1c:C(c2c(OC)c(OC)cc3c2ccn3C):sc1-c1c(C=O)ncc2nonc12,-5.237339,-2.900997,2.336342,0.8045349909507092,3.39169462489805
8221,COc1c:C(c2c(OC)c(OC)cc3c2cc(C(=O)O)n3C):sc1-c1nccc2nsnc12,-5.224782,-2.447695,2.777088,0.8629557261988646,3.19937851438075
8222,COc1c:C(c2c(OC)c(OC)cc3cc(C(=O)O)[nH]c23):sc1-c1nc(F)cc2nonc12,-5.611181,-2.773616,2.837566,0.9014609478847496,3.386073799740552
8223,COc1c:C(c2c(OC)c(OC)cc3[nH]ccc23):sc1-c1c(C#N)ccc2nsnc12,-5.195497,-2.618614,2.576883,0.784765076579226,3.161821076117524
8224,COc1cc2cc(C#Cc3occ4nc(C(F)(F)F)cnc34)[nH]c2cc1OC,-5.179009,-2.720991,2.458018,1.0,3.374849608927512
8228,COc1cc2cc(C#Cc3c(OC)ncc4nsnc34)[nH]c2cc1OC,-4.947426,-2.780655,2.166771,1.0,3.184708258694431
8230,COc1cc2cc[nH]c2c(C=Nc2cccc3nc(C#N)cnc23)c1OC,-5.550204,-2.617627,2.932577,0.8487093264375202,3.112717677814354
8231,COc1cc2cc(N=Cc3nc(O)cc4nsnc34)n(C)c2cc1OC,-5.170613,-2.913461,2.257151,0.9998806131155454,3.442450695284866
8232,COc1cc(-c2cc(C#N)cc3nsnc23)s:C:1c1c(OC)c(OC)cc2cc[nH]c12,-5.161308,-2.998633,2.162675,0.8992271020259728,3.266088837569554
8233,COc1cc2nonc2c(-c2cc(OC):C(c3cc4cc(OC)c(OC)cc4n3C):s2)n1,-5.070407,-2.853597,2.21681,0.8732665098559143,3.149281945269986
8234,COc1cc2cc(N=Cc3cc(O)cc4nsnc34)n(C)c2cc1OC,-5.087836,-2.618002,2.469834,0.9990779909101142,3.201117847052017
8235,COc1cc2cc(C=Nc3occ4nc(S)cnc34)n(C)c2cc1OC,-5.139309,-2.442925,2.696384,0.9999971329831824,3.585874395908567
8236,COc1c:C(c2c(OC)c(OC)cc3[nH]c(C(=O)O)cc23):sc1-c1c(Br)ccc2nonc12,-5.417591,-2.450646,2.966946,0.6708332013245416,3.1548072984998567
8240,COc1cc2cc(N=Cc3cccc4ncc(NC(C)=O)nc34)n(C)c2cc1OC,-4.888729,-2.243071,2.645658,0.995216880959094,2.9054733087562905
8241,COc1cc2cc(N=Cc3c(C=O)ccc4nonc34)n(C)c2cc1OC,-5.420639,-3.19678,2.223859,0.969246556848862,3.1707673204793805
8242,COc1cc(-c2cc(OC):C(c3c(OC)c(OC)cc4cc(C(=O)O)[nH]c34):s2)c2nonc2c1,-5.286411,-2.53878,2.747631,0.8994413590590553,3.153342150115325
8249,CNc1ccc2nonc2c1C=Cc1c(OC)c(OC)cc2cc[nH]c12,-5.267023,-1.975711,3.291312,0.4515662920546167,3.129390104848276
8250,COc1cc2cc[nH]c2c(C=Cc2c(OC(C)=O)ncc3nsnc23)c1OC,-5.336116,-2.85418,2.481936,0.952905074847495,3.3418121600472794
8252,COc1cc2nsnc2c(C=Nc2c(OC)c(OC)cc3[nH]c(C(=O)O)cc23)n1,-5.452437,-2.905989,2.546447,0.9021148044783768,3.3858782423467417
8259,COc1cc(-c2c(OC)c(OC)cc3[nH]ccc23)s:C:1c1c(S)ccc2nonc12,-5.191421,-2.166255,3.025166,0.6314681168356526,3.2241343189635927
8261,COc1cc2[nH]c(C(=O)O)cc2c(C=Nc2c(Br)ncc3nsnc23)c1OC,-5.717648,-2.932443,2.785205,0.8878758002846054,3.3801146527444548
8262,COc1cc2cc[nH]c2c(C=Nc2nccc3nsnc23)c1OC,-5.485713,-2.73781,2.747903,0.9963379855247814,3.2287587380559533
8263,COc1cc2cc(C#Cc3cccc4cc(C=O)ccc34)[nH]c2cc1OC,-5.020431,-2.049344,2.971087,1.0,2.6792301038498554
8265,COc1cc(C2:sc(-c3c(OC)c(OC)cc4cc[nH]c34)cc:2OC)c2nsnc2c1,-4.951886,-2.075442,2.876444,0.9040662479726428,3.1501094080103496
8267,COc1cc2cc(C#CC3:cccc4ncc(Br)nc:34)n(C)c2cc1OC,-4.883779,-2.358492,2.525288,1.0,2.925296591208649
8269,COc1cc2[nH]c(C(=O)O)cc2c(C=Cc2c(C(F)(F)F)ncc3nsnc23)c1OC,-5.625638,-3.088347,2.537291,0.9829842555948344,3.315017299309017
8272,COc1cc2cc(N=Cc3c(S(=O)(=O)O)ccc4nonc34)n(C)c2cc1OC,-5.658022,-3.49911,2.158912,0.969952863102482,3.185601673657977
8273,COc1cc2cc(C(=O)O)n(C)c2c(N=Cc2c(F)ncc3nsnc23)c1OC,-5.319174,-3.146178,2.172997,0.8919394504506168,3.4582102206665244
8276,COc1cc2cc(-c3s:C(c4scc5nc(O)cnc45):cc3OC)n(C)c2cc1OC,-4.573825,-2.348743,2.225082,0.8598599644818763,3.313638318987013
8279,COc1cc2cc[nH]c2c(N=Cc2cc(S)cc3nccnc23)c1OC,-5.267585,-2.35647,2.911115,0.935785829592002,3.301922412540584
8284,COc1cc2c(ccn2C)c(C=Cc2cc(C=O)cc3c2SCS3)c1OC,-5.226115,-1.466851,3.759264,0.3879743856394817,3.438573514285574
8285,COc1cc2cc(C(=O)O)[nH]c2c(N=Cc2nc(C)cc3nsnc23)c1OC,-5.531733,-2.910065,2.621669,0.9810779314307524,3.3710427929586704
8287,COc1cc2cc(C(=O)O)[nH]c2c(N=Cc2scc3nc(F)cnc23)c1OC,-5.429706,-2.820977,2.60873,0.966522345405126,3.482088946804824
8289,COc1cc2cc(N=Cc3scc4nc(C=O)cnc34)n(C)c2cc1OC,-4.852967,-2.972318,1.880649,0.9999990267113734,3.4012913964034563
8290,COc1cc2[nH]c(C(=O)O)cc2c(C=Nc2c(C)ccc3nsnc23)c1OC,-5.486177,-2.264182,3.221995,0.8875655668990299,3.074431887408525
8295,COc1cc2cc(N=Cc3c(NC(C)=O)ncc4nsnc34)n(C)c2cc1OC,-5.094129,-2.956093,2.138036,0.9714395131431408,3.286790437468693
8296,COc1cc2[nH]c(C(=O)O)cc2c(N=Cc2c(C)ncc3nonc23)c1OC,-5.540014,-3.007738,2.532276,0.8592966171226444,3.271343474555556
8299,COc1cc2c(ccn2C)c(C=Cc2cccc3ncc(O)nc23)c1OC,-4.917242,-1.729655,3.187586,0.9562169598887318,2.934640047752108
8301,COc1cc2cc(C3:c(O)ncc4nonc:34)n(C)c2cc1OC,-4.938189,-2.772143,2.166046,0.7818983723968193,3.02387533792667
8303,CNc1cc2nsnc2c(-c2cc(OC)c(C3:cc4cc(OC)c(OC)cc4n:3C)s2)n1,-4.848479,-2.514512,2.333967,0.8674439661431429,3.224871294382412
8304,COc1cc2cc(N=Cc3c(C)ncc4nsnc34)n(C)c2cc1OC,-4.874152,-2.816152,2.057999,0.9998343640423588,3.2614459135800846
8305,COc1cc2cc(C(=O)O)[nH]c2c(C=Cc2c(S)ccc3nonc23)c1OC,-5.699277,-2.466657,3.23262,0.5724873877394723,3.2716536985088176
8306,COc1cc2c(ccn2C)c(N=Cc2c(OC)ncc3nsnc23)c1OC,-4.894722,-2.706791,2.187931,0.8942636202388426,3.3187575302695898
8309,COc1cc2cc(N=Cc3nc(S(=O)(=O)O)cc4nonc34)n(C)c2cc1OC,-5.901856,-3.734332,2.167524,0.9998803786308984,3.479957229213533
8310,COc1cc2c:C(c3occ4ncc(OC(C)=O)nc34):n(C)c2cc1OC,-4.681554,-2.150889,2.530664,0.9931026421204772,3.05969802661535
8311,COc1cc(-c2cc(C=O)cc3nccnc23)s:C:1c1c(OC)c(OC)cc2[nH]ccc12,-5.013313,-2.506558,2.506754,0.762237211742222,3.0814359898875754
8312,COc1cc2cc(-c3cc(OC)c(C4:c(C(F)(F)F)ccc5nonc:45)s3)n(C)c2cc1OC,-5.107626,-2.745176,2.36245,0.5593811257955377,3.1204870033541905
8314,COc1cc(-c2nc(C=O)cc3nonc23)s:C:1c1c(OC)c(OC)cc2cc(C(=O)O)n(C)c12,-5.645419,-3.295279,2.35014,0.6337404418282584,3.460589886965152
8315,COc1cc2c:C(c3cc(C=O)cc4nccnc34):n(C)c2cc1OC,-5.358484,-2.67713,2.681354,0.5732362322718977,2.6940136890478588
8316,COc1cc2[nH]ccc2c(C=Cc2scc3ncc(NC(C)=O)nc23)c1OC,-4.819525,-2.158372,2.661153,0.97951720212389,3.182365044662664
8317,COc1cc2cc(C(=O)O)n(C)c2c(N=Cc2c(F)ncc3nonc23)c1OC,-5.458072,-3.277182,2.18089,0.906263300971567,3.4235196223759274
8328,COc1cc2c(cc(C(=O)O)n2C):C(c2occ3nc(F)cnc23):c1OC,-5.39782,-2.243784,3.154036,0.7608851927580474,3.2094028849149456
8331,COc1cc2[nH]ccc2:C(c2cc(C=O)cc3nonc23):c1OC,-5.414844,-2.790923,2.62392,0.6254502642610887,2.894360563187343
8335,COc1cc(-c2c(OC)c(OC)cc3cc[nH]c23)s:C:1c1scc2ncc(C(F)(F)F)nc12,-4.971076,-2.523273,2.447803,0.9135921801057584,3.35488422157678
8340,COc1cc2ccn(C)c2:C(c2cccc3ncc(OC(C)=O)nc23):c1OC,-5.055727,-1.991802,3.063925,0.2893836533633387,2.791837145441632
8342,COc1cc(-c2c(OC)c(OC)cc3cc[nH]c23)s:C:1c1c(Br)ccc2nsnc12,-5.131765,-2.477772,2.653993,0.6598202104654345,3.17308709177218
8351,CNc1cnc2csc(C3:c(OC)c(OC)cc4[nH]ccc:34)c2n1,-4.912224,-1.649891,3.262333,0.6078888337842449,3.0425164160301525
8352,COc1cc(-c2c(OC)c(OC)cc3ccn(C)c23)s:C:1c1c(S(=O)(=O)O)ncc2nsnc12,-5.326367,-3.228999,2.097368,0.3968871065393127,3.4957177725849604
8353,COc1cc2cc(C(=O)O)n(C)c2c(C=Nc2c(S)ncc3nonc23)c1OC,-5.70191,-2.964903,2.737007,0.9003199358425666,3.5444751779314814
8358,COc1cc2cc[nH]c2:C(c2nc(OC(C)=O)cc3nsnc23):c1OC,-5.09369,-2.686366,2.407324,0.7666072181712595,3.1768889489231205
8361,COc1cc2c(cc(C(=O)O)n2C):C(c2cc(OC(C)=O)cc3nsnc23):c1OC,-5.655218,-2.29629,3.358928,0.4241947058178798,2.9582959048419912
8362,COc1cc2c(ccn2C)c(C#Cc2cccc3nc(C)cnc23)c1OC,-4.949168,-1.830353,3.118816,1.0,2.847945142657201
8367,COc1cc(-c2c(OC)c(OC)cc3cc(C(=O)O)[nH]c23)s:C:1c1c(Br)ncc2nonc12,-5.542862,-3.03364,2.509222,0.7033946871849563,3.409357670708294
8368,CNc1cnc2csc(C=Cc3c(OC)c(OC)cc4cc[nH]c34)c2n1,-4.673642,-1.986023,2.687619,0.968594721182776,3.319625181771353
8374,COc1cc2cc[nH]c2c(C=Nc2nc(NC(C)=O)cc3nsnc23)c1OC,-5.538774,-2.722081,2.816693,0.999825580604177,3.376167929278048
8376,COc1cnc2c(C3:sc(-c4c(OC)c(OC)cc5ccn(C)c45)cc:3OC)cccc2n1,-5.038277,-1.70223,3.336047,0.566080075954013,3.029655284350657
8377,COc1cc2[nH]ccc2c(C#Cc2c(C(F)(F)F)ccc3nonc23)c1OC,-5.373639,-2.758619,2.61502,1.0,3.114529647875905
8378,COc1cc2[nH]c(C(=O)O)cc2c(C#Cc2nccc3nonc23)c1OC,-5.852766,-2.95842,2.894345,1.0,3.1078967910088497
8379,COc1cc(-c2c(OC)c(OC)cc3c2ccn3C)s:C:1c1cc(C=O)cc2nccnc12,-4.990214,-2.346767,2.643447,0.8918126016457211,3.113495218884209
8381,COc1cc2cc[nH]c2c(C=Nc2cccc3ncc(O)nc23)c1OC,-5.39647,-1.85079,3.54568,0.846465482728971,3.1456990279251986
8385,COc1cc2cc(C(=O)O)n(C)c2:C(c2nc(NC(C)=O)cc3nonc23):c1OC,-5.776175,-2.66703,3.109145,0.3695575538608538,3.10207403273819
8387,COc1cc2[nH]ccc2c(C=Cc2c(O)ccc3nsnc23)c1OC,-5.121253,-2.094133,3.02712,0.868184224655725,3.015641620792028
8392,COc1cc2[nH]c(C(=O)O)cc2c(C=Cc2c(C#N)ncc3nsnc23)c1OC,-5.600071,-3.145758,2.454314,0.980817334279199,3.319958730151619
8398,COc1cc2c:C(c3cc(O)cc4nsnc34):n(C)c2cc1OC,-5.129589,-2.328814,2.800775,0.6538085199419646,2.8236864238995203
8401,COc1cc2ccn(C)c2:C(c2c(S(=O)(=O)O)ccc3nsnc23):c1OC,-5.526132,-2.906285,2.619848,0.222606432939322,2.9932256541457143
8402,COc1cc2ccn(C)c2c(C=Cc2cc(C(F)(F)F)cc3nccnc23)c1OC,-5.245256,-2.410074,2.835182,0.8465920312476087,2.9834339228480804
8407,COc1cc2c(cc(C(=O)O)n2C):C(c2scc3ncc(S(=O)(=O)O)nc23):c1OC,-5.790511,-2.880987,2.909524,0.8143254193760276,3.2787357588169908
8411,CNc1cc2nonc2c(C=Cc2c(OC)c(OC)cc3cc(C(=O)O)[nH]c23)n1,-5.484686,-2.570524,2.914162,0.9887771384679672,3.310391375554996
8412,COc1cc2cc(-c3cc(OC):C(c4scc5ncc(C(F)(F)F)nc45):s3)n(C)c2cc1OC,-4.886233,-2.528315,2.357918,0.8925521848724223,3.257033400115324
8418,COc1cc(-c2c(OC)c(OC)cc3c2cc(C(=O)O)n3C)s:C:1c1c(S)ncc2nonc12,-5.35712,-2.693433,2.663687,0.7552785907665773,3.470526517524232
8420,COc1c:C(c2c(OC)c(OC)cc3cc[nH]c23):sc1-c1c(C=O)ncc2nonc12,-5.326575,-3.111911,2.214664,0.6967488929293253,3.433957117604127
8422,COc1c:C(c2c(OC)c(OC)cc3[nH]ccc23):sc1-c1nccc2nsnc12,-5.054776,-2.371087,2.683689,0.8903753202779637,3.119053932510236
8423,COc1cc2cc(C3:cc(OC)c(-c4cccc5nsnc45)s:3)n(C)c2cc1OC,-4.68777,-2.243739,2.444031,0.8963970442435896,2.912642547943916
8424,COc1c:C(c2c(OC)c(OC)cc3[nH]ccc23):sc1-c1nc(F)cc2nsnc12,-5.224433,-2.5229,2.701533,0.8635947383535483,3.333828057782913
8425,COc1c:C(c2c(OC)c(OC)cc3c2cc(C(=O)O)n3C):sc1-c1nc(C(F)(F)F)cc2nsnc12,-5.449477,-2.768171,2.681307,0.859759977535792,3.4202602930359864
8427,COc1cc2c(ccn2C)c(C=Cc2c(C#N)ncc3nsnc23)c1OC,-5.400101,-3.066544,2.333557,0.9611377166350216,3.303053833965893
8428,COc1cc2cc(N=Cc3nc(OC(C)=O)cc4nonc34)n(C)c2cc1OC,-5.305715,-3.05392,2.251795,0.9999903915300627,3.3910182048232898
8429,COc1cc2cc(N=Cc3occ4ncc(O)nc34)n(C)c2cc1OC,-4.918435,-2.461611,2.456824,0.999976433046073,3.549960466594637
8432,COc1c:C(c2c(OC)c(OC)cc3[nH]c(C(=O)O)cc23):sc1-c1cc(C)cc2nonc12,-5.138789,-2.160015,2.978774,0.8935536162884525,3.111367596266607
8433,COc1cc2[nH]ccc2c(C=Nc2cccc3nc(C#N)cnc23)c1OC,-5.389829,-2.44566,2.944169,0.8404657714314616,3.0392567310687904
8434,COc1c:C(c2c(OC)c(OC)cc3c2ccn3C):sc1-c1cc(O)cc2nonc12,-4.97931,-2.053462,2.925848,0.8996391626888923,3.16553639591009
8435,COc1cc2cc(N=Cc3nc(C#N)cc4nonc34)n(C)c2cc1OC,-5.585357,-3.474216,2.111142,0.9999911361415156,3.4383271606392203
8436,COc1cc2[nH]c(C(=O)O)cc2c(N=Cc2nc(C=O)cc3nsnc23)c1OC,-5.66076,-3.346428,2.314332,0.8804602749829791,3.520527022834546
8437,COc1cc2cc(C=Nc3c(C#N)ccc4ccccc34)n(C)c2cc1OC,-5.251198,-1.813482,3.437716,0.759589125312556,2.7198204292780463
8439,COc1cc2cc(N=Cc3c(S(=O)(=O)O)ncc4nsnc34)n(C)c2cc1OC,-5.547694,-3.585249,1.962445,0.9712805332173436,3.453300818957123
8440,COc1c:C(c2c(OC)c(OC)cc3c2cc(C(=O)O)n3C):sc1-c1cc(F)cc2nonc12,-5.286126,-2.4024,2.883726,0.937838871055795,3.167853966916944
8441,COc1cc2cc(C=Nc3c(S(=O)(=O)O)ccc4nsnc34)n(C)c2cc1OC,-5.963297,-3.057848,2.905449,0.9154196154314416,3.121639280495585
8445,COc1c:C(c2c(OC)c(OC)cc3ccn(C)c23):sc1-c1c(C)ccc2nonc12,-5.211989,-2.168017,3.043972,0.4650645304310246,3.118695486819181
8447,COc1cc2cc(C=Nc3cccc4nc(C)cnc34)n(C)c2cc1OC,-5.213925,-1.84555,3.368375,0.8730989875836328,2.8157932945053545
8448,COc1cc(-c2cc(OC):C(c3c(OC)c(OC)cc4cc[nH]c34):s2)c2nonc2c1,-5.081125,-2.433452,2.647673,0.8951232861203509,3.097579589514238
8452,COc1cc2cc[nH]c2c(C=Cc2occ3nc(F)cnc23)c1OC,-5.049434,-2.355548,2.693886,0.9829791896524314,3.445432005407412
8454,COc1cc2cc[nH]c2c(C=Cc2scc3ncc(F)nc23)c1OC,-4.998339,-2.438886,2.559453,0.9826468147838868,3.3781839284843347
8455,COc1cc2c:C(c3cccc4cc(C#N)ccc34):n(C)c2cc1OC,-5.038689,-1.850749,3.18794,0.4996889361879628,2.322897472831645
8456,COc1cc2cc(C=Nc3scc4ncc(S(=O)(=O)O)nc34)n(C)c2cc1OC,-5.402825,-3.003789,2.399036,0.9869849602205216,3.403955519811824
8459,COc1cc2cc(N=Cc3cc(Br)cc4nonc34)n(C)c2cc1OC,-5.240625,-2.953332,2.287293,0.9999331432437716,3.1160313605655308
8462,COc1cc2cc(C=Nc3occ4nccnc34)n(C)c2cc1OC,-4.814559,-2.255499,2.55906,0.9999999979107344,3.1902820054074112
8463,COc1cc2c(ccn2C)c(C#Cc2c(Br)ncc3nsnc23)c1OC,-5.230634,-2.914948,2.315686,1.0,3.347088117322288
8468,COc1cc2[nH]ccc2c(C=Cc2cccc3ncc(Br)nc23)c1OC,-5.063964,-2.148627,2.915336,0.9686214295166492,2.842831951002122
8469,COc1cc2cc(N=Cc3cccc4cc(S(=O)(=O)O)ccc34)n(C)c2cc1OC,-5.113509,-2.299065,2.814444,0.9707920836887208,2.729544911859069
8473,COc1cc2cc(N=Cc3c(C#N)ccc4nccnc34)n(C)c2cc1OC,-5.245139,-2.874329,2.37081,0.9999162726555634,3.04742562158574
8474,COc1cc2ccn(C)c2c(C=Nc2nc(C(F)(F)F)cc3nsnc23)c1OC,-5.569922,-2.875811,2.694111,0.8944558177233641,3.4545230411793444
8477,COc1cc2cc(C=Nc3c(OC)ccc4nonc34)n(C)c2cc1OC,-5.017604,-2.185239,2.832365,0.951723511177321,2.9485293584414194
8487,COc1cc2cc(C=Nc3cccc4ncc(O)nc34)n(C)c2cc1OC,-5.394983,-1.905296,3.489687,0.8608114588699944,3.0204826051946645
8488,COc1c:C(c2c(OC)c(OC)cc3c2cc(C(=O)O)n3C):sc1-c1cc(S)cc2nsnc12,-5.111749,-2.280641,2.831108,0.8914111734460778,3.427298825216539
8490,COc1cc2cc(C=Nc3cccc4cc(S(=O)(=O)O)ccc34)n(C)c2cc1OC,-5.465319,-1.984833,3.480485,0.8913722423692904,2.707282274496432
8492,COc1cc2cc(N=Cc3occ4nc(C=O)cnc34)n(C)c2cc1OC,-5.033123,-3.033211,1.999912,0.9999581653966858,3.4948176701297298
8493,COc1cc2c(ccn2C)c(C=Cc2c(C=O)ccc3nonc23)c1OC,-5.357264,-2.693657,2.663607,0.8939770430166729,3.084822265534326
8495,COc1cc2cc(C=Nc3c(S(=O)(=O)O)ccc4nccnc34)n(C)c2cc1OC,-5.852877,-2.715202,3.137675,0.8737341559831532,2.9894982085623667
8496,COc1cc2cc(N=Cc3cccc4nc(NC(C)=O)cnc34)n(C)c2cc1OC,-5.0064,-2.285361,2.721039,0.9956248971469976,2.9073596435979194
8498,COc1cc2cc(C=Nc3cc(S(=O)(=O)O)cc4nsnc34)n(C)c2cc1OC,-5.271608,-2.885846,2.385762,0.9992079358680565,3.164143553999857
8499,COc1cc(-c2c(OC)c(OC)cc3cc[nH]c23)s:C:1c1c(C)ncc2nsnc12,-5.148001,-2.572155,2.575846,0.7057735987436929,3.273231814491321
8500,COc1cc2cc(N=Cc3nc(C)cc4nsnc34)n(C)c2cc1OC,-5.134167,-2.874045,2.260121,0.9999780777587478,3.2797752275093988
8501,COc1cc2c(ccn2C)c(C#Cc2c(S)ccc3nsnc23)c1OC,-5.270734,-2.402281,2.868453,1.0,3.243621797155968
8502,COc1cc2cc(N=Cc3c(NC(C)=O)ccc4nsnc34)n(C)c2cc1OC,-5.222561,-2.707514,2.515047,0.9638403626426298,3.1231626701140955
8503,COc1cc2c(ccn2C)c(C=Cc2cc(C(F)(F)F)cc3nonc23)c1OC,-5.362851,-2.64397,2.718881,0.975961506750404,3.0533999642562675
8504,COc1cc2nonc2c(C2:cc3cc(OC)c(OC)cc3n:2C)n1,-5.371938,-2.623023,2.748914,0.9855471986486126,2.871183413858116
8505,COc1cc2c:C(c3cccc4nc(S)cnc34):n(C)c2cc1OC,-5.198139,-2.143279,3.05486,0.5743928385847601,2.81088243877686
8507,COc1cc2cc(C=Nc3cc(C)cc4nsnc34)n(C)c2cc1OC,-4.989919,-2.289589,2.70033,0.9999969700668782,3.049334063268235
8511,COc1cc2cc(C(=O)O)[nH]c2c(C=Nc2cc(C)cc3nsnc23)c1OC,-5.571474,-2.494429,3.077045,0.9969212044761526,3.202438703377366
8514,COc1cc(-c2cc(C=O)cc3nccnc23)s:C:1c1c(OC)c(OC)cc2[nH]c(C(=O)O)cc12,-5.27337,-2.610064,2.663306,0.7548847275347026,3.145684692159958
8515,CNc1cnc2coc(N=Cc3cc4cc(OC)c(OC)cc4n3C)c2n1,-4.474917,-1.871704,2.603213,0.9999971174590714,3.333499188611249
8519,CNc1ncc2nonc2c1C1:c(OC)c(OC)cc2cc[nH]c:12,-5.327069,-2.454899,2.87217,0.4570239158706267,3.131318422719115
8525,COc1cc(-c2c(OC)c(OC)cc3cc[nH]c23)s:C:1c1c(Br)ncc2nonc12,-5.320166,-2.972565,2.347601,0.7150735912513917,3.379003549732824
8526,COc1cc2cc(C(=O)O)[nH]c2c(C=Nc2occ3ncc(C=O)nc23)c1OC,-5.527955,-2.945453,2.582501,0.9999837587400257,3.534817266736985
8532,COc1cc(-c2c(OC)c(OC)cc3cc(C(=O)O)[nH]c23)s:C:1c1occ2ncc(S)nc12,-4.890155,-2.22706,2.663096,0.8974146993811899,3.598985958549484
8533,COc1cc2[nH]ccc2c(C#Cc2cc(OC(C)=O)cc3nsnc23)c1OC,-5.134366,-2.369458,2.764908,1.0,3.1678975446626634
8534,COc1cc2c(ccn2C)c(C=Nc2nc(S)cc3nonc23)c1OC,-5.474659,-2.65239,2.822269,0.9453770549647597,3.505553605887777
8535,COc1cc2cc[nH]c2:C(c2nc(C)cc3nonc23):c1OC,-5.291772,-2.57622,2.715552,0.8561901870503925,2.953597814931875
8538,COc1cc2cc(-c3cc(OC):C(c4c(C=O)ccc5c4SCS5):s3)n(C)c2cc1OC,-5.039987,-1.708037,3.33195,0.5997454244666792,3.413206374686723
8540,CNc1cc(C#Cc2c(OC)c(OC)cc3c2ccn3C)c2nsnc2c1,-4.968225,-1.958871,3.009354,1.0,3.192225262537322
8542,COc1cc2[nH]ccc2c(C=Cc2cc(S)cc3nsnc23)c1OC,-5.148869,-2.316566,2.832303,0.9570225748591724,3.3138762361766423
8545,COc1cc(-c2c(OC)c(OC)cc3cc(C(=O)O)[nH]c23)s:C:1c1occ2nc(F)cnc12,-5.020482,-2.318104,2.702378,0.8924013037671781,3.459656430013505
8552,COc1cc2cc[nH]c2c(C=Nc2c(C)ccc3nccnc23)c1OC,-5.355053,-1.872266,3.482787,0.8259898285725699,2.959813489463661
8558,COc1cc2[nH]c(C(=O)O)cc2:C(c2nc(S)cc3nsnc23):c1OC,-5.830591,-2.728628,3.101963,0.5300932854274069,3.291934442045326
8561,COc1cc2c:C(c3scc4nc(O)cnc34):n(C)c2cc1OC,-4.813685,-2.118766,2.69492,0.7613700154511407,3.0834585958452223
8563,COc1cc2cc(C(=O)O)n(C)c2c(C=Nc2cccc3nc(C#N)cnc23)c1OC,-5.73862,-2.61271,3.12591,0.7290913705044362,3.187547204928657
8564,COc1cc2[nH]c(C(=O)O)cc2:C(c2scc3ncc(OC(C)=O)nc23):c1OC,-5.540347,-2.212909,3.327438,0.6297386708142942,3.110533297589601
8567,COc1cc2ccn(C)c2:C(c2c(NC(C)=O)ccc3nonc23):c1OC,-5.499364,-2.239747,3.259618,0.2355781958810028,2.864500050906848
8568,COc1cc2[nH]c(C(=O)O)cc2c(C=Nc2cc(C(F)(F)F)cc3nccnc23)c1OC,-5.832876,-2.324959,3.507916,0.8412717701268996,3.0780314053172857
8570,COc1cc2cc[nH]c2c(C=Cc2occ3nc(NC(C)=O)cnc23)c1OC,-4.86651,-2.145433,2.721077,0.9810136037177044,3.300128313893432
8571,COc1cc2ccn(C)c2c(C#Cc2scc3nc(C(F)(F)F)cnc23)c1OC,-5.23799,-2.787426,2.450564,1.0,3.418663212119517
8573,COc1cc2cc[nH]c2c(C=Cc2cccc3ncc(C=O)nc23)c1OC,-5.308857,-2.698283,2.610574,0.9625606241759468,2.9673241866900923
8577,COc1cc2c(ccn2C):C(c2scc3ncc(S)nc23):c1OC,-5.235546,-2.032781,3.202765,0.5521809857613466,3.313585745166489
8579,COc1cc2ccn(C)c2c(C=Nc2cc(C=O)cc3nonc23)c1OC,-5.542357,-3.009634,2.532723,0.9305471665194044,3.312505182617242
8582,COc1cc2c(ccn2C)c(C=Cc2occ3nc(C)cnc23)c1OC,-4.711561,-1.962005,2.749556,0.9884605459986302,3.203859011293183
8585,CNc1cc2nonc2c(C2:sc(-c3c(OC)c(OC)cc4cc(C(=O)O)n(C)c34)cc:2OC)n1,-5.302039,-2.194721,3.107318,0.5157169278637671,3.4050865902618543
8586,COc1cc2cc(C(=O)O)n(C)c2:C(c2occ3ncc(C(F)(F)F)nc23):c1OC,-5.6321,-2.585832,3.046268,0.4543935201947869,3.265833507409861
8587,COc1cc2ccn(C)c2:C(c2c(O)ccc3nsnc23):c1OC,-5.341265,-2.132904,3.208361,0.2720130824402209,2.898217419374633
8588,COc1cc2c(ccn2C)c(C=Cc2cccc3nc(S(=O)(=O)O)cnc23)c1OC,-5.310716,-2.704008,2.606708,0.9852615713159122,3.0142284283425864
8592,COc1cc2[nH]ccc2:C(c2cccc3ncc(S(=O)(=O)O)nc23):c1OC,-5.811477,-2.577125,3.234352,0.5865576796620853,2.823424342404824
8600,COc1cc(-c2c(OC)c(OC)cc3cc[nH]c23)s:C:1c1occ2ncc(C)nc12,-4.686932,-1.98558,2.701352,0.9032682691583848,3.2887443368526803
8601,COc1cc2c(ccn2C)c(C=Cc2cccc3nc(S(=O)(=O)O)cnc23)c1OC,-5.310656,-2.703944,2.606712,0.9853726468846148,3.0142284283425864
8602,COc1cc(N=Cc2c(OC)c(OC)cc3[nH]c(C(=O)O)cc23)c2nonc2c1,-5.675728,-2.42137,3.254358,0.9961201572184843,3.085318767675072
8603,COc1cc(-c2c(OC)c(OC)cc3c2cc(C(=O)O)n3C)s:C:1c1c(S(=O)(=O)O)ccc2nsnc12,-5.554877,-2.810783,2.744094,0.6052511797188472,3.2740367636242222
8605,COc1cc2[nH]ccc2c(C=Cc2c(C=O)ccc3nonc23)c1OC,-5.424513,-2.711525,2.712988,0.893310898309035,3.0762171817713533
8606,COc1cc(-c2c(OC)c(OC)cc3ccn(C)c23)s:C:1c1c(C(F)(F)F)ccc2nccnc12,-5.252668,-2.319222,2.933446,0.2283596811470069,3.1442137488175854
8610,CNc1ccc2nonc2c1C1:c(OC)c(OC)cc2cc[nH]c:12,-5.274683,-1.973671,3.301012,0.3648140403263825,2.9203090581706217
8612,COc1cc2cc(C(=O)O)n(C)c2c(C=Nc2occ3nc(F)cnc23)c1OC,-5.351081,-2.527053,2.824028,0.9548189845238088,3.557941844598149
8616,COc1cc2[nH]c(C(=O)O)cc2:C(c2c(Br)ccc3nonc23):c1OC,-5.69196,-2.491867,3.200093,0.2596995927872889,2.8256149478409007
8617,CNc1cnc2coc(N=Cc3c(OC)c(OC)cc4c3ccn4C)c2n1,-4.554522,-1.7772,2.777322,0.9993087648078358,3.391100986813046
8619,COc1cc(C2:c(OC)c(OC)cc3[nH]c(C(=O)O)cc:23)c2nonc2c1,-5.804558,-2.059581,3.744977,0.5209432798982849,2.768329403133567
8620,COc1cc2ccn(C)c2:C(c2cc(C(F)(F)F)cc3nsnc23):c1OC,-5.394461,-2.688735,2.705725,0.275975503306602,2.992140115684176
8621,COc1cc2cc[nH]c2c(C=Cc2cccc3nc(C#N)cnc23)c1OC,-5.352563,-2.727586,2.624977,0.9577877965671456,2.975425961838022
8624,COc1cc2[nH]ccc2:C(c2c(NC(C)=O)ncc3nonc23):c1OC,-5.468082,-2.525757,2.942325,0.5597337593513434,2.959094562228733
8625,COc1cc2c(ccn2C):C(c2nc(O)cc3nonc23):c1OC,-5.552149,-2.499937,3.052212,0.6129192976085012,3.0852199080624167
8629,COc1cc(-c2c(OC)c(OC)cc3cc[nH]c23)s:C:1c1c(NC(C)=O)ccc2nccnc12,-5.196188,-1.869937,3.32625,0.6319633929183696,3.037513051185903
8632,COc1cc(-c2c(OC)c(OC)cc3[nH]c(C(=O)O)cc23)s:C:1c1c(Br)ccc2nccnc12,-5.151008,-1.989988,3.16102,0.6087125638284633,3.057300323192247
8634,COc1c:C(c2c(OC)c(OC)cc3cc(C(=O)O)[nH]c23):sc1-c1nc(F)cc2nsnc12,-5.458593,-2.71448,2.744113,0.8707330553518109,3.424387447383232
8635,COc1c:C(c2c(OC)c(OC)cc3cc(C(=O)O)[nH]c23):sc1-c1nc(C(F)(F)F)cc2nsnc12,-5.504075,-2.849121,2.654954,0.8793275689209644,3.440003878694071
8637,COc1cc2[nH]ccc2c(C=Cc2c(C#N)ncc3nsnc23)c1OC,-5.289397,-3.008532,2.280865,0.9837535088757484,3.3002682586944303
8638,COc1cc2cc(N=Cc3nc(O)cc4nonc34)n(C)c2cc1OC,-5.404381,-3.080902,2.323479,0.9999978952045256,3.394299759733931
8639,COc1cc2[nH]c(C(=O)O)cc2c(C=Nc2cccc3nc(C#N)cnc23)c1OC,-5.753489,-2.579667,3.173822,0.8397799456214015,3.0861639874893223
8640,COc1cc2cc(C=Nc3cc(Br)cc4nccnc34)n(C)c2cc1OC,-5.405906,-2.19023,3.215676,0.8715842842428125,2.9546935942056543
8642,COc1c:C(c2c(OC)c(OC)cc3[nH]c(C(=O)O)cc23):sc1-c1occ2nc(C#N)cnc12,-5.120852,-2.6796,2.441252,0.8871445258943248,3.4256383039614784
8643,CNc1ccc2nonc2c1C=Nc1cc2cc(OC)c(OC)cc2n1C,-4.857299,-2.410962,2.446337,0.9666287188654104,3.1481441436562028
8645,COc1cc2cc(C3:c(C#N)ccc4nccnc:34)n(C)c2cc1OC,-5.266749,-2.599954,2.666795,0.5787906074064406,2.6735213813555525
8646,COc1c:C(c2c(OC)c(OC)cc3cc(C(=O)O)n(C)c23):sc1-c1cc(NC(C)=O)cc2nsnc12,-5.320475,-2.177147,3.143328,0.5381282114077398,3.2890611716547973
8647,COc1cnc2c(N=Cc3cc4cc(OC)c(OC)cc4n3C)occ2n1,-4.743164,-2.066611,2.676552,0.999999816170911,3.2775067810188405
8649,COc1cnc2cccc(N=Cc3cc4cc(OC)c(OC)cc4n3C)c2n1,-5.253932,-1.757085,3.496847,0.8528175815766637,2.8579669677395856
8650,COc1cc2[nH]ccc2c(C=Cc2c(OC(C)=O)ncc3nsnc23)c1OC,-5.187647,-2.684202,2.503445,0.9560793779125376,3.270187736970355
8653,COc1cc2cc(N=Cc3cccc4nsnc34)n(C)c2cc1OC,-5.022318,-2.641678,2.38064,0.9987024545141938,2.9333512361766427
8654,COc1cc2c:C(c3cccc4ccc(S(=O)(=O)O)cc34):n(C)c2cc1OC,-5.399059,-1.91405,3.485009,0.5414952848365561,2.370098668923017
8655,COc1cc2cc(N=Cc3c(C=O)ncc4nsnc34)n(C)c2cc1OC,-5.244789,-3.272391,1.972398,0.9999030855705338,3.442301186613247
8656,COc1cc2cc[nH]c2c(C=Cc2c(S)ncc3nonc23)c1OC,-5.36391,-2.90244,2.46147,0.9524822496956528,3.45463777463818
8657,COc1cc2cc[nH]c2c(C=Cc2c(C#N)ncc3nsnc23)c1OC,-5.412065,-3.168165,2.243901,0.9462934229775564,3.3766676433098137
8659,COc1cc2cc(C=Nc3occ4nc(Br)cnc34)n(C)c2cc1OC,-5.16869,-2.571542,2.597149,0.9999824172837376,3.390454645388817
8660,COc1cc2c:C(c3scc4nc(O)cnc34):n(C)c2cc1OC,-5.035462,-2.184,2.851462,0.7507392985722291,3.0834585958452223
8662,COc1cc2cc(C=Nc3occ4nc(C=O)cnc34)n(C)c2cc1OC,-5.005631,-2.714209,2.291423,0.9999999302070036,3.402672415384475
8663,COc1cc2c(ccn2C)c(C=Nc2cc(F)cc3nccnc23)c1OC,-5.224387,-1.873449,3.350938,0.8360646873671198,2.9775990887111483
8665,COc1cc2cc(N=Cc3cc(NC(C)=O)cc4nccnc34)n(C)c2cc1OC,-5.124718,-2.339976,2.784742,0.9976859803490372,2.954443082511945
8674,COc1cc2cc(C(=O)O)[nH]c2c(C=Cc2cccc3ncc(Br)nc23)c1OC,-5.461156,-2.40748,3.053676,0.95454413251625,2.967146910264189
8675,COc1cc(-c2c(OC)c(OC)cc3cc[nH]c23)s:C:1c1cc(C(F)(F)F)cc2nonc12,-5.338749,-2.658332,2.680417,0.9102411975190716,3.2070608965147454
8676,COc1cc2cc(N=Cc3cc(OC(C)=O)cc4nonc34)n(C)c2cc1OC,-5.178158,-2.781883,2.396275,0.9972905787676808,3.130153289251057
8681,COc1cc2[nH]ccc2c(C=Nc2nc(C(F)(F)F)cc3nsnc23)c1OC,-5.662925,-2.808614,2.854312,0.9558953961006692,3.383809297340365
8686,CNc1cnc2coc(C3:cc(OC)c(-c4cc5cc(OC)c(OC)cc5n4C)s:3)c2n1,-4.479784,-2.026812,2.452972,0.8515307854741573,3.287618716191373
8688,COc1cc2cc[nH]c2c(N=Cc2nc(F)cc3nsnc23)c1OC,-5.376881,-3.034096,2.342785,0.989863290593158,3.5264108515612573
8689,COc1cc2cc(C#Cc3cccc4cc(C=O)ccc34)n(C)c2cc1OC,-4.979912,-2.055868,2.924045,1.0,2.686338698508816
8693,COc1cc2cc(C(=O)O)[nH]c2c(C2:c(C#N)ccc3nsnc:23)c1OC,-5.619503,-2.981646,2.637857,0.4572844495428417,3.0009156379513824
8695,COc1cc2cc(C(=O)O)n(C)c2c(C=Cc2cccc3ncc(C=O)nc23)c1OC,-5.444105,-2.667833,2.776272,0.8546396623511878,3.0571944197827694
8697,COc1cc2cc(C#Cc3cccc4nsnc34)n(C)c2cc1OC,-4.879775,-2.45733,2.422445,1.0,2.882857005407411
8699,COc1cc2c(ccn2C)c(C=Cc2cc(S)cc3nsnc23)c1OC,-5.093193,-2.301402,2.791791,0.955426755004247,3.3141211734553444
8700,COc1cc2cc(C=Nc3scc4sc(=S)sc34)n(C)c2cc1OC,-5.294565,-2.291932,3.002633,0.999613865777914,3.417187964237314
8701,COc1cc2cc(N=Cc3scc4nc(NC(C)=O)cnc34)n(C)c2cc1OC,-4.649488,-2.484898,2.164589,0.9999989547982876,3.2670275856863293
8702,COc1cc2cc(C=Nc3cccc4nc(C#N)cnc34)n(C)c2cc1OC,-5.425622,-2.571956,2.853667,0.8632994600301143,2.9951529292780474
8703,COc1cc(-c2c(OC)c(OC)cc3cc[nH]c23)s:C:1c1c(OC)ncc2nonc12,-5.044332,-2.649791,2.394542,0.7583044402269048,3.2858374978979903
8706,COc1cc2c(ccn2C)c(C=Cc2c(OC(C)=O)ccc3nccnc23)c1OC,-4.970932,-1.939649,3.031283,0.953191976130628,2.8993663404304986
8708,CNc1cnc2coc(C3:sc(-c4cc5cc(OC)c(OC)cc5n4C)cc:3OC)c2n1,-4.476849,-1.754681,2.722168,0.8277292834393533,3.2780572622606874
8709,COc1cc(-c2scc3nc(Br)cnc23)s:C:1c1c(OC)c(OC)cc2cc[nH]c12,-4.98462,-2.660254,2.324367,0.900671030854401,3.380880830591499
8711,COc1cc(C2:cc3cc(OC)c(OC)cc3n:2C)c2nonc2c1,-5.284461,-2.349835,2.934626,0.6920710841346435,2.6406039989068706
8713,COc1cc2cc(-c3cc(OC):C(c4c(C#N)ccc5ccccc45):s3)n(C)c2cc1OC,-5.022674,-1.805799,3.216874,0.5711769978958816,2.7808516836959924
8714,COc1cc2cc(C(=O)O)[nH]c2c(N=Cc2c(C(F)(F)F)ncc3nonc23)c1OC,-5.759724,-3.471678,2.288046,0.98563714701817,3.4299870667508774
8715,COc1cc2c:C(c3occ4nc(C(F)(F)F)cnc34):n(C)c2cc1OC,-5.057097,-2.579039,2.478058,0.9988320337127308,3.0654342695303285
8716,COc1cc2c:C(c3sc(-c4nc(Br)cc5nsnc45)cc3OC):n(C)c2cc1OC,-5.045367,-3.03897,2.006397,0.874515999846027,3.2603322001058936
8718,COc1cc2[nH]ccc2c(C=Cc2cc(S)cc3nonc23)c1OC,-5.281864,-2.394641,2.887223,0.955790656772509,3.281185851561258
8721,COc1cc2[nH]c(C(=O)O)cc2c(C=Nc2c(C#N)ccc3nccnc23)c1OC,-5.679712,-2.461755,3.217957,0.8433600850931446,3.072312946765339
8723,COc1cc2cc(C(=O)O)[nH]c2c(C=Nc2scc3nccnc23)c1OC,-5.390012,-2.578826,2.811185,0.9995734114320792,3.234015472327532
8730,COc1cc2nonc2c(C2:sc(-c3c(OC)c(OC)cc4[nH]c(C(=O)O)cc34)cc:2OC)n1,-5.322324,-2.475353,2.84697,0.8912846721450765,3.2701070539614783
8749,COc1cc2cc(C(=O)O)[nH]c2c(C=Cc2c(C=O)ccc3nsnc23)c1OC,-5.672826,-2.679902,2.992925,0.5956532652869007,3.2077001935662537
8750,COc1cc2cc(C(=O)O)n(C)c2c(C=Nc2nc(O)cc3nonc23)c1OC,-5.854779,-2.773658,3.081122,0.8735399771812709,3.4660495369058406
8755,COc1cc2[nH]ccc2c(C=Cc2occ3nc(C)cnc23)c1OC,-4.745005,-1.975939,2.769065,0.9883300754582548,3.2005512361766426
8756,COc1cc2cc[nH]c2c(C=Cc2c(C)ccc3nonc23)c1OC,-5.298174,-2.397059,2.901115,0.8969230503526119,3.016928159253566
8758,COc1cc2c(ccn2C)c(C=Nc2cc(NC(C)=O)cc3nonc23)c1OC,-5.273871,-2.264706,3.009165,0.9837856005087742,3.073460043472446
8760,COc1cc(-c2c(OC)c(OC)cc3cc[nH]c23)s:C:1c1c(C)ccc2nccnc12,-5.020711,-1.834282,3.186429,0.6447250401578719,2.984677428753651
8761,COc1cc2[nH]c(C(=O)O)cc2c(C#Cc2cc(F)cc3nonc23)c1OC,-5.667524,-2.682109,2.985416,1.0,3.1089333479732773
8763,COc1cc2cc[nH]c2c(C=Nc2scc3ncc(C)nc23)c1OC,-5.12434,-2.312092,2.812248,0.999760844095356,3.26316854386895
8764,COc1cc2c(cc(C(=O)O)n2C):C(c2cc(C(F)(F)F)cc3nsnc23):c1OC,-5.612929,-2.58647,3.026459,0.556016884873553,2.9684181227944766
8765,COc1cc2c(cc(C(=O)O)n2C)c(C=Nc2occ3nccnc23)c1OC,-5.169692,-2.383846,2.785846,0.9994997052353004,3.2884268241173853
8769,CNc1cc2nonc2c(N=Cc2c(OC)c(OC)cc3c2cc(C(=O)O)n3C)n1,-5.50944,-2.549843,2.959597,0.9326525505285812,3.364053153617311
8770,COc1cc(-c2c(OC)c(OC)cc3[nH]ccc23)s:C:1c1cccc2nc(F)cnc12,-4.85929,-1.936952,2.922338,0.8906631744568059,3.022443202305941
8771,COc1cc(-c2c(OC)c(OC)cc3c2cc(C(=O)O)n3C)s:C:1c1c(C(F)(F)F)ncc2nsnc12,-5.388712,-2.905402,2.48331,0.7360689561538762,3.419068437832367
8773,COc1cc2[nH]ccc2c(C=Nc2scc3nccnc23)c1OC,-5.022135,-2.266816,2.755318,0.9972165770792296,3.1416367600339745
8778,COc1cc2cc(C(=O)O)[nH]c2c(C=Cc2occ3nc(C(F)(F)F)cnc23)c1OC,-5.345268,-2.706635,2.638634,0.9807806976291628,3.415883310042469
8782,COc1cc2ccn(C)c2c(C=Nc2scc3nc(Br)cnc23)c1OC,-5.304966,-2.553324,2.751643,0.9131485622401664,3.4191124416466128
8784,COc1cc2cc[nH]c2:C(c2cccc3nonc23):c1OC,-5.387341,-2.470912,2.91643,0.7685500841310897,2.6687663860329103
8789,COc1cc(-c2c(OC)c(OC)cc3[nH]ccc23)s:C:1c1cc(C=O)cc2c1SCS2,-5.100233,-1.574596,3.525637,0.6450394645536963,3.460230583464109
8790,COc1cc2cc(C(=O)O)[nH]c2:C(c2c(O)ncc3nonc23):c1OC,-5.564546,-2.890698,2.673848,0.6097753176722345,3.191893135406759
8791,COc1cc2c(ccn2C):C(c2nc(F)cc3nonc23):c1OC,-5.571409,-2.694648,2.876761,0.7113014410000827,3.058223980460607
8797,COc1cc(-c2c(OC)c(OC)cc3ccn(C)c23)s:C:1c1cccc2ccc(C=O)cc12,-5.107072,-1.90326,3.203813,0.4175756523286185,2.900171650962766
8799,COc1cc2ccn(C)c2c(C=Cc2c(NC(C)=O)ccc3nonc23)c1OC,-5.398306,-2.403702,2.994604,0.6072880047153436,3.0812071354049024
8808,COc1cc2[nH]ccc2:C(c2cc(S(=O)(=O)O)cc3nonc23):c1OC,-5.455776,-2.749042,2.706735,0.5072751550773252,2.861083862487897
8810,COc1cc2ccn(C)c2c(C=Nc2occ3nc(Br)cnc23)c1OC,-5.237005,-2.559522,2.677483,0.9665758833116136,3.523349655783827
8814,COc1cc2c(cc(C(=O)O)n2C)c(C=Nc2nc(OC(C)=O)cc3nonc23)c1OC,-5.92176,-2.85135,3.07041,0.9316993100895484,3.419363989586948
8815,COc1cc2c(ccn2C):C(c2c(C)ccc3nccnc23):c1OC,-5.020371,-1.627447,3.392924,0.2900254888906157,2.5733701960899698
8819,COc1cc2[nH]ccc2c(C=Cc2scc3ncc(F)nc23)c1OC,-4.873187,-2.274962,2.598225,0.9869820036490456,3.2986012361766424
8825,COc1cc2[nH]ccc2c(C#Cc2cncc3nsnc23)c1OC,-5.233149,-2.716765,2.516383,1.0,3.1939059908032057
8826,COc1cc2[nH]ccc2c(C=Nc2scc3nc(NC(C)=O)cnc23)c1OC,-4.960246,-2.169676,2.79057,0.9849585536288594,3.2199677369703554
8827,COc1cc2cc(C(=O)O)[nH]c2c(C#Cc2nc(F)cc3nonc23)c1OC,-5.946251,-3.153641,2.79261,1.0,3.359820397632479
8830,COc1cc2ccn(C)c2:C(c2c(O)ccc3nccnc23):c1OC,-5.302093,-1.779805,3.522288,0.2375589050382724,2.7380750714962527
8832,COc1cc2[nH]ccc2c(C=Cc2c(F)ccc3nccnc23)c1OC,-4.944399,-1.952502,2.991897,0.9849406264335552,2.8261224125405846
8835,COc1cc2cc[nH]c2c(C=Nc2scc3ncc(F)nc23)c1OC,-5.254592,-2.495556,2.759036,0.9973638780038074,3.424632005407412
8836,COc1cc2c(ccn2C)c(C#Cc2cc(OC(C)=O)cc3nsnc23)c1OC,-5.073911,-2.354471,2.71944,1.0,3.165236403697585
8838,COc1c:C(c2c(OC)c(OC)cc3c2ccn3C):sc1-c1c(C#N)ccc2nonc12,-5.276785,-2.667506,2.609279,0.8104917195708994,3.172471970629241
8839,COc1c:C(c2c(OC)c(OC)cc3ccn(C)c23):sc1-c1cc(Br)cc2nonc12,-5.388912,-2.484061,2.904851,0.5715718455665963,3.1952033539520475
8840,COc1cc2c(ccn2C)c(N=Cc2c(C#N)ncc3nsnc23)c1OC,-5.136347,-3.194321,1.942026,0.9627024182893216,3.4226648229768823
8841,COc1c:C(c2c(OC)c(OC)cc3[nH]c(C(=O)O)cc23):sc1-c1cc(C)cc2nsnc12,-5.164047,-2.118492,3.045555,0.757948989072995,3.1541641223211965
8842,COc1cc2cc(N=Cc3scc4sc(=S)sc34)n(C)c2cc1OC,-5.134088,-2.442687,2.691401,0.999929977939118,3.5243318428938686
8843,COc1c:C(c2c(OC)c(OC)cc3[nH]ccc23):sc1-c1nc(S)cc2nonc12,-5.258443,-2.45334,2.805103,0.8942422525003213,3.439747914670213
8844,COc1cc2c(ccn2C)c(C=Nc2cccc3nc(C#N)cnc23)c1OC,-5.326669,-2.428247,2.898422,0.8353272811919775,3.0505946600472784
8845,COc1cc2c(cc(C(=O)O)n2C)c(C=Nc2c(C#N)ccc3nccnc23)c1OC,-5.612055,-2.446482,3.165572,0.8441286132346968,3.1041885842390027
8847,COc1c:C(c2c(OC)c(OC)cc3cc(C(=O)O)n(C)c23):sc1-c1cc(F)cc2nonc12,-5.5972,-2.379403,3.217797,0.5585260969458495,3.2407969628683606
8848,COc1cc2cc(C=Nc3c(C=O)ccc4nonc34)n(C)c2cc1OC,-5.438281,-2.85196,2.586322,0.974158476344049,3.1200418459539048
8849,COc1cc2cc(C#CC3:c(C#N)ccc4nccnc:34)n(C)c2cc1OC,-5.013143,-2.564878,2.448265,1.0,2.941988890816509
8851,COc1cc2cc(C(=O)O)[nH]c2c(C=Cc2c(C#N)ncc3nsnc23)c1OC,-5.670946,-3.268608,2.402338,0.9547188256432184,3.385533777055935
8853,COc1cc2cc(N=Cc3c(C=O)ncc4nonc34)n(C)c2cc1OC,-5.393753,-3.408596,1.985156,0.9806754617681868,3.405808479320539
8857,COc1cc2cc(C=Nc3c(C(F)(F)F)ncc4nsnc34)n(C)c2cc1OC,-5.300501,-2.973749,2.326753,0.9684070877236052,3.3161948360511406
8858,COc1cc2[nH]ccc2c(C=Cc2c(C(F)(F)F)ccc3nsnc23)c1OC,-5.169976,-2.491836,2.67814,0.8389924447070047,3.096603260339391
8859,COc1cc(-c2c(OC)c(OC)cc3cc[nH]c23)s:C:1c1cc(C(F)(F)F)cc2nccnc12,-5.149826,-2.3153,2.834525,0.9023904028967896,3.112154169346093
8860,CNc1ncc2nsnc2c1C=Nc1cc2cc(OC)c(OC)cc2n1C,-4.762486,-2.664405,2.09808,0.969796123094977,3.3271119758240344
8865,COc1cc2c:C(c3cc(S)cc4nsnc34):n(C)c2cc1OC,-4.952215,-2.407516,2.5447,0.6629002694138474,3.044632351501331
8869,COc1c:C(c2c(OC)c(OC)cc3c2ccn3C):sc1-c1cc(NC(C)=O)cc2nonc12,-4.974073,-2.06848,2.905593,0.9018813417632228,3.106641669346093
8870,COc1cc2cc[nH]c2c(C=Nc2nncc3nsnc23)c1OC,-5.577603,-3.013255,2.564349,0.962466692822213,3.4608440127812274
8877,CNc1cnc2coc(C=Cc3c(OC)c(OC)cc4c3ccn4C)c2n1,-4.404318,-1.719984,2.684334,0.9862037709992002,3.299793694105753
8880,COc1cc2cc(C(=O)O)[nH]c2c(C=Nc2cc(C=O)cc3nsnc23)c1OC,-5.776874,-3.043407,2.733467,0.9821356366478284,3.3720219571685046
8885,COc1cc(-c2cccc3nsnc23)s:C:1c1c(OC)c(OC)cc2cc[nH]c12,-4.949959,-2.467596,2.482363,0.893927497526555,2.999238547894852
8886,COc1cc2cc(-c3s:C(c4cccc5nc(C=O)cnc45):cc3OC)n(C)c2cc1OC,-4.820103,-2.731209,2.088894,0.8181210309136506,2.987839899735272
8887,COc1cc2cc[nH]c2c(N=Cc2c(C=O)ncc3nsnc23)c1OC,-5.229995,-3.302475,1.927521,0.9321912008740544,3.5289937971559686
8888,COc1cc2cc[nH]c2c(C=Cc2c(S(=O)(=O)O)ncc3nonc23)c1OC,-5.359677,-3.662616,1.697062,0.6058956975476879,3.404089531030724
8890,COc1cc2cc(C#Cc3c(OC(C)=O)ccc4nsnc34)n(C)c2cc1OC,-5.061975,-2.547365,2.51461,1.0,3.035096065986517
8896,COc1cc2cc[nH]c2c(C=Nc2c(C)ccc3nsnc23)c1OC,-5.365693,-2.28828,3.077413,0.892463881610622,3.11714931309972
8898,CNc1cc2nonc2c(-c2cc(OC):C(c3cc4cc(OC)c(OC)cc4n3C):s2)n1,-4.960835,-2.554647,2.406188,0.866938440759305,3.185715588549783
8901,COc1cc2c(ccn2C)c(C=Cc2cc(F)cc3nccnc23)c1OC,-5.02679,-2.018406,3.008384,0.9705224325221732,2.842041646153705
8903,COc1cc2cc(C(=O)O)[nH]c2c(N=Cc2c(C)ncc3nonc23)c1OC,-5.643202,-3.074248,2.568954,0.954750120198414,3.318304720904143
8904,COc1cc2cc[nH]c2c(C=Nc2nc(O)cc3nsnc23)c1OC,-5.540861,-2.759986,2.780874,0.9999346252860992,3.489189697715105
8906,COc1cc2c(ccn2C)c(C=Cc2occ3nccnc23)c1OC,-4.768709,-2.106679,2.662029,0.988797311769864,3.154235851561257
8908,COc1cc2cc(-c3cc(OC):C(c4occ5nc(NC(C)=O)cnc45):s3)n(C)c2cc1OC,-4.631788,-2.052339,2.579449,0.9216165442155556,3.244423880884555
8909,COc1cc(-c2scc3nc(Br)cnc23)s:C:1c1c(OC)c(OC)cc2[nH]c(C(=O)O)cc12,-5.194157,-2.703429,2.490728,0.7945443699640119,3.3578425342318656
8910,CNc1cc2nsnc2c(C=Nc2c(OC)c(OC)cc3[nH]ccc23)n1,-5.00726,-2.446155,2.561105,0.908305298936303,3.4584836433098145
8913,CNc1cnc2c(N=Cc3cc4cc(OC)c(OC)cc4n3C)occ2n1,-4.575525,-1.960083,2.615443,0.9999973747597845,3.3291349528470127
8915,COc1cc2cc(C(=O)O)n(C)c2c(N=Cc2c(C(F)(F)F)ncc3nonc23)c1OC,-5.55243,-3.426149,2.12628,0.819210503219967,3.4625820221162167
8917,COc1cc2c:C(c3cccc4ncc(S)nc34):n(C)c2cc1OC,-5.231807,-2.143825,3.087982,0.5485434573332334,2.781087855894953
8922,CNc1ncc2nonc2c1C1:c(OC)c(OC)cc2cc(C(=O)O)n(C)c:12,-5.61071,-2.502803,3.107907,0.1237872474402967,3.200690384899349
8925,COc1cc2c(ccn2C)c(C=Cc2scc3ncc(C(F)(F)F)nc23)c1OC,-4.998121,-2.591913,2.406209,0.9921966556012132,3.2686580839143886
8930,COc1cc2[nH]c(C(=O)O)cc2c(C=Cc2c(F)ncc3nonc23)c1OC,-5.640667,-3.045449,2.595218,0.9844814702052788,3.232136074360813
8937,COc1cc(-c2c(OC)c(OC)cc3ccn(C)c23)s:C:1c1c(S(=O)(=O)O)ccc2nonc12,-5.398801,-2.956197,2.442604,0.2514712481442383,3.251739796876458
8940,COc1cc2cc[nH]c2:C(c2c(NC(C)=O)ccc3nsnc23):c1OC,-5.490913,-2.267027,3.223886,0.5081234762607442,2.852033855368026
8946,COc1cc2ccn(C)c2c(C=Cc2cc(S)cc3nccnc23)c1OC,-5.116258,-2.136593,2.979665,0.8254956908752497,3.189995492307552
8953,COc1cc2cc(C(=O)O)[nH]c2c(C=Nc2nc(O)cc3nonc23)c1OC,-5.941826,-2.979467,2.962359,0.9799434976281878,3.436468498898301
8954,COc1cc2c(cc(C(=O)O)n2C)c(C=Nc2occ3ncc(C=O)nc23)c1OC,-5.429165,-2.902267,2.526898,0.9999349448563052,3.490735571199729
8956,COc1cc(-c2c(OC)c(OC)cc3cc(C(=O)O)n(C)c23)s:C:1c1c(O)ccc2nonc12,-5.497567,-2.091513,3.406054,0.465762940401335,3.233710647078889
8959,COc1cc2cc[nH]c2:C(c2cc(O)cc3nonc23):c1OC,-5.460972,-2.364732,3.096241,0.7820618572282736,2.939136975771037
8960,COc1cc2cc(C(=O)O)[nH]c2c(C=Cc2c(O)ccc3nsnc23)c1OC,-5.648382,-2.247161,3.401221,0.6150684577481527,3.122514847486422
8961,CNc1cc(C=Cc2c(OC)c(OC)cc3cc[nH]c23)c2nonc2c1,-5.245349,-2.136949,3.1084,0.9519881353547835,3.158749489463661
8962,COc1cc(-c2c(OC)c(OC)cc3cc(C(=O)O)n(C)c23)s:C:1c1occ2nc(NC(C)=O)cnc12,-4.856671,-2.000069,2.856602,0.5519423152766882,3.436110014074514
8964,COc1cc2cc[nH]c2:C(c2nc(S)cc3nsnc23):c1OC,-5.538252,-2.750079,2.788173,0.7687441911311581,3.371363549197609
8967,COc1cc(-c2c(OC)c(OC)cc3ccn(C)c23)s:C:1c1c(S(=O)(=O)O)ncc2nonc12,-5.414701,-3.295507,2.119194,0.4831350619533848,3.478870647078887
8975,COc1cc2[nH]ccc2c(C=Cc2cccc3ncc(S)nc23)c1OC,-5.087266,-1.9552,3.132065,0.962188136356709,3.041204874079045
8976,COc1cc(-c2c(OC)c(OC)cc3[nH]c(C(=O)O)cc23)s:C:1c1scc2nc(NC(C)=O)cnc12,-4.742591,-2.091207,2.651384,0.893344466457324,3.2858117933932345
8979,CNc1ncc2nsnc2c1C1:c(OC)c(OC)cc2ccn(C)c:12,-5.252391,-2.372944,2.879448,0.0265657748951135,3.1692677042156445
8981,CNc1cc2nsnc2c(C=Cc2c(OC)c(OC)cc3cc[nH]c23)n1,-5.227531,-2.419377,2.808154,0.9665346663716754,3.3420208740790454
8984,CNc1ncc2nsnc2c1C1:sc(-c2c(OC)c(OC)cc3c2ccn3C)cc:1OC,-4.733079,-2.186566,2.546513,0.7377816624573301,3.3251052757856243
8985,CNc1cc(C2:c(OC)c(OC)cc3ccn(C)c:23)c2nonc2c1,-5.233639,-1.850493,3.383146,0.2639307672994279,2.9605320595785933
8986,COc1cc2c(cc(C(=O)O)n2C):C(c2nc(O)cc3nsnc23):c1OC,-5.728755,-2.618976,3.10978,0.5333351466426518,3.168460731068791
8992,COc1cc2cc[nH]c2c(C=Nc2cccc3nc(O)cnc23)c1OC,-5.337383,-1.862074,3.475309,0.8549933674523966,3.142567951002122
8994,COc1cc(-c2c(OC)c(OC)cc3ccn(C)c23)s:C:1c1cc(S)cc2nonc12,-5.346342,-2.323221,3.023121,0.5827042796346351,3.398831500805196
8995,COc1cc2cc[nH]c2:C(c2cccc3nc(C#N)cnc23):c1OC,-5.422771,-2.725682,2.697089,0.633965289890265,2.803289697715103
9000,COc1cc2c(cc(C(=O)O)n2C):C(c2scc3nc(C=O)cnc23):c1OC,-5.625421,-2.754827,2.870594,0.6351274076880857,3.1693093198105924
9001,COc1cc2c(ccn2C):C(c2cc(OC(C)=O)cc3nccnc23):c1OC,-5.217534,-1.769517,3.448017,0.3960011229603618,2.7222961522576004
9004,COc1cc2c(ccn2C)c(C=Nc2cc(O)cc3nonc23)c1OC,-5.285343,-2.263811,3.021532,0.9772834849132258,3.1837951859293563
9006,COc1cc2cc(C(=O)O)[nH]c2:C(c2nc(C)cc3nonc23):c1OC,-5.637782,-2.685854,2.951928,0.8587279172605898,2.982068899368823
9007,COc1cc2ccn(C)c2c(C=Cc2c(OC)ncc3nonc23)c1OC,-4.976555,-2.754769,2.221786,0.9471506757207968,3.23276931848138
9008,COc1cc(-c2c(OC)c(OC)cc3[nH]c(C(=O)O)cc23)s:C:1c1nccc2nsnc12,-5.310574,-2.512096,2.798478,0.8623155234223185,3.168605698439893
9010,COc1cc2cc[nH]c2:C(c2cc(OC(C)=O)cc3nccnc23):c1OC,-5.009968,-1.960181,3.049787,0.4853764071545176,2.7784770107890715
9013,COc1cc2[nH]c(C(=O)O)cc2c(C=Cc2nc(S(=O)(=O)O)cc3nonc23)c1OC,-5.989082,-3.356368,2.632714,0.9867125455949106,3.372581878915456
9017,COc1cc(-c2c(OC)c(OC)cc3[nH]ccc23)s:C:1c1c(O)ccc2nsnc12,-5.073811,-1.955583,3.118228,0.6743445143890532,3.0829486302337177
9022,COc1cc2cc(C(=O)O)[nH]c2c(C=Cc2cc(O)cc3nonc23)c1OC,-5.625879,-2.551668,3.074212,0.9551889472305212,3.159994107466946
9025,COc1cc2[nH]ccc2:C(c2c(S)ccc3nonc23):c1OC,-5.653903,-2.150864,3.503039,0.3151373052856048,2.937435577169639
9028,CNc1cc2nsnc2c(N=Cc2c(OC)c(OC)cc3c2cc(C(=O)O)n3C)n1,-5.276971,-2.365741,2.91123,0.9364043528875544,3.406471834935992
9029,COc1cc2c(cc(C(=O)O)n2C)c(C#Cc2cncc3nonc23)c1OC,-5.600173,-2.932603,2.667571,1.0,3.1869573012352044
9034,COc1cc2cc(C(=O)O)n(C)c2c(C=Cc2c(C(F)(F)F)ccc3nsnc23)c1OC,-5.447594,-2.686265,2.761329,0.8021090974278655,3.242779050088245
9045,COc1cc(-c2c(OC)c(OC)cc3ccn(C)c23)s:C:1c1c(C(F)(F)F)ncc2nonc12,-5.369016,-2.999409,2.369606,0.5341925242345806,3.4012636835161345
9046,COc1cc2[nH]c(C(=O)O)cc2:C(c2occ3nc(S)cnc23):c1OC,-5.419307,-2.20171,3.217598,0.7783160245126671,3.3742147370927444
9048,COc1cc2c(cc(C(=O)O)n2C)c(C=Nc2scc3nc(S(=O)(=O)O)cnc23)c1OC,-5.668852,-3.110232,2.55862,0.9849882860217488,3.478091287850482
9049,COc1cnc2coc(C#Cc3cc4cc(OC)c(OC)cc4n3C)c2n1,-4.844836,-2.074671,2.770165,1.0,3.26830718061924
9050,COc1c:C(c2c(OC)c(OC)cc3cc(C(=O)O)n(C)c23):sc1-c1scc2ncc(C#N)nc12,-5.506178,-2.78954,2.716637,0.4399659441032157,3.4615026028207243
9052,COc1c:C(c2c(OC)c(OC)cc3cc(C(=O)O)[nH]c23):sc1-c1cc(Br)cc2nonc12,-5.445722,-2.606866,2.838856,0.8981070691881626,3.21829563596884
9054,COc1cc2cc(C3:c(C=O)ncc4nsnc:34)n(C)c2cc1OC,-5.305618,-3.125862,2.179756,0.6909675102074301,3.110657520033632
9055,COc1c:C(c2c(OC)c(OC)cc3c2ccn3C):sc1-c1cc(C)cc2nonc12,-4.894723,-2.013825,2.880897,0.8989203995267439,3.075912444861139
9056,COc1c:C(c2c(OC)c(OC)cc3cc(C(=O)O)[nH]c23):sc1-c1nc(S)cc2nonc12,-5.567172,-2.707077,2.860095,0.900167949136784,3.522334841924176
9057,COc1cc2ccn(C)c2c(C=Nc2cccc3nc(C#N)cnc23)c1OC,-5.465473,-2.566506,2.898968,0.7214396984789138,3.118080813893433
9058,COc1cc2cc(C(=O)O)n(C)c2c(C=Nc2c(C#N)ccc3nccnc23)c1OC,-5.715034,-2.440212,3.274822,0.6908337548826953,3.1740145789339618
9059,COc1cc2[nH]ccc2c(C=Cc2nc(S(=O)(=O)O)cc3nsnc23)c1OC,-5.688447,-3.168699,2.519748,0.9821233883963612,3.3921240003588657
9060,COc1cc2nonc2c(-c2cc(OC):C(c3c(OC)c(OC)cc4cc(C(=O)O)[nH]c34):s2)n1,-5.407424,-2.868427,2.538996,0.9046412071642892,3.301194553961478
9062,CNc1cc2nsnc2c(N=Cc2cc3cc(OC)c(OC)cc3n2C)n1,-5.072137,-2.313338,2.758799,0.9801788606839404,3.312505182617242
9069,COc1cc2cc(C(=O)O)n(C)c2c(N=Cc2scc3ncc(Br)nc23)c1OC,-5.29917,-2.842293,2.456877,0.903492930481492,3.486835861692165
9071,COc1cc2cc[nH]c2c(C=Cc2cc(Br)cc3nccnc23)c1OC,-5.266103,-2.315726,2.950378,0.9487699246764758,2.920595643309813
9072,COc1cc2c:C(c3cc(OC(C)=O)cc4nsnc34):n(C)c2cc1OC,-5.169032,-2.468166,2.700867,0.6373952269112413,2.8066413464534072
9077,COc1cc2[nH]c(C(=O)O)cc2c(C=Nc2c(C=O)ncc3nonc23)c1OC,-5.965392,-3.12444,2.840952,0.9309253303373723,3.400097566924602
9081,COc1cc2[nH]c(C(=O)O)cc2c(C=Cc2scc3sc(=S)sc23)c1OC,-5.41526,-2.21163,3.20363,0.9798873235526564,3.432523937546524
9083,CNc1cc(C=Cc2c(OC)c(OC)cc3c2ccn3C)c2nsnc2c1,-4.916196,-1.886531,3.029664,0.9458961642975936,3.1213635242755835
9084,COc1cc(-c2c(OC)c(OC)cc3cc[nH]c23)s:C:1c1c(C=O)ccc2nccnc12,-5.2002,-2.361684,2.838517,0.7364810888416065,3.114674284201957
9088,COc1cc2[nH]ccc2c(N=Cc2c(F)ncc3nsnc23)c1OC,-5.042488,-2.955621,2.086867,0.8865409270243425,3.3984781592535658
9089,COc1cc2cc(-c3cc(OC):C(c4c(S)ccc5nccnc45):s3)n(C)c2cc1OC,-5.001237,-1.919524,3.081713,0.5704756879255823,3.0684051912547705
9093,COc1cc2cc(C#Cc3scc4nc(F)cnc34)n(C)c2cc1OC,-5.187246,-2.599452,2.587795,1.0,3.337661506095676
9098,COc1cc2cc(C=Nc3cccc4cc(C=O)ccc34)n(C)c2cc1OC,-5.175534,-1.881773,3.293761,0.8891657238151351,2.6992225446626623
9099,COc1cc2c(ccn2C)c(C#Cc2cccc3nsnc23)c1OC,-5.049777,-2.314892,2.734885,1.0,2.936539697715104
9100,COc1cc2ccn(C)c2c(C=Nc2c(C)ccc3nsnc23)c1OC,-5.273368,-2.171771,3.101596,0.7615948747666437,3.1182373896715605
9103,COc1cc2cc[nH]c2c(C=Nc2occ3nc(C(F)(F)F)cnc23)c1OC,-5.345118,-2.705514,2.639604,0.9999745717554204,3.4876203976324778
9104,CNc1cnc2c(C=Nc3cc4cc(OC)c(OC)cc4n3C)scc2n1,-4.65481,-2.321444,2.333366,0.9999422987011016,3.327753933865994
9106,COc1cc2c(cc(C(=O)O)n2C)c(C=Nc2nc(O)cc3nsnc23)c1OC,-5.621722,-2.636626,2.985096,0.9463310403952634,3.435040989897294
9107,COc1cc2cc(C3:cccc4nsnc:34)n(C)c2cc1OC,-4.881972,-2.367404,2.514569,0.6646853495771727,2.5367950177290783
9108,COc1cc2c(ccn2C)c(C=Nc2c(C)ccc3nsnc23)c1OC,-5.137119,-2.05119,3.085929,0.8714686581391212,3.045279385513558
9110,COc1cc(-c2cccc3nsnc23)s:C:1c1c(OC)c(OC)cc2[nH]ccc12,-4.961104,-2.394739,2.566365,0.7834094952278199,2.9363473391036425
9111,COc1cc2c:C(c3cc(C=O)cc4c3SCS4):n(C)c2cc1OC,-5.463228,-1.913574,3.549653,0.4746951961719945,3.1768460357432726
9113,COc1cc2cc(-c3cc(OC)c(C4:c(OC)ncc5nsnc:45)s3)n(C)c2cc1OC,-4.88582,-2.60387,2.28195,0.7407273869194649,3.199593695058658
9114,COc1cc2cc(-c3cc(OC):C(c4c(C=O)ccc5nsnc45):s3)n(C)c2cc1OC,-5.072471,-2.671491,2.400981,0.7561972882735615,3.1311556561744656
9115,COc1cc2[nH]ccc2c(N=Cc2c(C(F)(F)F)ncc3nonc23)c1OC,-5.316376,-3.200489,2.115886,0.9466151830887102,3.384445519346208
9116,COc1cc2c:C(c3nc(S(=O)(=O)O)cc4nsnc34):n(C)c2cc1OC,-5.485375,-3.11964,2.365735,0.964910847599533,3.1393985772226367
9117,COc1cnc2c(C=Nc3cc4cc(OC)c(OC)cc4n3C)cccc2n1,-5.006319,-2.185265,2.821054,0.9999867952518228,2.888951198508817
9118,COc1cc(-c2cc(C=O)cc3nccnc23)s:C:1c1c(OC)c(OC)cc2cc[nH]c12,-5.04575,-2.607106,2.438644,0.8592564772841756,3.138858397914332
9119,COc1cc2c:C(c3cccc4ncc(S(=O)(=O)O)nc34):n(C)c2cc1OC,-5.500492,-2.868038,2.632454,0.602587412068983,2.766805177798757
9125,COc1cc2c(ccn2C):C(c2occ3ncc(C=O)nc23):c1OC,-5.333202,-2.636931,2.696271,0.7625508281418575,3.1914313011820594
9128,COc1cc(-c2c(OC)c(OC)cc3c2ccn3C)s:C:1c1cc(S(=O)(=O)O)cc2ccccc12,-5.085822,-1.61776,3.468062,0.704215775267288,2.874205271580536
9130,CNc1ncc2nonc2c1C=Cc1c(OC)c(OC)cc2[nH]ccc12,-4.994401,-2.453104,2.541297,0.9292938188382698,3.199265181771353
9134,COc1cc2c(cc(C(=O)O)n2C):C(c2scc3nc(F)cnc23):c1OC,-5.53619,-2.331454,3.204735,0.6943536242447498,3.155234884914945
9135,COc1cc2[nH]ccc2c(C=Nc2c(C=O)ccc3nsnc23)c1OC,-5.467619,-2.580223,2.887395,0.8733556871996468,3.201133489463661
9136,COc1cc2cc(C(=O)O)[nH]c2c(C=Nc2c(C=O)ccc3nsnc23)c1OC,-5.901161,-2.878182,3.022979,0.880343379840427,3.294861732027792
9137,COc1cc2c:C(c3cccc4nc(NC(C)=O)cnc34):n(C)c2cc1OC,-5.098548,-2.018813,3.079735,0.5789556880408531,2.552528284682136
9139,COc1cc2ccn(C)c2c(C#Cc2scc3ncc(S)nc23)c1OC,-5.02466,-2.429177,2.595483,1.0,3.635114312748484
9142,COc1cc2[nH]c(C(=O)O)cc2c(C=Nc2cc(S(=O)(=O)O)cc3nonc23)c1OC,-5.829714,-3.019568,2.810146,0.9841104918045968,3.2057985157669773
9144,COc1cc2cc[nH]c2c(C=Nc2cc(OC(C)=O)cc3nonc23)c1OC,-5.480604,-2.566602,2.914001,0.9952905241791428,3.20350639081651
9152,COc1cc2c(ccn2C):C(c2cccc3ncc(Br)nc23):c1OC,-5.113902,-1.986544,3.127359,0.3426608867986049,2.660979296848364
9155,COc1cc2c(ccn2C):C(c2occ3ncc(F)nc23):c1OC,-5.043381,-2.062649,2.980732,0.7441925384799642,3.1707952474289325
9160,COc1cc2cc(C(=O)O)n(C)c2c(C=Nc2c(O)ncc3nonc23)c1OC,-5.558813,-2.804036,2.754777,0.8744651444867289,3.445105947162252
9161,COc1cc(-c2c(OC)c(OC)cc3cc(C(=O)O)[nH]c23)s:C:1c1cc(C=O)cc2nccnc12,-5.275758,-2.497005,2.778753,0.9118656638950288,3.202729447404712
9166,COc1cc(-c2c(OC)c(OC)cc3[nH]ccc23)s:C:1c1c(OC(C)=O)ccc2nonc12,-5.166785,-2.20464,2.962144,0.758346309511877,3.10921616814771
9170,COc1cc(-c2c(OC)c(OC)cc3cc[nH]c23)s:C:1c1c(C)ncc2nonc12,-5.242028,-2.616655,2.625373,0.7334670270636994,3.254621617711358
9175,COc1cc2cc(C(=O)O)n(C)c2:C(c2scc3nc(C=O)cnc23):c1OC,-5.687054,-2.843779,2.843276,0.2504884447583181,3.258150148212959
9177,COc1cc2c(cc(C(=O)O)n2C)c(C=Cc2scc3ncc(F)nc23)c1OC,-5.098629,-2.424077,2.674552,0.9885926814289244,3.3363691950254992
9178,COc1cc2ccn(C)c2c(C=Cc2cccc3cc(S(=O)(=O)O)ccc23)c1OC,-5.282467,-1.850601,3.431865,0.8438110003651217,2.71303502174918
9180,COc1cc2ccn(C)c2c(C=Nc2nc(S)cc3nonc23)c1OC,-5.645632,-2.780546,2.865085,0.9022842258443204,3.5785116100457817
9184,COc1cc2cc[nH]c2c(C=Cc2cc(OC(C)=O)cc3nccnc23)c1OC,-5.144313,-2.130607,3.013706,0.953627925468125,2.954475116145879
9186,COc1cc2c(cc(C(=O)O)n2C):C(c2c(S(=O)(=O)O)ccc3nonc23):c1OC,-5.887686,-2.918035,2.969651,0.3458613092116898,2.9367357588169902
9194,COc1cc2[nH]c(C(=O)O)cc2c(C#Cc2c(OC)ncc3nsnc23)c1OC,-5.368711,-2.803058,2.565653,1.0,3.2632874355925203
9198,COc1cc2c(cc(C(=O)O)n2C)c(C=Nc2cc(OC(C)=O)cc3nsnc23)c1OC,-5.501192,-2.403588,3.097604,0.9284406825353876,3.246010143433102
9200,COc1cc(-c2c(OC)c(OC)cc3ccn(C)c23)s:C:1c1scc2ncc(OC(C)=O)nc12,-4.96015,-2.133159,2.82699,0.5753946555117462,3.3826878231922475
9201,COc1cc2cc(C(=O)O)n(C)c2c(C=Cc2occ3ncc(NC(C)=O)nc23)c1OC,-4.978968,-2.223744,2.755224,0.9262830207602448,3.3648583716094205
9207,COc1cc2[nH]c(C(=O)O)cc2:C(c2cc(NC(C)=O)cc3nonc23):c1OC,-5.686622,-2.195178,3.491444,0.6240069619910543,2.806543553999857
9210,COc1cc2[nH]c(C(=O)O)cc2c(C=Nc2scc3nc(Br)cnc23)c1OC,-5.533623,-2.743871,2.789752,0.9982281065789628,3.356264214575029
9211,COc1cc2cc(C(=O)O)[nH]c2c(C=Cc2c(C=O)ccc3nccnc23)c1OC,-5.591113,-2.383244,3.207869,0.5030441611853884,3.074437109661268
9213,COc1cc2c(ccn2C)c(C#Cc2c(C)ncc3nsnc23)c1OC,-5.206609,-2.63235,2.574259,1.0,3.2116858304200013
9217,COc1cc(-c2c(OC)c(OC)cc3[nH]ccc23)s:C:1c1cc(S)cc2nccnc12,-4.875933,-1.883108,2.992825,0.884767697420304,3.2068739715367114
9218,COc1cc2c(cc(C(=O)O)n2C)c(C#Cc2c(Br)ccc3nonc23)c1OC,-5.529814,-2.723078,2.806736,1.0,3.136244408700712
9220,COc1cc(-c2c(OC)c(OC)cc3cc[nH]c23)s:C:1c1occ2nc(C)cnc12,-4.69923,-1.986669,2.712561,0.9042951526020178,3.2950073064412315
9221,COc1cc(C2:c(OC)c(OC)cc3cc(C(=O)O)[nH]c:23)c2nsnc2c1,-5.582569,-2.395444,3.187125,0.6714450700166554,2.9017753545505727
9225,COc1cc2c(cc(C(=O)O)n2C)c(C=Nc2scc3ncc(Br)nc23)c1OC,-5.386684,-2.611467,2.775217,0.9876762838640673,3.3640068018631046
9230,COc1cc(-c2c(OC)c(OC)cc3[nH]c(C(=O)O)cc23)s:C:1c1cccc2ncc(Br)nc12,-5.071367,-2.127773,2.943594,0.889199144516637,3.053574842423016
9241,COc1cc2ccn(C)c2c(C=Nc2cc(O)cc3nsnc23)c1OC,-5.329771,-2.235781,3.09399,0.8560464162409662,3.3049041256382967
9242,COc1cc2ccn(C)c2c(C#Cc2nc(OC(C)=O)cc3nonc23)c1OC,-5.467749,-2.893832,2.573917,1.0,3.365590249851432
9244,CNc1ccc2nsnc2c1C1:sc(-c2c(OC)c(OC)cc3ccn(C)c23)cc:1OC,-4.953942,-1.917282,3.03666,0.4551619899742135,3.219144159978354
9246,COc1cc2cc(C(=O)O)[nH]c2c(C=Nc2c(Br)ncc3nonc23)c1OC,-5.887204,-3.268017,2.619187,0.9948295739769548,3.412611050018067
9247,COc1cc2cc[nH]c2:C(c2c(C=O)ccc3c2SCS3):c1OC,-5.458946,-1.613205,3.845741,0.3680759799463441,3.3561980213813225
9249,COc1cc(-c2c(OC)c(OC)cc3ccn(C)c23)s:C:1c1c(O)ccc2nccnc12,-5.188381,-1.737635,3.450746,0.4964328624660612,3.0491818607391314
9252,COc1cc2nonc2c(C2:sc(-c3c(OC)c(OC)cc4c3ccn4C)cc:2OC)n1,-5.108649,-2.315244,2.793405,0.8965263879297235,3.2403120382539257
9256,COc1cc(-c2c(OC)c(OC)cc3[nH]c(C(=O)O)cc23)s:C:1c1occ2nc(S(=O)(=O)O)cnc12,-5.246562,-2.829785,2.416777,0.939300913724514,3.5070580325402254
9257,COc1cc2cc(C(=O)O)n(C)c2c(C=Cc2cccc3nc(Br)cnc23)c1OC,-5.402831,-2.331857,3.070974,0.843170496683979,3.0294723843865423
9260,COc1cc2cc(C(=O)O)n(C)c2c(C#Cc2c(C#N)ccc3nccnc23)c1OC,-5.481431,-2.678502,2.802929,1.0,3.129690971506907
9261,COc1c:C(c2c(OC)c(OC)cc3c2ccn3C):sc1-c1nc(O)cc2nsnc12,-5.103299,-2.351788,2.751511,0.863312520521107,3.37130125604995
9262,COc1cc2cc(C3:cccc4nc(C#N)cnc:34)n(C)c2cc1OC,-5.417072,-2.812138,2.604933,0.5820267079756656,2.652645497779668
9263,COc1c:C(c2c(OC)c(OC)cc3cc(C(=O)O)n(C)c23):sc1-c1c(Br)ccc2nonc12,-5.56807,-2.501846,3.066224,0.3858674658324143,3.259700606593058
9266,COc1cc2nsnc2c(N=Cc2cc3cc(OC)c(OC)cc3n2C)n1,-5.182347,-2.561084,2.621263,0.9999999998263672,3.266769718081777
9269,COc1cc2c:C(c3c(S)ccc4nccnc34):n(C)c2cc1OC,-5.211824,-2.096526,3.115298,0.3869158877341422,2.756843435526587
9270,COc1cc2cc[nH]c2c(C=Cc2c(OC)ccc3nsnc23)c1OC,-5.116211,-2.357203,2.759007,0.9424306639952024,3.00992548946366
9272,COc1cc2cc[nH]c2c(C=Cc2scc3nc(OC(C)=O)cnc23)c1OC,-4.969821,-2.363683,2.606138,0.9793418231330492,3.350377736970356
9274,COc1cc2c:C(c3c(C=O)ccc4nonc34):n(C)c2cc1OC,-5.515773,-2.904417,2.611355,0.6746418889260557,2.823016349936122
9276,COc1c:C(c2c(OC)c(OC)cc3cc(C(=O)O)n(C)c23):sc1-c1cc(NC(C)=O)cc2nonc12,-5.475452,-2.209252,3.2662,0.5711153268981898,3.250419648129779
9278,COc1cc2cc(C#Cc3scc4ncc(F)nc34)n(C)c2cc1OC,-4.821645,-2.49749,2.324156,1.0,3.326651942686114
9286,COc1cc2nsnc2c(C2:sc(-c3c(OC)c(OC)cc4cc[nH]c34)cc:2OC)n1,-5.206727,-2.485944,2.720783,0.8701572208975991,3.3192082844148434
9289,COc1cc2cc(C(=O)O)[nH]c2c(N=Cc2c(F)ncc3nsnc23)c1OC,-5.519233,-3.164292,2.354941,0.9801194544912764,3.428430718956724
9292,COc1cc(-c2cccc3nsnc23)s:C:1c1c(OC)c(OC)cc2c1cc(C(=O)O)n2C,-5.117367,-2.495823,2.621544,0.8363859679822541,3.0343532042070525
9295,COc1cc2cc(-c3s:C(c4cccc5ncc(C(F)(F)F)nc45):cc3OC)n(C)c2cc1OC,-4.865324,-2.577678,2.287646,0.8366100172978101,2.969107940340347
9301,COc1cnc2c(C#Cc3cc4cc(OC)c(OC)cc4n3C)scc2n1,-4.905054,-2.210222,2.694832,1.0,3.2178262615383204
9302,CNc1cc2nonc2c(-c2cc(OC):C(c3c(OC)c(OC)cc4c3cc(C(=O)O)n4C):s2)n1,-5.293865,-2.505456,2.788408,0.795088494644457,3.3142953814706466
9305,COc1cc(-c2c(OC)c(OC)cc3cc[nH]c23)s:C:1c1occ2ncc(NC(C)=O)nc12,-4.753742,-2.035395,2.718347,0.872737234878828,3.344204547853112
9308,COc1cc2cc(-c3cc(OC):C(c4cc(S(=O)(=O)O)cc5nsnc45):s3)n(C)c2cc1OC,-5.089757,-2.776889,2.312868,0.9184049114938104,3.181108379872409
9312,COc1cc2ccn(C)c2c(C=Nc2c(C(F)(F)F)ccc3nonc23)c1OC,-5.545634,-2.564293,2.981341,0.7172203851946387,3.227063212119516
9313,COc1cc2cc(C(=O)O)[nH]c2c(C=Cc2scc3nc(NC(C)=O)cnc23)c1OC,-5.074488,-2.379775,2.694713,0.982078265773776,3.2798819529392675
9314,COc1cc2c(cc(C(=O)O)n2C)c(N=Cc2c(OC)ncc3nsnc23)c1OC,-5.134668,-2.841789,2.292879,0.8555246555876879,3.3607580986722576
9315,COc1cc2nonc2c(C2:sc(-c3cc4cc(OC)c(OC)cc4n3C)cc:2OC)n1,-5.155797,-2.517538,2.638259,0.9267084547004184,3.1754876933680425
9316,COc1cc2c:C(c3cccc4nc(NC(C)=O)cnc34):n(C)c2cc1OC,-5.098443,-2.018714,3.079729,0.5789016182719765,2.552528284682136
9317,COc1cc2c(ccn2C)c(C=Nc2cc(C)cc3nsnc23)c1OC,-5.118349,-2.106725,3.011624,0.9366614914848672,3.1092710695052403
9318,COc1cc2cc(C3:sc(-c4cc(C=O)cc5nccnc45)cc:3OC)n(C)c2cc1OC,-4.912535,-2.68457,2.227965,0.8183104364154277,3.03891158549632
9319,COc1cc2c:C(c3nc(NC(C)=O)cc4nonc34):n(C)c2cc1OC,-5.282087,-2.561682,2.720405,0.990139207006809,2.873955516493892
9322,COc1cc2c(cc(C(=O)O)n2C)c(N=Cc2c(F)ncc3nonc23)c1OC,-5.466243,-3.233121,2.233122,0.8967371183077463,3.3732597933160964
9325,COc1cc(-c2c(OC)c(OC)cc3ccn(C)c23)s:C:1c1occ2ncc(S(=O)(=O)O)nc12,-5.572281,-2.90795,2.664331,0.5055358400770116,3.559421740196296
9327,COc1cc2cc[nH]c2c(C=Nc2c(S(=O)(=O)O)ncc3nonc23)c1OC,-5.688438,-3.560489,2.127949,0.987026298659586,3.4708875836110566
9328,COc1cc2[nH]ccc2:C(c2cccc3ncc(Br)nc23):c1OC,-5.168943,-2.000342,3.168602,0.3371671996150289,2.6347210983043983
9329,COc1cc2c(cc(C(=O)O)n2C)c(C=Cc2occ3nc(C(F)(F)F)cnc23)c1OC,-5.230665,-2.614205,2.61646,0.9874890968996596,3.3797662878504813
9333,COc1cc2cc[nH]c2c(C=Cc2c(O)ncc3nonc23)c1OC,-5.114574,-2.846563,2.268011,0.9845313441184974,3.342847390022796
9334,COc1cc(-c2c(OC)c(OC)cc3cc(C(=O)O)n(C)c23)s:C:1c1c(C(F)(F)F)ccc2nsnc12,-5.450832,-2.650411,2.800421,0.3210894225294879,3.3315390260676603
9336,COc1cc2cc(C(=O)O)n(C)c2:C(c2cc(Br)cc3nonc23):c1OC,-5.772264,-2.640064,3.1322,0.2866349363454153,2.986383807991867
9337,COc1cc2c(ccn2C)c(C=Nc2cc(F)cc3nonc23)c1OC,-5.33979,-2.420435,2.919355,0.9648996292595472,3.1066552690894405
9338,COc1cc2ccn(C)c2c(C=Nc2scc3nc(S)cnc23)c1OC,-5.228311,-2.409606,2.818705,0.920570509488062,3.6145321921663633
9341,COc1cc2cc[nH]c2c(C=Nc2c(O)ccc3nonc23)c1OC,-5.451561,-2.431885,3.019676,0.9746815391145142,3.1504743130997195
9343,COc1cc2cc[nH]c2:C(c2occ3nc(S)cnc23):c1OC,-5.16207,-2.437251,2.724819,0.970038247947842,3.462370542204602
9345,COc1cc2ccn(C)c2c(C=Cc2scc3nc(C=O)cnc23)c1OC,-5.03172,-2.80621,2.22551,0.9503681024843847,3.3867817060937657
9346,COc1cc2[nH]c(C(=O)O)cc2c(C=Nc2c(S(=O)(=O)O)ncc3nsnc23)c1OC,-5.798491,-3.245444,2.553048,0.7602987335650679,3.452413005927979
9350,COc1cc2c(cc(C(=O)O)n2C):C(c2c(Br)ccc3nsnc23):c1OC,-5.527708,-2.456817,3.070891,0.134426750481071,2.872557346453405
9355,COc1cc2cc(-c3cc(OC):C(c4cc(S(=O)(=O)O)cc5ccccc45):s3)n(C)c2cc1OC,-5.049359,-1.751835,3.297524,0.7152104770320663,2.814011237043646
9356,COc1cc2c(ccn2C):C(c2nc(O)cc3nsnc23):c1OC,-5.400304,-2.444072,2.956231,0.524071009373764,3.137619455573729
9357,CNc1cc(C=Cc2c(OC)c(OC)cc3ccn(C)c23)c2nonc2c1,-5.157041,-2.075975,3.081067,0.8370672879838874,3.160911376423437
9367,COc1cc2ccn(C)c2:C(c2c(C(F)(F)F)ccc3nccnc23):c1OC,-5.130344,-2.265167,2.865177,0.0127094836898201,2.8370264795739057
9369,COc1cc2cc(C(=O)O)[nH]c2c(C=Nc2c(OC)ccc3nsnc23)c1OC,-5.489616,-2.255067,3.234549,0.87833174280013,3.133807323022163
9371,COc1cc2cc(C(=O)O)[nH]c2c(C=Nc2occ3nc(S(=O)(=O)O)cnc23)c1OC,-5.736587,-3.173885,2.562702,0.999686976513928,3.606187424532631
9373,COc1cc2cc[nH]c2:C(c2c(C)ccc3nsnc23):c1OC,-5.275046,-2.250482,3.024563,0.471229458492428,2.826922290456352
9375,COc1cc2[nH]ccc2:C(c2cccc3cc(S(=O)(=O)O)ccc23):c1OC,-5.349573,-1.49986,3.849713,0.4193436030846372,2.3987755569797216
9381,COc1cc2c(ccn2C)c(C=Nc2c(O)ncc3nonc23)c1OC,-5.123742,-2.633368,2.490374,0.9955648575350882,3.33618894892312
9382,COc1cc2cc[nH]c2c(C=Nc2c(C)ncc3nsnc23)c1OC,-5.444841,-2.734412,2.710429,0.9609115228390376,3.350939697715104
9386,COc1cc(-c2c(OC)c(OC)cc3cc(C(=O)O)n(C)c23)s:C:1c1cc(C=O)cc2nccnc12,-5.401244,-2.40591,2.995333,0.5149582384087774,3.254949950285845
9389,COc1cc2cc[nH]c2:C(c2c(S(=O)(=O)O)ccc3ccccc23):c1OC,-5.599142,-1.724641,3.874501,0.2782326302522802,2.542454909206443
9390,COc1cc(-c2c(OC)c(OC)cc3c2cc(C(=O)O)n3C)s:C:1c1scc2nc(OC(C)=O)cnc12,-5.018742,-2.158743,2.86,0.7982204738727936,3.3957746892052096
9393,COc1cc2ccn(C)c2c(C=Nc2cc(O)cc3nccnc23)c1OC,-5.296926,-1.799622,3.497304,0.7170822178929146,3.1218490387610984
9395,COc1cc(-c2c(OC)c(OC)cc3ccn(C)c23)s:C:1c1cccc2nc(F)cnc12,-5.226741,-2.081299,3.145442,0.6010246184467247,3.107780001060349
9396,COc1cc2[nH]c(C(=O)O)cc2c(C#Cc2c(S(=O)(=O)O)ncc3nonc23)c1OC,-5.944974,-3.631039,2.313935,1.0,3.4127405551229693
9397,COc1cc2cc[nH]c2:C(c2cccc3nc(C)cnc23):c1OC,-5.155536,-1.877654,3.277882,0.652111303207434,2.6030093926187803
9400,COc1cc2cc(C(=O)O)[nH]c2:C(c2c(S(=O)(=O)O)ccc3nccnc23):c1OC,-5.831662,-2.652158,3.179504,0.3194094301110734,2.882836034591758
9408,CNc1ccc2nonc2c1C1:sc(-c2c(OC)c(OC)cc3c2ccn3C)cc:1OC,-4.926819,-1.855189,3.07163,0.6785864225272054,3.1475215057095456
9415,COc1cc2ccn(C)c2:C(c2cc(F)cc3nonc23):c1OC,-5.39758,-2.411186,2.986393,0.274021472722437,2.8754486410940903
9419,COc1cc(-c2c(OC)c(OC)cc3cc(C(=O)O)[nH]c23)s:C:1c1occ2ncc(Br)nc12,-5.043215,-2.423856,2.61936,0.8984623025592884,3.439007794777772
9420,COc1cc2c(cc(C(=O)O)n2C)c(C=Nc2c(F)ccc3nonc23)c1OC,-5.522428,-2.627073,2.895355,0.9964662584427308,3.11865466511097
9422,COc1cc(-c2c(OC)c(OC)cc3[nH]ccc23)s:C:1c1cc(O)cc2nccnc12,-4.832659,-1.760102,3.072557,0.8899404414529977,3.0380613526948785
9425,COc1cnc2c(C3:c(OC)c(OC)cc4ccn(C)c:34)occ2n1,-5.142239,-1.77303,3.36921,0.4240414946182297,3.131327292514671
9426,COc1cc(-c2c(OC)c(OC)cc3[nH]c(C(=O)O)cc23)s:C:1c1occ2ncc(Br)nc12,-4.96364,-2.330144,2.633496,0.930263569340372,3.385756678152463
9427,COc1cc2cc[nH]c2:C(c2cccc3ncc(C)nc23):c1OC,-5.169278,-1.864201,3.305077,0.6426532229468714,2.576352536431489
9429,COc1cc(-c2c(OC)c(OC)cc3cc[nH]c23)s:C:1c1scc2nc(C(F)(F)F)cnc12,-5.034934,-2.53799,2.496945,0.9121786552482962,3.366383973437822
9432,COc1cc2cc(C(=O)O)n(C)c2:C(c2c(O)ccc3nonc23):c1OC,-5.795252,-2.21159,3.583663,0.2087304315137481,2.956895192607252
9435,COc1cc2[nH]ccc2:C(c2c(O)ccc3nsnc23):c1OC,-5.197819,-1.915847,3.281972,0.6417507937253331,2.7534663464004066
9436,COc1cc2[nH]ccc2:C(c2cc(C=O)cc3nsnc23):c1OC,-5.51589,-2.738137,2.777754,0.5732761126625041,2.952042837434835
9437,COc1cc(-c2c(OC)c(OC)cc3cc[nH]c23)s:C:1c1c(Br)ncc2nsnc12,-5.213375,-2.916345,2.29703,0.677852320772319,3.397613746512788
9454,COc1cc(-c2c(OC)c(OC)cc3cc(C(=O)O)[nH]c23)s:C:1c1cc(OC(C)=O)cc2nsnc12,-5.23157,-2.420212,2.811358,0.9047701897659194,3.2923825473917105
9463,COc1cc2cc[nH]c2c(C=Nc2c(C#N)ccc3nccnc23)c1OC,-5.446139,-2.575609,2.870529,0.925369270420208,3.097623594974116
9464,COc1cc2nonc2c(-c2cc(OC):C(c3c(OC)c(OC)cc4cc(C(=O)O)n(C)c34):s2)n1,-5.652276,-2.882748,2.769529,0.6181724531424051,3.351174188378025
9465,COc1c:C(c2c(OC)c(OC)cc3cc(C(=O)O)[nH]c23):sc1-c1cc(O)cc2nsnc12,-5.187574,-2.271723,2.91585,0.8988194024369445,3.292220698003579
9466,COc1c:C(c2c(OC)c(OC)cc3[nH]c(C(=O)O)cc23):sc1-c1cc(F)cc2nonc12,-5.308497,-2.363265,2.945232,0.8925842987264087,3.135497124802587
9468,COc1c:C(c2c(OC)c(OC)cc3cc(C(=O)O)[nH]c23):sc1-c1scc2nc(S)cnc12,-4.968602,-2.29609,2.672512,0.8986772836106819,3.551057422569336
9475,COc1cc2cc[nH]c2c(C=Cc2cccc3nc(C)cnc23)c1OC,-5.083805,-1.947041,3.136764,0.942129573411412,2.792767951002121
9476,COc1cc2cc[nH]c2c(C=Cc2occ3ncc(C)nc23)c1OC,-4.853649,-2.093193,2.760456,0.9793386558648116,3.272653159253566
9477,COc1cc2c(ccn2C)c(C=Cc2scc3ncc(S)nc23)c1OC,-4.81989,-2.209022,2.610867,0.9794403954643648,3.485371901106072
9479,COc1cc2c(ccn2C)c(N=Cc2occ3ncc(O)nc23)c1OC,-4.793384,-2.193064,2.60032,0.8875432387982185,3.584991235825407
9480,COc1cc(C2:cc3cc(OC)c(OC)cc3n:2C)c2nccnc2c1,-5.18234,-1.99749,3.184849,0.5717179842188473,2.51922844996262
9483,COc1cc2cc(C(=O)O)[nH]c2c(C#CC2:c(C#N)ncc3nsnc:23)c1OC,-5.90956,-3.3832,2.52636,1.0,3.4251894993823893
9484,COc1cc(-c2scc3ncc(C#N)nc23)s:C:1c1c(OC)c(OC)cc2ccn(C)c12,-5.214563,-3.046374,2.168189,0.6583457002652615,3.413875859048515
9490,COc1cc2ccn(C)c2c(C=Nc2cc(C=O)cc3nsnc23)c1OC,-5.449684,-2.822178,2.627506,0.8586198092036263,3.3587801076921675
9491,COc1cc2cc(C#Cc3nc(S)cc4nonc34)n(C)c2cc1OC,-5.519053,-2.946537,2.572516,1.0,3.399142171376342
9495,CNc1cc(C2:sc(-c3cc4cc(OC)c(OC)cc4n3C)cc:2OC)c2nsnc2c1,-4.633227,-1.91508,2.718147,0.8911213108802354,3.1544491472987266
9496,COc1cc2cc[nH]c2c(N=Cc2nc(C(F)(F)F)cc3nsnc23)c1OC,-5.403595,-3.145847,2.257749,0.9896772092088938,3.4981907968535086
9498,COc1cc2cc(C#Cc3occ4nc(NC(C)=O)cnc34)n(C)c2cc1OC,-4.89804,-2.253063,2.644977,1.0,3.270739030339236
9499,COc1cc2c(ccn2C)c(C=Cc2occ3nc(F)cnc23)c1OC,-4.949636,-2.27358,2.676056,0.9906892922532358,3.364689572623744
9503,COc1cnc2c(N=Cc3cc4cc(OC)c(OC)cc4n3C)cccc2n1,-5.198769,-1.77084,3.427928,0.8872235309296341,2.87129562158574
9507,COc1cc2cc[nH]c2c(C=Nc2cncc3nonc23)c1OC,-5.582912,-2.927233,2.655679,0.9981676589987784,3.282527309484524
9509,COc1cc2cc(C=Nc3c(C)ccc4nccnc34)n(C)c2cc1OC,-5.033521,-1.799719,3.233802,0.8419351593068103,2.839425262537322
9510,COc1cc2c(ccn2C)c(C=Cc2nc(S(=O)(=O)O)cc3nonc23)c1OC,-5.634838,-3.205048,2.42979,0.9888993360432043,3.351989707846011
9512,COc1cc2nonc2c(-c2cc(OC):C(c3c(OC)c(OC)cc4cc(C(=O)O)n(C)c34):s2)n1,-5.562317,-2.830716,2.731601,0.62067883246627,3.351174188378025
9513,COc1cc2cc[nH]c2c(C2:cccc3nsnc:23)c1OC,-5.269508,-2.428411,2.841097,0.7245929894611916,2.709991145648296
9514,CNc1cc2nsnc2c(C=Nc2c(OC)c(OC)cc3cc(C(=O)O)n(C)c23)n1,-5.266348,-2.667541,2.598807,0.9341106581429892,3.5181509558151136
9519,COc1cc2cc[nH]c2c(C=Nc2cc(C)cc3nsnc23)c1OC,-5.410999,-2.403799,3.0072,0.98475295356592,3.18291854386895
9522,COc1cc2[nH]ccc2c(C=Cc2cc(F)cc3nccnc23)c1OC,-5.083722,-2.032025,3.051697,0.969527034333311,2.826962412540583
9523,COc1cc2cc[nH]c2c(N=Cc2c(F)ncc3nonc23)c1OC,-5.378193,-3.174629,2.203565,0.9875264469167035,3.391855082330488
9524,COc1cc2cc(C(=O)O)n(C)c2:C(c2cc(OC(C)=O)cc3nsnc23):c1OC,-5.484088,-2.389967,3.094122,0.2142664769388875,3.0563567018762816
9525,COc1cc2ccn(C)c2c(C#Cc2c(C=O)ccc3nccnc23)c1OC,-5.277055,-2.558358,2.718697,1.0,3.102431198508816
9529,COc1cc2cc(-c3cc(OC):C(c4cccc5ccc(S(=O)(=O)O)cc45):s3)n(C)c2cc1OC,-4.99454,-1.76719,3.22735,0.7254955711601667,2.800889886965152
9530,COc1cc2[nH]ccc2c(C=Nc2occ3ncc(C(F)(F)F)nc23)c1OC,-5.268084,-2.591583,2.676501,0.9998875062718654,3.401551653718164
9533,COc1cc2c(cc(C(=O)O)n2C)c(C#Cc2cc(C#N)cc3nonc23)c1OC,-5.717217,-3.118349,2.598868,1.0,3.217252604166762
9536,COc1cc(-c2c(OC)c(OC)cc3c2ccn3C)s:C:1c1c(OC(C)=O)ncc2nsnc12,-5.060765,-2.607844,2.452921,0.7238026885466907,3.3581830154999404
9537,CNc1cnc2c(C3:c(OC)c(OC)cc4[nH]ccc:34)scc2n1,-4.974294,-1.61012,3.364174,0.5640312977017967,3.037646181916439
9538,COc1cc2cc[nH]c2c(C=Cc2occ3ncc(O)nc23)c1OC,-4.848535,-2.079628,2.768907,0.9769909373226292,3.5012589284843347
9541,COc1cc2ccn(C)c2c(C=Nc2c(C=O)ccc3ccccc23)c1OC,-5.49003,-1.818763,3.671267,0.6894981389796145,2.8671313908165086
9550,COc1cc2cc[nH]c2:C(c2cc(OC(C)=O)cc3nsnc23):c1OC,-5.101282,-2.327075,2.774208,0.5291643143134305,2.95654050817468
9558,COc1cc(-c2c(OC)c(OC)cc3cc(C(=O)O)[nH]c23)s:C:1c1nc(S(=O)(=O)O)cc2nonc12,-5.895949,-3.188097,2.707852,0.90283319863013,3.499331878694072
9559,COc1cc(-c2c(OC)c(OC)cc3cc[nH]c23)s:C:1c1cccc2cc(S(=O)(=O)O)ccc12,-5.232111,-1.701757,3.530354,0.7026597426621577,2.8744286885768613
9561,COc1cc2cc(C(=O)O)n(C)c2c(C=Cc2scc3ncc(OC(C)=O)nc23)c1OC,-5.070208,-2.407737,2.662471,0.9400567721969152,3.396066668930077
9563,COc1cc2[nH]ccc2c(C#Cc2occ3ncc(NC(C)=O)nc23)c1OC,-5.080071,-2.138811,2.94126,1.0,3.328552736970356
9565,COc1cc(-c2c(OC)c(OC)cc3cc(C(=O)O)[nH]c23)s:C:1c1nc(S(=O)(=O)O)cc2nsnc12,-5.757925,-3.155957,2.601969,0.8701206054864176,3.5349635710017644
9570,COc1cc2cc[nH]c2c(C#Cc2cccc3cc(C#N)ccc23)c1OC,-5.560229,-2.001249,3.55898,1.0,2.7701425298853586
9571,COc1cc(-c2c(OC)c(OC)cc3[nH]c(C(=O)O)cc23)s:C:1c1scc2ncc(F)nc12,-5.114485,-2.222372,2.892114,0.7367091290627259,3.340956181874546
9572,COc1cc(-c2c(OC)c(OC)cc3c2cc(C(=O)O)n3C)s:C:1c1scc2ncc(F)nc12,-4.861687,-2.209956,2.651731,0.8863166394130026,3.368987570155811
9575,COc1cc2[nH]ccc2:C(c2c(O)ccc3nonc23):c1OC,-5.296977,-1.927715,3.369262,0.668313051514156,2.7381327799668416
9577,COc1cc(-c2c(OC)c(OC)cc3c2cc(C(=O)O)n3C)s:C:1c1c(OC)ncc2nsnc12,-5.016883,-2.531734,2.485148,0.7584258717509681,3.3229294474047126
9581,COc1cc2c(cc(C(=O)O)n2C)c(C=Nc2c(S(=O)(=O)O)ccc3nsnc23)c1OC,-6.057826,-3.099639,2.958187,0.9588125201447812,3.2369274766616707
9582,COc1cc2ccn(C)c2:C(c2cc(S(=O)(=O)O)cc3nonc23):c1OC,-5.467065,-2.90576,2.561305,0.3684163047744689,2.973133961838021
9584,COc1cc2[nH]c(C(=O)O)cc2c(C=Nc2c(C=O)ccc3nonc23)c1OC,-5.894933,-2.913582,2.981351,0.9229821386291256,3.2021955031347336
9585,COc1cc2cc[nH]c2:C(c2cc(C=O)cc3nccnc23):c1OC,-5.369464,-2.581739,2.787725,0.6548807162934243,2.846882005407412
9589,COc1cc2c(ccn2C)c(C=Nc2c(S)ccc3nccnc23)c1OC,-5.252658,-1.902813,3.349845,0.8515578392868551,3.126921766033826
9595,COc1cc2cc(C(=O)O)[nH]c2:C(c2scc3ncc(Br)nc23):c1OC,-5.561638,-2.73868,2.822958,0.9164093149890076,3.171434968915716
9597,COc1cc2c(ccn2C)c(C#Cc2cc(O)cc3nccnc23)c1OC,-5.037081,-1.904299,3.132782,1.0,3.022755532267592
9602,CNc1ncc2nsnc2c1C1:c(OC)c(OC)cc2cc(C(=O)O)[nH]c:12,-5.395258,-2.524816,2.870442,0.5400813203927082,3.1703579456436906
9604,CNc1ncc2nonc2c1C=Cc1c(OC)c(OC)cc2c1cc(C(=O)O)n2C,-5.271565,-2.290024,2.981541,0.5073731694654293,3.25482513163929
9606,COc1cc2[nH]ccc2c(C=Cc2cccc3nc(C)cnc23)c1OC,-4.929833,-1.772355,3.157479,0.9627337842632516,2.7163685663867376
9607,COc1cc2c:C(c3c(C(F)(F)F)ccc4nccnc34):n(C)c2cc1OC,-5.255515,-2.464387,2.791128,0.4254174541570234,2.685469674840178
9609,COc1cc2[nH]c(C(=O)O)cc2:C(c2nc(S(=O)(=O)O)cc3nonc23):c1OC,-6.250932,-3.363213,2.887719,0.6778961366153321,3.1913733830596875
9610,COc1cc2[nH]ccc2c(C#Cc2c(Br)ccc3nsnc23)c1OC,-5.179963,-2.518333,2.66163,1.0,3.120307005407412
9612,COc1cc(-c2c(OC)c(OC)cc3[nH]c(C(=O)O)cc23)s:C:1c1cc(OC(C)=O)cc2nonc12,-5.21171,-2.30101,2.9107,0.8943685909949093,3.203942638785466
9616,COc1cc2c(ccn2C)c(C=Nc2cc(S(=O)(=O)O)cc3nsnc23)c1OC,-5.36112,-2.717837,2.643284,0.9100023259129078,3.218900818957122
9618,COc1cc2cc[nH]c2c(C=Nc2cncc3nsnc23)c1OC,-5.457929,-2.839876,2.618053,0.9975291987976208,3.3226692875065016
9620,COc1cc2c(cc(C(=O)O)n2C)c(C=Cc2cc(C)cc3nsnc23)c1OC,-5.280061,-2.280193,2.999869,0.9425310581348296,3.0568546651109685
9623,COc1cc2cc(C(=O)O)n(C)c2:C(c2cc(NC(C)=O)cc3nsnc23):c1OC,-5.598939,-2.266886,3.332053,0.0549507641176419,2.989064394183975
9625,COc1cc2c(ccn2C)c(C=Nc2cc(S)cc3nccnc23)c1OC,-5.334102,-1.868464,3.465638,0.8471274166190235,3.235558329470388
9631,COc1cc(-c2c(OC)c(OC)cc3c2cc(C(=O)O)n3C)s:C:1c1c(C(F)(F)F)ccc2nccnc12,-5.190075,-2.233056,2.957019,0.5623354215515823,3.168854208645066
9632,COc1cc2[nH]c(C(=O)O)cc2:C(c2occ3nc(C(F)(F)F)cnc23):c1OC,-5.60373,-2.561413,3.042317,0.7769649482264845,3.166571459982764
9643,COc1cc2[nH]c(C(=O)O)cc2c(C=Nc2nccc3nonc23)c1OC,-5.802165,-2.763011,3.039154,0.944547201237691,3.140118769030828
9644,COc1cc2ccn(C)c2c(C=Nc2nccc3nonc23)c1OC,-5.557395,-2.684419,2.872976,0.8982415926989722,3.1940012361766428
9649,COc1cc(-c2c(OC)c(OC)cc3c2ccn3C)s:C:1c1c(C)ncc2nsnc12,-5.047547,-2.429577,2.61797,0.6966125139680929,3.231189193112886
9650,COc1cc(C2:sc(-c3c(OC)c(OC)cc4c3ccn4C)cc:2OC)c2nccnc2c1,-4.744947,-1.716252,3.028695,0.8867670930879739,2.9758983285405094
9652,COc1cc2cc(C(=O)O)[nH]c2c(C=Nc2nc(S(=O)(=O)O)cc3nsnc23)c1OC,-6.101904,-3.35522,2.746684,0.9779087139063743,3.566790286786656
9653,COc1cc2c(ccn2C):C(c2c(NC(C)=O)ccc3nsnc23):c1OC,-5.283502,-2.007312,3.27619,0.3950647091616156,2.7675204962509774
9656,CNc1cc2nonc2c(C2:sc(-c3c(OC)c(OC)cc4cc[nH]c34)cc:2OC)n1,-5.147232,-2.228799,2.918433,0.9025518948739089,3.3164250519170047
9659,COc1cc2ccn(C)c2c(C=Cc2cccc3ccc(C=O)cc23)c1OC,-5.173287,-1.880422,3.292865,0.8265226638225869,2.7272817754318925
9662,CNc1cc2nonc2c(C2:cc3cc(OC)c(OC)cc3n:2C)n1,-5.100902,-2.269015,2.831887,0.9878695973048512,2.917880055244897
9669,COc1cc2[nH]ccc2c(C=Nc2c(S(=O)(=O)O)ncc3nonc23)c1OC,-5.770047,-3.439154,2.330892,0.9574500587046916,3.398356522267337
9672,COc1cc2cc(C(=O)O)[nH]c2:C(c2c(OC(C)=O)ccc3nsnc23):c1OC,-5.546284,-2.46457,3.081715,0.3181173100643656,2.942832442888747
9674,COc1cc2ccn(C)c2c(C=Nc2cc(C(F)(F)F)cc3nsnc23)c1OC,-5.444987,-2.618462,2.826525,0.8418683912341034,3.2601144941707982
9677,COc1cc2ccn(C)c2c(C=Nc2c(C#N)ccc3nccnc23)c1OC,-5.448395,-2.374201,3.074194,0.7291779689299445,3.1033640831242018
9680,COc1cc2[nH]ccc2c(C=Cc2scc3nc(C=O)cnc23)c1OC,-5.062924,-2.732776,2.330148,0.9875892083614596,3.3142436433098155
9681,COc1cc2c:C(c3cccc4nccnc34):n(C)c2cc1OC,-4.973794,-2.063973,2.909821,0.586738990844368,2.375739827401389
9682,COc1cc2cc[nH]c2c(C=Cc2c(C(F)(F)F)ccc3nsnc23)c1OC,-5.313484,-2.782603,2.53088,0.8502107460847285,3.169134321683111
9683,COc1cc2cc[nH]c2c(C=Cc2cc(O)cc3nsnc23)c1OC,-5.255926,-2.361294,2.894632,0.9648220025363056,3.1690377746381806
9687,COc1cc2nsnc2c(C=Nc2c(OC)c(OC)cc3c2ccn3C)n1,-5.04017,-2.717886,2.322284,0.9104611732725936,3.3761453424574013
9690,COc1cc2cc(C=Nc3occ4ncc(F)nc34)n(C)c2cc1OC,-4.889772,-2.334564,2.555208,0.9999999995309864,3.388751942686113
9691,COc1cc(-c2scc3ncc(C#N)nc23)s:C:1c1c(OC)c(OC)cc2c1ccn2C,-5.073131,-2.955909,2.117222,0.7931313769390341,3.3533742529622925
9695,COc1cc(-c2c(OC)c(OC)cc3cc[nH]c23)s:C:1c1c(C)ccc2nsnc12,-5.137646,-2.212343,2.925303,0.6910533187027714,3.105870454920659
9698,COc1cc2ccn(C)c2c(N=Cc2c(F)ncc3nsnc23)c1OC,-5.072279,-3.043137,2.029142,0.921258721515455,3.423490820024992
9702,COc1cc2cc[nH]c2c(N=Cc2occ3nc(C)cnc23)c1OC,-4.984672,-2.355098,2.629574,0.9778720804241944,3.424480082330489
9703,COc1cc2cc[nH]c2c(C=Cc2occ3nc(Br)cnc23)c1OC,-5.111066,-2.485241,2.625824,0.980682568433471,3.4358666207920265
9704,COc1cc2cc(-c3s:C(c4occ5ncc(OC(C)=O)nc45):cc3OC)n(C)c2cc1OC,-4.750983,-2.414186,2.336797,0.8566441682172807,3.3278700347307097
9708,COc1cc2c(cc(C(=O)O)n2C)c(C=Cc2c(S)ccc3nonc23)c1OC,-5.431265,-2.425277,3.005987,0.887717103467695,3.230305947162252
9709,COc1cc2ccn(C)c2c(C#Cc2cccc3nsnc23)c1OC,-5.10339,-2.462616,2.640774,1.0,3.0086050823304884
9711,COc1cc2cc[nH]c2c(C=Nc2occ3ncc(F)nc23)c1OC,-5.211513,-2.464865,2.746648,0.9998933138175252,3.5317646977151043
9712,COc1cc2cc(C(=O)O)n(C)c2c(C=Nc2nc(O)cc3nsnc23)c1OC,-5.695447,-2.652516,3.04293,0.8660279420887973,3.510039280495585
9715,COc1cc2nonc2c(-c2cc(OC):C(c3c(OC)c(OC)cc4cc[nH]c34):s2)n1,-5.207107,-2.77387,2.433236,0.8960028053903708,3.257060834112337
9717,COc1cc2cc(C=Nc3cccc4ncc(OC(C)=O)nc34)n(C)c2cc1OC,-5.291305,-1.976847,3.314458,0.8642944043846559,2.972869869842264
9718,COc1cc2c:C(c3scc4nc(NC(C)=O)cnc34):n(C)c2cc1OC,-4.771218,-2.174901,2.596317,0.7647147869551939,2.912285678437211
9720,COc1cc2cc(-c3cc(OC):C(c4c(S)ccc5nsnc45):s3)n(C)c2cc1OC,-5.050067,-2.280629,2.769438,0.5978449064957398,3.1877059763296707
9722,COc1cc2c:C(c3scc4ncc(NC(C)=O)nc34):n(C)c2cc1OC,-5.045383,-2.260836,2.784546,0.7141763491882029,2.91670733835624
9723,COc1cc(-c2cc(C=O)cc3nccnc23)s:C:1c1c(OC)c(OC)cc2cc(C(=O)O)[nH]c12,-5.266395,-2.690242,2.576153,0.8631360855733252,3.1957084683837333
9725,COc1cc2cc[nH]c2c(C=Cc2occ3nc(S)cnc23)c1OC,-4.969163,-2.257054,2.712109,0.9813480401047248,3.636714697715103
9726,COc1cc(-c2c(OC)c(OC)cc3cc(C(=O)O)n(C)c23)s:C:1c1scc2nc(NC(C)=O)cnc12,-5.155481,-2.052475,3.103006,0.362850982039923,3.3849249505943053
9729,COc1cc2[nH]ccc2:C(c2cccc3nc(F)cnc23):c1OC,-5.140125,-1.858044,3.282081,0.479924411687899,2.6814027036555697
9730,COc1cc2ccn(C)c2c(C=Cc2cc(O)cc3nsnc23)c1OC,-5.168914,-2.335492,2.833423,0.8449837068653339,3.168723460357631
9731,COc1cc2cc(C(=O)O)[nH]c2:C(c2c(C=O)ccc3nccnc23):c1OC,-5.727906,-2.526763,3.201143,0.448449327862847,2.8745249740687004
9732,COc1cc2cc(C(=O)O)[nH]c2c(C=Nc2c(O)ncc3nonc23)c1OC,-5.615141,-2.948183,2.666957,0.999742371815148,3.414994691692849
9734,COc1cc(-c2c(OC)c(OC)cc3c2cc(C(=O)O)n3C)s:C:1c1cc(S)cc2nonc12,-5.247234,-2.32958,2.917654,0.894036725800635,3.385403278657836
9740,COc1cc2[nH]ccc2c(C=Nc2c(C=O)ccc3c2SCS3)c1OC,-5.415225,-1.7704,3.644824,0.7606133747050772,3.5272288740790456
9742,COc1cc2c(cc(C(=O)O)n2C):C(c2nc(Br)cc3nonc23):c1OC,-5.915659,-3.026996,2.888663,0.6703225007034528,3.1011979618380217
9743,COc1cc(-c2c(OC)c(OC)cc3cc[nH]c23)s:C:1c1cccc2cc(C#N)ccc12,-5.224648,-1.753958,3.47069,0.6963930673791638,2.8460272942354017
9748,COc1cc2[nH]ccc2c(C=Nc2nc(O)cc3nonc23)c1OC,-5.528262,-2.606213,2.922049,0.9470738274375088,3.36011854386895
9751,COc1cc2c(ccn2C)c(C=Cc2occ3nc(Br)cnc23)c1OC,-5.046455,-2.418514,2.627941,0.9706527406732122,3.3553827119168824
9752,COc1cc2c(ccn2C):C(c2c(OC(C)=O)ccc3nsnc23):c1OC,-5.334945,-2.137107,3.197838,0.388465228086566,2.8075960023238515
9755,COc1cc(-c2c(OC)c(OC)cc3[nH]ccc23)s:C:1c1scc2ncc(O)nc12,-4.608461,-1.913378,2.695083,0.9241607125742856,3.3574035497328243
9758,COc1cc2c(ccn2C)c(C=Cc2c(F)ncc3nonc23)c1OC,-5.192216,-2.804908,2.387309,0.989852355150662,3.213639260773432
9761,COc1cc2[nH]c(C(=O)O)cc2c(C=Nc2cc(NC(C)=O)cc3nonc23)c1OC,-5.646637,-2.471415,3.175221,0.9924926415026696,3.1105307593053144
9763,COc1cc2[nH]ccc2:C(c2scc3ncc(S)nc23):c1OC,-5.305327,-2.051336,3.253991,0.5537725256986145,3.308428584162645
9764,COc1cc2c(ccn2C)c(C=Cc2c(C=O)ccc3ccccc23)c1OC,-5.151451,-1.75247,3.39898,0.7731717208523905,2.664941198508817
9766,COc1cc2cc(C(=O)O)[nH]c2:C(c2scc3nc(NC(C)=O)cnc23):c1OC,-5.201971,-2.390599,2.811372,0.9676088760859411,3.083516203572508
9772,COc1cc2c(ccn2C)c(C#Cc2cccc3nc(OC(C)=O)cnc23)c1OC,-4.988377,-1.985305,3.003072,1.0,3.014540277082082
9773,COc1cc(-c2c(OC)c(OC)cc3[nH]ccc23)s:C:1c1c(F)ncc2nonc12,-5.122109,-2.703849,2.41826,0.7935204807506892,3.2708280577829143
9776,COc1cc2cc(C(=O)O)[nH]c2:C(c2cc(C=O)cc3nsnc23):c1OC,-5.753159,-3.046316,2.706844,0.7138387983406781,3.0719609820809364
9785,COc1cc2cc(C(=O)O)n(C)c2c(C=Nc2c(O)ccc3nonc23)c1OC,-5.565075,-2.47687,3.088205,0.9126885707720754,3.208958938615244
9786,COc1cc2cc(C(=O)O)n(C)c2c(C#Cc2nc(C=O)cc3nsnc23)c1OC,-5.67684,-3.200802,2.476038,1.0,3.489281725045883
9791,COc1cc(-c2c(OC)c(OC)cc3cc(C(=O)O)[nH]c23)s:C:1c1occ2nc(Br)cnc12,-5.084506,-2.43997,2.644536,0.9004460560857839,3.452250970956433
9792,COc1cc(C2:c(OC)c(OC)cc3ccn(C)c:23)c2nonc2c1,-5.328766,-2.173699,3.155067,0.2660516486115426,2.8257134246923528
9794,COc1cc2cc(C(=O)O)n(C)c2c(C=Nc2occ3nc(Br)cnc23)c1OC,-5.414703,-2.630028,2.784675,0.9538793327667732,3.5494392804955845
9795,COc1cc2cc(C(=O)O)[nH]c2:C(c2nccc3nsnc23):c1OC,-5.535844,-2.78835,2.747494,0.78548602097315,2.9608908894810853
9796,COc1cc2ccn(C)c2c(C#Cc2scc3ncc(OC(C)=O)nc23)c1OC,-5.08191,-2.461076,2.620835,1.0,3.4097780547294816
9800,COc1cc2cc[nH]c2:C(c2cc(Br)cc3nonc23):c1OC,-5.52584,-2.715683,2.810157,0.7704351574419657,2.895274038708098
9802,COc1cc(-c2c(OC)c(OC)cc3ccn(C)c23)s:C:1c1c(NC(C)=O)ncc2nonc12,-5.365533,-2.650125,2.715408,0.5331447886626045,3.337997919346094
9807,COc1cc2[nH]c(C(=O)O)cc2c(C=Nc2scc3ncc(Br)nc23)c1OC,-5.446402,-2.63671,2.809692,0.987662486764978,3.34067414641534
9811,COc1cc2ccn(C)c2c(C#Cc2nc(C(F)(F)F)cc3nsnc23)c1OC,-5.520292,-3.065381,2.454911,1.0,3.387499109555413
9812,COc1cc2[nH]ccc2c(C=Nc2nc(OC(C)=O)cc3nsnc23)c1OC,-5.357754,-2.54191,2.815844,0.9514235618562722,3.413817352354972
9813,COc1cc(-c2c(OC)c(OC)cc3cc(C(=O)O)n(C)c23)s:C:1c1scc2ncc(F)nc12,-5.079487,-2.239199,2.840288,0.5068351432835009,3.441930566107228
9815,COc1cc(-c2c(OC)c(OC)cc3ccn(C)c23)s:C:1c1occ2nc(NC(C)=O)cnc12,-4.809748,-1.976227,2.833521,0.5552009117289607,3.3632224385768623
9818,COc1cc(C2:sc(-c3c(OC)c(OC)cc4c3cc(C(=O)O)n4C)cc:2OC)c2nsnc2c1,-4.982473,-2.025435,2.957038,0.8911328979797688,3.183334784924336
9819,COc1cc2c(ccn2C):C(c2c(OC(C)=O)ccc3nccnc23):c1OC,-5.243782,-1.828979,3.414803,0.2533184684634332,2.674278041254677
9822,COc1cc2ccn(C)c2c(C=Nc2c(Br)ccc3nccnc23)c1OC,-5.335404,-2.054068,3.281336,0.6898352239229316,3.0603882995003584
9825,COc1cc(C2:c(OC)c(OC)cc3c:2ccn3C)c2nccnc2c1,-5.020918,-1.585499,3.435419,0.4455493571996322,2.606088741022912
9828,COc1cc2[nH]ccc2:C(c2c(Br)ccc3nsnc23):c1OC,-5.434604,-2.33162,3.102984,0.272500377587406,2.7908761366101977
9834,COc1cc2c(ccn2C)c(C#Cc2scc3ncc(O)nc23)c1OC,-4.929453,-2.109829,2.819624,1.0,3.4442114021455748
9837,COc1cc2[nH]ccc2:C(c2c(C)ccc3nsnc23):c1OC,-5.146909,-2.002613,3.144295,0.3580387738031954,2.703290821924883
9842,COc1cnc2coc(N=Cc3c(OC)c(OC)cc4[nH]ccc34)c2n1,-4.854692,-1.948857,2.905834,0.9996927622833672,3.3210928740790457
9843,COc1cc2cc[nH]c2c(C=Nc2cc(C)cc3nonc23)c1OC,-5.440051,-2.429093,3.010958,0.993025140062766,3.133430082330489
9844,COc1cc2cc(C(=O)O)n(C)c2c(C=Cc2occ3nccnc23)c1OC,-5.061039,-2.305533,2.755506,0.9327781720187324,3.2763280899401703
9845,CNc1cc2nonc2c(C2:c(OC)c(OC)cc3c:2ccn3C)n1,-5.182518,-2.044969,3.137549,0.6356783717914376,3.0068347681376384
9852,COc1cc2[nH]c(C(=O)O)cc2:C(c2cccc3nc(Br)cnc23):c1OC,-5.585036,-2.154632,3.430404,0.4858496347405435,2.7361097675060364
9857,CNc1ccc2nonc2c1C1:cc2cc(OC)c(OC)cc2n:1C,-5.052426,-2.09394,2.958485,0.4871209763120985,2.775161312016296
9859,COc1cc2cc(C(=O)O)[nH]c2c(C#Cc2nc(OC(C)=O)cc3nonc23)c1OC,-5.972734,-3.106359,2.866376,1.0,3.3856220059896653
9860,COc1cc2cc[nH]c2:C(c2nc(OC(C)=O)cc3nonc23):c1OC,-5.242296,-2.736015,2.506281,0.8240247433835791,3.1287380133721854
9862,CNc1ncc2nonc2c1C1:sc(-c2c(OC)c(OC)cc3cc[nH]c23)cc:1OC,-4.986501,-2.407175,2.579327,0.7627064048903447,3.3478884918478604
9865,COc1cc2ccn(C)c2c(C=Nc2cncc3nsnc23)c1OC,-5.381631,-2.741832,2.639799,0.8976010706419054,3.316157005407412
9867,COc1cc2[nH]c(C(=O)O)cc2c(C=Cc2occ3nc(S(=O)(=O)O)cnc23)c1OC,-5.538903,-3.094705,2.444198,0.9908310024836458,3.461910501455708
9871,COc1cc2c(ccn2C)c(C#Cc2c(C#N)ccc3nccnc23)c1OC,-5.176429,-2.476734,2.699695,1.0,2.990303313893431
9872,COc1c:C(c2c(OC)c(OC)cc3[nH]c(C(=O)O)cc23):sc1-c1cccc2ncc(C#N)nc12,-5.152718,-2.538725,2.613992,0.9027892796394884,3.0962063704816343
9873,COc1cc2cc[nH]c2c(C=Nc2c(C=O)ncc3nonc23)c1OC,-5.588129,-3.32105,2.267079,0.9985433330345808,3.4642861048482763
9874,COc1c:C(c2c(OC)c(OC)cc3c2ccn3C):sc1-c1cc(O)cc2nsnc12,-4.853913,-2.014351,2.839562,0.8952026112163842,3.2107645427632363
9877,COc1cc2cc[nH]c2c(C=Nc2c(C(F)(F)F)ncc3nsnc23)c1OC,-5.553668,-3.089925,2.463743,0.9511258130941462,3.4389941074669474
9879,COc1cc(-c2c(OC)c(OC)cc3cc[nH]c23)s:C:1c1c(NC(C)=O)ccc2nsnc12,-5.208903,-2.216842,2.99206,0.6887486566357446,3.143781470930035
9880,CNc1ccc2nonc2c1C1:cc2cc(OC)c(OC)cc2n:1C,-5.157268,-2.152108,3.00516,0.638123332233419,2.775161312016296
9882,COc1cc2cc[nH]c2c(C=Cc2c(F)ncc3nonc23)c1OC,-5.379778,-2.953296,2.426482,0.984492382684898,3.290185851561258
9883,COc1cc2cc[nH]c2c(C=Cc2cccc3cc(C=O)ccc23)c1OC,-5.227882,-1.926361,3.301521,0.8881684927869955,2.68931471923447
9884,COc1cc(C=Nc2c(OC)c(OC)cc3c2ccn3C)c2nsnc2c1,-4.987833,-2.355104,2.632729,0.8972513351640616,3.1043597280717865
9885,COc1cc2c(ccn2C)c(C=Nc2c(S)ccc3nsnc23)c1OC,-5.161968,-2.239168,2.9228,0.9255981734993926,3.284494146428317
9888,COc1cc2cc(C(=O)O)[nH]c2c(C=Cc2c(OC)ncc3nonc23)c1OC,-5.300666,-2.899141,2.401526,0.9833127267199004,3.253694752665692
9889,COc1cc(-c2c(OC)c(OC)cc3[nH]ccc23)s:C:1c1occ2nc(OC(C)=O)cnc12,-4.65115,-2.000478,2.650673,0.9389465343222692,3.3700364627467287
9896,COc1cc2cc(C(=O)O)[nH]c2c(C#Cc2nc(S)cc3nonc23)c1OC,-5.903665,-3.056984,2.846681,1.0,3.5202289662790216
9902,COc1cc2cc(-c3s:C(c4nc(S(=O)(=O)O)cc5nsnc45):cc3OC)n(C)c2cc1OC,-5.233315,-3.358808,1.874507,0.882565938835659,3.3741966389817213
9907,COc1cc2cc(C#Cc3scc4ncc(S)nc34)n(C)c2cc1OC,-4.973504,-2.455544,2.51796,1.0,3.512764832499004
9911,COc1cc2cc(C(=O)O)n(C)c2c(N=Cc2c(C)ncc3nonc23)c1OC,-5.467426,-3.028472,2.438955,0.8449972854091381,3.350803383059687
9912,COc1cc2[nH]c(C(=O)O)cc2c(C=Nc2nc(O)cc3nsnc23)c1OC,-5.683693,-2.680055,3.003638,0.9537141615977562,3.413506668323812
9914,CNc1cnc2c(C3:sc(-c4cc5cc(OC)c(OC)cc5n4C)cc:3OC)scc2n1,-4.528653,-1.917995,2.610657,0.8825905295054528,3.216429705202362
9915,COc1cc(-c2c(OC)c(OC)cc3cc[nH]c23)s:C:1c1cccc2nc(F)cnc12,-5.000042,-2.103289,2.896753,0.9025222132106836,3.081801197120116
9916,CNc1cc2nsnc2c(C=Nc2c(OC)c(OC)cc3[nH]c(C(=O)O)cc23)n1,-5.33874,-2.603701,2.73504,0.89673085417427,3.443574490001525
9919,COc1cc2[nH]ccc2c(N=Cc2c(OC)ncc3nsnc23)c1OC,-4.846799,-2.71592,2.13088,0.8476790256582423,3.33648425869443
9921,COc1cc2[nH]ccc2c(C=Nc2cc(C)cc3nsnc23)c1OC,-5.17553,-2.124962,3.050567,0.9392619705412116,3.1033358515612584
9922,COc1cc(-c2cc(C=O)cc3nccnc23)s:C:1c1c(OC)c(OC)cc2ccn(C)c12,-5.156253,-2.606578,2.549675,0.5892988207105341,3.164671487296647
9924,COc1cc2[nH]ccc2c(C=Cc2cccc3ccc(C#N)cc23)c1OC,-5.14598,-1.78513,3.360851,0.90999540998254,2.6175259618380213
9925,COc1cc2cc(C(=O)O)[nH]c2c(N=Cc2c(F)ncc3nonc23)c1OC,-5.651515,-3.302844,2.348671,0.981595913682979,3.392861877671427
9929,COc1cc2c(ccn2C):C(c2cc(C)cc3nsnc23):c1OC,-5.262937,-1.973997,3.288941,0.4641350151775464,2.802226921637077
9933,CNc1ncc2nonc2c1C1:c(OC)c(OC)cc2[nH]c(C(=O)O)cc:12,-5.514913,-2.453311,3.061602,0.548802267930722,3.0462836541457143
9934,COc1cc2cc[nH]c2:C(c2occ3ncc(C=O)nc23):c1OC,-5.365514,-2.758912,2.606602,0.8620771726509393,3.257111733755904
9939,COc1cc2cc(C(=O)O)n(C)c2c(C#Cc2scc3nc(F)cnc23)c1OC,-5.296401,-2.582447,2.713954,1.0,3.491574323230627
9940,COc1cc(-c2c(OC)c(OC)cc3ccn(C)c23)s:C:1c1c(NC(C)=O)ncc2nsnc12,-5.328154,-2.602968,2.725186,0.4776995473259084,3.354669553961479
9944,COc1cc2cc(C(=O)O)[nH]c2c(C=Nc2occ3ncc(OC(C)=O)nc23)c1OC,-5.357364,-2.510182,2.847183,0.999780116646158,3.489060732780116
9946,COc1cc2ccn(C)c2:C(c2cccc3cc(C#N)ccc23):c1OC,-5.381668,-1.75724,3.624428,0.1742716419261439,2.4943165996507712
9947,CNc1cc2nonc2c(C#Cc2c(OC)c(OC)cc3cc[nH]c23)n1,-5.456004,-2.507679,2.948325,1.0,3.311247335617507
9952,COc1cc2cc[nH]c2c(C=Cc2c(S)ccc3nccnc23)c1OC,-5.191609,-2.112734,3.078875,0.5020177739868442,3.125478104848277
9954,COc1cc2c(cc(C(=O)O)n2C):C(c2c(C=O)ncc3nsnc23):c1OC,-5.650025,-3.162827,2.487198,0.1924719382047174,3.1936927517632547
9959,COc1cc2cc[nH]c2c(C#Cc2nccc3nonc23)c1OC,-5.56464,-2.863787,2.700853,1.0,3.141245111682326
9962,COc1cc(-c2c(OC)c(OC)cc3[nH]c(C(=O)O)cc23)s:C:1c1scc2ncc(NC(C)=O)nc12,-4.708824,-2.094578,2.614246,0.9501940671855548,3.289138983035275
9965,COc1cc2c(cc(C(=O)O)n2C)c(C=Cc2nc(OC(C)=O)cc3nonc23)c1OC,-5.61077,-2.848027,2.762743,0.9914967711462388,3.318565545334571
9970,COc1cc2c(cc(C(=O)O)n2C):C(c2nc(OC(C)=O)cc3nsnc23):c1OC,-5.694275,-2.749352,2.944923,0.56313686821641,3.169322966936523
9971,COc1cc2c(cc(C(=O)O)n2C)c(C=Cc2occ3ncc(Br)nc23)c1OC,-5.161794,-2.504906,2.656887,0.98784048018104,3.372437571093875
9973,COc1cc2[nH]ccc2c(C#Cc2cccc3nc(C)cnc23)c1OC,-5.004591,-1.843975,3.160616,1.0,2.8464817971559686
9975,COc1cc2c(ccn2C)c(C=Nc2c(C=O)ccc3nonc23)c1OC,-5.495454,-2.710043,2.785411,0.9190977687395452,3.1776436441557045
9976,COc1cc(-c2c(OC)c(OC)cc3[nH]c(C(=O)O)cc23)s:C:1c1c(Br)ncc2nonc12,-5.487978,-2.93432,2.553658,0.7268957475891569,3.3561065540829844
9977,COc1cc2cc[nH]c2c(C=Nc2cc(C)cc3nccnc23)c1OC,-5.336934,-1.880584,3.45635,0.8579089485991276,2.997606104848275
9979,COc1cc2c(ccn2C):C(c2cccc3cc(S(=O)(=O)O)ccc23):c1OC,-5.288984,-1.479402,3.809582,0.4122249999768108,2.434458432236628
9981,COc1cc2cc(C(=O)O)[nH]c2c(C=Cc2scc3sc(=S)sc23)c1OC,-5.490142,-2.308204,3.181938,0.9735827278770276,3.503275961838021
9985,COc1cc(C2:sc(-c3cc4cc(OC)c(OC)cc4n3C)cc:2OC)c2nccnc2c1,-4.784886,-1.844876,2.94001,0.8749798676461946,2.913142845725453
9990,COc1cc2c(ccn2C):C(c2nc(S)cc3nonc23):c1OC,-5.547759,-2.618884,2.928876,0.6248644855368015,3.2445809940352675
9991,COc1cc2c(ccn2C):C(c2occ3nc(C=O)cnc23):c1OC,-5.154414,-2.593033,2.56138,0.7519140963071643,3.1895259924063284
9996,COc1cc2cc(C(=O)O)[nH]c2:C(c2c(OC(C)=O)ccc3nonc23):c1OC,-5.659742,-2.499433,3.160309,0.3905848369374252,2.93033842579473
9997,COc1cc2c(ccn2C):C(c2occ3nc(C#N)cnc23):c1OC,-5.270495,-2.692681,2.577813,0.745895853770471,3.193340510282818
10007,COc1cnc2c(C3:c(OC)c(OC)cc4ccn(C)c:34)cccc2n1,-5.048473,-1.677571,3.370902,0.0896152683504513,2.69530474933892
10009,COc1cc2[nH]ccc2c(C#Cc2cc(NC(C)=O)cc3nonc23)c1OC,-5.272362,-2.319445,2.952917,1.0,3.0443258138934315
10012,COc1cc2[nH]c(C(=O)O)cc2c(C=Cc2occ3nc(C(F)(F)F)cnc23)c1OC,-5.306198,-2.666438,2.63976,0.988665148794692,3.3533582653197502
10015,COc1cc2cc(C(=O)O)[nH]c2:C(c2nc(C#N)cc3nonc23):c1OC,-5.877043,-3.368884,2.508158,0.8718722048426472,3.1999668525262805
10017,COc1cc2cc(C(=O)O)n(C)c2c(C=Cc2c(OC)ccc3nsnc23)c1OC,-5.275807,-2.343897,2.93191,0.8251356573139625,3.089877878892038
10018,COc1cc2[nH]ccc2c(C#Cc2c(S(=O)(=O)O)ncc3nonc23)c1OC,-5.662392,-3.516082,2.146311,1.0,3.3881576907191384
10024,COc1cc2[nH]c(C(=O)O)cc2:C(c2cc(C(F)(F)F)cc3nccnc23):c1OC,-5.795808,-2.240119,3.555689,0.503888701882349,2.7767528093832325
10026,COc1cc2cc[nH]c2c(C=Nc2cc(OC(C)=O)cc3nsnc23)c1OC,-5.388654,-2.454516,2.934138,0.9572204762611816,3.2480460062011254
10029,COc1cc2c(ccn2C):C(c2cc(S(=O)(=O)O)cc3nsnc23):c1OC,-5.275962,-2.666621,2.609341,0.4459182080197014,2.936666884914945
10032,COc1cc2[nH]ccc2c(C=Cc2c(OC)ccc3nonc23)c1OC,-5.081323,-2.22456,2.856763,0.9621530140570578,2.9039064125405822
10035,COc1cnc2c(C3:c(OC)c(OC)cc4cc[nH]c:34)occ2n1,-4.964507,-2.093566,2.870941,0.958450182799883,3.115473606665603
10038,COc1cc2cc[nH]c2c(C=Nc2cc(C=O)cc3nccnc23)c1OC,-5.512731,-2.484785,3.027946,0.8526507733132773,3.179378032843939
10041,COc1cc2cc[nH]c2c(C=Nc2nc(OC(C)=O)cc3nsnc23)c1OC,-5.52605,-2.797906,2.728144,0.9904490426167408,3.4854417754318936
10042,COc1cc(-c2c(OC)c(OC)cc3c2ccn3C)s:C:1c1occ2nc(Br)cnc12,-4.776791,-2.194774,2.582018,0.9001314549221899,3.3798874448611382
10044,COc1cc2[nH]ccc2:C(c2scc3ncc(F)nc23):c1OC,-5.230733,-2.106292,3.124441,0.4275474440319578,3.099756556190618
10065,COc1cc2c(ccn2C)c(C=Cc2c(C#N)ccc3ccccc23)c1OC,-5.040373,-1.741997,3.298376,0.8628739447416771,2.682101775431894
10066,COc1cc2cc(C(=O)O)[nH]c2:C(c2scc3nc(F)cnc23):c1OC,-5.425331,-2.606919,2.818412,0.95666760366555,3.197740764490005
10069,COc1cc2[nH]c(C(=O)O)cc2c(C=Nc2c(C(F)(F)F)ccc3nccnc23)c1OC,-5.635084,-2.271975,3.363108,0.8296360643659167,3.094270299007864
10072,COc1cc2cc[nH]c2:C(c2cccc3ncc(C(F)(F)F)nc23):c1OC,-5.290403,-2.494109,2.796294,0.6937294872882562,2.7502947877489525
10074,COc1cc2cc(C(=O)O)n(C)c2c(C=Cc2c(C=O)ccc3nonc23)c1OC,-5.718003,-2.886449,2.831554,0.8232662716284567,3.217280626144783
10076,COc1cc2c:C(c3occ4ncc(NC(C)=O)nc34):n(C)c2cc1OC,-4.775326,-2.166937,2.60839,0.9986702714838496,2.9701626015141347
10077,COc1cc2c(cc(C(=O)O)n2C)c(C=Nc2c(OC)ncc3nsnc23)c1OC,-5.322466,-2.59182,2.730646,0.9640012351230076,3.3269784283425867
10084,COc1cc2[nH]ccc2c(C#Cc2c(C#N)ccc3nccnc23)c1OC,-5.240353,-2.490768,2.749585,1.0,2.990360281364648
10087,COc1cc2[nH]ccc2c(C=Cc2cc(O)cc3nsnc23)c1OC,-5.10717,-2.183037,2.924133,0.956557076515456,3.0894550823304883
10089,COc1cc2cc[nH]c2c(C=Cc2cccc3ncc(O)nc23)c1OC,-5.137029,-1.940344,3.196686,0.9457604930406036,2.9984294894636605
10090,COc1cc2cc[nH]c2c(C=Cc2scc3nc(NC(C)=O)cnc23)c1OC,-4.872928,-2.268478,2.60445,0.9819041782380542,3.249788890816509
10093,COc1cnc2c(C3:cc4cc(OC)c(OC)cc4n:3C)cccc2n1,-5.101784,-1.864709,3.237075,0.6307829955504365,2.5187457056798763
10094,COc1cc2c(ccn2C)c(N=Cc2cccc3nsnc23)c1OC,-4.950218,-2.430624,2.519594,0.8738124346569867,2.9693550823304875
10095,COc1cc2c(ccn2C)c(C=Nc2occ3ncc(C=O)nc23)c1OC,-5.188696,-2.740361,2.448335,0.9999317688730592,3.462031056743116
10096,COc1cc2cc(C=Nc3cc(O)cc4nccnc34)n(C)c2cc1OC,-5.407351,-1.974254,3.433097,0.8728567972135675,2.9941317560438154
10103,COc1cc(-c2c(OC)c(OC)cc3cc[nH]c23)s:C:1c1occ2ncc(F)nc12,-4.827009,-2.217656,2.609353,0.9061688229725158,3.42392304883837
10105,COc1cc2cc(-c3cc(OC):C(c4occ5nccnc45):s3)n(C)c2cc1OC,-4.579011,-2.111318,2.467693,0.891245233446223,3.133833245618333
10107,COc1cc2cc[nH]c2c(C=Cc2cccc3nc(NC(C)=O)cnc23)c1OC,-5.060137,-2.0119,3.048238,0.9397780081026637,2.8659014368131643
10108,COc1cc2cc(-c3s:C(c4scc5ncc(S)nc45):cc3OC)n(C)c2cc1OC,-4.751195,-2.508321,2.242875,0.8543137602914415,3.419693563742257
10111,COc1cc2c(cc(C(=O)O)n2C)c(C=Cc2occ3nccnc23)c1OC,-5.00668,-2.288884,2.717797,0.988926130153882,3.199431108440657
10115,COc1cc2ccn(C)c2c(C=Nc2nc(O)cc3nsnc23)c1OC,-5.483577,-2.595815,2.887763,0.8945174860558047,3.480222628756799
10118,COc1cc2cc(-c3cc(OC):C(c4c(S(=O)(=O)O)ccc5nonc45):s3)n(C)c2cc1OC,-5.326161,-2.93849,2.387671,0.6697317242458829,3.131690728050547
10119,COc1cc2cc(C3:sc(-c4cccc5nsnc45)cc:3OC)n(C)c2cc1OC,-4.832073,-2.548328,2.283745,0.8549020324386394,2.887482798391142
10120,COc1cnc2c(C3:cc4cc(OC)c(OC)cc4n:3C)cccc2n1,-5.101784,-1.864721,3.237063,0.6307465919115216,2.5187457056798763
10122,COc1cc2[nH]c(C(=O)O)cc2c(N=Cc2c(OC)ncc3nsnc23)c1OC,-5.203302,-2.835566,2.367736,0.8528753570755016,3.3319896869996493
10129,COc1cc2cc(C(=O)O)n(C)c2c(C=Nc2c(OC)ccc3nsnc23)c1OC,-5.405094,-2.181478,3.223616,0.7753533798617152,3.1715932635074218
10130,COc1cc2ccn(C)c2:C(c2c(F)ccc3nonc23):c1OC,-5.282456,-2.409394,2.873061,0.3481349201063919,2.8379398175646795
10132,CNc1cnc2c(C=Cc3c(OC)c(OC)cc4cc[nH]c34)occ2n1,-4.677547,-1.874926,2.802621,0.982287528359809,3.368839951002122
10133,COc1cc(-c2c(OC)c(OC)cc3cc(C(=O)O)n(C)c23)s:C:1c1c(Br)ncc2nonc12,-5.634569,-2.981106,2.653463,0.4142188625985834,3.4567619831112752
10136,COc1cc2c(ccn2C)c(C=Nc2c(S)ccc3nonc23)c1OC,-5.354949,-2.421635,2.933314,0.9665061701275875,3.25447418800836
10140,COc1cc2[nH]ccc2c(C=Nc2scc3nc(Br)cnc23)c1OC,-5.215512,-2.473673,2.741839,0.9823706494967036,3.3467993130997185
10150,COc1cc2c(cc(C(=O)O)n2C):C(c2c(Br)ncc3nonc23):c1OC,-5.708219,-3.007136,2.701082,0.2968730872351842,3.1086748849149446
10153,COc1cc2cc(C(=O)O)n(C)c2:C(c2cccc3nc(C(F)(F)F)cnc23):c1OC,-5.696256,-2.484333,3.211923,0.0294606928756878,2.9044979117471943
10155,COc1cc2cc(C(=O)O)[nH]c2c(C=Nc2cccc3nc(C(F)(F)F)cnc23)c1OC,-5.888736,-2.498728,3.390009,0.8534358115551361,3.133212217763265
10159,COc1cc2c(cc(C(=O)O)n2C):C(c2c(OC(C)=O)ccc3nsnc23):c1OC,-5.6652,-2.326767,3.338434,0.4994996202125126,2.8817283422840667
10160,COc1cc2[nH]c(C(=O)O)cc2c(C#Cc2nc(S(=O)(=O)O)cc3nonc23)c1OC,-6.097755,-3.525246,2.572509,1.0,3.430320340453917
10161,COc1cc(C2:sc(-c3c(OC)c(OC)cc4c3ccn4C)cc:2OC)c2nonc2c1,-4.894755,-1.916843,2.977912,0.899423036768727,3.070348217459335
10164,CNc1ncc2nsnc2c1C1:c(OC)c(OC)cc2c:1ccn2C,-5.186095,-2.180512,3.005583,0.3769575015723193,3.051204865645764
10166,COc1cc2c(cc(C(=O)O)n2C)c(C=Nc2c(Br)ccc3nccnc23)c1OC,-5.648875,-2.169625,3.47925,0.8147329911680858,3.058290516254674
10170,COc1cc2c(ccn2C)c(C=Nc2occ3nc(C(F)(F)F)cnc23)c1OC,-5.209098,-2.553663,2.655435,0.9998652420679006,3.418377742034046
10171,COc1cc2ccn(C)c2c(C=Cc2occ3nc(C(F)(F)F)cnc23)c1OC,-5.118112,-2.589199,2.528914,0.9506789833900532,3.3982324428887463
10172,COc1cc2ccn(C)c2c(C=Nc2nc(O)cc3nonc23)c1OC,-5.62969,-2.701155,2.928535,0.9016214797118,3.432071693205865
10179,COc1cc2c(ccn2C):C(c2cccc3nc(OC(C)=O)cnc23):c1OC,-5.027378,-1.735503,3.291875,0.2896228710385123,2.7347734648184563
10180,COc1cc2cc(-c3cc(OC):C(c4cccc5nccnc45):s3)n(C)c2cc1OC,-4.64315,-1.955695,2.687455,0.8746807936643111,2.790538794354342
10181,COc1cc2ccn(C)c2:C(c2c(F)ccc3nsnc23):c1OC,-5.164069,-2.370973,2.793096,0.2884941543428567,2.8528223967502004
10183,COc1cc2[nH]ccc2:C(c2cc(F)cc3nccnc23):c1OC,-5.175476,-1.832768,3.342708,0.2963849559807278,2.614848857501725
10185,COc1cnc2c(C3:sc(-c4cc5cc(OC)c(OC)cc5n4C)cc:3OC)scc2n1,-4.53376,-1.971698,2.562063,0.892805888500873,3.1727443290400617
10188,COc1cc2cc[nH]c2c(C=Nc2occ3ncc(C)nc23)c1OC,-5.065217,-2.26295,2.802267,0.9999610736555116,3.3703012361766422
10191,COc1cc2[nH]ccc2c(C=Nc2c(S)ccc3nsnc23)c1OC,-5.27738,-2.30784,2.96954,0.9312514133950348,3.283426236176643
10193,COc1cc2c(cc(C(=O)O)n2C):C(c2c(C=O)ccc3nsnc23):c1OC,-5.691756,-2.694962,2.996794,0.217482216959772,2.944840089041362
10199,COc1cc2c(cc(C(=O)O)n2C):C(c2scc3nc(O)cnc23):c1OC,-5.430402,-2.03089,3.399511,0.5928198747931225,3.2035653464534075
10200,COc1cc2[nH]c(C(=O)O)cc2:C(c2scc3nc(Br)cnc23):c1OC,-5.690324,-2.425336,3.264987,0.6154986524122572,3.1204659488946414
10203,COc1cc2cc(C(=O)O)[nH]c2c(C=Cc2c(S)ccc3nsnc23)c1OC,-5.624861,-2.409887,3.214975,0.5197079191842808,3.299773659560424
10209,COc1cc2[nH]ccc2c(C#Cc2cccc3nsnc23)c1OC,-5.109035,-2.328772,2.780263,1.0,2.941896100693315
10210,COc1cc(-c2c(OC)c(OC)cc3cc(C(=O)O)[nH]c23)s:C:1c1cc(C(F)(F)F)cc2nccnc12,-5.214852,-2.263723,2.951129,0.9072039406758512,3.177798587636873
10213,COc1cc2cc(-c3cc(OC):C(c4cccc5ncc(OC(C)=O)nc45):s3)n(C)c2cc1OC,-4.947358,-2.035983,2.911375,0.8550271708963026,3.0008413355166006
10222,COc1cc2cc[nH]c2c(C=Nc2occ3ncc(NC(C)=O)nc23)c1OC,-5.067835,-2.329736,2.738099,0.9999844944200946,3.392212160047279
10223,COc1cc2[nH]c(C(=O)O)cc2c(C=Nc2c(C)ncc3nsnc23)c1OC,-5.621379,-2.624487,2.996892,0.899769427347305,3.2875066683238128
10226,COc1cc2cc(C(=O)O)n(C)c2:C(c2c(O)ncc3nsnc23):c1OC,-5.468464,-2.746819,2.721646,0.238645092512265,3.263277346453406
10229,COc1cc2cc(C(=O)O)[nH]c2c(C=Nc2scc3nc(S(=O)(=O)O)cnc23)c1OC,-5.793682,-3.224708,2.568975,0.996479849471874,3.516494937949445
10231,COc1cc2cc[nH]c2:C(c2cc(OC(C)=O)cc3nonc23):c1OC,-5.220285,-2.355608,2.864676,0.5874820780841051,2.902755684889856
10234,COc1cc2[nH]c(C(=O)O)cc2c(C=Nc2scc3nc(F)cnc23)c1OC,-5.407041,-2.584151,2.82289,0.9934523234322646,3.364982033465
10235,COc1cc(-c2c(OC)c(OC)cc3cc(C(=O)O)n(C)c23)s:C:1c1c(S)ccc2nsnc12,-5.607447,-2.252845,3.354601,0.2442041874095278,3.3828264365525715
10236,COc1cc2[nH]ccc2:C(c2c(S)ccc3nccnc23):c1OC,-5.450391,-1.815763,3.634629,0.0153725831637917,2.7832040414482133
10238,COc1cc2cc(C(=O)O)n(C)c2c(C=Nc2nncc3nonc23)c1OC,-5.905764,-3.064078,2.841686,0.8571724791117606,3.4424258504075507
10244,COc1cc2[nH]c(C(=O)O)cc2c(C=Cc2scc3ncc(F)nc23)c1OC,-5.141121,-2.436582,2.70454,0.9839511809662368,3.3123368533286808
10250,COc1cc2cc(C(=O)O)n(C)c2:C(c2c(C=O)ccc3nonc23):c1OC,-5.821459,-2.894002,2.927457,0.306777465679463,3.057588609751421
10251,COc1cc(-c2c(OC)c(OC)cc3cc(C(=O)O)n(C)c23)s:C:1c1c(S(=O)(=O)O)ccc2nonc12,-5.888164,-2.893927,2.994237,0.0742904454951698,3.3320521482396064
10253,COc1cnc2coc(C3:sc(-c4c(OC)c(OC)cc5ccn(C)c45)cc:3OC)c2n1,-4.742201,-1.787809,2.954392,0.5293008706769309,3.3460449207560377
10255,COc1cc2[nH]c(C(=O)O)cc2c(C=Cc2occ3ncc(C(F)(F)F)nc23)c1OC,-5.31541,-2.678132,2.637278,0.989475543457386,3.340922487144436
10259,COc1cc2ccn(C)c2:C(c2c(C)ccc3nonc23):c1OC,-5.302563,-2.224819,3.077744,0.2692019646590328,2.8346350664334583
10260,COc1cc2c(cc(C(=O)O)n2C):C(c2nc(NC(C)=O)cc3nsnc23):c1OC,-5.603437,-2.523478,3.07996,0.5441597369262824,3.0615148112368
10262,COc1cc2ccn(C)c2c(C=Cc2cccc3nc(S(=O)(=O)O)cnc23)c1OC,-5.299329,-2.849827,2.449502,0.8477021336119599,3.078500955815114
10265,COc1cc(-c2c(OC)c(OC)cc3cc[nH]c23)s:C:1c1cccc2nc(S)cnc12,-4.942224,-2.013832,2.928392,0.9012300839103924,3.236546745953305
10268,COc1cc2[nH]ccc2c(C=Nc2occ3nc(NC(C)=O)cnc23)c1OC,-4.894844,-2.114188,2.780656,0.9990270099577168,3.316387160047279
10269,COc1cc2[nH]ccc2c(C=Cc2c(O)ncc3nonc23)c1OC,-4.994647,-2.680177,2.31447,0.989120180166602,3.2632646977151047
10272,COc1cc(-c2c(OC)c(OC)cc3cc(C(=O)O)[nH]c23)s:C:1c1cc(C(F)(F)F)cc2nonc12,-5.468122,-2.689715,2.778407,0.8950111326930199,3.2623355710017634
10273,COc1cc2cc(C(=O)O)n(C)c2c(C=Cc2cc(OC(C)=O)cc3nsnc23)c1OC,-5.37051,-2.469857,2.900652,0.8500358789678311,3.201789572992308
10276,COc1cnc2c(C=Cc3c(OC)c(OC)cc4c3ccn4C)scc2n1,-4.717141,-1.968312,2.748829,0.986283650654959,3.191500587212646
10278,COc1cc2cc(C(=O)O)n(C)c2:C(c2c(C=O)ccc3nonc23):c1OC,-5.854653,-2.913495,2.941158,0.1963079557122354,3.057588609751421
10286,COc1cnc2c(C=Cc3c(OC)c(OC)cc4[nH]ccc34)scc2n1,-4.813796,-2.03861,2.775186,0.9875167932932132,3.1857402586944303
10287,COc1cc2[nH]ccc2c(C=Cc2cccc3nc(OC(C)=O)cnc23)c1OC,-4.983159,-1.928027,3.055132,0.968549303474801,2.8938189530318823
10291,COc1cc2cc[nH]c2c(C=Cc2cc(C)cc3nonc23)c1OC,-5.309987,-2.376106,2.933881,0.966857814134424,3.031039697715104
10292,COc1cc(C=Cc2c(OC)c(OC)cc3cc[nH]c23)c2nsnc2c1,-5.17784,-2.228217,2.949623,0.9521726165463524,3.034163643309816
10293,COc1cc2c(ccn2C)c(N=Cc2cc(OC(C)=O)cc3nccnc23)c1OC,-4.876266,-2.12087,2.755396,0.8710452549315314,3.0256432635074217
10294,COc1cc2c(ccn2C)c(C=Nc2c(C)ccc3nonc23)c1OC,-5.216712,-2.154039,3.062673,0.922201345622014,3.015259427093598
10297,COc1cc2cc(-c3s:C(c4nc(S)cc5nsnc45):cc3OC)n(C)c2cc1OC,-4.990485,-2.899688,2.090797,0.8726805222012473,3.400310521784216
10301,CNc1ncc2nsnc2c1C=Cc1c(OC)c(OC)cc2[nH]c(C(=O)O)cc12,-5.064669,-2.18091,2.883758,0.5145553636099193,3.261845409326103
10302,COc1cc2c(cc(C(=O)O)n2C)c(C=Nc2c(Br)ncc3nsnc23)c1OC,-5.642372,-2.905696,2.736677,0.8859554788622905,3.402473468529773
10303,COc1cc2c(ccn2C)c(C=Cc2occ3ncc(S)nc23)c1OC,-4.76954,-2.124766,2.644774,0.986480263253621,3.53979289902707
10306,COc1cc2cc(-c3cc(OC):C(c4cccc5ncc(S(=O)(=O)O)nc45):s3)n(C)c2cc1OC,-5.268083,-2.677056,2.591027,0.776730199301247,3.114147814751652
10309,COc1cc2cc[nH]c2c(N=Cc2cc(S)cc3nonc23)c1OC,-5.395423,-2.762569,2.632854,0.954240503539868,3.478803159253564
10314,COc1cc2c(cc(C(=O)O)n2C)c(C#Cc2cccc3nsnc23)c1OC,-5.352078,-2.448448,2.90363,1.0,2.9992262398914846
10317,COc1cc2cc[nH]c2c(N=Cc2c(C)ncc3nonc23)c1OC,-5.381829,-2.944616,2.437212,0.97908237479374,3.310049313099719
10318,COc1cc2c(ccn2C)c(C=Nc2nc(O)cc3nsnc23)c1OC,-5.319185,-2.466681,2.852505,0.951426606338651,3.4072646245987954
10322,COc1cc(-c2c(OC)c(OC)cc3cc[nH]c23)s:C:1c1nc(OC(C)=O)cc2nonc12,-5.363373,-2.602253,2.76112,0.9061222886369448,3.378914204154258
10325,COc1cc2cc(-c3cc(OC):C(c4c(OC(C)=O)ncc5nsnc45):s3)n(C)c2cc1OC,-5.026082,-2.754401,2.271681,0.7073966417669335,3.296734938576863
10326,COc1cc2c:C(c3scc4nc(C=O)cnc34):n(C)c2cc1OC,-5.229324,-2.889419,2.339904,0.7505370563395976,3.0433515612037283
10327,COc1cc2[nH]ccc2c(C=Cc2occ3nccnc23)c1OC,-4.80386,-2.120691,2.683168,0.988752299832034,3.15139236442958
10332,COc1cc2[nH]c(C(=O)O)cc2:C(c2c(F)ccc3nsnc23):c1OC,-5.77762,-2.363818,3.413802,0.291433323590719,2.7633698477355253
10333,COc1cc2c(ccn2C):C(c2c(Br)ccc3nccnc23):c1OC,-5.249997,-1.935719,3.314277,0.2262266146488905,2.654787530867866
10334,COc1cnc2coc(N=Cc3c(OC)c(OC)cc4c3ccn4C)c2n1,-4.817651,-1.933685,2.883965,0.9996975927758665,3.32333755024961
10336,CNc1ncc2nsnc2c1C1:sc(-c2c(OC)c(OC)cc3[nH]c(C(=O)O)cc23)cc:1OC,-4.922668,-2.279591,2.643077,0.7377058360354781,3.350483977038401
10338,COc1cc2cc[nH]c2:C(c2cccc3cc(C=O)ccc23):c1OC,-5.40815,-1.923259,3.48489,0.4906015783086757,2.476257005407412
10340,COc1cc2c(ccn2C)c(C=Cc2cccc3nc(C#N)cnc23)c1OC,-5.144132,-2.533076,2.611056,0.9616135984995564,2.9167352369703554
10341,COc1cc2cc(C(=O)O)n(C)c2:C(c2nc(C#N)cc3nonc23):c1OC,-5.910297,-3.345926,2.56437,0.4263289421189573,3.250059023952604
10345,COc1cc2[nH]ccc2c(C=Nc2c(OC)ccc3nonc23)c1OC,-5.295918,-2.125452,3.170465,0.9228625535372634,2.9954276433098137
10348,COc1cc2ccn(C)c2:C(c2cc(C)cc3nccnc23):c1OC,-5.093451,-1.830479,3.262972,0.1028031781852062,2.704639535201561
10350,COc1cc2c(ccn2C)c(C=Cc2cccc3ccc(C#N)cc23)c1OC,-5.089925,-1.770332,3.319593,0.9102375890115404,2.639407160047279
10351,COc1cc2c(cc(C(=O)O)n2C):C(c2scc3nc(S)cnc23):c1OC,-5.480013,-2.205396,3.274617,0.6167813216649723,3.33886626953033
10352,COc1cc2cc[nH]c2:C(c2cccc3nc(O)cnc23):c1OC,-5.170404,-1.90383,3.266575,0.63282412501253,2.82802745281945
10353,COc1cc2cc[nH]c2:C(c2occ3ncc(S)nc23):c1OC,-5.148522,-2.433118,2.715404,0.954800849955564,3.450026486260548
10354,COc1cc2cc(C(=O)O)[nH]c2:C(c2c(C(F)(F)F)ccc3nonc23):c1OC,-5.730919,-2.833537,2.897382,0.3741057958054566,2.98705780613661
10357,COc1cc2c(cc(C(=O)O)n2C)c(C=Cc2scc3nc(OC(C)=O)cnc23)c1OC,-5.057932,-2.359367,2.698565,0.9846045128695716,3.3379937216526354
10358,COc1cc2nonc2c(C2:c(OC)c(OC)cc3ccn(C)c:23)n1,-5.388778,-2.564104,2.824674,0.4551079984168019,3.0376824387768586
10367,COc1cc2[nH]c(C(=O)O)cc2:C(c2c(C=O)ccc3nsnc23):c1OC,-5.759088,-2.719294,3.039794,0.2188419703100315,2.912732034712516
10368,COc1cc2[nH]ccc2c(C#Cc2nc(S(=O)(=O)O)cc3nsnc23)c1OC,-5.824257,-3.322096,2.502161,1.0,3.452398586532186
10369,COc1cc(-c2c(OC)c(OC)cc3c2ccn3C)s:C:1c1c(NC(C)=O)ccc2nonc12,-5.195244,-2.090429,3.104814,0.6672551831284468,3.10258301549994
10370,COc1cc2cc(C(=O)O)n(C)c2c(C#Cc2nc(C(F)(F)F)cc3nonc23)c1OC,-5.926964,-3.266524,2.66044,1.0,3.3984287004378952
10373,COc1cc2[nH]ccc2:C(c2c(OC)ccc3nonc23):c1OC,-5.227797,-2.072731,3.155066,0.3522708448357606,2.662499693622125
10379,COc1cnc2c(C3:sc(-c4c(OC)c(OC)cc5[nH]ccc45)cc:3OC)scc2n1,-4.566555,-1.82064,2.745914,0.8966177875960316,3.21700966730162
10384,COc1cc2[nH]ccc2c(C=Nc2cncc3nsnc23)c1OC,-5.295583,-2.621025,2.674558,0.9581361802653864,3.2408128039900186
10386,COc1cc2cc(C(=O)O)[nH]c2:C(c2c(F)ccc3nonc23):c1OC,-5.634742,-2.624322,3.01042,0.6270662229940572,2.8567555168609218
10387,COc1cc2[nH]ccc2c(C#Cc2cc(C#N)cc3nsnc23)c1OC,-5.359411,-2.896461,2.46295,1.0,3.2200454894636605
10388,COc1cc2cc[nH]c2c(C=Nc2cc(O)cc3nsnc23)c1OC,-5.413596,-2.348116,3.06548,0.9549291696207416,3.309001236176641
10389,COc1cc2ccn(C)c2c(C=Nc2occ3nc(C=O)cnc23)c1OC,-5.245752,-2.813006,2.432746,0.9668091289009731,3.5303896981017573
10391,COc1cc2[nH]ccc2c(C=Cc2cc(C)cc3nccnc23)c1OC,-4.952119,-1.817488,3.134631,0.9615414094043456,2.795670104848276
10397,COc1cc2[nH]ccc2:C(c2scc3sc(=S)sc23):c1OC,-5.447176,-1.860113,3.587062,0.5867861665805901,3.249321159384559
10404,COc1cc2[nH]c(C(=O)O)cc2c(C#Cc2cc(S)cc3nonc23)c1OC,-5.635922,-2.638229,2.997693,1.0,3.3841037471943087
10405,COc1cc2cc[nH]c2c(C=Nc2occ3ncc(C=O)nc23)c1OC,-5.405765,-2.940272,2.465493,0.9999863156948952,3.53988425869443
10406,COc1cc2[nH]c(C(=O)O)cc2c(C=Nc2scc3nc(S)cnc23)c1OC,-5.317523,-2.494539,2.822984,0.9970997587835884,3.5393156264542887
10407,COc1cc2cc(C(=O)O)n(C)c2:C(c2c(OC(C)=O)ncc3nsnc23):c1OC,-5.561143,-2.88172,2.679423,0.1176377747709278,3.246622874258117
10408,COc1cc2ccn(C)c2c(C#Cc2scc3nc(C=O)cnc23)c1OC,-5.149571,-2.904962,2.244609,1.0,3.460574513286573
10410,COc1cc(-c2c(OC)c(OC)cc3[nH]ccc23)s:C:1c1cc(C(F)(F)F)cc2nccnc12,-5.010835,-2.15466,2.856175,0.8953491570953986,3.057124361653786
10412,COc1cc(-c2c(OC)c(OC)cc3cc(C(=O)O)[nH]c23)s:C:1c1c(C(F)(F)F)ccc2nonc12,-5.492896,-2.784493,2.708402,0.5746127004278384,3.2700921863863783
10414,COc1cc2c(ccn2C):C(c2cc(S(=O)(=O)O)cc3nccnc23):c1OC,-5.206755,-2.294322,2.912433,0.3509806300482137,2.763446597917101
10420,COc1cc(-c2c(OC)c(OC)cc3cc[nH]c23)s:C:1c1scc2nc(S(=O)(=O)O)cnc12,-5.21832,-2.935266,2.283053,0.911516355056284,3.466765611154943
10421,COc1cc(-c2c(OC)c(OC)cc3[nH]ccc23)s:C:1c1occ2ncc(NC(C)=O)nc12,-4.549349,-1.934952,2.614397,0.8936916171750457,3.288003893188627
10424,COc1cc(-c2c(OC)c(OC)cc3[nH]c(C(=O)O)cc23)s:C:1c1scc2nc(S(=O)(=O)O)cnc12,-5.268362,-2.896726,2.371636,0.9002831724642781,3.4543374171556103
10426,COc1cc2cc(C(=O)O)n(C)c2:C(c2c(OC)ncc3nsnc23):c1OC,-5.443678,-2.694521,2.749157,0.2201931483508473,3.150407544662662
10427,COc1cc2cc[nH]c2:C(c2scc3nc(OC(C)=O)cnc23):c1OC,-5.076308,-2.355194,2.721113,0.9410984128827282,3.155928865763037
10432,COc1cc(-c2c(OC)c(OC)cc3c2ccn3C)s:C:1c1scc2ncc(S(=O)(=O)O)nc12,-5.277283,-2.826706,2.450577,0.8772066303762176,3.445972185540425
10436,COc1cc2[nH]c(C(=O)O)cc2:C(c2c(Br)ccc3nccnc23):c1OC,-5.725134,-2.079882,3.645253,0.1952995255376551,2.697005314064741
10440,CNc1ncc2nsnc2c1C1:sc(-c2c(OC)c(OC)cc3cc[nH]c23)cc:1OC,-4.908594,-2.355631,2.552963,0.7408076579473197,3.3658713786240053
10446,COc1cc(-c2c(OC)c(OC)cc3cc(C(=O)O)[nH]c23)s:C:1c1c(C=O)ccc2nccnc12,-5.355982,-2.32587,3.030113,0.7520511721347737,3.1732343425096072
10450,CNc1ccc2nonc2c1N=Cc1c(OC)c(OC)cc2[nH]ccc12,-4.830062,-2.022055,2.808007,0.9816472618050044,3.1233513356175067
10451,COc1cc2[nH]c(C(=O)O)cc2c(C=Nc2occ3nccnc23)c1OC,-5.219442,-2.410773,2.808669,0.9995536829522148,3.2643583294703893
10454,COc1cc2cc[nH]c2:C(c2scc3ncc(NC(C)=O)nc23):c1OC,-5.104226,-2.261139,2.843088,0.8752790480527188,3.0517253314595028
10458,COc1cc2[nH]ccc2c(C=Nc2occ3nc(C=O)cnc23)c1OC,-5.171356,-2.668784,2.502572,0.9990813356478891,3.461681181771352
10459,COc1cc2cc[nH]c2c(C=Nc2cc(F)cc3nccnc23)c1OC,-5.454172,-2.068394,3.385778,0.8458543435256762,3.042534104848276
10460,COc1cc2c(cc(C(=O)O)n2C)c(C=Nc2scc3nc(S)cnc23)c1OC,-5.265065,-2.470246,2.794819,0.9977506494244052,3.5577435539998588
10463,COc1cc2[nH]c(C(=O)O)cc2:C(c2cc(C(F)(F)F)cc3nsnc23):c1OC,-5.675304,-2.6052,3.070104,0.5533316907039683,2.9349720369058403
10466,COc1cnc2csc(C3:sc(-c4c(OC)c(OC)cc5ccn(C)c45)cc:3OC)c2n1,-4.823391,-1.86637,2.957021,0.5299530820199131,3.288110178575141
10469,COc1cc2[nH]c(C(=O)O)cc2c(C#Cc2cc(C#N)cc3nonc23)c1OC,-5.802116,-3.144943,2.657173,1.0,3.205616516267943
10470,COc1cc(-c2c(OC)c(OC)cc3[nH]c(C(=O)O)cc23)s:C:1c1cc(C(F)(F)F)cc2nonc12,-5.465272,-2.579669,2.885602,0.7759155569172504,3.212812032540226
10472,COc1cc2c:C(c3cccc4ccc(C#N)cc34):n(C)c2cc1OC,-5.408713,-1.950734,3.457979,0.4904757033981302,2.328929905264076
10476,CNc1cnc2coc(C=Cc3c(OC)c(OC)cc4cc[nH]c34)c2n1,-4.554344,-1.844593,2.709751,0.9768962945370468,3.373320566386738
10477,COc1cc2c(ccn2C):C(c2cc(C=O)cc3nonc23):c1OC,-5.347813,-2.773657,2.574157,0.627821748043204,2.913304973988128
10478,COc1cc(-c2c(OC)c(OC)cc3c2ccn3C)s:C:1c1occ2nc(OC(C)=O)cnc12,-4.627411,-1.985668,2.641743,0.939223436500992,3.389695996269171
10479,COc1cc(-c2c(OC)c(OC)cc3[nH]ccc23)s:C:1c1occ2ncc(OC(C)=O)nc12,-4.630188,-1.977477,2.652711,0.8976971248448409,3.360394236887481
10480,COc1cc2cc[nH]c2c(C=Cc2cccc3ncc(C)nc23)c1OC,-5.148196,-1.975911,3.172285,0.942467149225008,2.778967951002121
10483,COc1cc(-c2c(OC)c(OC)cc3cc[nH]c23)s:C:1c1occ2nc(S(=O)(=O)O)cnc12,-5.211099,-2.908402,2.302697,0.9066893988541608,3.523454444901841
10489,COc1cc2cc(C#Cc3nc(OC(C)=O)cc4nonc34)n(C)c2cc1OC,-5.432432,-2.923748,2.508684,1.0,3.255177304260437
10490,COc1c:C(c2c(OC)c(OC)cc3cc(C(=O)O)n(C)c23):sc1-c1occ2nc(C#N)cnc12,-5.309558,-2.761983,2.547575,0.5134044590296596,3.5236124929306154
10493,COc1cc(-c2c(OC)c(OC)cc3cc[nH]c23)s:C:1c1cccc2nc(O)cnc12,-4.885566,-1.887489,2.998077,0.902792745504317,3.12252911414691
10496,COc1cc2cc[nH]c2c(C=Cc2c(O)ccc3nonc23)c1OC,-5.466215,-2.134979,3.331237,0.4585645775561927,3.0643704669458733
10500,COc1cc2cc(-c3s:C(c4occ5ncc(O)nc45):cc3OC)n(C)c2cc1OC,-4.69313,-2.264791,2.428339,0.8520197939248713,3.376243388917082
10502,COc1cc(-c2scc3ncc(C#N)nc23)s:C:1c1c(OC)c(OC)cc2cc[nH]c12,-5.085465,-3.035142,2.050324,0.904921559452589,3.3947756137147564
10504,COc1cc2[nH]c(C(=O)O)cc2c(C=Cc2c(OC)ccc3nsnc23)c1OC,-5.04122,-2.318259,2.72296,0.9841571915447936,2.984523833341113
10507,COc1cc2cc[nH]c2c(N=Cc2c(F)ncc3nsnc23)c1OC,-5.237473,-3.045794,2.191679,0.9824977319370104,3.430882005407412
10508,COc1cc2cc(-c3cc(OC):C(c4cc(C#N)cc5ccccc45):s3)n(C)c2cc1OC,-5.07979,-1.803109,3.276681,0.6731741430931473,2.783610603499593
10511,COc1cc2cc[nH]c2c(N=Cc2c(S(=O)(=O)O)ccc3nccnc23)c1OC,-5.506459,-3.061115,2.445343,0.8379744453633162,3.1424814318401744
10518,COc1cc2cc[nH]c2c(C=Nc2c(C=O)ccc3nonc23)c1OC,-5.742559,-2.934911,2.807649,0.9272021174553364,3.247913181771353
10519,CNc1ccc2nsnc2c1C1:sc(-c2c(OC)c(OC)cc3cc[nH]c23)cc:1OC,-4.851933,-1.95139,2.900543,0.7251151012245662,3.1956679214070647
10520,COc1cc2[nH]ccc2c(C=Nc2nc(O)cc3nsnc23)c1OC,-5.380535,-2.482445,2.89809,0.9495229123905318,3.409607005407411
10521,COc1cc2c(ccn2C)c(C=Cc2c(OC)ncc3nonc23)c1OC,-4.900513,-2.614573,2.285939,0.98704973615916,3.1626538339658934
10522,COc1cc2cc(-c3cc(OC):C(c4scc5nc(S(=O)(=O)O)cnc45):s3)n(C)c2cc1OC,-5.32075,-3.005936,2.314815,0.7880083331623567,3.366559392018158
10523,COc1cc(-c2c(OC)c(OC)cc3cc[nH]c23)s:C:1c1occ2nc(S)cnc12,-4.80591,-2.145348,2.660562,0.9040840129339796,3.593540043471643
10524,CNc1cc2nsnc2c(C=Nc2c(OC)c(OC)cc3c2ccn3C)n1,-4.947694,-2.434793,2.512901,0.9030335073600312,3.437588099700159
10525,COc1cc2cc(C(=O)O)[nH]c2c(N=Cc2c(OC)ncc3nsnc23)c1OC,-5.28641,-2.923338,2.363073,0.9821800740335126,3.37723283896963
10526,COc1cc2cc(-c3cc(OC):C(c4c(O)ccc5nsnc45):s3)n(C)c2cc1OC,-4.896674,-2.115553,2.781121,0.7846243359365414,3.0382288784275726
10527,COc1cc2c:C(c3c(OC)ccc4nccnc34):n(C)c2cc1OC,-4.607991,-1.915494,2.692497,0.5123653732723544,2.5127151443493148
10528,COc1cc2[nH]ccc2c(C=Cc2c(F)ncc3nonc23)c1OC,-5.252843,-2.821363,2.43148,0.9908608533916564,3.210603159253565
10529,COc1cc2cc(C(=O)O)[nH]c2:C(c2nc(C(F)(F)F)cc3nonc23):c1OC,-5.973061,-3.198797,2.774264,0.8781640174622037,3.134578190751995
10533,COc1cc2cc[nH]c2c(C=Nc2scc3nc(NC(C)=O)cnc23)c1OC,-5.110812,-2.352503,2.758309,0.997077381680642,3.291592160047279
10535,COc1cc2cc(C(=O)O)[nH]c2c(C=Cc2occ3ncc(Br)nc23)c1OC,-5.289263,-2.601241,2.688022,0.9805856429417006,3.4173835914007347
10543,COc1cc2[nH]ccc2:C(c2cccc3nc(S)cnc23):c1OC,-5.09783,-1.77446,3.32337,0.1798198301907052,2.8810020347592484
10545,COc1cc2cc(C(=O)O)[nH]c2:C(c2cc(S(=O)(=O)O)cc3nsnc23):c1OC,-5.798263,-3.058305,2.739958,0.6961194773854906,3.043927421521225
10547,COc1cc2cc[nH]c2:C(c2scc3sc(=S)sc23):c1OC,-5.581678,-2.088307,3.493371,0.6147386358832628,3.333176104439504
10552,COc1cc2c(cc(C(=O)O)n2C):C(c2nc(S(=O)(=O)O)cc3nsnc23):c1OC,-6.002549,-3.296351,2.706198,0.6255629876768795,3.26201906088078
10554,COc1cc2c(ccn2C):C(c2scc3ncc(C#N)nc23):c1OC,-5.468543,-2.688533,2.780009,0.5795503597477036,3.124646035743273
10560,COc1cc2[nH]ccc2:C(c2c(OC(C)=O)ccc3nccnc23):c1OC,-5.344101,-1.781065,3.563036,0.3558459715580182,2.644895792007852
10566,COc1cc2cc(C(=O)O)n(C)c2c(C=Cc2cccc3ncc(F)nc23)c1OC,-5.331042,-2.189093,3.141949,0.8330641093170585,3.0220630437272016
10569,COc1cc2[nH]c(C(=O)O)cc2c(C=Nc2c(S(=O)(=O)O)ncc3nonc23)c1OC,-5.90842,-3.346059,2.562361,0.7694860103108326,3.4197393028868337
10573,COc1cc2c(ccn2C)c(C=Cc2cccc3cc(S(=O)(=O)O)ccc23)c1OC,-5.213462,-1.710425,3.503038,0.8650230402378982,2.648762494276653
10580,COc1cc2c(cc(C(=O)O)n2C):C(c2cc(S)cc3nsnc23):c1OC,-5.542955,-2.294895,3.24806,0.5698401872206657,3.1698545772226367
10586,COc1cc(-c2c(OC)c(OC)cc3ccn(C)c23)s:C:1c1nc(S(=O)(=O)O)cc2nonc12,-5.633129,-3.100811,2.532318,0.5427127034510167,3.4818410114513574
10589,COc1cc2c(ccn2C):C(c2c(NC(C)=O)ncc3nonc23):c1OC,-5.644878,-2.572513,3.072365,0.4163187460936906,2.9791279861295195
10590,COc1cc2c(ccn2C):C(c2scc3ncc(S(=O)(=O)O)nc23):c1OC,-5.643359,-2.844781,2.798578,0.7402134244396202,3.2418859618380225
10591,COc1cc(-c2c(OC)c(OC)cc3ccn(C)c23)s:C:1c1c(F)ncc2nsnc12,-5.391787,-2.799935,2.591852,0.4495953620993042,3.3696239833226773
10592,COc1cc(-c2c(OC)c(OC)cc3c2ccn3C)s:C:1c1c(S)ccc2nccnc12,-5.037353,-1.795141,3.242212,0.5603995638424472,3.133229536140653
10596,COc1cc2ccn(C)c2c(C=Cc2cccc3ncc(OC(C)=O)nc23)c1OC,-4.976845,-2.092766,2.88408,0.8422002933395216,2.958622992014208
10598,COc1cc2c:C(c3cccc4nc(F)cnc34):n(C)c2cc1OC,-5.138905,-2.200866,2.938039,0.5811836427712899,2.616905624042298
10606,COc1cc2c(ccn2C)c(C=Nc2occ3nc(C#N)cnc23)c1OC,-5.229969,-2.787978,2.441991,0.9999228282440544,3.463791496303556
10610,COc1cc2[nH]ccc2c(C=Nc2nc(C(F)(F)F)cc3nonc23)c1OC,-5.813549,-2.917372,2.896177,0.9508243364176332,3.3387058893559445
10611,COc1cc2[nH]ccc2:C(c2cc(NC(C)=O)cc3nccnc23):c1OC,-5.121597,-1.640383,3.481214,0.498145572666663,2.621625262537321
10612,COc1cc2cc[nH]c2:C(c2c(C(F)(F)F)ccc3nonc23):c1OC,-5.366913,-2.706961,2.659952,0.3597414964144386,2.9422185305595505
10624,COc1cc2c(ccn2C):C(c2occ3nccnc23):c1OC,-5.069123,-2.013938,3.055185,0.7626939635904793,2.9527376750717345
10625,COc1cc2cc(C(=O)O)[nH]c2c(C=Nc2scc3nc(S)cnc23)c1OC,-5.421187,-2.600713,2.820474,0.9985718218127972,3.607380865013199
10629,COc1cc(-c2c(OC)c(OC)cc3[nH]ccc23)s:C:1c1occ2nc(C=O)cnc12,-4.837742,-2.488195,2.349547,0.8788766409502671,3.384535682859096
10633,CNc1cnc2c(C3:c(OC)c(OC)cc4ccn(C)c:34)occ2n1,-4.988678,-1.649132,3.339546,0.4275925430852367,3.187318408440998
10639,COc1cc2[nH]c(C(=O)O)cc2c(C=Cc2cccc3nc(Br)cnc23)c1OC,-5.39187,-2.259439,3.132431,0.9663877230778016,2.922645034091582
10645,COc1cc(-c2c(OC)c(OC)cc3c2cc(C(=O)O)n3C)s:C:1c1c(C=O)ccc2nccnc12,-5.326288,-2.327526,2.998762,0.7342455113149011,3.1574291582066385
10648,COc1cc2cc(C(=O)O)n(C)c2:C(c2c(C(F)(F)F)ncc3nsnc23):c1OC,-5.653193,-3.13411,2.519083,0.0669914380123445,3.249072907034625
10650,COc1cc2c(ccn2C):C(c2cccc3nc(C#N)cnc23):c1OC,-5.430777,-2.44953,2.981247,0.4557086581065516,2.738459842894015
10651,COc1cc2ccn(C)c2c(C#Cc2scc3ncc(O)nc23)c1OC,-5.014022,-2.251629,2.762393,1.0,3.5143290736632444
10653,COc1cc2[nH]ccc2c(C=Cc2c(S)ccc3nonc23)c1OC,-5.221466,-2.450945,2.770521,0.9632185478489148,3.1792800823304885
10656,COc1cc2cc[nH]c2c(C=Cc2occ3nc(C)cnc23)c1OC,-4.868194,-2.097745,2.770449,0.9812405068270752,3.280133928484334
10660,COc1cc2[nH]ccc2c(C=Nc2cccc3nc(OC(C)=O)cnc23)c1OC,-5.187782,-1.791844,3.395938,0.8404274546597881,3.022840083708436
10662,COc1cc2ccn(C)c2:C(c2c(Br)ccc3nccnc23):c1OC,-5.122262,-2.125494,2.996768,0.0263731625527153,2.772850369437746
10666,COc1cc2ccn(C)c2:C(c2c(OC(C)=O)ccc3nonc23):c1OC,-5.295309,-2.389539,2.90577,0.0243658775669353,2.9045755569797223
10670,COc1cc2[nH]ccc2c(C#Cc2c(F)ncc3nsnc23)c1OC,-5.233271,-2.8692,2.364071,1.0,3.328530082330488
10675,CNc1ncc2nsnc2c1C=Cc1c(OC)c(OC)cc2c1cc(C(=O)O)n2C,-5.221041,-2.367427,2.853615,0.7260201385520035,3.2882767799909383
10678,COc1cc(-c2c(OC)c(OC)cc3[nH]ccc23)s:C:1c1nc(S(=O)(=O)O)cc2nsnc12,-5.523642,-2.998145,2.525497,0.8637003400609466,3.4434043208323626
10679,COc1cc2cc(C(=O)O)n(C)c2:C(c2c(Br)ccc3nonc23):c1OC,-5.673514,-2.619552,3.053962,0.1691194145561941,2.989815807991868
10680,COc1cc(-c2c(OC)c(OC)cc3cc(C(=O)O)[nH]c23)s:C:1c1c(C)ccc2nsnc12,-5.276749,-2.22072,3.056029,0.6854527202232243,3.1567829808819914
10685,COc1cc(-c2c(OC)c(OC)cc3cc[nH]c23)s:C:1c1cc(O)cc2nccnc12,-4.965263,-1.917662,3.047601,0.9022150309963548,3.097419347509053
10687,COc1cc(-c2c(OC)c(OC)cc3c2ccn3C)s:C:1c1occ2ncc(F)nc12,-4.682034,-2.002737,2.679296,0.8759971805804181,3.3784556266793206
10693,CNc1cc2nsnc2c(C2:sc(-c3c(OC)c(OC)cc4cc[nH]c34)cc:2OC)n1,-5.029588,-2.188093,2.841495,0.8592613492362611,3.3564606612514902
10694,COc1cc2c:C(c3cc(S(=O)(=O)O)cc4nccnc34):n(C)c2cc1OC,-5.4234,-2.658974,2.764425,0.5982542450503208,2.681040680757338
10695,COc1cc2cc[nH]c2c(C=Cc2occ3ncc(F)nc23)c1OC,-4.992258,-2.33463,2.657628,0.98369106117588,3.434116620792027
10696,COc1cc2cc[nH]c2c(C=Cc2occ3nc(C=O)cnc23)c1OC,-5.120471,-2.781324,2.339147,0.9824433607813028,3.444338412540584
10698,COc1cc2c:C(c3cccc4ccc(C=O)cc34):n(C)c2cc1OC,-5.179566,-1.97065,3.208916,0.5004456027215474,2.3509714853056565
10699,COc1cc2c(ccn2C)c(N=Cc2cccc3nc(Br)cnc23)c1OC,-4.986448,-2.321911,2.664537,0.8735962220224148,3.013422864934925
10703,COc1cc(-c2scc3ncc(C#N)nc23)s:C:1c1c(OC)c(OC)cc2cc(C(=O)O)n(C)c12,-5.454672,-3.090341,2.364331,0.6157827314313876,3.476241692302672
10709,COc1cc(-c2cccc3nsnc23)s:C:1c1c(OC)c(OC)cc2ccn(C)c12,-5.08841,-2.45995,2.628459,0.6270598706815473,3.02494129570778
10712,COc1cc2cc(-c3s:C(c4c(OC(C)=O)ncc5nsnc45):cc3OC)n(C)c2cc1OC,-4.905772,-2.949343,1.956429,0.8558661241411677,3.292393592423016
10713,COc1cc2cc(C#Cc3cc(S(=O)(=O)O)cc4nccnc34)n(C)c2cc1OC,-5.279048,-2.643455,2.635593,1.0,2.9959449118590697
10714,COc1cc2c(ccn2C)c(C=Cc2scc3ncc(O)nc23)c1OC,-4.761501,-2.03914,2.722361,0.9812637179500502,3.364586662020834
10716,COc1cc2c(cc(C(=O)O)n2C)c(C=Cc2scc3nc(C(F)(F)F)cnc23)c1OC,-5.276918,-2.713842,2.563076,0.9871429617848044,3.334003175962371
10717,COc1cc2c(cc(C(=O)O)n2C)c(N=Cc2scc3nc(F)cnc23)c1OC,-5.293211,-2.710952,2.582258,0.9063856838328684,3.4602837249400284
10724,COc1cc(-c2cccc3nsnc23)s:C:1c1c(OC)c(OC)cc2ccn(C)c12,-5.088441,-2.459966,2.628475,0.6269809615889963,3.02494129570778
10733,COc1cc2[nH]ccc2c(C#Cc2c(F)ncc3nonc23)c1OC,-5.35246,-2.979714,2.372747,1.0,3.289503159253565
10734,COc1cc2[nH]ccc2c(C#Cc2cc(OC(C)=O)cc3nccnc23)c1OC,-5.063116,-2.028216,3.0349,1.0,3.007876228286749
10740,COc1cc2c(cc(C(=O)O)n2C)c(C#Cc2c(F)ncc3nsnc23)c1OC,-5.553581,-3.029704,2.523877,1.0,3.3487572292135326
10743,COc1cc2c(ccn2C)c(C=Nc2occ3ncc(O)nc23)c1OC,-4.862517,-2.032479,2.830038,0.9998429601721472,3.51401659965077
10744,COc1cc(-c2c(OC)c(OC)cc3cc[nH]c23)s:C:1c1c(S(=O)(=O)O)ccc2nonc12,-5.480001,-2.954674,2.525327,0.6729213730685375,3.226846008177276
10745,COc1cc2ccn(C)c2c(C#Cc2nc(O)cc3nsnc23)c1OC,-5.333691,-2.744833,2.588858,1.0,3.423202670336842
10746,COc1cc2ccn(C)c2:C(c2cc(C)cc3nsnc23):c1OC,-5.16419,-2.179329,2.984861,0.1243075941121331,2.9009785053474832
10750,COc1cnc2cccc(C#Cc3c(OC)c(OC)cc4ccn(C)c34)c2n1,-5.189094,-1.887462,3.301632,1.0,2.953771967739586
10753,COc1cc2c(ccn2C):C(c2c(S)ccc3nonc23):c1OC,-5.558073,-2.130958,3.427115,0.3119936512567583,2.953504297202688
10754,COc1cc2c(ccn2C)c(C=Nc2c(O)ccc3nsnc23)c1OC,-5.107687,-2.1805,2.927187,0.9809464935916375,3.10772366825784
10755,COc1cc2cc[nH]c2:C(c2scc3nccnc23):c1OC,-5.050836,-2.354383,2.696453,0.943428486968364,2.957333212955988
10756,COc1cc(-c2c(OC)c(OC)cc3c2ccn3C)s:C:1c1scc2nc(NC(C)=O)cnc12,-4.553716,-1.948051,2.605665,0.8994138441422868,3.2509546501153244
10757,COc1cc2[nH]ccc2c(C=Nc2c(OC)ccc3nccnc23)c1OC,-5.141671,-1.602889,3.538782,0.8133280316014216,2.8798573227847672
10758,COc1cc(C#Cc2c(OC)c(OC)cc3[nH]c(C(=O)O)cc23)c2nsnc2c1,-5.396479,-2.285809,3.110671,1.0,3.122941469363627
10759,COc1cc2c(ccn2C):C(c2occ3nc(F)cnc23):c1OC,-5.097484,-2.059725,3.037759,0.7431110795624091,3.182776242904046
10761,COc1cc2c(ccn2C)c(C=Nc2cc(C=O)cc3nonc23)c1OC,-5.381316,-2.862029,2.519287,0.9799297849602572,3.242389698101757
10764,COc1cc2[nH]ccc2:C(c2nc(OC(C)=O)cc3nsnc23):c1OC,-5.452236,-2.598419,2.853817,0.5616543525011453,3.105498928133099
10766,COc1cc2[nH]ccc2c(C=Cc2cccc3ncc(O)nc23)c1OC,-5.066466,-1.839393,3.227074,0.9492912660629996,2.922030104848277
10767,COc1cc(-c2c(OC)c(OC)cc3c2cc(C(=O)O)n3C)s:C:1c1c(NC(C)=O)ccc2nsnc12,-5.335181,-2.147453,3.187728,0.6083942340887283,3.189184696673469
10771,COc1cc2c(cc(C(=O)O)n2C)c(C=Nc2cc(O)cc3nonc23)c1OC,-5.601319,-2.485915,3.115404,0.9871705484942448,3.2308837249400284
10772,COc1cc2cc[nH]c2c(C=Nc2occ3ncc(OC(C)=O)nc23)c1OC,-5.160608,-2.389504,2.771104,0.999959859560076,3.4772708138934325
10776,COc1cc2[nH]ccc2:C(c2occ3nc(C(F)(F)F)cnc23):c1OC,-5.346548,-2.40067,2.945878,0.7602237845768546,3.1344183198113944
10779,COc1cc2[nH]ccc2c(C=Cc2cc(C(F)(F)F)cc3nonc23)c1OC,-5.439526,-2.657787,2.781739,0.9656592450730952,3.040871614769771
10781,COc1cc2[nH]ccc2c(C=Nc2c(Br)ccc3nccnc23)c1OC,-5.42193,-1.957799,3.464131,0.812112597071569,2.979146412540583
10785,COc1cc2c:C(c3c(O)ccc4nonc34):n(C)c2cc1OC,-5.115791,-2.280627,2.835165,0.6142081518035037,2.709490270053367
10786,COc1cc2c(cc(C(=O)O)n2C):C(c2occ3nc(OC(C)=O)cnc23):c1OC,-5.303567,-2.131382,3.172185,0.7664155214390356,3.199582651829941
10787,COc1cc2[nH]ccc2:C(c2scc3ncc(OC(C)=O)nc23):c1OC,-5.273514,-2.059056,3.214458,0.5876253865789401,3.0722906121247844
10795,COc1cc2[nH]ccc2c(C=Nc2scc3nc(F)cnc23)c1OC,-5.151201,-2.35933,2.791871,0.9807046993694412,3.356364697715104
10798,COc1cc2c:C(c3occ4nc(C)cnc34):n(C)c2cc1OC,-4.783174,-2.067438,2.715736,0.999678599602328,2.9148755641710125
10799,COc1cc2cc(C(=O)O)[nH]c2:C(c2c(C=O)ncc3nonc23):c1OC,-5.635974,-3.377236,2.258738,0.4357242844258623,3.250089929449357
10801,COc1cc2c:C(c3cccc4ncc(C)nc34):n(C)c2cc1OC,-5.138035,-1.954312,3.183724,0.5541664156314551,2.423373446360824
10803,COc1cc2c(ccn2C)c(C#Cc2cc(C=O)cc3nccnc23)c1OC,-5.153721,-2.491802,2.661919,1.0,3.069531006201124
10805,COc1cc2[nH]c(C(=O)O)cc2:C(c2c(C)ccc3nonc23):c1OC,-5.646623,-2.177973,3.468649,0.4046603367775967,2.746428224974725
10815,COc1cc2c(ccn2C):C(c2nc(C)cc3nsnc23):c1OC,-5.27221,-2.437223,2.834987,0.5320162722708408,2.943901582270561
10816,COc1cc2cc[nH]c2:C(c2cccc3ncc(C=O)nc23):c1OC,-5.373904,-2.675673,2.698232,0.6085191954888073,2.783341620792026
10817,COc1cc(-c2c(OC)c(OC)cc3ccn(C)c23)s:C:1c1occ2nc(Br)cnc12,-5.104204,-2.309591,2.794613,0.5418187807048704,3.4424516057003
10818,COc1cc(-c2c(OC)c(OC)cc3[nH]c(C(=O)O)cc23)s:C:1c1c(S(=O)(=O)O)ccc2nonc12,-5.658738,-2.849639,2.809099,0.6475895225605101,3.2312121863863794
10824,CNc1cc2nsnc2c(C2:c(OC)c(OC)cc3c:2ccn3C)n1,-5.206893,-2.056075,3.150818,0.586623162197884,3.057020250261149
10825,COc1cc2[nH]ccc2:C(c2nc(C#N)cc3nonc23):c1OC,-5.511293,-3.071366,2.439927,0.7055905812434612,3.1105632387726274
10830,COc1cc2cc[nH]c2c(C=Nc2c(C=O)ccc3nccnc23)c1OC,-5.574981,-2.411345,3.163636,0.8270082448305153,3.122631878997784
10833,COc1cc2c(ccn2C)c(C#Cc2c(C=O)ccc3nccnc23)c1OC,-5.212741,-2.427638,2.785103,1.0,3.037572352354969
10842,COc1cc(-c2c(OC)c(OC)cc3[nH]ccc23)s:C:1c1c(C)ncc2nonc12,-5.179496,-2.455177,2.724319,0.7460114195465258,3.193192995171107
10844,CNc1cc2nonc2c(C2:c(OC)c(OC)cc3cc(C(=O)O)[nH]c:23)n1,-5.603101,-2.480343,3.122758,0.8258171038466074,3.0910540994898428
10847,COc1cc2[nH]ccc2:C(c2nc(C)cc3nonc23):c1OC,-5.515122,-2.498887,3.016235,0.6184288260075471,2.8735544582885204
10848,COc1cc(-c2c(OC)c(OC)cc3c2ccn3C)s:C:1c1cccc2ncc(C=O)nc12,-4.983996,-2.438344,2.545653,0.9000800746355768,3.061215677149347
10849,COc1cc2cc(C(=O)O)n(C)c2c(C=Nc2cc(C)cc3nonc23)c1OC,-5.594133,-2.460344,3.133789,0.9229365604710572,3.193808511264816
10855,COc1cc2cc[nH]c2c(C=Cc2scc3ncc(OC(C)=O)nc23)c1OC,-4.970496,-2.360665,2.609831,0.981246055735824,3.3390481215857406
10857,COc1cc2ccn(C)c2:C(c2scc3nc(Br)cnc23):c1OC,-5.370531,-2.442709,2.927823,0.3249353908482584,3.1938694555737284
10861,COc1cc2c(ccn2C)c(C#Cc2cc(Br)cc3nsnc23)c1OC,-5.187693,-2.549411,2.638281,1.0,3.164051318985491
10862,COc1cc2c(cc(C(=O)O)n2C):C(c2scc3ncc(F)nc23):c1OC,-5.616159,-2.315595,3.300564,0.4641317631925138,3.144372115684176
10864,COc1cc2ccn(C)c2:C(c2c(C#N)ccc3ccccc23):c1OC,-5.369198,-1.74919,3.620008,0.130823734941092,2.545131984266156
10869,COc1cc2cc(C(=O)O)n(C)c2c(C=Cc2scc3ncc(C(F)(F)F)nc23)c1OC,-5.244526,-2.721011,2.523515,0.9259803610400984,3.390882546591742
10870,COc1cc2[nH]ccc2c(C=Nc2cc(S)cc3nonc23)c1OC,-5.37376,-2.418748,2.955012,0.9808079363836364,3.376520466945874
10871,COc1cc2[nH]ccc2c(C=Nc2c(NC(C)=O)ncc3nonc23)c1OC,-5.429613,-2.733276,2.696337,0.9783573682707276,3.24310812158574
10873,COc1cc2ccn(C)c2c(C=Cc2c(O)ccc3nccnc23)c1OC,-5.183332,-1.86247,3.320862,0.6247392259148936,2.9466412465533054
10874,COc1cc2ccn(C)c2c(C=Nc2cc(F)cc3nonc23)c1OC,-5.491047,-2.577046,2.914001,0.9282316387016628,3.179613273247445
10878,COc1cc2c(ccn2C)c(C=Nc2c(C=O)ccc3c2SCS3)c1OC,-5.34931,-1.755445,3.593865,0.7688732935536422,3.5241193684314283
10882,COc1cc2[nH]ccc2:C(c2occ3nc(F)cnc23):c1OC,-5.155628,-2.078842,3.076786,0.7469769345448588,3.1736551575892182
10883,COc1cc2ccn(C)c2c(C=Cc2c(C=O)ccc3ccccc23)c1OC,-5.202411,-1.825644,3.376767,0.7820324182038143,2.7324273523549696
10886,COc1cc2cc[nH]c2c(C=Nc2c(NC(C)=O)ccc3nonc23)c1OC,-5.510611,-2.50727,3.003341,0.956454550104236,3.139251583124201
10887,COc1cc2cc(C#Cc3cccc4cc(S(=O)(=O)O)ccc34)n(C)c2cc1OC,-5.203903,-2.000477,3.203426,1.0,2.6950119448261027
10890,COc1cc2[nH]ccc2c(C=Cc2scc3ncc(OC(C)=O)nc23)c1OC,-4.849868,-2.206165,2.643703,0.986994776648463,3.267423698508818
10892,COc1cc2c:C(c3scc4ncc(S)nc34):n(C)c2cc1OC,-5.092286,-2.358326,2.73396,0.7222761434944455,3.2207065596461275
10893,COc1cc2cc[nH]c2c(C=Cc2cc(S)cc3nsnc23)c1OC,-5.298508,-2.497524,2.800984,0.960200640627398,3.3934589284843337
10896,COc1cc2cc[nH]c2c(C=Cc2c(C=O)ccc3nsnc23)c1OC,-5.349066,-2.818784,2.530283,0.6192955686329471,3.182236258694431
10898,COc1cc2c:C(c3occ4ncc(C)nc34):n(C)c2cc1OC,-4.706388,-2.046632,2.659757,0.9995970080408976,2.9069547496913763
10899,COc1cc2c(ccn2C)c(C=Nc2cccc3nccnc23)c1OC,-5.128068,-1.764511,3.363557,0.8468218193857675,2.8125568740790445
10900,COc1cc2cc(-c3s:C(c4occ5ncc(S)nc45):cc3OC)n(C)c2cc1OC,-4.843923,-2.470498,2.373425,0.8547163973704466,3.4778127945114896
10906,COc1cc2cc(C(=O)O)n(C)c2c(C=Cc2cccc3ncc(Br)nc23)c1OC,-5.361286,-2.315796,3.04549,0.8440228828797582,3.008900955815113
10908,COc1cc2cc(C#Cc3c(C(F)(F)F)ncc4nsnc34)n(C)c2cc1OC,-5.366122,-3.159313,2.206809,1.0,3.3008256052819096
10911,COc1cc2cc[nH]c2c(C=Cc2cccc3nc(O)cnc23)c1OC,-5.173166,-2.021697,3.151469,0.9436501886326912,2.9997845663867384
10916,COc1cc2c(cc(C(=O)O)n2C)c(C=Cc2cc(C(F)(F)F)cc3nsnc23)c1OC,-5.508385,-2.712522,2.795863,0.9686070854614596,3.150461392745588
10919,COc1cc2cc[nH]c2c(C=Nc2cc(O)cc3nccnc23)c1OC,-5.499417,-1.96322,3.536196,0.8544485976601848,3.11864548946366
10921,COc1cc2cc(C(=O)O)[nH]c2c(C=Nc2nc(O)cc3nsnc23)c1OC,-5.764749,-2.864881,2.899868,0.9929169863275322,3.4815719068827207
10922,CNc1cc2nsnc2c(C2:sc(-c3cc4cc(OC)c(OC)cc4n3C)cc:2OC)n1,-4.935229,-2.217929,2.7173,0.8514621525311641,3.2510770424804685
10923,COc1cc(-c2cccc3nsnc23)s:C:1c1c(OC)c(OC)cc2cc(C(=O)O)[nH]c12,-5.159306,-2.559285,2.600021,0.8952785087992471,3.054374929209124
10925,COc1cc2c(ccn2C)c(C=Nc2cncc3nsnc23)c1OC,-5.229123,-2.611195,2.617927,0.9633501714790558,3.241172390022795
10926,COc1cc2cc(C(=O)O)[nH]c2c(C=Cc2c(OC)ccc3nonc23)c1OC,-5.418152,-2.455918,2.962234,0.9541823550725032,3.023007698256685
10927,COc1cc2cc[nH]c2c(N=Cc2c(OC)ncc3nsnc23)c1OC,-5.00434,-2.833149,2.17119,0.9825582157066436,3.3675919510021224
10928,COc1cc2cc(-c3cc(OC):C(c4cccc5nc(S)cnc45):s3)n(C)c2cc1OC,-4.834091,-2.042215,2.791876,0.8759837111529047,3.133798597848177
10931,COc1cc2[nH]ccc2c(C=Cc2c(S)ccc3nsnc23)c1OC,-5.214634,-2.286861,2.927772,0.8694651152904547,3.2101339284843338
10934,COc1cc(-c2c(OC)c(OC)cc3[nH]ccc23)s:C:1c1occ2nccnc12,-4.595865,-1.963413,2.632452,0.8978949112641805,3.18360173470804
10935,COc1cc(-c2c(OC)c(OC)cc3cc[nH]c23)s:C:1c1occ2ncc(OC(C)=O)nc12,-4.785989,-2.130007,2.655982,0.904490884722983,3.4165948915519664
10936,COc1cc2c:C(c3cc(C=O)cc4ccccc34):n(C)c2cc1OC,-5.242762,-2.029954,3.212808,0.4782994930370257,2.360338221272391
10938,COc1cc2ccn(C)c2:C(c2cccc3nc(O)cnc23):c1OC,-5.082741,-1.8024,3.280341,0.0908711212636244,2.851978213424747
10939,COc1cc(-c2c(OC)c(OC)cc3cc(C(=O)O)n(C)c23)s:C:1c1occ2nc(Br)cnc12,-5.154345,-2.339254,2.815091,0.5394846086264854,3.4987522665120867
10941,COc1cc2[nH]ccc2c(C=Nc2c(NC(C)=O)ncc3nsnc23)c1OC,-5.307694,-2.641867,2.665827,0.9692157769159016,3.278232352354971
10944,COc1cc2[nH]c(C(=O)O)cc2:C(c2cc(OC(C)=O)cc3nsnc23):c1OC,-5.520135,-2.285754,3.234381,0.4538867183161091,2.924634152290455
10948,COc1cc2c(ccn2C):C(c2c(S(=O)(=O)O)ccc3nonc23):c1OC,-5.532067,-2.76632,2.765747,0.3574277534226927,2.8679659618380207
10951,COc1cc2c(ccn2C)c(C=Nc2scc3nc(S(=O)(=O)O)cnc23)c1OC,-5.40727,-2.933703,2.473568,0.9645728461631272,3.438401673657978
10954,COc1cc2[nH]ccc2c(C=Cc2occ3ncc(C)nc23)c1OC,-4.729683,-1.971142,2.758541,0.9873504017657256,3.1930704669458727
10955,CNc1cc2nonc2c(C2:c(OC)c(OC)cc3c:2cc(C(=O)O)n3C)n1,-5.614926,-2.312414,3.302513,0.6203159232519293,3.0550980772070417
10958,COc1cc2c(cc(C(=O)O)n2C)c(C=Cc2c(S)ccc3nsnc23)c1OC,-5.333689,-2.341649,2.992039,0.8687612994233642,3.2577315881878928
10960,COc1cc(-c2c(OC)c(OC)cc3cc(C(=O)O)n(C)c23)s:C:1c1c(Br)ccc2nccnc12,-5.443049,-2.103304,3.339745,0.2939767749441827,3.162791613809736
10963,COc1cc2ccn(C)c2:C(c2cccc3nc(O)cnc23):c1OC,-5.082744,-1.802403,3.280341,0.0908944505747217,2.851978213424747
10974,COc1cc2c(ccn2C):C(c2nncc3nonc23):c1OC,-5.541734,-2.953876,2.587857,0.6720681324362048,3.0546369757710377
10975,CNc1ncc2nsnc2c1C=Cc1c(OC)c(OC)cc2cc[nH]c12,-5.193058,-2.392782,2.800275,0.477110963406485,3.313130412540584
10976,COc1cc2cc(C(=O)O)n(C)c2:C(c2scc3ncc(C)nc23):c1OC,-5.509294,-2.091502,3.417793,0.2496164277423493,3.0817616541457147
10977,COc1cc2cc(C(=O)O)[nH]c2:C(c2occ3ncc(Br)nc23):c1OC,-5.451672,-2.703947,2.747725,0.939607307855179,3.227087023710236
10978,COc1cc2ccn(C)c2c(C=Nc2c(OC)ncc3nonc23)c1OC,-5.285288,-2.69698,2.588308,0.8854092425814342,3.317009678121738
10980,COc1cc2[nH]ccc2:C(c2nc(O)cc3nonc23):c1OC,-5.654274,-2.522218,3.132056,0.6097612216352922,3.07314257017663
10981,COc1cc2cc(-c3cc(OC):C(c4c(S(=O)(=O)O)ccc5nsnc45):s3)n(C)c2cc1OC,-5.231091,-2.87042,2.36067,0.6359016808913682,3.1423435215728137
10982,CNc1ccc2nonc2c1C1:c(OC)c(OC)cc2ccn(C)c:12,-5.280892,-1.954981,3.325911,0.0134017710909891,2.9416603369350405
10983,COc1cc(-c2c(OC)c(OC)cc3[nH]ccc23)s:C:1c1c(C=O)ccc2nsnc12,-5.213144,-2.510997,2.702147,0.7694121007887003,3.174486417517696
10984,COc1cc2c(ccn2C)c(C#Cc2cc(S)cc3nsnc23)c1OC,-5.13979,-2.391417,2.748373,1.0,3.4076313605655324
10986,COc1cc2c(ccn2C):C(c2occ3nc(OC(C)=O)cnc23):c1OC,-5.000503,-1.955944,3.044559,0.7465542723789321,3.154726366696321
10988,COc1cc(-c2c(OC)c(OC)cc3c2cc(C(=O)O)n3C)s:C:1c1scc2nc(O)cnc12,-4.796249,-2.092895,2.703354,0.8985077587512467,3.41571906813152
10991,COc1cc2cc(C(=O)O)n(C)c2c(C=Nc2cc(OC(C)=O)cc3nsnc23)c1OC,-5.569833,-2.413859,3.155974,0.8181427402408221,3.3142670146517714
10992,COc1cc(-c2c(OC)c(OC)cc3[nH]c(C(=O)O)cc23)s:C:1c1c(NC(C)=O)ncc2nsnc12,-5.436651,-2.592315,2.844336,0.7472616171889983,3.329880948001003
10999,COc1cc2ccn(C)c2c(C=Cc2c(O)ccc3nsnc23)c1OC,-5.21718,-2.200299,3.016881,0.6529538339487455,3.096904957239129
11004,COc1cc2c(ccn2C):C(c2c(OC(C)=O)ccc3nonc23):c1OC,-5.458201,-2.167594,3.290606,0.4387822709832756,2.794280010421017
11005,COc1cc2[nH]c(C(=O)O)cc2:C(c2cccc3nsnc23):c1OC,-5.53622,-2.253812,3.282408,0.5634140954588029,2.6702952231755592
11009,COc1cc2cc(-c3cc(OC):C(c4c(S)ccc5nonc45):s3)n(C)c2cc1OC,-4.913509,-2.339306,2.574203,0.7031853994878403,3.176205801504496
11012,COc1cc(-c2c(OC)c(OC)cc3ccn(C)c23)s:C:1c1c(O)ncc2nsnc12,-5.112462,-2.611349,2.501113,0.4509618512344484,3.4174482840219778
11013,COc1cc2c(ccn2C)c(C=Nc2scc3sc(=S)sc23)c1OC,-5.275914,-2.152828,3.123085,0.9935668987374402,3.479657520033631
11014,COc1cc2[nH]c(C(=O)O)cc2c(C=Nc2cc(O)cc3nonc23)c1OC,-5.652654,-2.490992,3.161662,0.9902668915297336,3.204180865013198
11015,COc1cc2c:C(c3cccc4cc(C=O)ccc34):n(C)c2cc1OC,-5.379076,-2.047627,3.331449,0.4629585648614281,2.339591443725615
11019,COc1cc2c(ccn2C):C(c2nc(OC(C)=O)cc3nonc23):c1OC,-5.407958,-2.616265,2.791692,0.6735150882229269,3.0747957998947024
11020,COc1cc2cc(C(=O)O)[nH]c2:C(c2cc(S)cc3nonc23):c1OC,-5.782482,-2.633093,3.14939,0.7563661828461481,3.1748073609072858
11022,COc1cc2ccn(C)c2c(C=Nc2c(OC(C)=O)ccc3nonc23)c1OC,-5.426763,-2.385436,3.041327,0.7695073467502958,3.15923021232798
11025,COc1cc(-c2c(OC)c(OC)cc3ccn(C)c23)s:C:1c1cc(OC(C)=O)cc2nsnc12,-5.19716,-2.255354,2.941805,0.5718290459025166,3.263631092423017
11030,CNc1cnc2coc(C=Cc3c(OC)c(OC)cc4[nH]ccc34)c2n1,-4.42811,-1.730624,2.697486,0.9857673280856633,3.296921181771353
11032,COc1cc(-c2c(OC)c(OC)cc3c2ccn3C)s:C:1c1c(S)ccc2nonc12,-5.147186,-2.173876,2.97331,0.6712599736033207,3.2432400672387605
11040,COc1cc2c(ccn2C)c(C=Cc2cc(S)cc3nccnc23)c1OC,-5.234955,-1.916575,3.318379,0.8166610381217718,3.119880007792068
11042,COc1cc2c:C(c3cc(C)cc4nccnc34):n(C)c2cc1OC,-5.033212,-1.966387,3.066825,0.5694710119651328,2.51953010941608
11044,COc1cc(-c2c(OC)c(OC)cc3[nH]ccc23)s:C:1c1cccc2ncc(C)nc12,-4.846975,-1.603369,3.243605,0.7441781460489265,2.8680523639308326
11045,COc1cc2ccn(C)c2c(C=Cc2scc3nc(OC(C)=O)cnc23)c1OC,-4.894846,-2.324559,2.570287,0.9440908519658556,3.351538092252934
11047,COc1cc2c(ccn2C)c(C=Nc2cc(C)cc3nonc23)c1OC,-5.197005,-2.225197,2.971807,0.9877270073861846,3.061120133954306
11049,COc1cc2[nH]c(C(=O)O)cc2c(C=Nc2cc(OC(C)=O)cc3nsnc23)c1OC,-5.557602,-2.400751,3.156851,0.92999820113089,3.2164729343716285
11055,COc1cc2[nH]c(C(=O)O)cc2c(C=Nc2cc(C(F)(F)F)cc3nsnc23)c1OC,-5.822294,-2.750299,3.071995,0.937019153068292,3.2232704298993564
11059,COc1cc2cc[nH]c2c(C=Nc2c(S)ncc3nonc23)c1OC,-5.507114,-2.967566,2.539548,0.9895570624638368,3.5279300823304887
11062,COc1cc2[nH]c(C(=O)O)cc2c(C=Cc2cc(NC(C)=O)cc3nonc23)c1OC,-5.77153,-2.396082,3.375448,0.8229036893736289,3.0345885842390032
11067,COc1cc2cc(C(=O)O)[nH]c2:C(c2cc(C=O)cc3nccnc23):c1OC,-5.68952,-2.663202,3.026318,0.6192829931350049,2.896177554399761
11069,COc1cc2cc(C(=O)O)[nH]c2c(C=Cc2cc(Br)cc3nccnc23)c1OC,-5.543446,-2.20702,3.336426,0.6520602361187416,2.9683947526656898
11073,COc1cc2cc(C(=O)O)[nH]c2c(C=Nc2nc(OC(C)=O)cc3nonc23)c1OC,-5.932652,-2.985,2.947653,0.9703938434570196,3.455618292461814
11075,COc1cc2ccn(C)c2:C(c2scc3nc(S(=O)(=O)O)cnc23):c1OC,-5.560568,-3.051594,2.508974,0.3597415145798955,3.293358577222638
11076,COc1cc2c(cc(C(=O)O)n2C)c(C=Cc2nc(OC(C)=O)cc3nsnc23)c1OC,-5.457519,-2.743733,2.713786,0.9903866163704884,3.358601154669058
11081,COc1cc2[nH]c(C(=O)O)cc2c(C=Cc2cc(O)cc3nonc23)c1OC,-5.534579,-2.452427,3.082152,0.9498207883158452,3.091928868908038
11083,COc1cc2ccn(C)c2c(C=Nc2occ3ncc(F)nc23)c1OC,-5.125833,-2.399643,2.72619,0.963915574586044,3.5216469530811256
11084,COc1cc2ccn(C)c2:C(c2c(OC(C)=O)ccc3nccnc23):c1OC,-5.08348,-1.995835,3.087645,0.1537836921943197,2.780385149336471
11089,COc1cc2cc[nH]c2c(C=Cc2c(OC)ncc3nonc23)c1OC,-5.067282,-2.793722,2.27356,0.982924549956985,3.232523643309815
11095,COc1cc2c:C(c3cc(C=O)cc4ccccc34):n(C)c2cc1OC,-5.244949,-2.028542,3.216406,0.4728802931646271,2.360338221272391
11096,COc1cc2c(cc(C(=O)O)n2C)c(C#Cc2c(C#N)ccc3nccnc23)c1OC,-5.507859,-2.615673,2.892186,1.0,3.060648000684626
11097,COc1c:C(c2c(OC)c(OC)cc3cc[nH]c23):sc1-c1occ2nc(C#N)cnc12,-5.078732,-2.760319,2.318413,0.9050435810923588,3.446936720024179
11101,COc1cc2cc[nH]c2c(C=Cc2nc(OC(C)=O)cc3nsnc23)c1OC,-5.298767,-2.685895,2.612872,0.9672205190175178,3.3733035062011245
11104,COc1cc2c:C(c3cc(OC(C)=O)cc4nonc34):n(C)c2cc1OC,-5.395039,-2.480523,2.914516,0.8814696233846446,2.7542719132550264
11106,COc1cc2cc(-c3s:C(c4occ5nc(S)cnc45):cc3OC)n(C)c2cc1OC,-4.8676,-2.462484,2.405116,0.855906992004531,3.4870708364695293
11107,COc1cc2cc(C(=O)O)[nH]c2c(C=Cc2nc(NC(C)=O)cc3nonc23)c1OC,-5.701739,-2.795127,2.906612,0.9887923777767657,3.265922801745633
11111,COc1cc2cc(-c3cc(OC):C(c4cccc5ccc(C=O)cc45):s3)n(C)c2cc1OC,-4.928192,-1.916733,3.011459,0.6637140208880419,2.778845464383391
11115,COc1cc2cc(-c3s:C(c4c(NC(C)=O)ncc5nsnc45):cc3OC)n(C)c2cc1OC,-5.072162,-2.896243,2.175919,0.8097381923383629,3.2315296501153243
11118,COc1cc2c(cc(C(=O)O)n2C)c(C=Cc2occ3ncc(F)nc23)c1OC,-5.097968,-2.373174,2.724793,0.985912196368098,3.386087143743447
11119,COc1cc2cc[nH]c2c(C=Nc2occ3nc(S)cnc23)c1OC,-5.176822,-2.417622,2.759199,0.999986221841465,3.73436277463818
11122,COc1cc2cc(-c3cc(OC):C(c4occ5ncc(S)nc45):s3)n(C)c2cc1OC,-4.722873,-2.182288,2.540585,0.8782618602287775,3.467925381924076
11123,COc1cc(C2:sc(-c3c(OC)c(OC)cc4cc[nH]c34)cc:2OC)c2nccnc2c1,-4.942875,-1.857504,3.085372,0.9046446503936052,3.0058254547705188
11124,COc1cc2c:C(c3c(NC(C)=O)ncc4nsnc34):n(C)c2cc1OC,-5.355073,-2.790272,2.564801,0.5764888470463391,2.9549372978704103
11129,COc1cc(-c2cc(C=O)cc3nccnc23)s:C:1c1c(OC)c(OC)cc2cc(C(=O)O)n(C)c12,-5.450151,-2.638909,2.811242,0.5566924986174269,3.2480680005524114
11131,COc1cc2[nH]ccc2c(C=Cc2cccc3nc(C#N)cnc23)c1OC,-5.203186,-2.548084,2.655102,0.9651465789187992,2.9019650150924594
11135,COc1cc2cc[nH]c2c(C=Cc2cccc3ncc(C(F)(F)F)nc23)c1OC,-5.227863,-2.477738,2.750126,0.9373723454383744,2.936031900883325
11138,COc1cc2ccn(C)c2:C(c2cccc3ncc(S)nc23):c1OC,-5.174836,-1.966071,3.208764,0.1699924456517537,2.9651071408353644
11139,COc1cc2ccn(C)c2:C(c2c(Br)ccc3nsnc23):c1OC,-5.206695,-2.500856,2.705839,0.1034439467990932,2.934526921637076
11140,COc1cc2c(ccn2C)c(C=Cc2cc(O)cc3nonc23)c1OC,-5.188021,-2.249444,2.938577,0.9552799268515731,3.0639585954927675
11148,COc1cc2c(cc(C(=O)O)n2C)c(C=Nc2cc(F)cc3nonc23)c1OC,-5.66757,-2.637101,3.030469,0.9846775944924538,3.1604102206665257
11149,COc1cc2c:C(c3c(OC(C)=O)ncc4nsnc34):n(C)c2cc1OC,-5.36495,-2.98419,2.380759,0.5470726845425129,3.031818067101179
11156,COc1cc2c(cc(C(=O)O)n2C)c(C#Cc2scc3ncc(F)nc23)c1OC,-5.242025,-2.499375,2.74265,1.0,3.4073589386152427
11157,COc1cc2cc(C(=O)O)[nH]c2c(C=Nc2occ3nc(S)cnc23)c1OC,-5.365294,-2.543909,2.821384,0.9999865670121776,3.705020787116412
11159,COc1cc2[nH]ccc2c(C=Nc2c(NC(C)=O)ccc3nonc23)c1OC,-5.346176,-2.371946,2.97423,0.9741587677638291,3.0676271600472784
11165,COc1cc(-c2c(OC)c(OC)cc3cc(C(=O)O)[nH]c23)s:C:1c1c(OC(C)=O)ncc2nonc12,-5.478822,-2.854804,2.624018,0.7532481797163055,3.420918724086304
11168,COc1cc2c(ccn2C)c(C=Cc2cc(OC(C)=O)cc3nccnc23)c1OC,-4.938656,-1.937647,3.001009,0.9637748573924364,2.9034273359056115
11171,COc1cc2c:C(c3cc(C(F)(F)F)cc4nccnc34):n(C)c2cc1OC,-5.342191,-2.440023,2.902168,0.5856643937487493,2.648289201467396
11178,CNc1ccc2nonc2c1C1:sc(-c2c(OC)c(OC)cc3ccn(C)c23)cc:1OC,-5.017708,-1.929593,3.088115,0.5023802748477074,3.208023111795767
11179,COc1cc2cc[nH]c2:C(c2c(C#N)ccc3ccccc23):c1OC,-5.497092,-1.779813,3.717278,0.3744437253613722,2.5113262361766413
11190,COc1cc2c(ccn2C)c(C=Cc2cccc3cc(C=O)ccc23)c1OC,-5.051622,-1.800857,3.250765,0.9087400672496708,2.637776775431893
11191,COc1cnc2c(C#Cc3c(OC)c(OC)cc4ccn(C)c34)scc2n1,-4.997853,-2.227025,2.770828,1.0,3.335408878920939
11192,COc1cc2cc(-c3cc(OC):C(c4cccc5nc(F)cnc45):s3)n(C)c2cc1OC,-4.885197,-2.13267,2.752527,0.8780040371480347,2.9824540500882435
11196,CNc1cc(C2:sc(-c3c(OC)c(OC)cc4cc[nH]c34)cc:2OC)c2nonc2c1,-5.007913,-1.950054,3.05786,0.903784143341029,3.212941387267048
11199,COc1cc2c(ccn2C)c(C#Cc2cc(Br)cc3nonc23)c1OC,-5.411101,-2.677264,2.733837,1.0,3.115900383434554
11201,COc1cc(-c2c(OC)c(OC)cc3cc(C(=O)O)n(C)c23)s:C:1c1nc(S(=O)(=O)O)cc2nonc12,-6.008085,-3.152595,2.85549,0.7205351628608943,3.546362102990737
11203,COc1cc(-c2c(OC)c(OC)cc3ccn(C)c23)s:C:1c1scc2nc(OC(C)=O)cnc12,-4.966075,-2.13907,2.827005,0.57917088992622,3.3921291693460933
11204,COc1cc2[nH]ccc2c(C=Nc2cc(C(F)(F)F)cc3nonc23)c1OC,-5.612443,-2.72111,2.891333,0.9821123819363248,3.139375606980092
11213,COc1cc2c(cc(C(=O)O)n2C)c(C=Nc2nc(NC(C)=O)cc3nsnc23)c1OC,-5.627338,-2.589315,3.038023,0.9415678836790202,3.361175916985392
11218,COc1cc2[nH]ccc2:C(c2cc(S)cc3nsnc23):c1OC,-5.226591,-2.163087,3.063504,0.5733508097868856,3.12871389884796
11222,COc1cc2[nH]ccc2c(C#Cc2c(C(F)(F)F)ccc3nsnc23)c1OC,-5.251737,-2.661682,2.590056,1.0,3.1426496089275124
11224,COc1cc(-c2c(OC)c(OC)cc3[nH]c(C(=O)O)cc23)s:C:1c1occ2nc(C=O)cnc12,-5.02126,-2.621152,2.400108,0.9209284325303108,3.422817150115325
11228,COc1cc2cc(C(=O)O)[nH]c2:C(c2occ3nc(Br)cnc23):c1OC,-5.441919,-2.656111,2.785809,0.9701125816931894,3.243958467335104
11234,COc1cc2cc(C(=O)O)[nH]c2:C(c2cccc3nc(C=O)cnc23):c1OC,-5.646047,-2.734082,2.911965,0.6292981196989755,2.853019618664611
11235,COc1cc2ccn(C)c2c(C=Nc2occ3ncc(C)nc23)c1OC,-4.994132,-2.149591,2.844541,0.9559484264797956,3.3645473688815404
11245,COc1cc2c(ccn2C)c(C=Nc2nc(C(F)(F)F)cc3nonc23)c1OC,-5.71802,-2.891313,2.826707,0.9521366159203702,3.34388030613661
11248,COc1cc2cc(C(=O)O)n(C)c2:C(c2cc(C=O)cc3nccnc23):c1OC,-5.599451,-2.584314,3.015137,0.0626748911458916,2.9540307334870377
11250,COc1cc2cc(-c3cc(OC):C(c4cccc5nc(S(=O)(=O)O)cnc45):s3)n(C)c2cc1OC,-5.120336,-2.697005,2.423331,0.7476388047302625,3.1106325871221383
11254,COc1cc2cc[nH]c2:C(c2c(OC)ccc3nccnc23):c1OC,-5.022811,-1.842177,3.180634,0.4467277690074941,2.642195466945873
11259,COc1cc2cc(C(=O)O)n(C)c2c(C=Nc2c(S)ncc3nsnc23)c1OC,-5.573112,-2.847391,2.725721,0.8757435960133628,3.579165776222079
11260,COc1cc(-c2c(OC)c(OC)cc3cc(C(=O)O)n(C)c23)s:C:1c1c(OC)ccc2nonc12,-5.533547,-2.278513,3.255034,0.4153719705861425,3.186835883825436
11265,COc1cc2nonc2c(C2:sc(-c3c(OC)c(OC)cc4ccn(C)c34)cc:2OC)n1,-5.493463,-2.498063,2.995401,0.5693625632153181,3.3008136443401472
11267,COc1cc(-c2c(OC)c(OC)cc3cc(C(=O)O)n(C)c23)s:C:1c1c(S)ncc2nsnc12,-5.645742,-2.726294,2.919448,0.2831889605576149,3.560316638981721
11268,COc1cc2cc(C(=O)O)[nH]c2:C(c2cc(NC(C)=O)cc3nsnc23):c1OC,-5.630767,-2.421444,3.209322,0.7267123148496464,2.9317521010084047
11269,COc1cc2ccn(C)c2c(C=Cc2cc(OC(C)=O)cc3nonc23)c1OC,-5.174933,-2.374264,2.800669,0.9318937297905956,3.100919330526854
11272,COc1cc2c(ccn2C):C(c2c(Br)ncc3nsnc23):c1OC,-5.208705,-2.780117,2.428588,0.2146981685086932,3.095215609419882
11273,COc1cc2c(cc(C(=O)O)n2C):C(c2cc(O)cc3nonc23):c1OC,-5.629774,-2.179698,3.450076,0.6265251678680028,2.916462577222637
11276,COc1cc2cc(C(=O)O)n(C)c2c(C#Cc2nc(S)cc3nsnc23)c1OC,-5.583765,-2.895767,2.687999,1.0,3.5917315881878924
11277,COc1cc2cc(C(=O)O)n(C)c2:C(c2nc(O)cc3nsnc23):c1OC,-5.648697,-2.655952,2.992745,0.3109244534987966,3.260855192607253
11284,COc1cc2cc(C(=O)O)n(C)c2c(C=Nc2cccc3ncc(C=O)nc23)c1OC,-5.699144,-2.565453,3.133691,0.7272628507984424,3.184150918456509
11285,COc1cc2[nH]ccc2:C(c2cc(C)cc3nccnc23):c1OC,-5.043844,-1.616327,3.427516,0.4656536096027242,2.582326449474968
11291,COc1cc2cc(C(=O)O)n(C)c2:C(c2scc3ncc(C(F)(F)F)nc23):c1OC,-5.68264,-2.654487,3.028153,0.2077047742138623,3.216289604970836
11293,COc1cc2cc(C(=O)O)[nH]c2:C(c2nc(O)cc3nonc23):c1OC,-5.784825,-2.825635,2.95919,0.8207127226483529,3.162518425185473
11296,COc1cc(-c2scc3ncc(C#N)nc23)s:C:1c1c(OC)c(OC)cc2c1cc(C(=O)O)n2C,-5.27256,-3.06987,2.20269,0.7990382656225312,3.40553164520691
11299,COc1cc(-c2c(OC)c(OC)cc3cc[nH]c23)s:C:1c1cc(S(=O)(=O)O)cc2nccnc12,-5.171179,-2.472914,2.698264,0.9026308354236128,3.13876474626917
11300,COc1cc2c:C(c3cc(C)cc4nonc34):n(C)c2cc1OC,-4.991325,-2.281098,2.710227,0.704269320725879,2.6491719442615107
11304,COc1cnc2coc(C3:cc4cc(OC)c(OC)cc4n:3C)c2n1,-4.71966,-1.961118,2.758542,0.9985353940976108,2.952062503782276
11305,COc1cc2c(ccn2C)c(N=Cc2c(S(=O)(=O)O)ncc3nonc23)c1OC,-5.575938,-3.602402,1.973536,0.8347484083209815,3.450613639469944
11306,COc1cc2c(ccn2C)c(C=Nc2cc(NC(C)=O)cc3nsnc23)c1OC,-5.191897,-2.135992,3.055905,0.9328920616175578,3.116913326774509
11309,COc1cc(C2:sc(-c3c(OC)c(OC)cc4[nH]ccc34)cc:2OC)c2nsnc2c1,-4.808483,-1.910877,2.897606,0.8933831393307465,3.0907514131961733
11310,COc1cc2[nH]c(C(=O)O)cc2c(C=Cc2occ3nccnc23)c1OC,-5.052509,-2.310414,2.742095,0.9885618621341584,3.1730510367630966
11313,COc1cc(-c2c(OC)c(OC)cc3cc(C(=O)O)[nH]c23)s:C:1c1c(OC)ncc2nsnc12,-5.126602,-2.637807,2.488795,0.7255805653659748,3.3445445539614784
11314,COc1cc2cc(-c3cc(OC):C(c4cc(OC(C)=O)cc5nsnc45):s3)n(C)c2cc1OC,-4.987326,-2.29612,2.691206,0.7523203988424767,3.1448325347307096
11315,COc1cc2cc[nH]c2c(C=Cc2scc3nc(S(=O)(=O)O)cnc23)c1OC,-5.330973,-3.099533,2.23144,0.9808593586834538,3.465818839696743
11316,COc1cc2cc[nH]c2c(N=Cc2c(S(=O)(=O)O)ncc3nonc23)c1OC,-5.733255,-3.795997,1.937257,0.8993738417166071,3.4967500957824296
11318,COc1cc2c(ccn2C)c(C=Cc2scc3nc(C=O)cnc23)c1OC,-4.946657,-2.671807,2.274849,0.9861560021921218,3.3166662215782807
11322,COc1cc2c(ccn2C)c(C=Cc2c(C#N)ccc3nsnc23)c1OC,-5.238086,-2.766806,2.471281,0.9822092200733378,3.1072134743255333
11323,COc1cc2cc(-c3cc(OC):C(c4c(NC(C)=O)ccc5nsnc45):s3)n(C)c2cc1OC,-5.022809,-2.224318,2.798491,0.658380816964357,3.0516767654999395
11324,COc1cc(-c2cccc3nsnc23)s:C:1c1c(OC)c(OC)cc2[nH]c(C(=O)O)cc12,-5.150518,-2.507236,2.643282,0.8368897475304193,2.999953458372268
11327,COc1cc2cc(C(=O)O)n(C)c2c(N=Cc2c(OC)ncc3nsnc23)c1OC,-5.093288,-2.896569,2.196719,0.8665060042280885,3.409222933837092
11328,COc1cc2cc(-c3cc(OC):C(c4c(OC)ccc5nccnc45):s3)n(C)c2cc1OC,-4.578052,-1.796295,2.781757,0.6292416087358317,2.8810919455617867
11330,COc1cc2ccn(C)c2c(C=Nc2cc(C)cc3nsnc23)c1OC,-5.256747,-2.224829,3.031918,0.8666570531761737,3.182229073663244
11332,COc1cc2[nH]ccc2c(C=Cc2occ3ncc(S)nc23)c1OC,-4.863287,-2.195393,2.667894,0.988773110199436,3.545816620792028
11335,COc1cc2cc[nH]c2:C(c2c(S(=O)(=O)O)ncc3nonc23):c1OC,-5.614067,-3.582955,2.031112,0.476500085106996,3.2523799636470114
11342,COc1cc2ccn(C)c2c(C=Cc2c(OC)ncc3nsnc23)c1OC,-4.872529,-2.684851,2.187678,0.937441608085251,3.2692620257740863
11346,CNc1ncc2nonc2c1C1:c(OC)c(OC)cc2[nH]ccc:12,-5.134893,-2.225569,2.909324,0.5294427664679865,3.013062235428146
11350,COc1cc(-c2c(OC)c(OC)cc3c2ccn3C)s:C:1c1scc2nc(O)cnc12,-4.591732,-1.902419,2.689313,0.8971999495347522,3.3689946126933066
11351,COc1cc2ccn(C)c2c(C#Cc2nc(C=O)cc3nsnc23)c1OC,-5.440466,-3.15276,2.287707,1.0,3.4516662215782814
11353,COc1cc2cc(C(=O)O)n(C)c2:C(c2cccc3nonc23):c1OC,-5.660306,-2.393935,3.266371,0.2589701556339565,2.782363736039004
11357,COc1cc(-c2c(OC)c(OC)cc3ccn(C)c23)s:C:1c1cccc2ncc(Br)nc12,-5.211932,-2.129407,3.082525,0.5293520208099989,3.0723840585413296
11361,COc1cc2cc(-c3cc(OC):C(c4cc(O)cc5nccnc45):s3)n(C)c2cc1OC,-4.803062,-1.893393,2.909669,0.9106630112556842,2.997728944424676
11366,COc1cc2ccn(C)c2c(C=Nc2cc(C=O)cc3c2SCS3)c1OC,-5.525651,-1.665832,3.859819,0.6335873974335879,3.6178650227770826
11368,COc1cc2cc(C(=O)O)[nH]c2:C(c2occ3nc(C=O)cnc23):c1OC,-5.496124,-3.039739,2.456385,0.9598747378129222,3.261726164267171
11369,COc1cc2ccn(C)c2c(C=Cc2occ3nc(C=O)cnc23)c1OC,-5.044491,-2.745592,2.298899,0.9523204794724364,3.4390824053944646
11373,COc1cc2[nH]ccc2:C(c2cc(S(=O)(=O)O)cc3nsnc23):c1OC,-5.338923,-2.689649,2.649274,0.4336610471443368,2.9156054641738827
11376,COc1cc(-c2c(OC)c(OC)cc3cc[nH]c23)s:C:1c1cccc2ncc(C(F)(F)F)nc12,-5.000069,-2.338549,2.661521,0.9100825800735266,3.078584457807633
11377,COc1cc2[nH]ccc2c(C#Cc2scc3ncc(O)nc23)c1OC,-4.974264,-2.122442,2.851822,1.0,3.461599313099719
11378,COc1cc2[nH]c(C(=O)O)cc2:C(c2cc(C(F)(F)F)cc3nonc23):c1OC,-5.777742,-2.672361,3.105381,0.6158665697996477,2.8852210753673795
11380,COc1cc(-c2c(OC)c(OC)cc3cc(C(=O)O)[nH]c23)s:C:1c1c(Br)ccc2nsnc12,-5.34893,-2.524724,2.824206,0.6574392106275125,3.218940300981246
11381,COc1cc2[nH]ccc2:C(c2nc(C(F)(F)F)cc3nsnc23):c1OC,-5.529259,-2.834431,2.694828,0.6467188165314548,3.080327276608024
11382,COc1cc2[nH]ccc2:C(c2c(C#N)ccc3nccnc23):c1OC,-5.448285,-2.359381,3.088904,0.1165746307756832,2.694139697715104
11383,COc1cc2c(ccn2C):C(c2c(OC)ncc3nsnc23):c1OC,-5.014861,-2.435825,2.579035,0.3163225793971772,2.97342263379311
11385,COc1cc2c:C(c3c(S)ccc4nonc34):n(C)c2cc1OC,-5.375807,-2.499953,2.875854,0.5453981096901456,2.902931220279612
11388,COc1cc(-c2c(OC)c(OC)cc3ccn(C)c23)s:C:1c1cc(S)cc2nccnc12,-5.203878,-1.981342,3.222535,0.5571904606196452,3.2881573467915413
11393,COc1cc2c(ccn2C):C(c2c(O)ncc3nonc23):c1OC,-5.136962,-2.558125,2.578837,0.4142581025296361,3.074448414849746
11394,COc1cc2ccn(C)c2:C(c2cccc3nonc23):c1OC,-5.290788,-2.307034,2.983754,0.2653269324145416,2.694779633113693
11396,COc1cc2c(ccn2C):C(c2c(S(=O)(=O)O)ccc3ccccc23):c1OC,-5.362333,-1.496431,3.865902,0.2805214531986939,2.4698424559052654
11398,COc1cc2[nH]ccc2:C(c2cc(C(F)(F)F)cc3nonc23):c1OC,-5.612186,-2.573225,3.03896,0.6265807475554962,2.8260891311917966
11402,COc1cc2cc(C(=O)O)n(C)c2:C(c2cccc3ncc(C(F)(F)F)nc23):c1OC,-5.546314,-2.426369,3.119945,0.2171796549116377,2.876613386860315
11405,COc1cc2cc(C(=O)O)n(C)c2:C(c2occ3ncc(S)nc23):c1OC,-5.531511,-2.201768,3.329743,0.3334409055211232,3.474565961838021
11407,COc1cc2[nH]c(C(=O)O)cc2:C(c2scc3nc(F)cnc23):c1OC,-5.627539,-2.283329,3.344209,0.6142459602587922,3.129900300844062
11409,COc1cc2c(cc(C(=O)O)n2C):C(c2scc3nc(Br)cnc23):c1OC,-5.622103,-2.442662,3.179441,0.6219571328845577,3.146052115684176
11411,COc1cc2c(ccn2C):C(c2c(C#N)ccc3ccccc23):c1OC,-5.400049,-1.539518,3.860531,0.3228882458699989,2.4318554769896465
11412,COc1cc2[nH]c(C(=O)O)cc2c(C=Cc2scc3ncc(NC(C)=O)nc23)c1OC,-5.021756,-2.272633,2.749122,0.9911584535586612,3.22193818636102
11413,COc1cc2ccn(C)c2c(C=Nc2nc(S(=O)(=O)O)cc3nsnc23)c1OC,-5.818127,-3.175858,2.642269,0.886625711677008,3.558454665110969
11419,COc1cc2c(ccn2C):C(c2c(NC(C)=O)ccc3nccnc23):c1OC,-5.249079,-1.651259,3.59782,0.2708324629373075,2.6357243898428
11422,COc1cc(-c2c(OC)c(OC)cc3[nH]ccc23)s:C:1c1cc(OC(C)=O)cc2nsnc12,-4.873011,-2.150281,2.72273,0.8988985356953921,3.182718623139528
11425,COc1cc(-c2c(OC)c(OC)cc3cc[nH]c23)s:C:1c1cccc2nc(C)cnc12,-4.865689,-1.846859,3.01883,0.9006996249096533,2.9480769101711086
11427,COc1cc2[nH]ccc2c(C=Nc2cc(S(=O)(=O)O)cc3nsnc23)c1OC,-5.423966,-2.739413,2.684554,0.9171202118100958,3.210562364526343
11429,COc1cc2c(ccn2C):C(c2occ3nc(C)cnc23):c1OC,-4.918885,-1.78212,3.136765,0.7553350289911033,3.007754749691376
11432,COc1cc2ccn(C)c2c(C=Nc2occ3nccnc23)c1OC,-5.055653,-2.33178,2.723873,0.9656260868892208,3.32686854386895
11436,COc1cc2c(ccn2C)c(C#Cc2cc(OC(C)=O)cc3nccnc23)c1OC,-5.006,-2.013101,2.992899,1.0,3.011108059887512
11444,COc1cc2c(ccn2C):C(c2c(S)ncc3nsnc23):c1OC,-5.362003,-2.566613,2.79539,0.3109797308468763,3.2163511297818737
11451,COc1cc2ccn(C)c2c(C=Nc2c(C=O)ccc3c2SCS3)c1OC,-5.524821,-1.754764,3.770058,0.636472273272293,3.5942348529469115
11453,COc1cc2[nH]ccc2c(C=Nc2c(NC(C)=O)ccc3nsnc23)c1OC,-5.22611,-2.283879,2.942231,0.9624814435047482,3.095395621585741
11454,COc1cnc2csc(C3:sc(-c4cc5cc(OC)c(OC)cc5n4C)cc:3OC)c2n1,-4.651522,-1.974922,2.676601,0.8588176195431068,3.162784227603036
11456,COc1cc(-c2c(OC)c(OC)cc3c2ccn3C)s:C:1c1c(S(=O)(=O)O)ncc2nsnc12,-5.228261,-3.091769,2.136492,0.784032555197244,3.437763602544474
11460,COc1cc2cc[nH]c2c(C=Nc2c(O)ccc3nsnc23)c1OC,-5.330919,-2.349855,2.981064,0.9667131171692332,3.1813281592535656
11464,CNc1cnc2csc(C3:c(OC)c(OC)cc4c:3ccn4C)c2n1,-4.849897,-1.651844,3.198053,0.6489287223745076,3.057287422525505
11466,COc1cc2[nH]ccc2c(C=Cc2occ3nc(F)cnc23)c1OC,-4.92941,-2.231999,2.69741,0.9893252295339132,3.36584931309972
11467,COc1cc2[nH]ccc2c(C=Nc2cc(O)cc3nsnc23)c1OC,-5.251131,-2.139733,3.111398,0.9268808280788736,3.2294185438689498
11474,COc1cc(-c2c(OC)c(OC)cc3cc[nH]c23)s:C:1c1occ2nc(C=O)cnc12,-4.958575,-2.661511,2.297064,0.9050730902440492,3.4438936776732705
11477,COc1cc2cc(-c3cc(OC):C(c4scc5nc(NC(C)=O)cnc45):s3)n(C)c2cc1OC,-4.532383,-2.106848,2.425535,0.895948096457952,3.189506573192247
11478,COc1cc2c(cc(C(=O)O)n2C):C(c2nc(F)cc3nonc23):c1OC,-5.903626,-2.91457,2.989056,0.6469960249695754,3.09647550029956
11480,COc1cc2[nH]c(C(=O)O)cc2c(C=Nc2c(Br)ncc3nonc23)c1OC,-5.799558,-3.097449,2.70211,0.9512302900409424,3.3445458114591577
11481,COc1cc2c(ccn2C):C(c2c(C)ncc3nsnc23):c1OC,-5.183131,-2.40525,2.777881,0.248421377736227,2.9379090483339088
11482,COc1cc2cc(C(=O)O)n(C)c2c(C=Nc2nc(C(F)(F)F)cc3nonc23)c1OC,-5.937559,-3.037099,2.90046,0.8824514270303281,3.460121182955377
11485,COc1cc2cc(C(=O)O)n(C)c2:C(c2c(S(=O)(=O)O)ccc3nonc23):c1OC,-5.924327,-3.060316,2.864011,0.2090858102286582,3.056326002719429
11487,COc1cc2cc(C(=O)O)n(C)c2c(C=Nc2occ3nccnc23)c1OC,-5.229843,-2.414359,2.815484,0.9512963756835188,3.3653238056168995
11490,COc1cc2cc(C3:sc(-c4scc5ncc(C#N)nc45)cc:3OC)n(C)c2cc1OC,-4.982066,-3.105219,1.876846,0.8697609253297132,3.2839700264196043
11492,COc1cc2[nH]c(C(=O)O)cc2c(C=Nc2c(C(F)(F)F)ncc3nsnc23)c1OC,-5.7592,-3.011415,2.747785,0.8921035624149256,3.3904418073591067
11494,COc1cnc2c(C=Cc3c(OC)c(OC)cc4[nH]ccc34)occ2n1,-4.729833,-1.876587,2.853245,0.9892732365109204,3.2394356433098146
11497,COc1cc2cc[nH]c2c(C=Cc2scc3sc(=S)sc23)c1OC,-5.26687,-2.214423,3.052447,0.9708241623299364,3.5212060481371754
11501,COc1cc2c(ccn2C)c(C=Nc2occ3nc(S)cnc23)c1OC,-4.967235,-2.209556,2.75768,0.999356853154647,3.645811402145574
11503,COc1cc2cc(-c3s:C(c4occ5ncc(C)nc45):cc3OC)n(C)c2cc1OC,-4.524175,-2.232734,2.291442,0.8573787711691089,3.1892023050009985
11509,CNc1cnc2c(C3:sc(-c4c(OC)c(OC)cc5cc[nH]c45)cc:3OC)scc2n1,-4.559592,-1.880477,2.679115,0.9048859955101584,3.3210347321244367
11512,COc1cc2cc[nH]c2c(N=Cc2c(F)ccc3nonc23)c1OC,-5.280211,-2.73235,2.547862,0.9862028579143298,3.128285851561258
11513,COc1cc2cc[nH]c2c(C=Cc2c(S)ccc3nsnc23)c1OC,-5.257324,-2.433475,2.823849,0.4924695278499205,3.289716620792028
11514,COc1cc2cc(-c3s:C(c4cccc5cc(C=O)ccc45):cc3OC)n(C)c2cc1OC,-4.897993,-2.059152,2.838842,0.6951431714462543,2.7562173138105592
11516,COc1cc2c(ccn2C)c(C=Cc2scc3nc(C(F)(F)F)cnc23)c1OC,-4.962304,-2.504826,2.457478,0.9837400912656348,3.281861502717806
11519,COc1cc2c(ccn2C)c(C=Cc2cc(O)cc3nccnc23)c1OC,-4.974218,-1.85443,3.119788,0.9632109656568856,2.9100316561437154
11522,COc1cc2c(ccn2C)c(C=Cc2c(F)ccc3nccnc23)c1OC,-4.891712,-1.94073,2.950982,0.9860428458849786,2.841223464335524
11523,COc1cc(-c2c(OC)c(OC)cc3cc[nH]c23)s:C:1c1c(OC(C)=O)ncc2nsnc12,-5.167119,-2.745573,2.421547,0.7306770099895672,3.3940536476894465
11525,CNc1cc2nsnc2c(C=Nc2c(OC)c(OC)cc3cc(C(=O)O)[nH]c23)n1,-5.424803,-2.701325,2.723477,0.9762390912277692,3.4888176419715062
11531,COc1cc2[nH]ccc2c(C=Cc2cc(O)cc3nonc23)c1OC,-5.24715,-2.266799,2.980351,0.9557773000329306,3.056764697715104
11532,COc1cc2c(ccn2C)c(N=Cc2c(F)ncc3nonc23)c1OC,-5.117951,-3.052476,2.065476,0.9209984106780488,3.338099343933515
11535,COc1cc2c(ccn2C)c(C=Nc2nccc3nonc23)c1OC,-5.382711,-2.553501,2.82921,0.947463120104732,3.119016620792028
11536,COc1cc2ccn(C)c2c(C=Cc2c(OC(C)=O)ncc3nonc23)c1OC,-5.361008,-2.932044,2.428964,0.8265282755533285,3.308913889626292
11537,COc1cc2c(cc(C(=O)O)n2C)c(C=Nc2c(Br)ncc3nonc23)c1OC,-5.722072,-3.066712,2.65536,0.9493108811704584,3.367782870239173
11540,COc1cc2c(ccn2C)c(C=Nc2nc(OC(C)=O)cc3nonc23)c1OC,-5.420917,-2.626914,2.794003,0.9517312531764222,3.374014452478073
11542,COc1cc2c(ccn2C)c(C#Cc2c(F)ccc3nsnc23)c1OC,-5.056959,-2.412725,2.644235,1.0,3.0365057888399605
11545,COc1cc2[nH]ccc2c(C=Cc2nc(OC(C)=O)cc3nonc23)c1OC,-5.361877,-2.678583,2.683294,0.9927799594620615,3.257139467739586
11553,COc1cc2c(ccn2C):C(c2scc3ncc(Br)nc23):c1OC,-5.338122,-2.26487,3.073252,0.5750011401391332,3.094792080008117
11554,COc1cnc2c(N=Cc3c(OC)c(OC)cc4cc[nH]c34)occ2n1,-5.056421,-2.195358,2.861063,0.9999348259039602,3.409577181771353
11557,COc1cc2[nH]ccc2c(C=Cc2c(OC(C)=O)ncc3nonc23)c1OC,-5.311529,-2.760124,2.551404,0.9595384885210584,3.235063506201125
11558,COc1cc2cc(C(=O)O)[nH]c2:C(c2scc3nc(C(F)(F)F)cnc23):c1OC,-5.544573,-2.788179,2.756394,0.969493071218016,3.1776933830596867
11579,COc1cc2c(ccn2C)c(C=Cc2scc3sc(=S)sc23)c1OC,-5.088811,-2.045287,3.043524,0.97871678116677,3.432555244844032
11581,COc1cc(-c2c(OC)c(OC)cc3cc[nH]c23)s:C:1c1occ2nc(O)cnc12,-4.734688,-1.997071,2.737617,0.9056064006088242,3.475545052416188
11584,CNc1cc(C2:c(OC)c(OC)cc3[nH]ccc:23)c2nsnc2c1,-5.259766,-1.69679,3.562976,0.4669382064748802,2.903318422719116
11588,COc1cc2c(cc(C(=O)O)n2C)c(C=Cc2scc3nc(O)cnc23)c1OC,-5.003964,-2.242924,2.76104,0.9837088561392976,3.3911777420340457
11589,COc1cc2cc(C(=O)O)n(C)c2c(C=Cc2occ3nc(S(=O)(=O)O)cnc23)c1OC,-5.495401,-3.091659,2.403742,0.9403030169619476,3.55488394519314
11597,COc1cc(-c2c(OC)c(OC)cc3[nH]ccc23)s:C:1c1cccc2ccc(C#N)cc12,-5.115168,-1.67425,3.440918,0.7111986847371641,2.793457060121689
11601,COc1cc2cc[nH]c2c(C=Cc2scc3ncc(C(F)(F)F)nc23)c1OC,-5.094328,-2.710954,2.383374,0.9901094011905982,3.3341103684211824
11602,COc1cc(-c2c(OC)c(OC)cc3c2cc(C(=O)O)n3C)s:C:1c1c(NC(C)=O)ncc2nsnc12,-5.39232,-2.580087,2.812233,0.7520806241848397,3.360860872924402
11603,COc1cc2cc(C(=O)O)n(C)c2c(C=Nc2c(O)ccc3nsnc23)c1OC,-5.443683,-2.397694,3.045989,0.9017994734790696,3.236384579640884
11609,COc1cc2cc[nH]c2:C(c2c(C=O)ccc3nccnc23):c1OC,-5.402489,-2.410691,2.991799,0.4633382206699461,2.8231243130997203
11610,CNc1cnc2coc(C3:c(OC)c(OC)cc4cc[nH]c:34)c2n1,-4.730764,-1.941697,2.789067,0.9198216357213654,3.1779578876020587
11611,COc1cc2c(cc(C(=O)O)n2C)c(C=Cc2occ3ncc(OC(C)=O)nc23)c1OC,-5.046929,-2.29236,2.754569,0.9869005742507396,3.373058717331114
11612,COc1cc2ccn(C)c2c(C#Cc2occ3ncc(NC(C)=O)nc23)c1OC,-4.935387,-2.192291,2.743096,1.0,3.385250099757624
11617,COc1cc2cc(C(=O)O)[nH]c2c(C=Cc2scc3nc(C(F)(F)F)cnc23)c1OC,-5.302563,-2.71723,2.585333,0.9855003932390164,3.369055939738355
11621,COc1cc2c(cc(C(=O)O)n2C)c(C=Cc2occ3nc(NC(C)=O)cnc23)c1OC,-4.956895,-2.207931,2.748964,0.9895263574332268,3.292825700909333
11623,COc1cc2c(cc(C(=O)O)n2C):C(c2cccc3nc(S(=O)(=O)O)cnc23):c1OC,-5.696297,-2.722815,2.973482,0.3551318305189132,2.9185737488512657
11627,COc1cc2[nH]c(C(=O)O)cc2:C(c2c(S)ccc3nsnc23):c1OC,-5.67799,-2.264483,3.413507,0.0564469159715899,2.9858471923087624
11629,COc1cc2[nH]c(C(=O)O)cc2c(C#Cc2cc(C)cc3nonc23)c1OC,-5.526038,-2.444726,3.081313,1.0,3.089194691692848
11633,COc1cc(-c2c(OC)c(OC)cc3ccn(C)c23)s:C:1c1scc2ncc(F)nc12,-4.994169,-2.209327,2.784842,0.6006198827847258,3.381109997308691
11636,COc1cc2c(ccn2C):C(c2scc3nc(O)cnc23):c1OC,-5.155625,-1.847651,3.307974,0.5602224617577676,3.176337781365584
11637,COc1cc2ccn(C)c2c(C=Cc2cc(C=O)cc3c2SCS3)c1OC,-5.193583,-1.746404,3.447179,0.8507689943568051,3.508688998801058
11638,COc1cc2cc(C(=O)O)[nH]c2c(C=Cc2scc3ncc(C(F)(F)F)nc23)c1OC,-5.311139,-2.800926,2.510213,0.9887944857283004,3.356620161563041
11642,COc1cc2c(cc(C(=O)O)n2C)c(C#Cc2cc(C#N)cc3nsnc23)c1OC,-5.606976,-3.002364,2.604612,1.0,3.259671285485444
11646,COc1cc2[nH]ccc2:C(c2c(F)ccc3nonc23):c1OC,-5.497243,-2.29059,3.206653,0.4290660471055444,2.6913621505962126
11652,COc1cc2c(cc(C(=O)O)n2C):C(c2nc(S)cc3nsnc23):c1OC,-5.733303,-2.735045,2.998257,0.5313623653676648,3.3129481156841747
11654,COc1cc(-c2c(OC)c(OC)cc3cc(C(=O)O)[nH]c23)s:C:1c1nc(OC(C)=O)cc2nonc12,-5.557176,-2.693741,2.863435,0.8994021619560111,3.4226748550840185
11655,COc1cc(-c2c(OC)c(OC)cc3c2ccn3C)s:C:1c1c(S(=O)(=O)O)ncc2nonc12,-5.360507,-3.156608,2.2039,0.8014694995183298,3.4209164770384017
11659,COc1cc2ccn(C)c2c(C#Cc2nc(NC(C)=O)cc3nsnc23)c1OC,-5.32105,-2.712881,2.608169,1.0,3.2973523511647524
11663,COc1cc2[nH]ccc2c(C=Nc2cccc3ncc(NC(C)=O)nc23)c1OC,-5.224422,-1.748194,3.476228,0.869605684301372,2.928008943764043
11669,COc1cc2c(ccn2C):C(c2cc(S(=O)(=O)O)cc3nonc23):c1OC,-5.394252,-2.725632,2.66862,0.5180086861106684,2.883599192607252
11672,COc1cc2[nH]ccc2c(C#Cc2cc(NC(C)=O)cc3nccnc23)c1OC,-4.98421,-1.937532,3.046678,1.0,2.931700695385916
11673,COc1cc(-c2c(OC)c(OC)cc3[nH]ccc23)s:C:1c1cc(S)cc2nonc12,-5.064612,-2.212739,2.851873,0.8974226745254781,3.319325016638012
11677,COc1cc2ccn(C)c2:C(c2c(OC)ccc3nsnc23):c1OC,-5.13727,-2.239703,2.897567,0.0896608003030102,2.820291972904704
11678,COc1cc(-c2c(OC)c(OC)cc3c2ccn3C)s:C:1c1c(C)ccc2nccnc12,-4.875308,-1.66794,3.207369,0.6791787607143037,2.952289214923409
11683,CNc1cnc2c(C3:c(OC)c(OC)cc4cc[nH]c:34)scc2n1,-4.810665,-2.004733,2.805933,0.9312971175575144,3.1142093926187817
11689,COc1cc(-c2c(OC)c(OC)cc3cc(C(=O)O)n(C)c23)s:C:1c1cc(S(=O)(=O)O)cc2nccnc12,-5.591091,-2.469575,3.121517,0.5149385068004464,3.255662999853856
11691,COc1cc(-c2scc3ncc(C#N)nc23)s:C:1c1c(OC)c(OC)cc2cc(C(=O)O)[nH]c12,-5.273501,-3.13201,2.141491,0.908959024702496,3.4288676308845547
11693,COc1cc2c(ccn2C)c(C2:c(C#N)ccc3nsnc:23)c1OC,-5.443557,-2.66598,2.777577,0.3735107714953163,2.869830001073717
11697,COc1cc2cc[nH]c2c(C=Cc2occ3nc(C(F)(F)F)cnc23)c1OC,-5.266426,-2.679097,2.587329,0.9631981518251144,3.3986246819557504
11701,COc1cc2c(ccn2C)c(N=Cc2cc(NC(C)=O)cc3nsnc23)c1OC,-5.034479,-2.369449,2.66503,0.8798066350962995,3.1482782423467413
11703,COc1cc2c(ccn2C)c(C=Nc2cc(O)cc3nccnc23)c1OC,-5.281915,-1.753271,3.528644,0.8516135886956342,3.051733554245613
11706,COc1cc(-c2scc3ncc(C#N)nc23)s:C:1c1c(OC)c(OC)cc2cc(C(=O)O)[nH]c12,-5.273506,-3.131987,2.141519,0.9089473544954536,3.4288676308845547
11709,COc1cc2c(cc(C(=O)O)n2C)c(C=Cc2cccc3ncc(Br)nc23)c1OC,-5.32839,-2.269258,3.059132,0.9469809189632904,2.9365811755953324
11711,COc1cnc2c(C3:sc(-c4c(OC)c(OC)cc5cc[nH]c45)cc:3OC)occ2n1,-4.683652,-1.894319,2.789333,0.904898951610797,3.3356043086153626
11714,COc1cc(-c2cccc3nsnc23)s:C:1c1c(OC)c(OC)cc2c1ccn2C,-4.920585,-2.38316,2.537425,0.7858416213957027,2.9609221543839865
11715,COc1cc2cc[nH]c2c(N=Cc2c(S(=O)(=O)O)ncc3nsnc23)c1OC,-5.575154,-3.636711,1.938443,0.8788623313811282,3.5323189370677266
11717,COc1cc2cc(-c3s:C(c4scc5ncc(O)nc45):cc3OC)n(C)c2cc1OC,-4.728612,-2.36895,2.359662,0.8527366255217323,3.318124158147852
11718,COc1cc2c(ccn2C)c(C=Cc2cc(C)cc3nonc23)c1OC,-5.086621,-2.220623,2.865998,0.9860681894099146,2.961497057031228
11720,COc1cc2c(cc(C(=O)O)n2C)c(C=Cc2cc(C)cc3nonc23)c1OC,-5.410245,-2.361614,3.048631,0.9447928100750678,3.027796545452849
11722,COc1cc(-c2c(OC)c(OC)cc3cc[nH]c23)s:C:1c1occ2nc(NC(C)=O)cnc12,-4.693264,-2.038106,2.655158,0.9063743024091384,3.3406295887696418
11723,COc1cc2c(ccn2C)c(C=Cc2occ3nc(C(F)(F)F)cnc23)c1OC,-5.029563,-2.49805,2.531514,0.9910166742474624,3.331579451435756
11725,COc1cc(-c2c(OC)c(OC)cc3cc[nH]c23)s:C:1c1c(O)ccc2nsnc12,-5.061404,-2.105887,2.955517,0.8097289457201435,3.1443772527739693
11726,CNc1ccc2nonc2c1N=Cc1c(OC)c(OC)cc2c1ccn2C,-4.801915,-2.00784,2.794075,0.9814988923998668,3.130732155644215
11729,CNc1cnc2c(C3:cc4cc(OC)c(OC)cc4n:3C)occ2n1,-4.434078,-1.741272,2.692806,0.9999523817214836,3.0208193835222543
11730,CNc1ncc2nsnc2c1C1:cc2cc(OC)c(OC)cc2n:1C,-5.186052,-2.528054,2.657998,0.4673151273927635,3.002768679296903
11732,COc1cc2[nH]ccc2c(N=Cc2c(F)ncc3nonc23)c1OC,-5.178281,-3.073028,2.105254,0.9125497940278472,3.3594512361766427
11735,COc1cc(-c2c(OC)c(OC)cc3[nH]c(C(=O)O)cc23)s:C:1c1c(NC(C)=O)ccc2nonc12,-5.446216,-2.226512,3.219705,0.6616172262847517,3.1447852892043544
11736,COc1cc2cc(C(=O)O)n(C)c2c(C=Nc2scc3nc(O)cnc23)c1OC,-5.273541,-2.354867,2.918674,0.913473858285644,3.507463212119517
11738,COc1cc2c(ccn2C):C(c2c(OC)ccc3nccnc23):c1OC,-5.077128,-1.619353,3.457775,0.1426292208401015,2.559187701521873
11741,COc1cc2[nH]c(C(=O)O)cc2c(C=Nc2c(C=O)ccc3nsnc23)c1OC,-5.800004,-2.744839,3.055165,0.8758948614641836,3.2292866851234763
11743,COc1cc2[nH]ccc2c(C=Cc2nc(OC(C)=O)cc3nsnc23)c1OC,-5.208025,-2.585289,2.622737,0.99177310173594,3.301679083124201
11745,COc1cc2cc(C(=O)O)[nH]c2:C(c2c(C=O)ccc3nonc23):c1OC,-5.949135,-2.979541,2.969594,0.5756815084815167,3.0024314274250656
11747,COc1cc2nsnc2c(C2:c(OC)c(OC)cc3ccn(C)c:23)n1,-5.339098,-2.592299,2.746799,0.3852581444422713,3.0878679209003703
11748,COc1cc(-c2c(OC)c(OC)cc3cc(C(=O)O)n(C)c23)s:C:1c1occ2nc(C=O)cnc12,-5.166255,-2.658425,2.50783,0.5766724489906544,3.5208489136527508
11753,COc1cc2c(ccn2C):C(c2c(C(F)(F)F)ncc3nsnc23):c1OC,-5.424461,-2.861786,2.562675,0.3093445576714653,3.0787025772226366
11761,COc1cc2c(cc(C(=O)O)n2C)c(C=Nc2c(C=O)ccc3nccnc23)c1OC,-5.680585,-2.369519,3.311066,0.8272719038507774,3.1266098043981527
11762,COc1cc2c(cc(C(=O)O)n2C):C(c2occ3ncc(S(=O)(=O)O)nc23):c1OC,-5.844881,-3.047378,2.797503,0.876627993605092,3.3282796612560137
11763,COc1cc2c(cc(C(=O)O)n2C):C(c2c(Br)ccc3nccnc23):c1OC,-5.605806,-2.082456,3.52335,0.1961702706240421,2.734644822769172
11771,COc1cc2ccn(C)c2:C(c2cccc3ncc(C(F)(F)F)nc23):c1OC,-5.168061,-2.34653,2.821531,0.207595886931202,2.7798205624141428
11774,COc1cc2[nH]c(C(=O)O)cc2:C(c2c(OC)ncc3nsnc23):c1OC,-5.639807,-2.638317,3.00149,0.3244819297503177,2.9946775812712207
11782,COc1cc2[nH]c(C(=O)O)cc2c(C=Nc2nc(S(=O)(=O)O)cc3nsnc23)c1OC,-6.059787,-3.2474,2.812388,0.8883410498340801,3.504265242063936
11784,COc1cnc2coc(C=Cc3c(OC)c(OC)cc4c3ccn4C)c2n1,-4.646067,-1.830698,2.815369,0.9857859676002554,3.2320302575423163
11791,COc1cc2ccn(C)c2:C(c2cccc3nc(S)cnc23):c1OC,-5.134674,-1.97025,3.164424,0.1351303891035992,2.9949017237172715
11792,COc1cc(-c2c(OC)c(OC)cc3c2ccn3C)s:C:1c1cc(C(F)(F)F)cc2nccnc12,-4.972616,-2.13828,2.834336,0.8949874961944307,3.0842655541551043
11794,COc1cc2cc[nH]c2:C(c2c(O)ncc3nonc23):c1OC,-5.193541,-2.75406,2.439481,0.6058097527237811,3.1856761366101978
11798,COc1cc2ccn(C)c2c(C=Cc2c(S)ccc3nonc23)c1OC,-5.293586,-2.409251,2.884335,0.6517643853667611,3.2561207576549283
11799,COc1cc2[nH]ccc2c(C#Cc2c(OC)ncc3nsnc23)c1OC,-4.988544,-2.635923,2.352622,1.0,3.235590104848277
11800,COc1cc2[nH]ccc2c(C=Cc2occ3ncc(S(=O)(=O)O)nc23)c1OC,-5.286416,-2.916863,2.369554,0.9833143571128248,3.4650897257726925
11805,COc1cc2cc(C(=O)O)[nH]c2:C(c2cccc3ncc(C(F)(F)F)nc23):c1OC,-5.616241,-2.572998,3.043243,0.6788084142777483,2.8162527167048275
11806,COc1cc(-c2c(OC)c(OC)cc3c2ccn3C)s:C:1c1occ2ncc(NC(C)=O)nc12,-4.594222,-1.909998,2.684224,0.9062877409017596,3.3093724385768635
11811,COc1cc(-c2c(OC)c(OC)cc3[nH]ccc23)s:C:1c1occ2nc(Br)cnc12,-4.800781,-2.206275,2.594507,0.897961341211165,3.363959542577189
11815,CNc1ncc2nonc2c1C=Cc1c(OC)c(OC)cc2ccn(C)c12,-4.882629,-2.541245,2.341385,0.9161936410691895,3.274789698101758
11816,COc1cc(-c2c(OC)c(OC)cc3ccn(C)c23)s:C:1c1cc(C(F)(F)F)cc2nonc12,-5.472344,-2.617834,2.85451,0.5844321644376508,3.2323712138805067
11817,COc1cc2ccn(C)c2:C(c2cc(C=O)cc3c2SCS3):c1OC,-5.360447,-1.719266,3.64118,0.1992175221177209,3.378990131084551
11818,COc1cc2cc(C(=O)O)n(C)c2:C(c2cccc3nc(Br)cnc23):c1OC,-5.556629,-2.277531,3.279099,0.0291501136437837,2.877093343479231
11822,COc1cc2[nH]ccc2c(C#Cc2c(C=O)ncc3nonc23)c1OC,-5.415617,-3.194564,2.221053,1.0,3.3771439510021217
11823,COc1cc2cc(C(=O)O)n(C)c2c(C=Nc2scc3nc(C=O)cnc23)c1OC,-5.493875,-2.876155,2.61772,0.9240708538901914,3.469616889881048
11824,COc1cc(-c2c(OC)c(OC)cc3[nH]c(C(=O)O)cc23)s:C:1c1scc2ncc(C(F)(F)F)nc12,-5.205549,-2.473193,2.732356,0.7615987700563976,3.350287724847917
11825,COc1cc2ccn(C)c2:C(c2cc(O)cc3nonc23):c1OC,-5.376524,-2.210973,3.165551,0.3785032151731271,2.958431899012643
11827,COc1cnc2c(C3:sc(-c4c(OC)c(OC)cc5ccn(C)c45)cc:3OC)occ2n1,-4.789171,-1.800339,2.988832,0.5526111414178076,3.356005022193063
11835,COc1cc2c(ccn2C)c(C#Cc2occ3nc(OC(C)=O)cnc23)c1OC,-5.023887,-2.246481,2.777407,1.0,3.416010512515597
11837,COc1cc2ccn(C)c2:C(c2cccc3nc(C(F)(F)F)cnc23):c1OC,-5.236981,-2.328116,2.908865,0.0076235255612061,2.8102075446626635
11844,COc1cc(N=Cc2c(OC)c(OC)cc3c2cc(C(=O)O)n3C)c2nonc2c1,-5.53133,-2.455338,3.075992,0.9896133738594894,3.115953153617312
11850,COc1cc2ccn(C)c2c(C=Nc2cc(F)cc3nsnc23)c1OC,-5.404674,-2.395038,3.009635,0.8403871630387647,3.22776420879838
11851,COc1cc2cc(C(=O)O)[nH]c2:C(c2cc(S(=O)(=O)O)cc3nccnc23):c1OC,-5.722646,-2.648822,3.073824,0.6097101944837907,2.881770047566736
11854,COc1cc2cc[nH]c2:C(c2c(O)ccc3nonc23):c1OC,-5.466976,-2.243427,3.223549,0.7406377417990561,2.861764248498309
11855,COc1cc2ccn(C)c2:C(c2c(OC)ncc3nsnc23):c1OC,-5.081576,-2.617498,2.464078,0.2337315355751645,3.091485472362992
11856,COc1cc(-c2c(OC)c(OC)cc3c2ccn3C)s:C:1c1occ2nc(C(F)(F)F)cnc12,-4.857858,-2.276788,2.58107,0.897670130635494,3.385881335337997
11857,COc1cc2cc[nH]c2c(C=Cc2c(OC(C)=O)ncc3nonc23)c1OC,-5.466865,-2.924953,2.541912,0.957176109807486,3.3066879292780484
11859,COc1cc(-c2c(OC)c(OC)cc3c2cc(C(=O)O)n3C)s:C:1c1occ2nc(F)cnc12,-4.894541,-2.150443,2.744098,0.889415742987002,3.4330588252165395
11860,COc1cc2ccn(C)c2c(C=Cc2c(OC(C)=O)ccc3nsnc23)c1OC,-5.170427,-2.440513,2.729914,0.8019279135317998,3.092064546286704
11862,COc1cc2c(ccn2C)c(C=Cc2nc(OC(C)=O)cc3nonc23)c1OC,-5.297069,-2.659992,2.637077,0.9930054493992312,3.2646112629846407
11863,COc1cc2c(ccn2C):C(c2c(S)ccc3nccnc23):c1OC,-5.156122,-1.738529,3.417593,0.0442411258060985,2.805279621875449
11864,COc1cc2c(cc(C(=O)O)n2C):C(c2cccc3ncc(F)nc23):c1OC,-5.483808,-1.99393,3.489878,0.3635659012157426,2.754455473656746
11868,COc1cc2cc(C(=O)O)n(C)c2c(C#Cc2scc3nccnc23)c1OC,-5.184113,-2.478223,2.70589,1.0,3.297276093835009
11872,COc1cc2c(cc(C(=O)O)n2C)c(C=Cc2occ3nc(C=O)cnc23)c1OC,-5.209357,-2.791537,2.41782,0.9886263675717072,3.405426779990938
11874,COc1cc2cc[nH]c2:C(c2occ3nccnc23):c1OC,-5.043172,-2.374478,2.668695,0.9625802960963568,3.020811337955987
11877,COc1cc2[nH]c(C(=O)O)cc2:C(c2cccc3nonc23):c1OC,-5.63812,-2.3026,3.33552,0.6135969987793537,2.6331348764800016
11878,COc1cc2[nH]c(C(=O)O)cc2c(C=Cc2c(O)ncc3nonc23)c1OC,-5.29224,-2.838737,2.453503,0.986074342851565,3.280131400553608
11880,COc1cc(-c2c(OC)c(OC)cc3cc[nH]c23)s:C:1c1c(S)ncc2nsnc12,-5.142528,-2.700656,2.441872,0.6954774668902316,3.493395320752504
11884,COc1cc2ccn(C)c2c(C=Nc2nc(C)cc3nonc23)c1OC,-5.536258,-2.587392,2.948865,0.8935743864255188,3.3044513189854907
11887,COc1cc2cc(C(=O)O)[nH]c2:C(c2c(OC(C)=O)ncc3nsnc23):c1OC,-5.58121,-2.91958,2.66163,0.3633782289160948,3.1956700497263544
11892,COc1cc(-c2c(OC)c(OC)cc3c2cc(C(=O)O)n3C)s:C:1c1occ2nc(C(F)(F)F)cnc12,-5.009122,-2.447178,2.561945,0.8969792833772425,3.4430277138504666
11896,COc1cc(-c2scc3ncc(C#N)nc23)s:C:1c1c(OC)c(OC)cc2[nH]ccc12,-5.003096,-2.905878,2.097219,0.8394478551521207,3.335417618900582
11897,COc1cnc2coc(C=Cc3c(OC)c(OC)cc4[nH]ccc34)c2n1,-4.677401,-1.843153,2.834248,0.9856675461865556,3.2273507202328915
11898,COc1cc(-c2scc3ncc(C#N)nc23)s:C:1c1c(OC)c(OC)cc2[nH]ccc12,-5.113035,-2.969732,2.143303,0.7917992879111956,3.335417618900582
11901,COc1cc(-c2c(OC)c(OC)cc3cc[nH]c23)s:C:1c1cccc2ncc(Br)nc12,-4.998062,-2.200332,2.79773,0.900962388004837,3.0456098401624674
11902,COc1cc2c:C(c3nc(S)cc4nonc34):n(C)c2cc1OC,-5.3327,-2.69279,2.639909,0.9921299734941732,3.151701808514906
11903,COc1cc2cc[nH]c2c(C=Cc2cccc3nc(C(F)(F)F)cnc23)c1OC,-5.342908,-2.512349,2.830559,0.9537918674621126,2.955127773303589
11907,CNc1ncc2nsnc2c1C=Nc1c(OC)c(OC)cc2c1ccn2C,-4.87257,-2.427804,2.444766,0.8880838735932238,3.36077790988997
11908,COc1cc2cc(C(=O)O)[nH]c2c(C=Cc2occ3nc(Br)cnc23)c1OC,-5.32148,-2.615237,2.706243,0.983374743072958,3.432973659560424
11909,COc1cc2cc(-c3s:C(c4cc(C#N)cc5ccccc45):cc3OC)n(C)c2cc1OC,-4.94324,-1.996825,2.946415,0.69435696438834,2.765921405463587
11910,COc1cc2nonc2c(C2:sc(-c3c(OC)c(OC)cc4[nH]ccc34)cc:2OC)n1,-5.14325,-2.329217,2.814032,0.8931084361029609,3.219814680266184
11913,COc1cc(-c2c(OC)c(OC)cc3cc[nH]c23)s:C:1c1scc2ncc(O)nc12,-4.751171,-2.043239,2.707932,0.8972262482628619,3.418832172273075
11914,COc1cc2cc(-c3cc(OC):C(c4occ5nc(F)cnc45):s3)n(C)c2cc1OC,-4.903249,-2.237137,2.666112,0.9085609093898668,3.320679402903097
11915,COc1cc(-c2c(OC)c(OC)cc3cc(C(=O)O)[nH]c23)s:C:1c1cccc2nc(Br)cnc12,-5.170323,-2.204704,2.965619,0.9040345591736364,3.1315402270384016
11916,COc1cc2cc[nH]c2c(N=Cc2cc(C=O)cc3nccnc23)c1OC,-5.250421,-2.688628,2.561793,0.9415542829148656,3.138856731068791
11919,COc1cc2c(ccn2C)c(C=Cc2occ3nc(OC(C)=O)cnc23)c1OC,-4.806767,-2.113968,2.692799,0.988621578315156,3.3348095744292934
11922,COc1cc2cc[nH]c2c(C=Nc2cccc3ncc(S)nc23)c1OC,-5.420251,-1.983015,3.437237,0.8370041372658672,3.264873797155968
11923,COc1cc(-c2c(OC)c(OC)cc3cc[nH]c23)s:C:1c1cccc2nc(C(F)(F)F)cnc12,-5.062364,-2.328577,2.733787,0.9009194491923744,3.1032738808845544
11928,COc1cc2c(ccn2C)c(C=Nc2c(S(=O)(=O)O)ccc3nonc23)c1OC,-5.886974,-3.076058,2.810916,0.9881815708539397,3.148970904427208
11932,COc1cc2[nH]ccc2c(C=Cc2cc(C=O)cc3c2SCS3)c1OC,-5.111909,-1.619424,3.492485,0.9429441221697494,3.439401797155968
11934,COc1cc2ccn(C)c2c(C=Cc2cccc3nc(C)cnc23)c1OC,-4.995705,-1.91407,3.081635,0.8262363015983616,2.804435851947911
11939,COc1cc2ccn(C)c2:C(c2occ3nc(C)cnc23):c1OC,-5.164334,-1.913742,3.250592,0.3948395651373953,3.08872013430676
11946,COc1cc2c:C(c3occ4nc(S)cnc34):n(C)c2cc1OC,-4.891122,-2.235233,2.655889,0.9997948321021576,3.2924316727682985
11956,COc1cc2cc[nH]c2c(C=Nc2occ3ncc(Br)nc23)c1OC,-5.287886,-2.607301,2.680585,0.999956281723802,3.516408928484335
11959,COc1cc(-c2c(OC)c(OC)cc3c2cc(C(=O)O)n3C)s:C:1c1occ2nc(C=O)cnc12,-4.965004,-2.634319,2.330684,0.9402723794262662,3.4501388665569888
11961,COc1cc(-c2c(OC)c(OC)cc3cc(C(=O)O)[nH]c23)s:C:1c1occ2nc(S)cnc12,-4.93224,-2.226697,2.705543,0.8965063861628788,3.6077462563162346
11963,COc1cc2cc[nH]c2:C(c2cccc3ccc(C=O)cc23):c1OC,-5.425056,-1.736908,3.688148,0.4196447165855541,2.487953159253566
11964,COc1cc2cc[nH]c2c(C=Nc2occ3ncc(Br)nc23)c1OC,-5.287903,-2.607302,2.680602,0.9999562339782386,3.516408928484335
11966,COc1cc(-c2c(OC)c(OC)cc3ccn(C)c23)s:C:1c1c(C=O)ccc2nsnc12,-5.323166,-2.648642,2.674524,0.5171224166592716,3.2564816071465703
11977,COc1cc2[nH]c(C(=O)O)cc2c(C#Cc2c(Br)ccc3nonc23)c1OC,-5.610905,-2.74916,2.861745,1.0,3.124300826064805
11979,CNc1cc2nsnc2c(C2:c(OC)c(OC)cc3[nH]ccc:23)n1,-5.27697,-2.11352,3.16345,0.5420495330599014,3.042241499642193
11981,COc1cc2[nH]c(C(=O)O)cc2c(C#Cc2c(Br)ccc3nonc23)c1OC,-5.610932,-2.74916,2.861771,1.0,3.124300826064805
11982,COc1cc2ccn(C)c2c(C=Nc2cccc3nc(S)cnc23)c1OC,-5.366474,-1.953673,3.412801,0.7266676199793308,3.27693675104881
11989,COc1cc(-c2c(OC)c(OC)cc3[nH]ccc23)s:C:1c1cc(C#N)cc2ccccc12,-5.116558,-1.64939,3.467169,0.7140653941190489,2.8160548862086454
11990,COc1cc2ccn(C)c2c(C=Cc2occ3nc(NC(C)=O)cnc23)c1OC,-4.801414,-2.100587,2.700828,0.9489155626456092,3.302514264860813
11992,COc1cc2cc(C(=O)O)[nH]c2c(C=Nc2nc(F)cc3nonc23)c1OC,-6.010955,-3.124347,2.886607,0.9838931126211624,3.428541137651953
11995,COc1cc2[nH]c(C(=O)O)cc2c(C=Nc2nc(Br)cc3nonc23)c1OC,-5.932816,-3.027856,2.90496,0.9465751527700308,3.3785985865321857
11996,COc1cc2nsnc2c(C2:c(OC)c(OC)cc3cc[nH]c:23)n1,-5.468367,-2.59466,2.873707,0.7469189167602288,3.0707545431204526
11997,COc1cc2cc(C(=O)O)[nH]c2c(C=Cc2nc(S(=O)(=O)O)cc3nonc23)c1OC,-6.046272,-3.41799,2.628281,0.9769822001224976,3.435106923638175
11999,COc1cc(-c2c(OC)c(OC)cc3ccn(C)c23)s:C:1c1scc2nc(C(F)(F)F)cnc12,-5.186474,-2.499969,2.686505,0.6040002794197367,3.3883401207630985
12004,COc1cc2c(cc(C(=O)O)n2C):C(c2occ3ncc(S)nc23):c1OC,-5.283433,-2.15403,3.129403,0.7635108973140964,3.3821715002995605
12005,COc1cc2nsnc2c(N=Cc2c(OC)c(OC)cc3[nH]c(C(=O)O)cc23)n1,-5.616742,-2.658279,2.958463,0.9540149070649506,3.339976553791394
12015,COc1cc2c(cc(C(=O)O)n2C):C(c2nc(NC(C)=O)cc3nonc23):c1OC,-5.725425,-2.581614,3.143811,0.6542213532561236,3.018585061468497
12022,COc1cc2cc(C(=O)O)n(C)c2:C(c2scc3ncc(S(=O)(=O)O)nc23):c1OC,-5.935134,-3.035395,2.89974,0.2193334143445035,3.363242888272901
12025,COc1cc2cc(C(=O)O)n(C)c2c(C=Nc2occ3nc(C#N)cnc23)c1OC,-5.544549,-2.98004,2.564509,0.9558861347070648,3.564669087683246
12026,COc1cc2c(ccn2C)c(C=Nc2cc(F)cc3nsnc23)c1OC,-5.25115,-2.294948,2.956202,0.922963677401087,3.154806204640374
12027,COc1cc2cc(C(=O)O)n(C)c2:C(c2nc(OC(C)=O)cc3nsnc23):c1OC,-5.525205,-2.788324,2.736881,0.2923952840909453,3.252811938206216
12028,COc1cc2c(ccn2C):C(c2c(S(=O)(=O)O)ncc3nonc23):c1OC,-5.560513,-3.356486,2.204026,0.3577728827023652,3.1556650387610983
12033,COc1cc2cc[nH]c2c(C=Nc2scc3nc(F)cnc23)c1OC,-5.311989,-2.545702,2.766287,0.9888230049807818,3.435947390022797
12034,COc1cc2c(cc(C(=O)O)n2C):C(c2cc(NC(C)=O)cc3nsnc23):c1OC,-5.5269,-2.142372,3.384528,0.5709229385105034,2.891003597149682
12037,COc1cc2cc[nH]c2:C(c2occ3ncc(C(F)(F)F)nc23):c1OC,-5.375392,-2.587733,2.787658,0.8832455237803837,3.192135917282417
12038,COc1cc(-c2c(OC)c(OC)cc3c2cc(C(=O)O)n3C)s:C:1c1occ2nc(C=O)cnc12,-4.976283,-2.600022,2.376261,0.9353916417611184,3.4501388665569888
12039,CNc1cnc2csc(C3:sc(-c4c(OC)c(OC)cc5[nH]ccc45)cc:3OC)c2n1,-4.313948,-1.691085,2.622862,0.8940596891115812,3.26545253679168
12042,COc1cc(C=Cc2c(OC)c(OC)cc3cc[nH]c23)c2nccnc2c1,-5.09683,-1.927608,3.169222,0.9344314274677998,2.853563831660507
12043,COc1cc2c(cc(C(=O)O)n2C):C(c2scc3ncc(S)nc23):c1OC,-5.474543,-2.205072,3.269472,0.6208020961768447,3.3280035002995607
12045,COc1cc2cc(C(=O)O)n(C)c2c(C#Cc2scc3ncc(C(F)(F)F)nc23)c1OC,-5.416423,-2.836159,2.580263,1.0,3.455451252885447
12048,COc1cc2c(ccn2C)c(C=Nc2scc3nc(S)cnc23)c1OC,-5.092757,-2.327402,2.765356,0.9933586462264994,3.54157418800836
12051,CNc1ncc2nonc2c1C=Cc1c(OC)c(OC)cc2[nH]c(C(=O)O)cc12,-5.294336,-2.306827,2.98751,0.5099796459901043,3.2275778671122204
12054,COc1cc2ccn(C)c2c(C=Nc2c(S)ncc3nsnc23)c1OC,-5.390272,-2.767683,2.622589,0.8692657277882386,3.5558881173222883
12059,COc1cc2c(ccn2C)c(C#Cc2cc(NC(C)=O)cc3nccnc23)c1OC,-4.927339,-1.92464,3.0027,1.0,2.9367248924666978
12061,COc1cc2[nH]ccc2c(C=Cc2cccc3ccc(C=O)cc23)c1OC,-5.2121,-1.883331,3.328769,0.91446123046732,2.638437204441571
12063,COc1cc2[nH]ccc2:C(c2occ3nc(OC(C)=O)cnc23):c1OC,-5.165377,-2.039247,3.12613,0.7597362790768603,3.139438844973016
12066,COc1cc2cc(C(=O)O)n(C)c2c(C=Cc2occ3ncc(OC(C)=O)nc23)c1OC,-5.079602,-2.294776,2.784826,0.9321155348212334,3.4413155885497826
12068,COc1cc2cc(C(=O)O)n(C)c2:C(c2occ3ncc(F)nc23):c1OC,-5.559833,-2.300192,3.25964,0.3789933244782291,3.2909345772226377
12069,COc1cc(-c2c(OC)c(OC)cc3cc(C(=O)O)n(C)c23)s:C:1c1c(S(=O)(=O)O)ncc2nsnc12,-5.780676,-3.289146,2.49153,0.3937682348594745,3.5592865373798785
12072,COc1cc(-c2c(OC)c(OC)cc3[nH]ccc23)s:C:1c1c(OC(C)=O)ccc2nccnc12,-4.998374,-1.836534,3.16184,0.7105014439830606,3.014449926681542
12076,COc1cc2cc(C(=O)O)n(C)c2:C(c2scc3nc(S)cnc23):c1OC,-5.582946,-2.266382,3.316563,0.221445172839109,3.431260731068792
12077,COc1cc2c(ccn2C):C(c2cc(C=O)cc3nsnc23):c1OC,-5.240751,-2.662168,2.578584,0.5753641505084506,2.969362395439916
12083,COc1cc2c(cc(C(=O)O)n2C):C(c2c(O)ncc3nonc23):c1OC,-5.689054,-2.769467,2.919587,0.3509935163361641,3.1111856541457144
12084,COc1cc2ccn(C)c2c(C=Cc2c(O)ncc3nonc23)c1OC,-5.019443,-2.808378,2.211065,0.9503968637477034,3.337835518569689
12092,COc1cc2cc(C(=O)O)n(C)c2:C(c2c(S(=O)(=O)O)ccc3nsnc23):c1OC,-5.806634,-2.976471,2.830163,0.2046021141663066,3.0686676537513247
12094,CNc1cc2nsnc2c(C=Cc2c(OC)c(OC)cc3[nH]c(C(=O)O)cc23)n1,-5.189253,-2.362288,2.826966,0.9914115689757692,3.288269611952745
12097,COc1cc2cc(-c3s:C(c4c(F)ncc5nsnc45):cc3OC)n(C)c2cc1OC,-4.893639,-3.0581,1.835539,0.8634702316375209,3.2352895427632378
12098,COc1cnc2csc(C=Cc3c(OC)c(OC)cc4[nH]ccc34)c2n1,-4.761305,-1.945094,2.81621,0.9808052054549222,3.1736553356175072
12099,COc1cc(-c2c(OC)c(OC)cc3[nH]ccc23)s:C:1c1cccc2ncc(S)nc12,-4.931195,-1.78595,3.145245,0.7518200939350901,3.153420038952442
12103,COc1cc(-c2c(OC)c(OC)cc3cc[nH]c23)s:C:1c1c(S(=O)(=O)O)ccc2nsnc12,-5.376163,-2.872208,2.503955,0.5982154369656189,3.237727894033356
12105,COc1cc2cc[nH]c2c(C=Cc2occ3ncc(NC(C)=O)nc23)c1OC,-4.850927,-2.170007,2.68092,0.976721612092322,3.3043288908165085
12106,COc1cc2cc[nH]c2c(C=Cc2cc(C#N)cc3ccccc23)c1OC,-5.303075,-1.900424,3.402651,0.889358444990706,2.723037204441571
12108,COc1cc2c(ccn2C)c(C=Nc2cccc3nc(F)cnc23)c1OC,-5.203608,-1.888287,3.315322,0.8393106268465789,3.0279595282715874
12109,COc1cc(C2:cc(OC)c(-c3cc4cc(OC)c(OC)cc4n3C)s:2)c2nccnc2c1,-4.746521,-2.02864,2.71788,0.8162329815217176,2.901314695152621
12110,COc1cc2[nH]c(C(=O)O)cc2c(C=Cc2cc(S(=O)(=O)O)cc3nonc23)c1OC,-5.728575,-2.994816,2.733759,0.964670363216626,3.13907132435374
12111,COc1cc2c(ccn2C)c(C=Cc2c(S)ccc3nonc23)c1OC,-5.275855,-2.333493,2.942362,0.8620826728137791,3.1831627534969247
12115,CNc1ncc2nonc2c1C1:sc(-c2cc3cc(OC)c(OC)cc3n2C)cc:1OC,-4.859022,-2.415901,2.443121,0.7315267077648353,3.2426932724043898
12117,COc1cnc2c(C=Cc3c(OC)c(OC)cc4cc[nH]c34)scc2n1,-4.878382,-2.138513,2.739868,0.981663441346602,3.2621396433098147
12119,COc1cc2cc(C(=O)O)[nH]c2c(N=Cc2c(O)ccc3nsnc23)c1OC,-5.526286,-2.532123,2.994163,0.9109041948352148,3.215175412238125
12124,COc1cc(-c2c(OC)c(OC)cc3cc[nH]c23)s:C:1c1c(C=O)ccc2ccccc12,-5.21567,-1.819113,3.396557,0.5699269423939775,2.8829107390514555
12125,COc1cc2c(ccn2C)c(C=Cc2scc3nc(OC(C)=O)cnc23)c1OC,-4.81156,-2.197088,2.614471,0.9849015986172056,3.285697942159125
12128,COc1cc2nonc2c(N=Cc2c(OC)c(OC)cc3c2ccn3C)n1,-5.403626,-2.54979,2.853835,0.9528694930347432,3.2780965912086515
12130,COc1cc2cc(-c3cc(OC):C(c4c(C=O)ccc5ccccc45):s3)n(C)c2cc1OC,-5.073271,-1.816882,3.256389,0.6035204526125181,2.7928433367238146
12131,COc1cc2c:C(c3occ4nc(S)cnc34):n(C)c2cc1OC,-4.891117,-2.235212,2.655905,0.9997947439623408,3.2924316727682985
12133,COc1cc2c:C(c3c(OC)ncc4nonc34):n(C)c2cc1OC,-5.113281,-2.811958,2.301322,0.7212548695149834,2.9024445189502064
12136,COc1cc2[nH]ccc2c(C#Cc2c(C)ccc3nonc23)c1OC,-5.277636,-2.331011,2.946625,1.0,3.009503159253565
12139,COc1cc2c(ccn2C):C(c2c(OC(C)=O)ncc3nsnc23):c1OC,-5.358486,-2.602699,2.755787,0.3716427830308253,3.07706766224288
12149,COc1cnc2c(N=Cc3c(OC)c(OC)cc4[nH]ccc34)occ2n1,-4.955137,-2.078086,2.877052,0.9998717942943612,3.333177797155968
12150,COc1cc(-c2c(OC)c(OC)cc3cc(C(=O)O)n(C)c23)s:C:1c1c(NC(C)=O)ncc2nsnc12,-5.624907,-2.602971,3.021937,0.4174397054689529,3.428138393462117
12153,COc1cc2[nH]c(C(=O)O)cc2:C(c2cccc3nc(S(=O)(=O)O)cnc23):c1OC,-5.748569,-2.713855,3.034714,0.3541672728877098,2.8830462292164114
12155,COc1cc2c(ccn2C):C(c2occ3nc(Br)cnc23):c1OC,-5.255415,-2.220379,3.035036,0.7837231794436792,3.172648188605403
12159,COc1cc2cc[nH]c2:C(c2cc(C)cc3nonc23):c1OC,-5.36407,-2.340311,3.023758,0.7648900260489904,2.8196383743724347
12164,COc1cc(-c2c(OC)c(OC)cc3c2ccn3C)s:C:1c1cc(C(F)(F)F)cc2nsnc12,-5.032321,-2.439701,2.59262,0.9010710726360822,3.216312590398724
12168,COc1cc2cc(-c3cc(OC):C(c4occ5nc(O)cnc45):s3)n(C)c2cc1OC,-4.712759,-1.975942,2.736816,0.8780673379816236,3.3618701371688315
12173,COc1cc2[nH]c(C(=O)O)cc2:C(c2c(C(F)(F)F)ccc3nonc23):c1OC,-5.715846,-2.651759,3.064087,0.2661069533245331,2.8891931907519943
12175,COc1cnc2csc(C#Cc3c(OC)c(OC)cc4[nH]ccc34)c2n1,-4.98012,-2.071749,2.908371,1.0,3.2656768740790465
12179,COc1cc2c(cc(C(=O)O)n2C)c(C#Cc2cc(C=O)cc3nsnc23)c1OC,-5.525025,-2.944583,2.580443,1.0,3.286260845925004
12181,COc1cc2c(cc(C(=O)O)n2C)c(C#Cc2cc(C)cc3nsnc23)c1OC,-5.330132,-2.348786,2.981346,1.0,3.1459948360511403
12182,COc1cc2ccn(C)c2c(C=Cc2cccc3nc(F)cnc23)c1OC,-5.108499,-2.189267,2.919232,0.830353337701659,2.959000287512348
12183,COc1cc2cc(-c3cc(OC):C(c4cc(C=O)cc5c4SCS5):s3)n(C)c2cc1OC,-5.067605,-1.727139,3.340466,0.6629972815209026,3.410619730561617
12188,COc1cc2c(ccn2C)c(C#Cc2nc(NC(C)=O)cc3nsnc23)c1OC,-5.397806,-2.609032,2.788773,1.0,3.234075428087829
12189,COc1cc(-c2c(OC)c(OC)cc3c2ccn3C)s:C:1c1scc2ncc(F)nc12,-4.674833,-2.091685,2.583148,0.9004843014096452,3.318545836469529
12190,COc1cc2ccn(C)c2c(C#Cc2scc3ncc(C(F)(F)F)nc23)c1OC,-5.221258,-2.797876,2.423382,1.0,3.4054597933160977
12192,COc1cc2ccn(C)c2c(C=Nc2occ3nc(C(F)(F)F)cnc23)c1OC,-5.321613,-2.687924,2.63369,0.9683966915271892,3.4850307334870374
12193,COc1cc(-c2c(OC)c(OC)cc3cc[nH]c23)s:C:1c1scc2nc(OC(C)=O)cnc12,-4.824383,-2.200975,2.623408,0.9054719335063192,3.370151356363751
12196,COc1cc(-c2c(OC)c(OC)cc3c2cc(C(=O)O)n3C)s:C:1c1cccc2nc(Br)cnc12,-5.142346,-2.206695,2.935651,0.8861386460018144,3.1142721475616977
12205,COc1cc2c(cc(C(=O)O)n2C):C(c2c(C#N)ccc3nsnc23):c1OC,-5.805787,-2.874431,2.931356,0.1239767481799494,2.9303886097514216
12206,COc1cc(-c2c(OC)c(OC)cc3cc(C(=O)O)n(C)c23)s:C:1c1scc2nc(C(F)(F)F)cnc12,-5.225646,-2.481075,2.744571,0.5003932002406267,3.45927794009481
12208,COc1cc(-c2c(OC)c(OC)cc3c2ccn3C)s:C:1c1c(C#N)ccc2ccccc12,-5.032621,-1.655272,3.377349,0.6168938692878478,2.843607166511049
12214,COc1cc(-c2c(OC)c(OC)cc3c2ccn3C)s:C:1c1cc(S)cc2nccnc12,-4.844348,-1.871403,2.972945,0.883923635524579,3.22765574070532
12215,COc1cc2[nH]ccc2:C(c2scc3nc(S(=O)(=O)O)cnc23):c1OC,-5.641127,-2.908942,2.732185,0.6259350124008065,3.2066497212866327
12216,COc1cc2cc(C(=O)O)n(C)c2:C(c2c(NC(C)=O)ncc3nsnc23):c1OC,-5.685002,-2.724147,2.960855,0.3775323562480007,3.176226025323918
12218,COc1cc(-c2c(OC)c(OC)cc3c2ccn3C)s:C:1c1cc(S)cc2nonc12,-5.022754,-2.200829,2.821926,0.9005247815240265,3.3362673399660343
12219,COc1cc2cc(C(=O)O)n(C)c2c(C#Cc2nccc3nonc23)c1OC,-5.676668,-2.924083,2.752584,1.0,3.1948057919849617
12222,COc1cc2[nH]c(C(=O)O)cc2c(C=Nc2nc(O)cc3nonc23)c1OC,-5.850271,-2.806193,3.044078,0.9431347552022528,3.368403260339392
12226,COc1cc2ccn(C)c2:C(c2c(S)ccc3nccnc23):c1OC,-5.243102,-1.937934,3.305168,0.0152848282698719,2.9233424604453315
12227,COc1cc(C2:sc(-c3c(OC)c(OC)cc4[nH]c(C(=O)O)cc34)cc:2OC)c2nonc2c1,-5.282275,-2.076647,3.205628,0.7895643578571099,3.10899551549994
12230,COc1cc2ccn(C)c2c(C=Nc2cc(O)cc3nonc23)c1OC,-5.437015,-2.39385,3.043165,0.9185145484285958,3.2567531900873607
12238,COc1cc2cc(C(=O)O)[nH]c2c(C=Cc2occ3nccnc23)c1OC,-5.135881,-2.385968,2.749913,0.9819985543589412,3.2428842035962635
12244,COc1cc2c(ccn2C):C(c2nc(C)cc3nonc23):c1OC,-5.413395,-2.478344,2.935051,0.622591732508372,2.891502034759249
12247,COc1cc2[nH]ccc2:C(c2cc(OC(C)=O)cc3nsnc23):c1OC,-5.120633,-2.129143,2.99149,0.4695855235836015,2.868806412540584
12255,COc1cc2cc(C(=O)O)[nH]c2c(C=Nc2nc(OC(C)=O)cc3nsnc23)c1OC,-5.801097,-2.882517,2.91858,0.979163285832618,3.496574260631576
12257,COc1cc(-c2c(OC)c(OC)cc3[nH]ccc23)s:C:1c1c(NC(C)=O)ccc2nccnc12,-5.14059,-1.747487,3.393103,0.6260499470868476,2.98305056109867
12264,COc1cc2c(cc(C(=O)O)n2C)c(C#Cc2cc(OC(C)=O)cc3nonc23)c1OC,-5.481905,-2.562541,2.919364,1.0,3.1853748798203103
12273,COc1cc(C2:c(OC)c(OC)cc3[nH]ccc:23)c2nsnc2c1,-5.340156,-1.882028,3.458128,0.4777894737562199,2.7645920013144334
12276,COc1cc2[nH]ccc2:C(c2occ3nc(C#N)cnc23):c1OC,-5.336641,-2.710063,2.626578,0.746072180969384,3.182513071548547
12285,COc1cc(-c2c(OC)c(OC)cc3c2ccn3C)s:C:1c1cc(OC(C)=O)cc2nccnc12,-4.85743,-1.876565,2.980865,0.8925012578756848,3.076192384467649
12288,COc1cc2ccn(C)c2:C(c2cc(OC(C)=O)cc3nccnc23):c1OC,-5.028327,-1.955895,3.072432,0.188022439601239,2.807297515451369
12289,COc1cc(-c2c(OC)c(OC)cc3cc[nH]c23)s:C:1c1scc2ncc(NC(C)=O)nc12,-4.972319,-2.10545,2.866869,0.7335369118613103,3.288118786805649
12291,COc1cc(N=Cc2c(OC)c(OC)cc3[nH]ccc23)c2nsnc2c1,-5.188713,-2.122181,3.066532,0.9316272272461418,3.0912374894636603
12293,COc1cc2cc(C(=O)O)[nH]c2c(C=Nc2cc(Br)cc3nonc23)c1OC,-5.858363,-2.902087,2.956276,0.9969517738674232,3.233806376210861
12297,COc1cc(-c2c(OC)c(OC)cc3cc[nH]c23)s:C:1c1c(C=O)ccc2c1SCS2,-5.236882,-1.688918,3.547964,0.6223120382550039,3.522233349237661
12298,COc1cc2[nH]ccc2c(C=Cc2occ3ncc(OC(C)=O)nc23)c1OC,-4.827313,-2.123501,2.703812,0.989643002463058,3.31776312158574
12300,COc1cc(C2:sc(-c3c(OC)c(OC)cc4cc(C(=O)O)[nH]c34)cc:2OC)c2nonc2c1,-5.248235,-2.183994,3.064241,0.8994621381223629,3.1605825347307093
12302,COc1cc2[nH]ccc2c(C=Cc2c(C#N)ccc3nsnc23)c1OC,-5.194171,-2.730153,2.464018,0.979101354458533,3.0992054894636603
12304,COc1cc2c(ccn2C)c(C=Cc2c(O)ccc3nsnc23)c1OC,-5.064996,-2.080552,2.984444,0.869248195017825,3.023946953081124
12306,COc1cc2cc[nH]c2c(C=Cc2cc(C(F)(F)F)cc3nonc23)c1OC,-5.566882,-2.822799,2.744083,0.970411661679075,3.113402676113491
12308,COc1cc2c(ccn2C)c(C=Nc2cccc3nc(C)cnc23)c1OC,-5.093039,-1.64433,3.448709,0.8465061213902425,2.8733950927071525
12311,CNc1cnc2c(C3:cc(OC)c(-c4cc5cc(OC)c(OC)cc5n4C)s:3)scc2n1,-4.602867,-2.178591,2.424276,0.8550033443682059,3.2277226891414994
12313,CNc1ncc2nsnc2c1C1:sc(-c2c(OC)c(OC)cc3[nH]ccc23)cc:1OC,-4.759962,-2.193854,2.566109,0.7367100277396809,3.306513383809831
12315,COc1cc2c(ccn2C)c(C=Cc2nc(OC(C)=O)cc3nsnc23)c1OC,-5.148023,-2.57026,2.577763,0.9926211123754096,3.3080645462867047
12316,COc1cc(-c2c(OC)c(OC)cc3cc[nH]c23)s:C:1c1c(NC(C)=O)ncc2nsnc12,-5.265934,-2.629153,2.636781,0.7460055429756272,3.331894727885845
12318,CNc1cc2nonc2c(C=Cc2c(OC)c(OC)cc3cc[nH]c23)n1,-5.304077,-2.42257,2.881507,0.9859960558569189,3.2945119510021224
12323,COc1cc2c(ccn2C)c(C=Cc2cccc3ncc(F)nc23)c1OC,-4.967349,-1.992251,2.975099,0.9561619266512458,2.871857630169691
12325,COc1cc(-c2c(OC)c(OC)cc3cc[nH]c23)s:C:1c1cccc2ncc(S(=O)(=O)O)nc12,-5.510306,-2.692218,2.818088,0.7779178449589589,3.2041070539614784
12328,COc1cc(-c2cccc3nsnc23)s:C:1c1c(OC)c(OC)cc2cc(C(=O)O)n(C)c12,-5.344046,-2.49933,2.844716,0.594091986732876,3.1088648667380703
12329,CNc1cc2nsnc2c(C=Nc2c(OC)c(OC)cc3ccn(C)c23)n1,-5.077827,-2.535293,2.542533,0.973549235420814,3.483159927871988
12331,COc1cc2c:C(c3scc4nc(S(=O)(=O)O)cnc34):n(C)c2cc1OC,-5.59211,-3.204184,2.387926,0.7522597228330405,3.135739500299559
12332,COc1cc2c:C(c3scc4nc(S)cnc34):n(C)c2cc1OC,-5.093076,-2.35218,2.740896,0.7516891592173007,3.232687555121241
12333,COc1cc2[nH]ccc2c(C=Cc2occ3nc(S(=O)(=O)O)cnc23)c1OC,-5.257028,-2.931862,2.325165,0.988742746943666,3.444264409316996
12337,COc1cc2nsnc2c(C2:sc(-c3c(OC)c(OC)cc4[nH]ccc34)cc:2OC)n1,-5.075154,-2.327933,2.747222,0.8613354440687482,3.259850289600669
12338,COc1cc2cc[nH]c2c(C=Nc2cc(O)cc3nonc23)c1OC,-5.52486,-2.480232,3.044629,0.9905117720365068,3.25951277463818
12343,COc1cc2ccn(C)c2:C(c2occ3ncc(Br)nc23):c1OC,-5.327021,-2.367107,2.959914,0.4164499922855758,3.235501582270561
12344,COc1cc(-c2c(OC)c(OC)cc3[nH]c(C(=O)O)cc23)s:C:1c1cc(OC(C)=O)cc2nsnc12,-5.073642,-2.264771,2.808871,0.8948025629077481,3.243349340994147
12352,COc1cc2[nH]ccc2c(C=Cc2cc(C(F)(F)F)cc3nsnc23)c1OC,-5.294928,-2.570216,2.724712,0.9674505651865076,3.07066538302683
12354,COc1cc2[nH]ccc2c(C#Cc2cc(Br)cc3nonc23)c1OC,-5.360415,-2.645838,2.714577,1.0,3.12416854386895
12355,COc1cc(-c2c(OC)c(OC)cc3[nH]ccc23)s:C:1c1cccc2ncc(Br)nc12,-4.862637,-2.027975,2.834661,0.8908579503751594,2.986251845348292
12359,COc1cc2ccn(C)c2:C(c2nc(C(F)(F)F)cc3nonc23):c1OC,-5.588157,-3.062036,2.526121,0.490561858644747,3.122895807991868
12363,COc1cc2c(ccn2C)c(C=Cc2cccc3ncc(C)nc23)c1OC,-4.945206,-1.797118,3.148088,0.9743566722453942,2.720878808990868
12365,COc1cc(-c2c(OC)c(OC)cc3cc[nH]c23)s:C:1c1c(C=O)ccc2nsnc12,-5.282529,-2.670313,2.612216,0.7623302920588686,3.233844412331869
12376,COc1cc2cc(-c3cc(OC):C(c4cc(C=O)cc5ccccc45):s3)n(C)c2cc1OC,-5.008067,-1.884829,3.123238,0.7058797632746221,2.79692647911334
12380,COc1cnc2coc(C3:sc(-c4c(OC)c(OC)cc5[nH]ccc45)cc:3OC)c2n1,-4.498723,-1.73711,2.761613,0.9297355022887576,3.266062389859961
12386,COc1cc(-c2c(OC)c(OC)cc3cc(C(=O)O)[nH]c23)s:C:1c1cc(OC(C)=O)cc2nonc12,-5.314433,-2.4156,2.898834,0.8995974828005953,3.252975845183028
12390,COc1cc2c(cc(C(=O)O)n2C):C(c2c(F)ccc3nonc23):c1OC,-5.74929,-2.430417,3.318873,0.4313951615195285,2.784985038761098
12392,COc1cc2cc[nH]c2c(C=Nc2cccc3nc(Br)cnc23)c1OC,-5.469613,-2.209022,3.26059,0.8506396365791788,3.0850547202328915
12399,COc1cc2cc[nH]c2:C(c2cc(F)cc3nccnc23):c1OC,-5.29351,-2.140963,3.152547,0.652998577277319,2.7089404962977106
12402,COc1cc(-c2c(OC)c(OC)cc3cc(C(=O)O)[nH]c23)s:C:1c1c(Br)ccc2nccnc12,-5.24096,-2.071276,3.169684,0.6143425153539482,3.108887342423017
12405,COc1cc(-c2c(OC)c(OC)cc3[nH]ccc23)s:C:1c1cccc2nc(S)cnc12,-4.923653,-1.788167,3.135486,0.7376071167034525,3.1771887511391306
12409,COc1cc(-c2c(OC)c(OC)cc3c2cc(C(=O)O)n3C)s:C:1c1c(O)ncc2nsnc12,-5.11421,-2.589362,2.524848,0.7081866529893066,3.4026482989007487
12412,COc1cc2cc[nH]c2:C(c2occ3ncc(OC(C)=O)nc23):c1OC,-4.96535,-2.332112,2.633238,0.9026401506038088,3.198580632914804
12418,COc1cc2c(ccn2C):C(c2occ3nc(NC(C)=O)cnc23):c1OC,-4.904784,-1.860859,3.043924,0.7622698902421314,3.0488433707449047
12428,COc1cc2[nH]ccc2:C(c2occ3ncc(NC(C)=O)nc23):c1OC,-4.971942,-1.836693,3.135249,0.7911280810607129,3.0352353106694814
12432,COc1cc(-c2c(OC)c(OC)cc3cc(C(=O)O)[nH]c23)s:C:1c1c(C(F)(F)F)ncc2nonc12,-5.589314,-3.064318,2.524996,0.760964690560092,3.4227834171556104
12437,COc1cc2ccn(C)c2:C(c2scc3sc(=S)sc23):c1OC,-5.500285,-1.993739,3.506546,0.1093564681884576,3.338703796642473
12440,COc1cc2[nH]ccc2:C(c2occ3ncc(NC(C)=O)nc23):c1OC,-5.089709,-1.950001,3.139708,0.7373057496188893,3.0352353106694814
12441,COc1cc2ccn(C)c2:C(c2occ3ncc(O)nc23):c1OC,-5.239355,-1.923666,3.315689,0.4383249244901984,3.322852487247937
12442,COc1cc2[nH]c(C(=O)O)cc2:C(c2c(O)ncc3nonc23):c1OC,-5.591952,-2.713284,2.878668,0.4397148301713418,3.084644241834577
12444,CNc1cnc2coc(C3:sc(-c4c(OC)c(OC)cc5c4ccn5C)cc:3OC)c2n1,-4.229352,-1.611103,2.618249,0.8972107948205135,3.3428816071465706
12447,COc1cc2c(cc(C(=O)O)n2C):C(c2cc(S(=O)(=O)O)cc3nsnc23):c1OC,-5.665563,-2.81812,2.847443,0.4094687954712622,2.999571968948322
12451,COc1cc2c(cc(C(=O)O)n2C):C(c2c(C)ccc3nsnc23):c1OC,-5.481759,-2.136009,3.345749,0.356012227021774,2.7954822695303285
12452,COc1cc(C2:c(OC)c(OC)cc3cc[nH]c:23)c2nsnc2c1,-5.290536,-2.300041,2.990495,0.6849466814512111,2.8586836401104208
12455,COc1cc2ccn(C)c2:C(c2cccc3nc(F)cnc23):c1OC,-5.178059,-2.065948,3.112111,0.0135562907856632,2.8009249089827097
12457,COc1cc(-c2c(OC)c(OC)cc3[nH]ccc23)s:C:1c1occ2nc(NC(C)=O)cnc12,-4.543826,-1.891281,2.652545,0.896489120735807,3.284428934105158
12459,COc1cc(-c2c(OC)c(OC)cc3[nH]c(C(=O)O)cc23)s:C:1c1cccc2nc(Br)cnc12,-5.139423,-2.176067,2.963357,0.8967924984807845,3.079953207807632
12466,COc1cc2c(cc(C(=O)O)n2C)c(C#Cc2c(C=O)ncc3nonc23)c1OC,-5.671055,-3.327314,2.343741,1.0,3.3999377690019275
12468,COc1cc2c(cc(C(=O)O)n2C)c(C#Cc2cc(C)cc3nonc23)c1OC,-5.447473,-2.419775,3.027698,1.0,3.102005092461397
12474,COc1cc2c(cc(C(=O)O)n2C):C(c2cc(C)cc3nsnc23):c1OC,-5.458623,-2.124706,3.333917,0.5596401299762311,2.86437150029956
12475,COc1cc2cc[nH]c2:C(c2scc3ncc(F)nc23):c1OC,-5.142181,-2.433314,2.708867,0.9219033277275872,3.179799912833973
12478,CNc1cc2nsnc2c(C2:sc(-c3c(OC)c(OC)cc4cc(C(=O)O)n(C)c34)cc:2OC)n1,-5.191156,-2.167909,3.023247,0.4567423725444818,3.4414454599635818
12480,COc1cc2c(ccn2C)c(C#Cc2scc3nc(C(F)(F)F)cnc23)c1OC,-5.178205,-2.65499,2.523215,1.0,3.354605092461397
12484,COc1cc2cc(C(=O)O)n(C)c2:C(c2cccc3nc(C=O)cnc23):c1OC,-5.566527,-2.6636,2.902927,0.0289452013307838,2.9119384257947303
12493,COc1cc2[nH]c(C(=O)O)cc2:C(c2c(OC(C)=O)ncc3nonc23):c1OC,-5.933927,-2.81876,3.115167,0.4146702475997786,3.0792546651109696
12496,CNc1ncc2nonc2c1C#Cc1cc2cc(OC)c(OC)cc2n1C,-4.777143,-2.616576,2.160567,1.0,3.215145142657202
12499,COc1cc(-c2c(OC)c(OC)cc3[nH]ccc23)s:C:1c1c(S)ccc2nccnc12,-5.089944,-1.805742,3.284202,0.5582621305480425,3.110325829790816
12503,COc1cc2ccn(C)c2c(C=Cc2c(C#N)ccc3nsnc23)c1OC,-5.244345,-2.805188,2.439157,0.9435811902129704,3.177328958841019
12507,COc1cc2c(ccn2C)c(C=Cc2scc3ncc(NC(C)=O)nc23)c1OC,-4.786989,-2.144631,2.642358,0.9775426886479496,3.191660606324227
12509,COc1cc2c(ccn2C)c(N=Cc2cc(C=O)cc3ccccc23)c1OC,-4.995025,-2.036482,2.958543,0.8693881645889883,2.799468698508816
12510,COc1cc2c(ccn2C)c(C=Nc2nncc3nonc23)c1OC,-5.483858,-2.843023,2.640835,0.922955165336117,3.336482005407412
12512,COc1cc2cc(-c3s:C(c4c(C#N)ncc5nsnc45):cc3OC)n(C)c2cc1OC,-5.173817,-3.304451,1.869366,0.8463428167748085,3.2947761126410766
12514,COc1cc(-c2c(OC)c(OC)cc3[nH]ccc23)s:C:1c1occ2nc(C)cnc12,-4.53805,-1.825995,2.712055,0.8985246822541798,3.2335786839009817
12519,COc1cc(-c2c(OC)c(OC)cc3cc(C(=O)O)[nH]c23)s:C:1c1cc(C(F)(F)F)cc2nsnc12,-5.335287,-2.598487,2.736801,0.9033222248464914,3.3021363402325328
12520,COc1cc2cc[nH]c2c(N=Cc2c(OC)ccc3nccnc23)c1OC,-5.126052,-2.240921,2.885131,0.9343623122555886,2.959165606808435
12521,COc1cc2cc(-c3s:C(c4cc(O)cc5nccnc45):cc3OC)n(C)c2cc1OC,-4.834046,-2.135728,2.698318,0.813420988760968,2.985510854821973
12522,COc1cc2cc(C(=O)O)[nH]c2c(N=Cc2c(S)ccc3nsnc23)c1OC,-5.540056,-2.687326,2.85273,0.8843053958741107,3.392434224312128
12523,COc1cc2c(ccn2C)c(C=Cc2cccc3nc(S)cnc23)c1OC,-5.013555,-1.963883,3.049672,0.97701595773522,3.0677465412586
12524,COc1cc2c(cc(C(=O)O)n2C)c(C=Cc2c(OC)ccc3nonc23)c1OC,-5.12954,-2.305271,2.824269,0.9692734951787126,2.991111944826104
12525,CNc1cnc2csc(C=Cc3c(OC)c(OC)cc4c3ccn4C)c2n1,-4.497217,-1.815734,2.681482,0.9821015857215168,3.2474929948050537
12526,COc1cc(-c2c(OC)c(OC)cc3cc[nH]c23)s:C:1c1scc2ncc(OC(C)=O)nc12,-4.819134,-2.193321,2.625813,0.9065534146243068,3.3605091305045027
12529,COc1cc2c:C(c3c(C=O)ccc4ccccc34):n(C)c2cc1OC,-5.31172,-1.93812,3.3736,0.3714264441531252,2.400615560149731
12530,COc1cc2c(ccn2C)c(C=Nc2c(NC(C)=O)ncc3nsnc23)c1OC,-5.259118,-2.626424,2.632694,0.9706080111572688,3.285189686999649
12531,COc1cc2cc(C(=O)O)[nH]c2c(C=Cc2occ3ncc(C(F)(F)F)nc23)c1OC,-5.41116,-2.766622,2.644538,0.9846720051483008,3.4034475318671564
12533,COc1cc2c:C(c3cc(S(=O)(=O)O)cc4ccccc34):n(C)c2cc1OC,-5.307461,-1.839925,3.467536,0.4961755149709572,2.3736809174437283
12536,COc1cc2cc[nH]c2:C(c2c(Br)ccc3nonc23):c1OC,-5.350399,-2.558865,2.791534,0.3299762689439494,2.8991740387081
12540,COc1cc2c(ccn2C)c(C#Cc2cc(O)cc3nonc23)c1OC,-5.223261,-2.314931,2.90833,1.0,3.1536423792765493
12541,COc1cc2c(ccn2C):C(c2cccc3ncc(S)nc23):c1OC,-5.07484,-1.750773,3.324067,0.4953787330843199,2.870528159253565
12551,COc1cc2cc[nH]c2c(C=Cc2cc(O)cc3nccnc23)c1OC,-5.126498,-2.001937,3.124561,0.9449928307226776,2.9731648740790444
12555,COc1cc2[nH]ccc2c(C=Nc2cc(NC(C)=O)cc3nonc23)c1OC,-5.471648,-2.347188,3.12446,0.9938831153430416,3.0612094677395856
12556,COc1cc2c(ccn2C):C(c2cc(NC(C)=O)cc3nonc23):c1OC,-5.241904,-2.015205,3.226699,0.6277027922462581,2.7653561237813413
12557,COc1cc2cc(C(=O)O)[nH]c2:C(c2scc3ncc(OC(C)=O)nc23):c1OC,-5.368749,-2.476233,2.892516,0.9300496557165252,3.1716734685297725
12562,COc1cc(-c2c(OC)c(OC)cc3[nH]c(C(=O)O)cc23)s:C:1c1occ2ncc(F)nc12,-4.886654,-2.191991,2.694663,0.920266154473245,3.3976450156214444
12563,COc1cc2cc(C(=O)O)n(C)c2c(C=Nc2cc(C=O)cc3nccnc23)c1OC,-5.692785,-2.471348,3.221437,0.7204293946177165,3.2473116611620787
12568,COc1cc2cc(C(=O)O)[nH]c2c(C=Cc2c(F)ncc3nonc23)c1OC,-5.635514,-3.078706,2.556807,0.980211744385908,3.3002013129197225
12572,COc1cnc2coc(C3:c(OC)c(OC)cc4[nH]ccc:34)c2n1,-4.963915,-1.667028,3.296886,0.7395542930928313,3.025774610010086
12573,COc1cnc2cccc(C3:c(OC)c(OC)cc4ccn(C)c:34)c2n1,-5.133802,-1.667576,3.466226,0.1567069122956678,2.665479385513557
12577,COc1cc2ccn(C)c2c(C=Cc2scc3nc(S(=O)(=O)O)cnc23)c1OC,-5.25704,-3.08043,2.17661,0.9523901302416612,3.4637674856237908
12579,COc1cc2ccn(C)c2c(C=Nc2cc(S)cc3nonc23)c1OC,-5.46646,-2.533847,2.932614,0.9276253042876956,3.448030321064492
12580,COc1cc2[nH]c(C(=O)O)cc2c(C=Nc2occ3ncc(F)nc23)c1OC,-5.307,-2.451884,2.855116,0.9992619680957684,3.452309199969382
12581,COc1cc2[nH]c(C(=O)O)cc2:C(c2c(C=O)ccc3nonc23):c1OC,-5.873319,-2.801829,3.07149,0.3220550349385616,2.8994160428096816
12582,COc1cc2[nH]ccc2:C(c2occ3ncc(C)nc23):c1OC,-4.966488,-1.800886,3.165603,0.7533895091176642,2.985169143603203
12586,COc1cc2cc(C(=O)O)n(C)c2c(C=Nc2nc(OC(C)=O)cc3nsnc23)c1OC,-5.703997,-2.711195,2.992802,0.861047023686512,3.527656470140103
12591,COc1cc2cc(C(=O)O)n(C)c2:C(c2c(OC)ccc3nonc23):c1OC,-5.573999,-2.336451,3.237548,0.1775052928093167,2.89057736714787
12594,COc1cc(-c2c(OC)c(OC)cc3ccn(C)c23)s:C:1c1scc2ncc(O)nc12,-4.875429,-1.975773,2.899655,0.5298351707738835,3.436044612693306
12597,COc1cc2ccn(C)c2c(C=Nc2scc3ncc(S)nc23)c1OC,-5.139219,-2.371575,2.767643,0.9366270026038656,3.6035226287568
12603,COc1cc(C2:c(OC)c(OC)cc3cc(C(=O)O)n(C)c:23)c2nonc2c1,-5.684049,-2.25538,3.428669,0.2774248841010186,2.908486834603492
12606,COc1cc2c(cc(C(=O)O)n2C):C(c2c(OC)ccc3nonc23):c1OC,-5.639657,-2.044205,3.595452,0.2522627008754916,2.764854290224793
12609,COc1cc2c(cc(C(=O)O)n2C):C(c2c(C)ccc3nonc23):c1OC,-5.614517,-2.147942,3.466575,0.2887247944194837,2.7819887310687914
12611,COc1cc2c(ccn2C):C(c2nc(S(=O)(=O)O)cc3nsnc23):c1OC,-5.478551,-3.085455,2.393096,0.6512009006003446,3.223609038761097
12615,COc1cc2c(ccn2C)c(C#Cc2cc(S(=O)(=O)O)cc3nonc23)c1OC,-5.525868,-2.99648,2.529388,1.0,3.155521331777635
12616,COc1cc2[nH]c(C(=O)O)cc2c(C=Nc2c(F)ncc3nsnc23)c1OC,-5.590737,-2.973717,2.61702,0.9875606936408132,3.349812607953802
12623,COc1cc2cc(C(=O)O)n(C)c2:C(c2cc(C(F)(F)F)cc3nonc23):c1OC,-5.788881,-2.752728,3.036152,0.3327663411712276,3.019137259755076
12628,COc1cc2[nH]ccc2c(C=Nc2nccc3nonc23)c1OC,-5.448144,-2.575803,2.872341,0.9481997824964076,3.115166869924084
12630,COc1cc2cc[nH]c2:C(c2cccc3nc(Br)cnc23):c1OC,-5.319738,-2.288985,3.030753,0.6242441420563275,2.765513071548547
12635,COc1cc2cc(C(=O)O)[nH]c2:C(c2cc(C(F)(F)F)cc3nccnc23):c1OC,-5.808327,-2.496803,3.311523,0.6183527985244156,2.8509915489569124
12636,COc1cc2[nH]ccc2c(C=Nc2cccc3nc(O)cnc23)c1OC,-5.166197,-1.685594,3.480603,0.8444234608139101,3.0661685663867377
12637,COc1cc(-c2c(OC)c(OC)cc3ccn(C)c23)s:C:1c1c(S)ncc2nonc12,-5.273703,-2.738967,2.534735,0.4842522239751647,3.490725906399601
12638,COc1cc2ccn(C)c2c(C=Cc2occ3nc(Br)cnc23)c1OC,-5.035108,-2.440648,2.59446,0.9520446889076613,3.428340716074887
12641,CNc1cnc2csc(N=Cc3c(OC)c(OC)cc4cc[nH]c34)c2n1,-4.848827,-2.055453,2.793374,0.9991166845483074,3.364215335617507
12642,COc1cnc2c(C3:sc(-c4c(OC)c(OC)cc5[nH]ccc45)cc:3OC)occ2n1,-4.525002,-1.733392,2.79161,0.8979253875103248,3.2762463138011872
12643,COc1cc(-c2c(OC)c(OC)cc3[nH]c(C(=O)O)cc23)s:C:1c1c(C(F)(F)F)ccc2nonc12,-5.432258,-2.688021,2.744237,0.5909866377920157,3.220568647924841
12645,COc1cc2cc(-c3cc(OC):C(c4cccc5ncc(C)nc45):s3)n(C)c2cc1OC,-4.629222,-1.823041,2.806181,0.8568857878303736,2.8314564169521503
12648,COc1cc2cc[nH]c2c(C=Nc2scc3nc(Br)cnc23)c1OC,-5.363704,-2.665876,2.697828,0.9975856674262492,3.426382005407412
12656,COc1cc(-c2c(OC)c(OC)cc3[nH]ccc23)s:C:1c1cc(S(=O)(=O)O)cc2nsnc12,-5.10619,-2.622539,2.48365,0.8974915767647988,3.220521442420452
12662,COc1cc2cc(C(=O)O)[nH]c2:C(c2cc(F)cc3nonc23):c1OC,-5.809883,-2.687802,3.122081,0.7651310401233986,2.89169524288832
12663,COc1cc2c(cc(C(=O)O)n2C)c(C=Nc2cc(S(=O)(=O)O)cc3nsnc23)c1OC,-5.840886,-2.906888,2.933998,0.9131465756819676,3.2760507284099223
12664,COc1cc(-c2c(OC)c(OC)cc3c2ccn3C)s:C:1c1occ2nc(S)cnc12,-4.663211,-1.955144,2.708068,0.9235224182467624,3.544217689616384
12669,COc1cc2ccn(C)c2c(C=Cc2cccc3nccnc23)c1OC,-5.034183,-2.05505,2.979133,0.826469062568367,2.741758720232891
12671,COc1cc2[nH]ccc2:C(c2scc3ncc(C(F)(F)F)nc23):c1OC,-5.497656,-2.471846,3.025811,0.4576956163996337,3.0641158962076016
12672,CNc1cc(N=Cc2c(OC)c(OC)cc3cc[nH]c23)c2nsnc2c1,-5.237542,-2.097745,3.139798,0.973711001460015,3.294351335617506
12677,COc1cc(-c2c(OC)c(OC)cc3ccn(C)c23)s:C:1c1occ2ncc(F)nc12,-5.089968,-2.161598,2.92837,0.4686924746020038,3.4410197875184814
12678,CNc1cc2nsnc2c(C2:c(OC)c(OC)cc3cc[nH]c:23)n1,-5.342787,-2.320483,3.022304,0.7567766645338134,3.1188047103445324
12683,CNc1cc2nsnc2c(N=Cc2c(OC)c(OC)cc3cc(C(=O)O)n(C)c23)n1,-5.359599,-2.357504,3.002094,0.8773114669392006,3.4787916151557727
12684,COc1cc2[nH]c(C(=O)O)cc2c(C#Cc2nc(S(=O)(=O)O)cc3nsnc23)c1OC,-6.109465,-3.45797,2.651494,1.0,3.4717525408117007
12690,COc1cc2cc(C(=O)O)[nH]c2:C(c2occ3ncc(C(F)(F)F)nc23):c1OC,-5.537907,-2.807118,2.730789,0.9858186023448612,3.2151074215212265
12693,COc1cc(-c2c(OC)c(OC)cc3cc[nH]c23)s:C:1c1c(S)ccc2nsnc12,-5.191488,-2.33875,2.852738,0.6935694198544833,3.297330562255186
12694,COc1cc2[nH]ccc2c(C=Cc2scc3nc(C(F)(F)F)cnc23)c1OC,-5.006393,-2.521605,2.484788,0.984788669030725,3.2751169896480574
12695,COc1cc(-c2c(OC)c(OC)cc3[nH]ccc23)s:C:1c1c(C)ccc2nccnc12,-4.957787,-1.696672,3.261115,0.6419004906912493,2.9253194339394764
12697,COc1cc2c(cc(C(=O)O)n2C)c(C=Cc2c(C#N)ccc3nsnc23)c1OC,-5.445116,-2.878204,2.566912,0.9765191523037724,3.1654861206502787
12700,COc1cc2[nH]ccc2c(C=Cc2c(C=O)ccc3ccccc23)c1OC,-5.211962,-1.763532,3.44843,0.7699469057938898,2.643714719234472
12703,COc1cc2c:C(c3occ4nc(OC(C)=O)cnc34):n(C)c2cc1OC,-4.820619,-2.193173,2.627447,0.9991237109070384,3.071623937546523
12704,COc1cc2cc[nH]c2c(C=Cc2nc(S(=O)(=O)O)cc3nonc23)c1OC,-5.790352,-3.313951,2.476401,0.8127379961572814,3.4195516537181643
12706,COc1cc2cc[nH]c2c(C=Cc2cccc3ncc(NC(C)=O)nc23)c1OC,-5.162231,-2.000576,3.161655,0.9410764307263948,2.8639696481199284
12707,CNc1ncc2nonc2c1C1:cc2cc(OC)c(OC)cc2n:1C,-4.919744,-2.504808,2.414936,0.6021893472044859,2.9802267508028617
12708,COc1cc2nonc2c(C=Nc2c(OC)c(OC)cc3c2ccn3C)n1,-5.196684,-2.838784,2.3579,0.935298123826788,3.3298704173824767
12710,COc1cc2cc(C(=O)O)[nH]c2c(C=Cc2c(OC(C)=O)ncc3nonc23)c1OC,-5.709756,-3.016341,2.693415,0.9550805408041524,3.3322029078464297
12714,COc1cc(-c2c(OC)c(OC)cc3cc[nH]c23)s:C:1c1c(C(F)(F)F)ccc2nccnc12,-5.151407,-2.324635,2.826772,0.5086734378682851,3.1160008039614784
12716,COc1cc2cc(-c3cc(OC):C(c4scc5ncc(F)nc45):s3)n(C)c2cc1OC,-4.632034,-2.246351,2.385684,0.893102172152209,3.251511570735264
12722,COc1cc2c(ccn2C)c(C=Cc2occ3nc(O)cnc23)c1OC,-4.747055,-1.968654,2.778402,0.9888764128928524,3.4136731485073195
12725,COc1cc2cc[nH]c2c(C=Nc2c(Br)ccc3nccnc23)c1OC,-5.413073,-2.158801,3.254273,0.8443493755751204,3.0555457971559665
12728,COc1cc(-c2c(OC)c(OC)cc3cc[nH]c23)s:C:1c1c(S)ccc2nsnc12,-5.191274,-2.338859,2.852415,0.6937445501500519,3.297330562255186
12729,COc1cc2c:C(c3c(OC(C)=O)ccc4nonc34):n(C)c2cc1OC,-5.198203,-2.531078,2.667125,0.6114332422817376,2.749030415279316
12732,COc1cc2cc(-c3cc(OC):C(c4c(OC)ccc5nonc45):s3)n(C)c2cc1OC,-5.002759,-2.315009,2.68775,0.7342543103286199,2.9768821143316924
12733,COc1cc2c:C(c3occ4ncc(Br)nc34):n(C)c2cc1OC,-5.000108,-2.470299,2.529809,0.9999084068203103,3.0616570121348143
12735,COc1cc2[nH]ccc2:C(c2occ3ncc(S)nc23):c1OC,-5.125459,-2.005364,3.120095,0.7892891349753274,3.3699831296171894
12736,CNc1cnc2coc(C#Cc3c(OC)c(OC)cc4c3ccn4C)c2n1,-4.683167,-1.819471,2.863696,1.0,3.3862674203794807
12737,COc1cc2ccn(C)c2c(C#Cc2cccc3ncc(F)nc23)c1OC,-5.146419,-2.270337,2.876082,1.0,3.0572378499499084
12738,COc1cc2ccn(C)c2c(C=Nc2cc(F)cc3nccnc23)c1OC,-5.357427,-1.978188,3.379239,0.7190104743228904,3.0477145732266324
12741,COc1cc2cc(C(=O)O)n(C)c2c(C=Nc2c(S(=O)(=O)O)ccc3nccnc23)c1OC,-5.928196,-2.634567,3.293629,0.6455419883235649,3.1840084164885667
12743,COc1cc2cc(C(=O)O)n(C)c2c(C=Cc2cc(C=O)cc3nccnc23)c1OC,-5.449785,-2.595883,2.853901,0.841590010836748,3.113298398562611
12745,COc1cc(-c2c(OC)c(OC)cc3c2cc(C(=O)O)n3C)s:C:1c1c(C)ncc2nsnc12,-5.275529,-2.522469,2.75306,0.7019371351709403,3.2880677320991314
12747,CNc1cc2nsnc2c(N=Cc2c(OC)c(OC)cc3cc[nH]c23)n1,-5.280041,-2.469325,2.810716,0.9988847270418424,3.445508874079046
12748,COc1cc2cc(C(=O)O)n(C)c2:C(c2nc(S)cc3nonc23):c1OC,-5.789229,-2.823981,2.965248,0.3976086270352257,3.3578336541457148
12750,COc1cc2[nH]ccc2:C(c2scc3nc(OC(C)=O)cnc23):c1OC,-5.301726,-2.026346,3.275379,0.5627353682751487,3.084538844973016
12751,COc1cc2ccn(C)c2c(C=Cc2occ3ncc(S(=O)(=O)O)nc23)c1OC,-5.301307,-2.970391,2.330916,0.952499890643105,3.533796545452849
12753,COc1cc2c:C(c3cc(F)cc4nccnc34):n(C)c2cc1OC,-5.090209,-2.179049,2.911161,0.5937797007648817,2.551136393273067
12760,COc1cc2c(cc(C(=O)O)n2C):C(c2c(C(F)(F)F)ncc3nsnc23):c1OC,-5.782579,-3.014799,2.76778,0.3134253696129416,3.129482663132187
12763,COc1cc(-c2c(OC)c(OC)cc3[nH]ccc23)s:C:1c1c(O)ccc2nccnc12,-4.985204,-1.656439,3.328765,0.7736666092961406,2.962528249842673
12767,COc1cc2cc[nH]c2c(C=Nc2nc(Br)cc3nonc23)c1OC,-5.758427,-3.095916,2.662511,0.9909931948984418,3.45088777463818
12771,COc1cc2cc[nH]c2:C(c2c(C#N)ccc3nsnc23):c1OC,-5.24916,-2.873385,2.375774,0.4622840589678541,2.9678816334214577
12774,COc1cc2c(ccn2C):C(c2occ3ncc(O)nc23):c1OC,-5.035128,-1.833456,3.201673,0.7267364814550182,3.2418871026325515
12776,COc1cc2cc(C(=O)O)n(C)c2c(C=Nc2cc(S(=O)(=O)O)cc3nonc23)c1OC,-5.856065,-3.055318,2.800748,0.8972244447220692,3.3045926864518806
12779,COc1cc(-c2c(OC)c(OC)cc3ccn(C)c23)s:C:1c1c(OC)ccc2nccnc12,-5.016313,-1.778565,3.237748,0.3617201753339928,3.0024181321411643
12784,COc1cc2cc(C(=O)O)[nH]c2c(C=Nc2scc3sc(=S)sc23)c1OC,-5.721171,-2.481198,3.239973,0.9953238838623464,3.547279403133569
12796,COc1cc2ccn(C)c2c(C=Nc2scc3nc(C=O)cnc23)c1OC,-5.304753,-2.789229,2.515524,0.9218801372904488,3.430213674125733
12799,COc1cc2cc[nH]c2:C(c2cccc3nc(NC(C)=O)cnc23):c1OC,-5.121898,-1.957989,3.163909,0.6599948708786706,2.686770517282577
12805,COc1cc2[nH]c(C(=O)O)cc2:C(c2cc(S)cc3nonc23):c1OC,-5.720847,-2.371151,3.349696,0.6180494663588386,3.090398930981048
12818,COc1cc2[nH]c(C(=O)O)cc2c(C=Nc2occ3ncc(C=O)nc23)c1OC,-5.485517,-2.92922,2.556297,0.9999279853551364,3.46924221983267
12819,COc1cc2cc[nH]c2c(C=Nc2nccc3nonc23)c1OC,-5.620396,-2.84162,2.778776,0.9939299741039904,3.197023353440567
12826,COc1cc2ccn(C)c2:C(c2nc(S(=O)(=O)O)cc3nonc23):c1OC,-5.691681,-3.312387,2.379294,0.4883566115407254,3.24950873106879
12828,COc1cc2[nH]ccc2:C(c2scc3nc(F)cnc23):c1OC,-5.271757,-2.106319,3.165438,0.4238594525923493,3.1121006121346726
12835,COc1cc2cc[nH]c2c(C=Cc2scc3ncc(S)nc23)c1OC,-4.989896,-2.380191,2.609705,0.9660499831040552,3.569466620792027
12842,CNc1ccc2nonc2c1C1:sc(-c2c(OC)c(OC)cc3[nH]ccc23)cc:1OC,-4.956672,-1.867257,3.089415,0.6783389919562591,3.12493896721519
12847,COc1cc2[nH]ccc2c(C#Cc2c(OC)ccc3nsnc23)c1OC,-5.132058,-2.145505,2.986553,1.0,3.008745797155968
12849,COc1cc2cc[nH]c2c(C=Cc2c(OC(C)=O)ccc3nonc23)c1OC,-5.365781,-2.507578,2.858203,0.9551976502161984,3.056648890816509
12850,COc1cc2cc(C(=O)O)n(C)c2c(C=Nc2nc(S(=O)(=O)O)cc3nsnc23)c1OC,-6.042488,-3.215511,2.826976,0.8622970253834419,3.5962760780602725
12852,COc1cc2cc(C(=O)O)n(C)c2c(C=Nc2scc3ncc(O)nc23)c1OC,-5.279279,-2.305642,2.973637,0.917222396353697,3.512336716393021
12857,COc1cc2cc(-c3cc(OC):C(c4c(C)ccc5nccnc45):s3)n(C)c2cc1OC,-4.877575,-1.814603,3.062972,0.6580258202113136,2.887464870037526
12858,COc1cc(C2:sc(-c3c(OC)c(OC)cc4c3cc(C(=O)O)n4C)cc:2OC)c2nonc2c1,-5.263612,-2.079855,3.183757,0.765386162960618,3.1427217550970195
12863,COc1cc2cc(-c3cc(OC):C(c4cccc5cc(C#N)ccc45):s3)n(C)c2cc1OC,-5.069612,-1.772564,3.297049,0.7090776768464253,2.756744646052784
12864,COc1cc(-c2c(OC)c(OC)cc3[nH]ccc23)s:C:1c1cccc2nc(C(F)(F)F)cnc12,-4.995395,-2.216188,2.779206,0.8782957360153716,3.048244073192248
12868,COc1cc2cc(C(=O)O)n(C)c2c(C#Cc2scc3nc(OC(C)=O)cnc23)c1OC,-5.207353,-2.472634,2.734719,1.0,3.4700938080830586
12872,COc1cc2ccn(C)c2c(C#Cc2scc3nc(O)cnc23)c1OC,-5.044381,-2.333126,2.711255,1.0,3.5089945622287333
12873,COc1cc(-c2c(OC)c(OC)cc3cc(C(=O)O)[nH]c23)s:C:1c1c(NC(C)=O)ccc2nonc12,-5.470303,-2.317447,3.152856,0.7564678112952686,3.193818495601916
12877,COc1cc2[nH]ccc2c(C=Nc2cncc3nonc23)c1OC,-5.391404,-2.74503,2.646375,0.9951760481188728,3.2006708259680403
12880,COc1cc2cc[nH]c2:C(c2c(OC(C)=O)ncc3nsnc23):c1OC,-5.205137,-2.810818,2.39432,0.3697320885112856,3.169947160981333
12881,COc1cc2ccn(C)c2c(C#Cc2scc3nc(O)cnc23)c1OC,-4.97566,-2.284239,2.691421,1.0,3.5089945622287333
12891,COc1cc2ccn(C)c2:C(c2cccc3ccc(C=O)cc23):c1OC,-5.330466,-1.742366,3.5881,0.1917653028544783,2.5223906121247825
12892,COc1cc(-c2c(OC)c(OC)cc3cc[nH]c23)s:C:1c1c(S(=O)(=O)O)ncc2nonc12,-5.478359,-3.275503,2.202857,0.7923815916569793,3.4588613927926604
12894,COc1cc2cc(C(=O)O)[nH]c2c(C=Nc2occ3ncc(Br)nc23)c1OC,-5.485972,-2.722212,2.763759,0.9999128161881368,3.506379307077463
12898,COc1cc2cc(-c3s:C(c4cc(C)cc5nonc45):cc3OC)n(C)c2cc1OC,-4.865054,-2.491173,2.373881,0.8566221304432853,2.996243563742258
12899,COc1cc2cc(-c3s:C(c4cccc5ncc(S)nc45):cc3OC)n(C)c2cc1OC,-4.761799,-2.198383,2.563416,0.7904742691016693,3.086774929209123
12904,COc1cc2c(ccn2C)c(C=Cc2c(C#N)ccc3nccnc23)c1OC,-5.193022,-2.454886,2.738136,0.9307387812086878,2.964703506201124
12909,COc1cc(C=Cc2c(OC)c(OC)cc3cc[nH]c23)c2nonc2c1,-5.306224,-2.284805,3.021418,0.9600533322000512,3.002780874079045
12910,COc1cc2cc[nH]c2c(C=Cc2cc(F)cc3nccnc23)c1OC,-5.235485,-2.206911,3.028573,0.9568904037113936,2.903361797155968
12914,COc1cc2cc(-c3s:C(c4scc5ncc(C(F)(F)F)nc45):cc3OC)n(C)c2cc1OC,-4.893302,-2.841512,2.051789,0.8638609939675661,3.2678508899938663
12916,COc1cc(-c2c(OC)c(OC)cc3[nH]ccc23)s:C:1c1scc2ncc(S(=O)(=O)O)nc12,-5.284796,-2.826076,2.45872,0.8287885146145582,3.427650970956432
12917,COc1cc2[nH]c(C(=O)O)cc2c(C=Cc2cc(C(F)(F)F)cc3nonc23)c1OC,-5.709035,-2.839658,2.869377,0.9831716322939544,3.091352004139071
12920,COc1cnc2coc(C3:sc(-c4cc5cc(OC)c(OC)cc5n4C)cc:3OC)c2n1,-4.676756,-1.854629,2.822127,0.831230095345268,3.220718969783933
12921,CNc1cc2nonc2c(C2:sc(-c3c(OC)c(OC)cc4cc(C(=O)O)[nH]c34)cc:2OC)n1,-5.269307,-2.333245,2.936063,0.8984681368110187,3.356230130884555
12924,COc1cc2cc(-c3s:C(c4scc5nc(F)cnc45):cc3OC)n(C)c2cc1OC,-4.84651,-2.627427,2.219083,0.859740914567164,3.272447584721279
12926,COc1cc2cc[nH]c2c(C=Nc2cccc3ncc(OC(C)=O)nc23)c1OC,-5.285704,-1.936873,3.348831,0.7762623144040091,3.079028776942912
12928,COc1cnc2coc(C3:sc(-c4cc5cc(OC)c(OC)cc5n4C)cc:3OC)c2n1,-4.517187,-1.85918,2.658008,0.8652726187649316,3.220718969783933
12933,COc1cc2c:C(c3scc4ncc(C(F)(F)F)nc34):n(C)c2cc1OC,-5.151617,-2.716443,2.435174,0.7920446336578886,2.9970065772226366
12934,COc1cc2c:C(c3cc(NC(C)=O)cc4nccnc34):n(C)c2cc1OC,-5.230755,-2.021488,3.209268,0.5676546232292031,2.570233834828194
12940,COc1cc2ccn(C)c2c(C=Cc2occ3ncc(S)nc23)c1OC,-4.857311,-2.215003,2.642308,0.9451304847308358,3.6127509031850735
12941,COc1cc2cc(C(=O)O)n(C)c2:C(c2cc(C=O)cc3nsnc23):c1OC,-5.691003,-2.933457,2.757545,0.1571769176319913,3.125335355313551
12944,COc1cc2[nH]c(C(=O)O)cc2c(C=Cc2scc3nc(C=O)cnc23)c1OC,-5.257552,-2.823596,2.433956,0.9854889820681554,3.3327410941291067
12946,COc1cc(-c2c(OC)c(OC)cc3cc(C(=O)O)[nH]c23)s:C:1c1c(S)ccc2nsnc12,-5.414629,-2.385106,3.029523,0.6869222920950135,3.3338321123956387
12947,COc1cc2c:C(c3cccc4nc(C)cnc34):n(C)c2cc1OC,-5.128253,-1.955363,3.17289,0.5663530644447451,2.449279405190726
12950,COc1cc2c(ccn2C):C(c2c(C)ccc3nsnc23):c1OC,-5.089204,-1.990178,3.099025,0.3513208621030815,2.726246152406308
12951,COc1cc2cc(C(=O)O)n(C)c2:C(c2c(C(F)(F)F)ccc3nccnc23):c1OC,-5.481939,-2.345944,3.135996,0.0009456083473885,2.929108228489275
12959,COc1cc2c(cc(C(=O)O)n2C):C(c2occ3nc(C(F)(F)F)cnc23):c1OC,-5.547515,-2.566143,2.981372,0.7791447041653303,3.194368779454888
12962,COc1cc2[nH]c(C(=O)O)cc2c(C=Nc2occ3ncc(Br)nc23)c1OC,-5.384336,-2.59649,2.787846,0.9992332553718112,3.4383140685185545
12965,COc1cc2c(ccn2C)c(C=Nc2occ3nc(O)cnc23)c1OC,-4.895988,-2.085578,2.81041,0.9993213210460674,3.5086820882162595
12966,COc1cc2[nH]ccc2c(C=Cc2occ3ncc(Br)nc23)c1OC,-4.958333,-2.353829,2.604505,0.989556943702113,3.339178159253565
12967,COc1cc(-c2c(OC)c(OC)cc3ccn(C)c23)s:C:1c1c(F)ncc2nonc12,-5.308693,-2.855451,2.453243,0.5473406694362233,3.351436745560441
12970,COc1cc(-c2c(OC)c(OC)cc3ccn(C)c23)s:C:1c1occ2nc(C)cnc12,-4.806582,-1.907421,2.899161,0.5547059740273135,3.315033948357642
12972,COc1cc2cc(C(=O)O)[nH]c2c(C=Nc2scc3nc(NC(C)=O)cnc23)c1OC,-5.307555,-2.49442,2.813135,0.9983821599314742,3.3183217407376766
12974,COc1cc2[nH]c(C(=O)O)cc2c(C=Cc2occ3nc(C=O)cnc23)c1OC,-5.249851,-2.791199,2.458652,0.9890488572811964,3.381852726399273
12976,COc1cc2cc(C(=O)O)n(C)c2c(C=Nc2cccc3ncc(F)nc23)c1OC,-5.575307,-2.055916,3.519391,0.7062815445287869,3.1535537030678604
12979,COc1cc2c(ccn2C)c(C#Cc2c(C(F)(F)F)ccc3nsnc23)c1OC,-5.188677,-2.644069,2.544607,1.0,3.1402033830596867
12988,COc1cc2c(ccn2C)c(C=Nc2c(O)ccc3nonc23)c1OC,-5.222302,-2.252198,2.970104,0.9851717106177382,3.077703709837881
12990,COc1cc(-c2c(OC)c(OC)cc3cc[nH]c23)s:C:1c1c(O)ncc2nsnc12,-4.978142,-2.632815,2.345328,0.7372402602798542,3.399803370841948
12991,CNc1cc2nsnc2c(C2:sc(-c3c(OC)c(OC)cc4[nH]c(C(=O)O)cc34)cc:2OC)n1,-5.05637,-2.155172,2.901198,0.8443267466641246,3.3417594578076324
12992,COc1cc2ccn(C)c2c(C=Nc2cccc3ncc(O)nc23)c1OC,-5.28832,-1.759543,3.528777,0.7429610173115573,3.1481998879119475
12997,COc1cc2[nH]ccc2c(C=Nc2cc(C)cc3nonc23)c1OC,-5.260868,-2.2376,3.023268,0.9837236307506964,3.0538473900227974
13001,COc1cc(-c2c(OC)c(OC)cc3c2ccn3C)s:C:1c1cccc2ncc(Br)nc12,-4.963583,-2.010298,2.953286,0.744130987735335,3.011882452455108
13003,COc1cc2cc[nH]c2c(C=Cc2cccc3nc(S)cnc23)c1OC,-5.222842,-2.162692,3.06015,0.9507058334935816,3.13508548946366
13006,COc1cc2ccn(C)c2c(C=Nc2cc(C)cc3nccnc23)c1OC,-5.237746,-1.781493,3.456253,0.7143910067413255,3.0039535342655936
13007,COc1cc2ccn(C)c2:C(c2occ3ncc(F)nc23):c1OC,-5.2762,-2.216192,3.060008,0.3831251194299567,3.251760632044318
13008,COc1cc(-c2c(OC)c(OC)cc3ccn(C)c23)s:C:1c1occ2nc(C)cnc12,-4.806548,-1.907409,2.89914,0.5546806983970719,3.315033948357642
13014,COc1cc2ccn(C)c2c(C=Nc2cc(Br)cc3nccnc23)c1OC,-5.386856,-2.10265,3.284206,0.7316378916885604,3.082410876922937
13016,COc1cc2cc(C(=O)O)[nH]c2:C(c2c(C(F)(F)F)ccc3nsnc23):c1OC,-5.623453,-2.784105,2.839348,0.2444638404734765,2.999707998444304
13017,CNc1cc2nsnc2c(C2:c(OC)c(OC)cc3c:2cc(C(=O)O)n3C)n1,-5.372266,-2.201293,3.170973,0.5708431066802481,3.100779734011775
13019,COc1cc(-c2c(OC)c(OC)cc3c2cc(C(=O)O)n3C)s:C:1c1scc2ncc(OC(C)=O)nc12,-4.83526,-2.205704,2.629556,0.9337596751874072,3.386974987935604
13020,COc1cc(C2:sc(-c3c(OC)c(OC)cc4c3ccn4C)cc:2OC)c2nsnc2c1,-4.776003,-1.900675,2.875328,0.8971548974269907,3.114085326504136
13026,COc1cc2[nH]c(C(=O)O)cc2c(C=Nc2nc(OC(C)=O)cc3nonc23)c1OC,-5.833366,-2.82357,3.009797,0.943193189229801,3.3938119264140685
13027,COc1cc2cc(-c3cc(OC):C(c4occ5nc(C=O)cnc45):s3)n(C)c2cc1OC,-4.730578,-2.637985,2.092592,0.898107482217452,3.3365884541457245
13033,COc1cc(-c2c(OC)c(OC)cc3ccn(C)c23)s:C:1c1c(OC)ncc2nsnc12,-5.143201,-2.602749,2.540453,0.4547172661142438,3.3249196460307626
13034,COc1cc2c(cc(C(=O)O)n2C)c(C#Cc2cc(NC(C)=O)cc3nsnc23)c1OC,-5.352682,-2.43965,2.913032,1.0,3.154370385438288
13035,COc1cc2cc(C(=O)O)[nH]c2:C(c2scc3nc(OC(C)=O)cnc23):c1OC,-5.399893,-2.538612,2.861281,0.9649853895255902,3.182863212119517
13037,COc1cc2cc[nH]c2c(C=Nc2c(F)ncc3nsnc23)c1OC,-5.457366,-2.943721,2.513645,0.988346885525667,3.419303159253565
13045,COc1cc(-c2c(OC)c(OC)cc3[nH]c(C(=O)O)cc23)s:C:1c1occ2nc(F)cnc12,-4.915067,-2.220153,2.694914,0.8921983454290299,3.406405313388195
13046,COc1cc(-c2c(OC)c(OC)cc3c2cc(C(=O)O)n3C)s:C:1c1c(Br)ccc2nccnc12,-5.188406,-2.081446,3.10696,0.5976408690314281,3.092081566713974
13050,COc1cc2[nH]c(C(=O)O)cc2:C(c2nc(C(F)(F)F)cc3nsnc23):c1OC,-5.883322,-2.983892,2.899429,0.6166830800441039,3.117213383059686
13061,COc1cc2ccn(C)c2:C(c2c(C#N)ccc3nsnc23):c1OC,-5.411984,-2.906379,2.505606,0.1898665891385212,2.9878928396435978
13062,COc1cc2c(ccn2C)c(C=Nc2cc(OC(C)=O)cc3nsnc23)c1OC,-5.176955,-2.225872,2.951083,0.9134720994595752,3.185862107262314
13065,COc1cc2[nH]ccc2c(C=Nc2occ3ncc(S(=O)(=O)O)nc23)c1OC,-5.483033,-2.998851,2.484182,0.9997898933569273,3.55408544144942
13067,COc1cc2[nH]ccc2:C(c2cc(OC(C)=O)cc3nccnc23):c1OC,-5.308226,-1.785111,3.523116,0.3777264704235739,2.694161126673187
13072,COc1cc2[nH]ccc2c(C=Cc2cc(NC(C)=O)cc3nccnc23)c1OC,-5.314158,-1.812945,3.501213,0.8169818209874501,2.843755931715849
13073,COc1cc2c(cc(C(=O)O)n2C):C(c2c(S(=O)(=O)O)ccc3nccnc23):c1OC,-5.687295,-2.460573,3.226722,0.2911174101465307,2.8262606266793195
13075,COc1cc2c(cc(C(=O)O)n2C):C(c2cccc3ncc(S(=O)(=O)O)nc23):c1OC,-5.99671,-2.683323,3.313387,0.6172350069223438,2.92262659953
13076,COc1cc(-c2c(OC)c(OC)cc3cc(C(=O)O)[nH]c23)s:C:1c1c(S(=O)(=O)O)ncc2nonc12,-5.698301,-3.350562,2.347739,0.7939340035584517,3.4965100325402254
13077,COc1cc(-c2c(OC)c(OC)cc3[nH]c(C(=O)O)cc23)s:C:1c1c(Br)ccc2nsnc12,-5.27528,-2.421785,2.853495,0.6660418120140545,3.1656891843559363
13078,COc1cc2ccn(C)c2:C(c2cccc3nc(C#N)cnc23):c1OC,-5.323888,-2.667346,2.656543,0.0341356683847463,2.829204541438713
13079,COc1cc2cc(C(=O)O)[nH]c2c(C=Cc2scc3ncc(F)nc23)c1OC,-5.219015,-2.543908,2.675106,0.980388583381962,3.380402091887591
13083,COc1cc2cc(C(=O)O)n(C)c2:C(c2c(C)ncc3nsnc23):c1OC,-5.588134,-2.693713,2.894421,0.1871382065278631,3.1181419618380213
13085,COc1cc(-c2c(OC)c(OC)cc3[nH]c(C(=O)O)cc23)s:C:1c1occ2nc(S)cnc12,-4.854638,-2.142957,2.71168,0.9228037532069704,3.554495139690925
13091,COc1cnc2c(N=Cc3c(OC)c(OC)cc4[nH]ccc34)scc2n1,-4.954017,-2.066525,2.887492,0.9864509072583576,3.2303304125405834
13093,COc1cc2cc[nH]c2:C(c2c(OC)ncc3nonc23):c1OC,-5.171479,-2.69275,2.478729,0.582074293809595,3.051281633421457
13095,COc1cc2cc(-c3s:C(c4occ5nccnc45):cc3OC)n(C)c2cc1OC,-4.744619,-2.42683,2.317789,0.8568763232302765,3.143950598033361
13096,COc1cc(-c2c(OC)c(OC)cc3cc[nH]c23)s:C:1c1cccc2ncc(C=O)nc12,-5.103881,-2.567299,2.536582,0.901576009886288,3.0929975283491142
13099,COc1cc2c(ccn2C)c(C=Cc2c(C=O)ccc3nsnc23)c1OC,-5.339415,-2.644321,2.695095,0.8904097938893483,3.113672615184674
13100,COc1cc(-c2c(OC)c(OC)cc3cc(C(=O)O)[nH]c23)s:C:1c1occ2nccnc12,-4.885832,-2.211455,2.674377,0.8982484634409456,3.2826097559208733
13103,COc1cc2ccn(C)c2c(C2:c(C#N)ccc3nsnc:23)c1OC,-5.309894,-2.831358,2.478536,0.2228435693338913,2.9878928396435978
13107,COc1cc2c:C(c3scc4nc(C(F)(F)F)cnc34):n(C)c2cc1OC,-5.368726,-2.744594,2.624131,0.7491295240249664,3.0112662695303296
13113,COc1cc(-c2c(OC)c(OC)cc3[nH]ccc23)s:C:1c1occ2ncc(O)nc12,-4.543183,-1.846252,2.696931,0.9306370542252396,3.4187065908777257
13114,COc1cc2[nH]c(C(=O)O)cc2c(C=Cc2nc(NC(C)=O)cc3nonc23)c1OC,-5.653752,-2.739661,2.91409,0.9920029385686344,3.2041164356978893
13115,CNc1cnc2c(C=Cc3c(OC)c(OC)cc4c3ccn4C)scc2n1,-4.573804,-1.858848,2.714956,0.9854191429350336,3.243128759040818
13118,COc1cc2cc[nH]c2c(N=Cc2occ3ncc(S(=O)(=O)O)nc23)c1OC,-5.25017,-3.086856,2.163314,0.9911403295700608,3.669176775431893
13122,COc1cc2cc(C(=O)O)[nH]c2c(N=Cc2occ3nccnc23)c1OC,-5.298777,-2.645279,2.653498,0.971754065558254,3.3778572305692904
13125,CNc1cnc2c(C3:sc(-c4cc5cc(OC)c(OC)cc5n4C)cc:3OC)occ2n1,-4.394196,-1.779531,2.614666,0.8834354626096564,3.274364447383256
13127,COc1cc2cc(-c3s:C(c4c(OC)ccc5nsnc45):cc3OC)n(C)c2cc1OC,-4.62911,-2.426784,2.202326,0.8570844667193058,2.983423280857476
13128,COc1cc2c:C(c3c(C#N)ccc4ccccc34):n(C)c2cc1OC,-5.406186,-1.917459,3.488727,0.4267230735837068,2.38538291981709
13129,COc1cc2c(ccn2C)c(C=Nc2cc(S(=O)(=O)O)cc3ccccc23)c1OC,-5.328509,-1.786992,3.541517,0.8712645118437019,2.7845932635074213
13131,COc1cc2cc(-c3cc(OC):C(c4occ5ncc(Br)nc45):s3)n(C)c2cc1OC,-4.69057,-2.331563,2.359007,0.898385894825825,3.298857549756243
13133,COc1cc2c:C(c3c(C=O)ccc4c3SCS4):n(C)c2cc1OC,-5.256362,-1.79684,3.459522,0.4127727147707418,3.198771712883034
13134,COc1cc2[nH]ccc2c(C=Cc2scc3nc(O)cnc23)c1OC,-4.799431,-2.082239,2.717192,0.985091029756253,3.360260851561258
13136,COc1cc(-c2c(OC)c(OC)cc3cc(C(=O)O)[nH]c23)s:C:1c1occ2nc(C=O)cnc12,-5.096287,-2.724358,2.371929,0.8963883241156464,3.4744041693460934
13139,COc1cc2[nH]c(C(=O)O)cc2:C(c2scc3ncc(S)nc23):c1OC,-5.511047,-2.187766,3.323281,0.6341484014846942,3.3074023029515427
13141,COc1cc2c(cc(C(=O)O)n2C)c(C=Nc2scc3nc(F)cnc23)c1OC,-5.349985,-2.555074,2.794911,0.9925401641042242,3.3877144941708
13142,COc1cc2ccn(C)c2c(C=Nc2cc(NC(C)=O)cc3nccnc23)c1OC,-5.295116,-1.808373,3.486743,0.7182183529793201,3.028006883416923
13150,COc1cc2[nH]c(C(=O)O)cc2:C(c2scc3ncc(C(F)(F)F)nc23):c1OC,-5.739597,-2.546001,3.193597,0.6057520781061093,3.102420498444303
13151,COc1cc2cc(C(=O)O)n(C)c2c(C=Nc2cc(C(F)(F)F)cc3nonc23)c1OC,-5.774957,-2.871694,2.903263,0.9133356068887116,3.281176952186147
13158,COc1cc(-c2c(OC)c(OC)cc3c2cc(C(=O)O)n3C)s:C:1c1c(S(=O)(=O)O)ncc2nonc12,-5.603311,-3.268229,2.335082,0.7997870049049974,3.475658483081236
13160,COc1cc2ccn(C)c2:C(c2c(S(=O)(=O)O)ccc3nonc23):c1OC,-5.651058,-2.982186,2.668872,0.2488892113378303,2.9797321156841754
13166,CNc1cnc2coc(C3:c(OC)c(OC)cc4ccn(C)c:34)c2n1,-4.956453,-1.676978,3.279475,0.3567381540450298,3.192051452861365
13172,COc1cc2cc(C(=O)O)[nH]c2c(C=Nc2nccc3nonc23)c1OC,-5.89907,-2.94272,2.95635,0.9812721685103808,3.2099519358639963
13175,COc1cc2[nH]c(C(=O)O)cc2c(C=Cc2nc(OC(C)=O)cc3nsnc23)c1OC,-5.502562,-2.731401,2.77116,0.9901934484361568,3.331652244716455
13176,COc1cc2cc(C(=O)O)n(C)c2:C(c2cc(S)cc3nsnc23):c1OC,-5.61803,-2.430346,3.187685,0.1463150641044594,3.2783751926072515
13177,COc1cc2cc(C(=O)O)[nH]c2c(C=Nc2scc3nc(F)cnc23)c1OC,-5.509078,-2.703021,2.806056,0.9992120996822988,3.4330472720239094
13178,COc1cnc2coc(C#Cc3c(OC)c(OC)cc4cc[nH]c34)c2n1,-4.988024,-2.021462,2.966562,1.0,3.389727335617507
13180,COc1cc2c(cc(C(=O)O)n2C)c(C=Nc2cncc3nonc23)c1OC,-5.667276,-2.895077,2.772199,0.9958647257466092,3.2430955680317
13181,CNc1cnc2csc(C=Cc3c(OC)c(OC)cc4[nH]ccc34)c2n1,-4.522413,-1.825859,2.696554,0.9813389492139132,3.243225797155969
13184,COc1cc2c(cc(C(=O)O)n2C)c(C=Nc2cc(F)cc3nccnc23)c1OC,-5.56784,-2.089977,3.477862,0.8454785592214484,3.046672933837092
13186,COc1cc2[nH]ccc2:C(c2c(OC)ncc3nsnc23):c1OC,-5.066467,-2.446335,2.620132,0.3253206762831818,2.9562207638562388
13189,COc1cc2[nH]ccc2c(C=Nc2scc3sc(=S)sc23)c1OC,-5.333382,-2.173692,3.15969,0.9973593526730624,3.4866307973010544
13190,CNc1cc(N=Cc2c(OC)c(OC)cc3c2ccn3C)c2nsnc2c1,-5.041283,-1.861856,3.179427,0.9338865833206252,3.2228756121876714
13194,COc1cc2cc[nH]c2:C(c2c(NC(C)=O)ncc3nonc23):c1OC,-5.642107,-2.794123,2.847984,0.6315829429742916,3.069360466594638
13195,COc1cc(-c2c(OC)c(OC)cc3ccn(C)c23)s:C:1c1occ2nc(C(F)(F)F)cnc12,-5.197304,-2.398439,2.798865,0.5308172085181478,3.443835505378482
13199,COc1cc(-c2c(OC)c(OC)cc3[nH]c(C(=O)O)cc23)s:C:1c1c(F)ncc2nonc12,-5.394476,-2.837017,2.557459,0.8234108932361506,3.3128782662417926
13200,COc1cc2c(ccn2C):C(c2occ3nc(O)cnc23):c1OC,-4.944178,-1.761268,3.18291,0.7588991863081237,3.2360818990126425
13201,COc1cc2nonc2c(C2:sc(-c3c(OC)c(OC)cc4cc(C(=O)O)[nH]c34)cc:2OC)n1,-5.432912,-2.590248,2.842664,0.8996218493474456,3.321694073192248
13208,COc1cc(-c2c(OC)c(OC)cc3cc(C(=O)O)[nH]c23)s:C:1c1cccc2ncc(Br)nc12,-5.179749,-2.258381,2.921368,0.8980687661116834,3.105161861653785
13209,COc1cc2ccn(C)c2c(C=Cc2c(C=O)ccc3c2SCS3)c1OC,-5.217926,-1.746011,3.471914,0.7896697954321454,3.501413474325533
13215,COc1cc2c(ccn2C)c(C=Nc2scc3ncc(O)nc23)c1OC,-4.940865,-2.096721,2.844143,0.997468764879152,3.4097793855135565
13217,COc1cc2ccn(C)c2:C(c2occ3nc(Br)cnc23):c1OC,-5.365263,-2.368472,2.996791,0.3989335654333861,3.253613573220788
13219,COc1cc2ccn(C)c2:C(c2c(C)ccc3nccnc23):c1OC,-5.113042,-1.843777,3.269265,0.2120795390291066,2.69143303465985
13220,COc1cc2c(ccn2C):C(c2cccc3ccc(S(=O)(=O)O)cc23):c1OC,-5.353547,-1.503372,3.850174,0.4734169664847644,2.446635947029528
13221,COc1cc2[nH]c(C(=O)O)cc2c(C=Cc2c(OC(C)=O)ncc3nonc23)c1OC,-5.826142,-2.884817,2.941325,0.851722365110342,3.270396541798684
13223,COc1cc2ccn(C)c2c(C=Cc2scc3nc(NC(C)=O)cnc23)c1OC,-4.802137,-2.230814,2.571323,0.9478079864235291,3.253402632590644
13227,COc1cc(-c2c(OC)c(OC)cc3c2cc(C(=O)O)n3C)s:C:1c1c(S(=O)(=O)O)ncc2nonc12,-5.603494,-3.269411,2.334083,0.8005252885809597,3.475658483081236
13230,CNc1cnc2c(C3:c(OC)c(OC)cc4cc[nH]c:34)occ2n1,-4.791008,-1.975195,2.815813,0.963866361685164,3.1730876534883468
13231,COc1cc2ccn(C)c2c(C=Cc2cc(O)cc3nccnc23)c1OC,-5.089715,-2.003665,3.08605,0.8258442225943368,2.9801471406592004
13234,COc1cc2cc(C(=O)O)n(C)c2c(C=Cc2nc(NC(C)=O)cc3nonc23)c1OC,-5.631095,-2.758815,2.87228,0.9435812689764148,3.3021881901055306
13236,COc1cc2[nH]ccc2c(C#Cc2c(C)ccc3nsnc23)c1OC,-5.065123,-2.215271,2.849851,1.0,3.040357005407412
13238,COc1cc2ccn(C)c2c(C=Cc2occ3nc(O)cnc23)c1OC,-4.837168,-2.052939,2.78423,0.9485842390462816,3.486631152665324
13240,COc1cc2cc(C(=O)O)[nH]c2:C(c2cc(S(=O)(=O)O)cc3nonc23):c1OC,-5.91376,-3.148653,2.765108,0.7465364475743593,2.9941764599827643
13241,COc1cc2cc[nH]c2c(C=Cc2cccc3ncc(F)nc23)c1OC,-5.170439,-2.192825,2.977615,0.9429226994425456,2.9339728740790445
13249,COc1cc2cc(-c3cc(OC):C(c4cc(S(=O)(=O)O)cc5nccnc45):s3)n(C)c2cc1OC,-5.049479,-2.48572,2.563759,0.9158469377523644,3.05013902354286
13251,COc1cc2cc(C(=O)O)n(C)c2c(C=Nc2occ3nc(NC(C)=O)cnc23)c1OC,-5.147456,-2.304103,2.843353,0.945805380549207,3.440078769189368
13253,COc1cc2cc(-c3cc(OC):C(c4c(NC(C)=O)ncc5nonc45):s3)n(C)c2cc1OC,-5.13674,-2.678484,2.458256,0.7495399081470601,3.2191993616537857
13254,COc1cnc2c(N=Cc3c(OC)c(OC)cc4c3ccn4C)cccc2n1,-5.074807,-1.57277,3.502038,0.8684684515923802,2.926737352354971
13256,COc1cc2[nH]c(C(=O)O)cc2c(C=Cc2cccc3ncc(C(F)(F)F)nc23)c1OC,-5.46168,-2.451772,3.009908,0.9651701354676026,2.9348777320242867
13259,COc1cc2[nH]ccc2:C(c2cc(F)cc3nonc23):c1OC,-5.382307,-2.224442,3.157864,0.4567947643201076,2.7552705422046024
13261,COc1cc2c(ccn2C):C(c2scc3nc(OC(C)=O)cnc23):c1OC,-5.224974,-2.008658,3.216316,0.5650125255039604,3.101271103538428
13266,COc1cc2[nH]ccc2:C(c2c(S(=O)(=O)O)ncc3nonc23):c1OC,-5.662944,-3.379634,2.28331,0.3494733937578117,3.140603567440478
13268,COc1cc(-c2c(OC)c(OC)cc3ccn(C)c23)s:C:1c1cccc2nccnc12,-5.106929,-1.89917,3.207759,0.5645420040178557,2.9186810588314387
13269,COc1cc2[nH]c(C(=O)O)cc2c(C=Nc2c(S)ncc3nonc23)c1OC,-5.689885,-2.922403,2.767482,0.965804319989172,3.4488143606315047
13270,COc1cc2c(ccn2C)c(C#Cc2cccc3ncc(O)nc23)c1OC,-5.047659,-1.829151,3.218508,1.0,3.052634453346512
13274,COc1cc2[nH]ccc2:C(c2nc(S)cc3nsnc23):c1OC,-5.499058,-2.58512,2.913938,0.5401669184362868,3.291320192554253
13277,COc1cc2c(ccn2C):C(c2nc(NC(C)=O)cc3nonc23):c1OC,-5.336199,-2.392673,2.943526,0.6329315859945337,2.9570579456436885
13281,COc1cc2c(ccn2C)c(C=Nc2c(S(=O)(=O)O)ncc3nonc23)c1OC,-5.675799,-3.413497,2.262303,0.962381599905346,3.402058083914389
13283,COc1cc(-c2c(OC)c(OC)cc3[nH]ccc23)s:C:1c1cc(NC(C)=O)cc2nccnc12,-4.953238,-1.690827,3.262411,0.7419200702398911,2.991256905269964
13284,COc1cc2[nH]ccc2:C(c2c(OC)ccc3nccnc23):c1OC,-5.166018,-1.634832,3.531186,0.079181945522205,2.5288666207920265
13295,COc1cc2ccn(C)c2c(C=Nc2c(O)ccc3nonc23)c1OC,-5.364825,-2.398364,2.96646,0.9085689524278512,3.150661713995886
13296,COc1cc2c(cc(C(=O)O)n2C)c(C=Cc2c(O)ccc3nsnc23)c1OC,-5.565213,-1.976252,3.588961,0.4739177119249692,3.084849536905841
13298,COc1cc2cc(-c3s:C(c4nc(F)cc5nonc45):cc3OC)n(C)c2cc1OC,-5.150271,-3.050882,2.099389,0.8781053268040361,3.215816815490509
13299,COc1cc2cc(-c3s:C(c4occ5ncc(S(=O)(=O)O)nc45):cc3OC)n(C)c2cc1OC,-5.165467,-3.114023,2.051444,0.8606286226533978,3.448531537767145
13301,COc1cc2[nH]ccc2c(C=Cc2occ3nc(C(F)(F)F)cnc23)c1OC,-5.076062,-2.514697,2.561366,0.990427670384671,3.3260936206120304
13303,CNc1cc2nsnc2c(C2:sc(-c3c(OC)c(OC)cc4cc(C(=O)O)[nH]c34)cc:2OC)n1,-5.159634,-2.2757,2.883934,0.8488983932173617,3.393346477038401
13306,COc1cc(-c2c(OC)c(OC)cc3cc[nH]c23)s:C:1c1c(NC(C)=O)ccc2nonc12,-5.265147,-2.258745,3.006402,0.7600075385533727,3.1330153498171054
13307,COc1cc2c:C(c3c(S(=O)(=O)O)ccc4nsnc34):n(C)c2cc1OC,-5.833102,-3.088878,2.744224,0.5702312919594221,2.835606577222636
13308,COc1cc2cc[nH]c2c(C=Cc2cc(C(F)(F)F)cc3nccnc23)c1OC,-5.358831,-2.431238,2.927593,0.9552195972594127,2.971589499382389
13310,COc1cc2cc[nH]c2c(C=Cc2occ3nc(O)cnc23)c1OC,-4.903451,-2.103079,2.800372,0.9819253985596336,3.495776236176642
13312,COc1cc2c(ccn2C)c(N=Cc2scc3ncc(C)nc23)c1OC,-4.927938,-2.344154,2.583785,0.9037836904266274,3.265246121480292
13313,CNc1cnc2csc(N=Cc3c(OC)c(OC)cc4c3ccn4C)c2n1,-4.660958,-1.881375,2.779583,0.99800059971167,3.290924962837022
13314,COc1cnc2coc(C3:cc(OC)c(-c4cc5cc(OC)c(OC)cc5n4C)s:3)c2n1,-4.658735,-2.14649,2.512245,0.8523004951260993,3.2302804237146177
13318,COc1cc(-c2c(OC)c(OC)cc3cc[nH]c23)s:C:1c1c(OC(C)=O)ncc2nonc12,-5.26964,-2.795506,2.474135,0.758262371061247,3.377027297443947
13321,COc1cc2cc(-c3s:C(c4cccc5ncc(O)nc45):cc3OC)n(C)c2cc1OC,-4.79437,-2.045139,2.749231,0.7855559057206678,2.98855396555739
13322,COc1cc2cc(C(=O)O)[nH]c2c(N=Cc2scc3ncc(C#N)nc23)c1OC,-5.576858,-3.292243,2.284615,0.9779127755412576,3.4797146400953345
13325,COc1cnc2c(C3:sc(-c4c(OC)c(OC)cc5cc[nH]c45)cc:3OC)scc2n1,-4.720545,-1.982704,2.737841,0.9057218647760076,3.2763676621157938
13326,COc1cc2cc(-c3cc(OC):C(c4c(C=O)ccc5nccnc45):s3)n(C)c2cc1OC,-4.995309,-2.369749,2.62556,0.7248149197741693,3.019675742615796
13329,COc1cc2c(ccn2C)c(C=Nc2occ3ncc(C(F)(F)F)nc23)c1OC,-5.215333,-2.568353,2.646981,0.9999136214613404,3.405174323230627
13330,COc1cc2cc(C(=O)O)[nH]c2c(C=Cc2occ3nc(F)cnc23)c1OC,-5.260353,-2.496673,2.76368,0.9826781968227328,3.4416914784503945
13333,COc1cc2ccn(C)c2c(N=Cc2c(F)ncc3nonc23)c1OC,-5.217231,-3.166107,2.051124,0.9329997344727174,3.3855186786528506
13340,COc1cc(-c2c(OC)c(OC)cc3ccn(C)c23)s:C:1c1c(S)ncc2nsnc12,-5.350094,-2.708167,2.641926,0.3594580574855593,3.5089131441618377
13342,CNc1ncc2nonc2c1C1:c(OC)c(OC)cc2ccn(C)c:12,-5.327643,-2.435867,2.891777,0.1496657797256558,3.146725775721605
13345,COc1cc2c(ccn2C)c(C=Nc2c(OC)ccc3nccnc23)c1OC,-5.094886,-1.588537,3.506349,0.81285024870168,2.8951802369703543
13347,CNc1cc2nonc2c(C#Cc2c(OC)c(OC)cc3cc(C(=O)O)[nH]c23)n1,-5.661774,-2.627911,3.033864,1.0,3.325698129776386
13350,COc1cc2cc(-c3cc(OC):C(c4cc(S(=O)(=O)O)cc5nonc45):s3)n(C)c2cc1OC,-5.20634,-2.82444,2.381901,0.9238252003463892,3.139212833313705
13352,COc1cc(-c2c(OC)c(OC)cc3[nH]ccc23)s:C:1c1scc2nc(O)cnc12,-4.612251,-1.91468,2.697571,0.8970960953665764,3.352813388731035
13354,COc1cc2[nH]c(C(=O)O)cc2:C(c2c(S)ncc3nsnc23):c1OC,-5.612588,-2.722446,2.890142,0.2043837748855915,3.2168275927302563
13355,CNc1ccc2nsnc2c1C1:c(OC)c(OC)cc2ccn(C)c:12,-5.116405,-1.945992,3.170413,0.2118697631983063,2.955914074746524
13360,COc1cc2cc(C(=O)O)[nH]c2:C(c2cccc3nonc23):c1OC,-5.694261,-2.576937,3.117324,0.7519003220196139,2.719921008657684
13361,COc1cc(-c2c(OC)c(OC)cc3c2ccn3C)s:C:1c1c(F)ncc2nsnc12,-4.963215,-2.629067,2.334149,0.7768182850431855,3.3070598224835166
13362,COc1cc2[nH]ccc2:C(c2cc(S(=O)(=O)O)cc3ccccc23):c1OC,-5.509561,-1.540677,3.968884,0.3728450797392769,2.425438512445309
13367,COc1cc2c(ccn2C):C(c2cc(NC(C)=O)cc3nsnc23):c1OC,-5.140367,-1.991727,3.14864,0.584454558382213,2.817725556979722
13368,COc1cc(-c2c(OC)c(OC)cc3c2ccn3C)s:C:1c1cc(O)cc2nccnc12,-4.851047,-1.783512,3.067535,0.889822877262539,3.0625532893105607
13369,COc1cc2[nH]c(C(=O)O)cc2c(C=Nc2occ3nc(C#N)cnc23)c1OC,-5.590943,-2.969845,2.621099,0.999923688248314,3.470895315517473
13370,COc1cc2c(cc(C(=O)O)n2C)c(C=Cc2c(OC(C)=O)ncc3nsnc23)c1OC,-5.439333,-2.79833,2.641004,0.952186572113793,3.3302943266656
13375,COc1cc2c(ccn2C)c(C#Cc2scc3nc(F)cnc23)c1OC,-5.043315,-2.387009,2.656306,1.0,3.3898933148274875
13378,COc1cc2c(cc(C(=O)O)n2C)c(C=Cc2cc(C=O)cc3nccnc23)c1OC,-5.304838,-2.452317,2.852521,0.980759573860317,3.043472403867648
13380,COc1cc2ccn(C)c2:C(c2c(C)ncc3nsnc23):c1OC,-5.281148,-2.626013,2.655135,0.2314546463845114,3.06118054154658
13383,COc1cc2cc(-c3cc(OC):C(c4cccc5ncc(O)nc45):s3)n(C)c2cc1OC,-4.747686,-1.757687,2.99,0.6567237891938931,3.012331311288582
13392,COc1cc(-c2c(OC)c(OC)cc3c2ccn3C)s:C:1c1scc2ncc(O)nc12,-4.618016,-1.923126,2.69489,0.8960735654413623,3.373480451854145
13393,COc1cc2[nH]c(C(=O)O)cc2:C(c2nc(O)cc3nsnc23):c1OC,-5.837561,-2.602472,3.23509,0.5994063247319675,3.1434884989473293
13396,COc1cc2c(ccn2C)c(C#Cc2occ3ncc(O)nc23)c1OC,-4.868017,-2.00523,2.862787,1.0,3.5089870778212484
13402,COc1cc2nonc2c(C2:c(OC)c(OC)cc3[nH]ccc:23)n1,-5.364282,-2.397688,2.966594,0.6399399601045075,2.9425511986388475
13407,CNc1ncc2nonc2c1C1:c(OC)c(OC)cc2ccn(C)c:12,-5.327646,-2.435876,2.89177,0.1496991291820534,3.146725775721605
13408,COc1cc2c(ccn2C)c(C=Nc2nc(S(=O)(=O)O)cc3nsnc23)c1OC,-5.653721,-3.086532,2.567189,0.8953680326844375,3.491801673657978
13411,COc1cc(C=Cc2c(OC)c(OC)cc3[nH]ccc23)c2nsnc2c1,-5.03071,-2.055158,2.975552,0.9515647892402536,2.9577642586944304
13413,COc1cc2[nH]ccc2c(C=Nc2c(OC)ccc3nsnc23)c1OC,-5.122951,-1.980148,3.142803,0.8707287987682397,3.025047335617507
13414,COc1cc2ccn(C)c2:C(c2cc(S)cc3nsnc23):c1OC,-5.258714,-2.358656,2.900058,0.1672020503383291,3.237908369600879
13415,COc1cc2cc(C(=O)O)n(C)c2c(C=Cc2cc(Br)cc3nccnc23)c1OC,-5.414986,-2.320558,3.094428,0.8443582534230943,3.010119087683245
13420,COc1cc2c(ccn2C):C(c2cc(S)cc3nsnc23):c1OC,-5.16563,-2.148618,3.017012,0.5714197173472696,3.1391567858904708
13423,COc1cc2ccn(C)c2c(C=Nc2cc(C=O)cc3nccnc23)c1OC,-5.419968,-2.417004,3.002964,0.7308984690279328,3.1830746600472777
13426,COc1cc2cc(C(=O)O)n(C)c2:C(c2cc(C#N)cc3nccnc23):c1OC,-5.658521,-2.605322,3.053199,0.0517225283753738,2.9303657762220805
13428,COc1cc2cc(C(=O)O)[nH]c2:C(c2c(NC(C)=O)ccc3nsnc23):c1OC,-5.753732,-2.359306,3.394426,0.4832246265846591,2.9052307334870378
13431,COc1cc2c(cc(C(=O)O)n2C)c(C=Cc2c(OC(C)=O)ccc3nsnc23)c1OC,-5.337389,-2.408204,2.929185,0.9508359148321142,3.098928207391616
13432,COc1cc2c(cc(C(=O)O)n2C)c(C=Cc2cccc3nc(C(F)(F)F)cnc23)c1OC,-5.3999,-2.388522,3.011379,0.9647292316173904,2.988751780816548
13434,COc1cc2cc(C(=O)O)[nH]c2c(C#Cc2nc(C(F)(F)F)cc3nonc23)c1OC,-6.062391,-3.282539,2.779852,1.0,3.3643418073591054
13435,COc1cc2ccn(C)c2:C(c2c(C(F)(F)F)ccc3nonc23):c1OC,-5.345063,-2.72837,2.616693,0.1124248420409615,2.9655407310687902
13436,COc1cc2c(cc(C(=O)O)n2C)c(C=Nc2c(S)ccc3nonc23)c1OC,-5.517546,-2.535481,2.982065,0.9607124376150348,3.2954546651109693
13440,COc1cc2[nH]c(C(=O)O)cc2:C(c2occ3ncc(Br)nc23):c1OC,-5.484587,-2.357879,3.126708,0.7508402569333571,3.159246560064293
13441,CNc1ncc2nsnc2c1C1:c(OC)c(OC)cc2[nH]ccc:12,-5.026719,-2.174414,2.852305,0.4874634803392523,3.0362575531538987
13444,COc1cc2cc[nH]c2c(C=Nc2occ3ncc(S)nc23)c1OC,-5.138732,-2.402587,2.736145,0.9999791019751508,3.723047390022797
13450,COc1cc2c(ccn2C)c(C=Nc2cc(C=O)cc3nccnc23)c1OC,-5.28404,-2.296562,2.987478,0.8435912660890077,3.1155885062011235
13452,COc1cc(-c2c(OC)c(OC)cc3[nH]ccc23)s:C:1c1occ2ncc(F)nc12,-4.701608,-2.013012,2.688596,0.877414986992546,3.36249442629812
13458,COc1cc2ccn(C)c2c(C=Cc2c(C#N)ccc3ccccc23)c1OC,-5.255247,-1.944498,3.310749,0.5811528046902459,2.7495879292780465
13461,COc1cc2c:C(c3c(C)ccc4nonc34):n(C)c2cc1OC,-5.247126,-2.362313,2.884814,0.6077440638866527,2.660790496297709
13462,COc1cc2cc[nH]c2c(C=Nc2scc3nc(OC(C)=O)cnc23)c1OC,-5.21528,-2.447128,2.768152,0.9975157339229166,3.392181006201124
13467,COc1cc2c(cc(C(=O)O)n2C):C(c2c(C#N)ccc3nccnc23):c1OC,-5.726203,-2.480519,3.245684,0.357419262382294,2.797929878786184
13470,COc1cc2ccn(C)c2:C(c2occ3nc(S(=O)(=O)O)cnc23):c1OC,-5.560633,-2.995517,2.565116,0.4227893398874908,3.347526577222636
13474,COc1cc2ccn(C)c2:C(c2nc(S)cc3nsnc23):c1OC,-5.278581,-2.677134,2.601448,0.3810057208422191,3.3779459261619635
13481,COc1cc2cc(C(=O)O)n(C)c2:C(c2nc(NC(C)=O)cc3nsnc23):c1OC,-5.638074,-2.621602,3.016472,0.3126595603681614,3.1450037825064943
13488,COc1cc2[nH]c(C(=O)O)cc2c(C=Nc2occ3nc(S)cnc23)c1OC,-5.254006,-2.436215,2.817791,0.9993290660996564,3.636955548557502
13489,COc1cc(-c2c(OC)c(OC)cc3cc(C(=O)O)n(C)c23)s:C:1c1cccc2ncc(Br)nc12,-5.369784,-2.165941,3.203843,0.49814074184263,3.1591421632602845
13490,COc1cc2cc(C(=O)O)n(C)c2c(C=Cc2occ3nc(F)cnc23)c1OC,-5.182272,-2.415465,2.766807,0.9348374151228492,3.471143553999858
13492,COc1cc2[nH]ccc2:C(c2cccc3ccc(S(=O)(=O)O)cc23):c1OC,-5.445737,-1.521509,3.924228,0.4742779579664379,2.411273532688224
13494,COc1cc(-c2c(OC)c(OC)cc3cc(C(=O)O)[nH]c23)s:C:1c1c(OC(C)=O)ncc2nsnc12,-5.375743,-2.794245,2.581498,0.725438471152121,3.4367650302553816
13497,CNc1cc2nonc2c(C2:sc(-c3cc4cc(OC)c(OC)cc4n3C)cc:2OC)n1,-5.049328,-2.263265,2.786064,0.9214982379151486,3.2119213366478387
13498,COc1cc2cc(C(=O)O)n(C)c2c(C=Nc2scc3ncc(C=O)nc23)c1OC,-5.540657,-2.947403,2.593254,0.9174417872989142,3.471227329441488
13500,COc1cnc2c(C3:c(OC)c(OC)cc4ccn(C)c:34)scc2n1,-5.181977,-1.888887,3.29309,0.2753314937473861,3.0741075742048114
13501,COc1cc2cc(-c3s:C(c4nc(C)cc5nsnc45):cc3OC)n(C)c2cc1OC,-4.88053,-2.781784,2.098745,0.8696494234457209,3.127476780525474
13502,COc1cc2cc(-c3s:C(c4c(NC(C)=O)ccc5nccnc45):cc3OC)n(C)c2cc1OC,-5.05516,-2.043994,3.011165,0.5663139437756848,2.947939237614502
13505,COc1cc(-c2c(OC)c(OC)cc3cc(C(=O)O)[nH]c23)s:C:1c1scc2ncc(C(F)(F)F)nc12,-5.146934,-2.639009,2.507925,0.9427239530134915,3.399811263309456
13506,CNc1ncc2nsnc2c1C1:sc(-c2c(OC)c(OC)cc3cc(C(=O)O)[nH]c23)cc:1OC,-5.041415,-2.40201,2.639405,0.7377308153056203,3.4020709962691704
13510,COc1cc2cc[nH]c2c(C=Cc2cc(NC(C)=O)cc3nccnc23)c1OC,-5.0433,-2.038,3.0053,0.9392612565620524,2.912791520223728
13512,CNc1ncc2nonc2c1C=Cc1c(OC)c(OC)cc2cc[nH]c12,-4.948516,-2.575993,2.372523,0.9556202121836734,3.2756645663867374
13513,CNc1ncc2nonc2c1C=Nc1c(OC)c(OC)cc2c1ccn2C,-4.975127,-2.534179,2.440948,0.8946728578465266,3.3242852025972613
13516,COc1cc2cc(-c3s:C(c4cccc5nc(C)cnc45):cc3OC)n(C)c2cc1OC,-4.687072,-2.046292,2.640779,0.812202057081067,2.827891412725606
13518,COc1cc(-c2c(OC)c(OC)cc3cc[nH]c23)s:C:1c1c(C(F)(F)F)ncc2nonc12,-5.371702,-3.005232,2.36647,0.7642292270507134,3.37958546227157
13519,COc1cc2cc(-c3s:C(c4c(C)ccc5nonc45):cc3OC)n(C)c2cc1OC,-4.906785,-2.49687,2.409915,0.826337787249835,2.984361046259739
13520,COc1cc2cc(-c3cc(OC):C(c4scc5nc(OC(C)=O)cnc45):s3)n(C)c2cc1OC,-4.9007,-2.189862,2.710839,0.7316866879625397,3.273330611653786
13521,COc1cc2cc[nH]c2c(N=Cc2scc3ncc(F)nc23)c1OC,-5.121293,-2.634405,2.486888,0.97525671183553,3.478441620792027
13523,COc1cc2cc(C(=O)O)[nH]c2c(N=Cc2nc(C(F)(F)F)cc3nsnc23)c1OC,-5.765763,-3.279572,2.486191,0.978678063917563,3.507345206285761
13525,COc1cc2cc[nH]c2c(C=Nc2cccc3nc(S)cnc23)c1OC,-5.485585,-2.042718,3.442867,0.8542389857138908,3.2778688740790454
13527,COc1cc2cc(-c3cc(OC):C(c4cccc5nc(C(F)(F)F)cnc45):s3)n(C)c2cc1OC,-4.948594,-2.35798,2.590614,0.8688040000183002,3.01537246153344
13528,CNc1cnc2coc(C3:sc(-c4c(OC)c(OC)cc5cc[nH]c45)cc:3OC)c2n1,-4.406991,-1.768869,2.638122,0.9001587244888778,3.3840471781054235
13529,COc1cc2c:C(c3c(C)ccc4nonc34):n(C)c2cc1OC,-5.249457,-2.360576,2.888881,0.6036780893852175,2.660790496297709
13538,COc1cc2cc[nH]c2c(C=Cc2occ3nc(OC(C)=O)cnc23)c1OC,-4.965938,-2.247745,2.718193,0.9790076033930382,3.4007171600472788
13540,COc1cc2[nH]ccc2c(C#Cc2cc(C#N)cc3nccnc23)c1OC,-5.291041,-2.536212,2.75483,1.0,3.0429845417196777
13541,COc1cc2cc[nH]c2:C(c2c(C)ccc3nonc23):c1OC,-5.390786,-2.280809,3.109977,0.533693634554238,2.8115887240227853
13542,COc1cc2[nH]ccc2:C(c2c(S(=O)(=O)O)ccc3nsnc23):c1OC,-5.480614,-2.718995,2.761619,0.3249493815711581,2.858885548473145
13545,COc1cc2[nH]ccc2c(C=Cc2c(O)ccc3nonc23)c1OC,-5.336539,-1.884794,3.451744,0.4396541410606469,2.98478777463818
13556,COc1cc(-c2c(OC)c(OC)cc3cc[nH]c23)s:C:1c1nc(S(=O)(=O)O)cc2nonc12,-5.674762,-3.097328,2.577434,0.9108020488484496,3.4618956359688395
13558,COc1cc2ccn(C)c2c(C=Nc2cccc3nc(Br)cnc23)c1OC,-5.376699,-2.130143,3.246556,0.7187591732017926,3.089130757042815
13559,COc1cc2ccn(C)c2c(C=Nc2occ3nc(F)cnc23)c1OC,-5.176479,-2.445467,2.731012,0.9657122738033226,3.532656516490688
13560,COc1cc2c(cc(C(=O)O)n2C):C(c2c(OC(C)=O)ccc3nonc23):c1OC,-5.765039,-2.372161,3.392878,0.4926764445136546,2.8695353858429176
13563,COc1cc2[nH]ccc2c(C#Cc2c(C(F)(F)F)ncc3nsnc23)c1OC,-5.357462,-3.005432,2.35203,1.0,3.356264214575029
13564,COc1cc2ccn(C)c2:C(c2nc(S(=O)(=O)O)cc3nsnc23):c1OC,-5.547755,-3.244271,2.303484,0.4396012982266477,3.297017654145714
13565,COc1cc2cc[nH]c2:C(c2c(OC(C)=O)ccc3nsnc23):c1OC,-5.168231,-2.356995,2.811237,0.3213282799576901,2.8931924832266542
13577,COc1cc2cc(C(=O)O)n(C)c2c(C=Nc2cc(C=O)cc3nonc23)c1OC,-5.777386,-3.080182,2.697204,0.9198602127340944,3.3617174393315974
13580,COc1cc2c(cc(C(=O)O)n2C):C(c2c(NC(C)=O)ccc3nsnc23):c1OC,-5.644878,-2.144258,3.50062,0.4031902750435353,2.8450326981691454
13581,COc1cc(-c2c(OC)c(OC)cc3ccn(C)c23)s:C:1c1c(C(F)(F)F)ncc2nsnc12,-5.30713,-2.941157,2.365973,0.4682792327864512,3.418110809022208
13584,COc1cc2[nH]ccc2:C(c2nc(C)cc3nsnc23):c1OC,-5.368709,-2.40427,2.964439,0.6063294458097227,2.927541870875931
13587,CNc1ccc2nonc2c1C1:sc(-c2c(OC)c(OC)cc3cc[nH]c23)cc:1OC,-4.922806,-1.968497,2.954309,0.7492997555704475,3.1842969620293635
13591,COc1cc2ccn(C)c2:C(c2occ3ncc(S(=O)(=O)O)nc23):c1OC,-5.603607,-2.898985,2.704622,0.6205363692662326,3.369462577222637
13594,COc1cc2[nH]ccc2:C(c2occ3nc(O)cnc23):c1OC,-5.007142,-1.791239,3.215903,0.7466033421105132,3.228576136610198
13607,COc1cc(-c2c(OC)c(OC)cc3[nH]c(C(=O)O)cc23)s:C:1c1cc(S(=O)(=O)O)cc2nonc12,-5.533778,-2.795528,2.738251,0.830235069350861,3.238358186386379
13608,CNc1cc2nsnc2c(C2:c(OC)c(OC)cc3ccn(C)c:23)n1,-5.126181,-2.220322,2.905858,0.413466744986241,3.134564562287151
13609,COc1cc2[nH]c(C(=O)O)cc2:C(c2c(NC(C)=O)ccc3nsnc23):c1OC,-5.703083,-2.166034,3.537049,0.402548790310977,2.808574323230628
13610,COc1cc2c(ccn2C):C(c2cc(NC(C)=O)cc3nccnc23):c1OC,-5.099537,-1.743512,3.356025,0.2827136682171647,2.651596639112517
13612,COc1cc2c(ccn2C):C(c2cc(O)cc3nsnc23):c1OC,-5.142522,-1.970234,3.172288,0.5809932105662494,2.9182108582886617
13614,COc1cc(-c2c(OC)c(OC)cc3cc(C(=O)O)n(C)c23)s:C:1c1scc2ncc(O)nc12,-4.924986,-2.006806,2.91818,0.5003508629351616,3.4928173677266603
13620,COc1cc2cc(C(=O)O)n(C)c2c(C=Nc2scc3ncc(S)nc23)c1OC,-5.325199,-2.464874,2.860324,0.920914216362021,3.622683724940029
13627,COc1cc2ccn(C)c2c(C=Nc2cccc3nc(OC(C)=O)cnc23)c1OC,-5.262271,-1.887111,3.375161,0.7096717864437108,3.101111317806064
13630,COc1cc2[nH]c(C(=O)O)cc2:C(c2c(S(=O)(=O)O)ncc3nsnc23):c1OC,-5.883762,-3.424627,2.459135,0.232694935568139,3.1922214599827647
13632,COc1cc2ccn(C)c2c(C=Nc2occ3ncc(C=O)nc23)c1OC,-5.315541,-2.873645,2.441896,0.9689459164166532,3.532146541258601
13637,COc1cc2cc(C(=O)O)n(C)c2c(C=Cc2cc(S)cc3nsnc23)c1OC,-5.403681,-2.47673,2.926951,0.8501996795330604,3.424945263401568
13639,COc1cc2cc[nH]c2c(C=Nc2occ3nc(C=O)cnc23)c1OC,-5.336414,-2.86416,2.472254,0.9999823238097488,3.5380805663867374
13642,COc1cc2cc[nH]c2c(C=Nc2c(S(=O)(=O)O)ccc3nonc23)c1OC,-6.151133,-3.172855,2.978278,0.8934588333020663,3.211393133757113
13644,COc1cc(-c2c(OC)c(OC)cc3cc(C(=O)O)[nH]c23)s:C:1c1c(S(=O)(=O)O)ccc2nsnc12,-5.441136,-2.67678,2.764356,0.5761342594266243,3.290855878694071
13645,COc1cc(-c2c(OC)c(OC)cc3cc(C(=O)O)n(C)c23)s:C:1c1c(NC(C)=O)ccc2nonc12,-5.646717,-2.22689,3.419826,0.391250582048584,3.2466368251275384
13647,COc1cc2[nH]ccc2c(C#Cc2nc(S(=O)(=O)O)cc3nonc23)c1OC,-5.969347,-3.443983,2.525364,1.0,3.4072951785477663
13649,COc1cc(-c2c(OC)c(OC)cc3[nH]c(C(=O)O)cc23)s:C:1c1c(C)ncc2nsnc12,-5.307848,-2.535256,2.772592,0.7056499203494369,3.2582961322467554
13650,COc1cc(-c2c(OC)c(OC)cc3cc(C(=O)O)[nH]c23)s:C:1c1cccc2ncc(C=O)nc12,-5.273382,-2.623076,2.650306,0.9048095711489124,3.1530902865655506
13654,COc1cc2c(ccn2C):C(c2c(C=O)ccc3c2SCS3):c1OC,-5.477945,-1.556113,3.921833,0.2597911298645648,3.247207899231896
13657,COc1cc2cc[nH]c2:C(c2c(C#N)ccc3nccnc23):c1OC,-5.310241,-2.502469,2.807772,0.417764164079359,2.80746854386895
13665,COc1cc2cc(-c3cc(OC):C(c4occ5nc(OC(C)=O)cnc45):s3)n(C)c2cc1OC,-4.610718,-2.118367,2.492351,0.8901754901926897,3.3282479193460945
13667,COc1cc(-c2c(OC)c(OC)cc3[nH]ccc23)s:C:1c1scc2nc(OC(C)=O)cnc12,-4.898943,-2.056534,2.842409,0.7519033289838846,3.313950701699264
13668,COc1cc2cc[nH]c2:C(c2c(S(=O)(=O)O)ccc3nonc23):c1OC,-5.782638,-3.010915,2.771724,0.3817213163123836,2.956798720232891
13669,COc1cc(-c2c(OC)c(OC)cc3ccn(C)c23)s:C:1c1occ2nc(S(=O)(=O)O)cnc12,-5.441912,-2.835754,2.606158,0.5295200307903984,3.5421038454594544
13671,COc1cc2cc[nH]c2c(C=Nc2scc3sc(=S)sc23)c1OC,-5.496861,-2.323822,3.173039,0.9969712227546176,3.569673606665604
13673,COc1cc2[nH]ccc2c(C=Cc2cccc3nc(O)cnc23)c1OC,-5.027743,-1.851096,3.176647,0.9640830532162652,2.923385181771353
13679,COc1cc2c(ccn2C):C(c2nccc3nonc23):c1OC,-5.438834,-2.554167,2.884667,0.6300739096577666,2.8369271855612457
13682,CNc1ccc2nsnc2c1C1:c(OC)c(OC)cc2[nH]ccc:12,-5.157518,-1.769793,3.387725,0.3175059745334435,2.816719760511757
13684,COc1cc2ccn(C)c2:C(c2scc3nc(OC(C)=O)cnc23):c1OC,-5.231046,-2.184047,3.046999,0.3332593322464328,3.173713816089034
13690,COc1cc2cc[nH]c2:C(c2cccc3ncc(F)nc23):c1OC,-5.246912,-2.139892,3.10702,0.6362201036809882,2.744836148471624
13693,COc1cc(-c2c(OC)c(OC)cc3c2cc(C(=O)O)n3C)s:C:1c1nc(S(=O)(=O)O)cc2nonc12,-5.81163,-3.096341,2.715288,0.911447508518484,3.47842499891834
13695,COc1cc2cc(-c3s:C(c4c(C)ncc5nsnc45):cc3OC)n(C)c2cc1OC,-4.896203,-2.805607,2.090597,0.7761338031950442,3.1594189133926074
13696,COc1cc2cc(-c3s:C(c4c(S(=O)(=O)O)ncc5nonc45):cc3OC)n(C)c2cc1OC,-5.229382,-3.536052,1.69333,0.8194661612213785,3.354434533718563
13697,COc1cc2cc(-c3s:C(c4c(NC(C)=O)ccc5nonc45):cc3OC)n(C)c2cc1OC,-5.135834,-2.542574,2.59326,0.7561383690212411,3.0367935924230167
13704,COc1cc2c:C(c3occ4nc(C=O)cnc34):n(C)c2cc1OC,-4.851054,-2.716698,2.134357,0.9999999998313236,3.100571279513588
13710,CNc1ncc2nsnc2c1C=Cc1c(OC)c(OC)cc2cc(C(=O)O)[nH]c12,-5.340568,-2.357821,2.982747,0.4794448049605474,3.32742045623042
13714,COc1cc2c(ccn2C)c(C=Cc2cc(C=O)cc3ccccc23)c1OC,-5.053493,-1.819593,3.2339,0.9079664051618804,2.678636775431894
13716,COc1cc2cc(-c3s:C(c4cc(NC(C)=O)cc5nccnc45):cc3OC)n(C)c2cc1OC,-4.833163,-2.134135,2.699028,0.8264159982322173,2.9489588180340824
13722,COc1cc2cc(C(=O)O)[nH]c2c(N=Cc2c(C)ccc3nsnc23)c1OC,-5.407041,-2.613154,2.793887,0.8993422618518617,3.171936853328681
13723,COc1cc2c(ccn2C)c(C=Cc2c(OC)ncc3nsnc23)c1OC,-4.830039,-2.476501,2.353538,0.9846950904015364,3.1991465412586013
13726,COc1cc2cc[nH]c2c(C=Nc2c(O)ncc3nsnc23)c1OC,-5.233682,-2.774413,2.45927,0.9999251402353518,3.455166620792026
13727,COc1cc(-c2c(OC)c(OC)cc3cc[nH]c23)s:C:1c1c(OC)ncc2nsnc12,-4.942739,-2.589772,2.352967,0.7367819206911883,3.303820384674135
13728,COc1cc2cc(-c3cc(OC):C(c4cccc5ccc(C#N)cc45):s3)n(C)c2cc1OC,-5.035935,-1.798737,3.237198,0.720275099427857,2.7614935822229967
13734,COc1cc(C=Cc2c(OC)c(OC)cc3[nH]ccc23)c2nccnc2c1,-5.020133,-1.787994,3.232139,0.9762629293262536,2.7801028849149443
13735,COc1cc(-c2c(OC)c(OC)cc3ccn(C)c23)s:C:1c1occ2ncc(O)nc12,-4.888309,-1.867563,3.020747,0.4837828860953653,3.495954402903097
13741,COc1cc(-c2c(OC)c(OC)cc3c2ccn3C)s:C:1c1c(O)ccc2nonc12,-4.964775,-1.945858,3.018917,0.8219267456585617,3.093762969336664
13743,COc1cc2c(ccn2C):C(c2cc(C=O)cc3ccccc23):c1OC,-5.407412,-1.747124,3.660288,0.4044097630368679,2.451784583018755
13746,COc1cc2ccn(C)c2:C(c2nc(OC(C)=O)cc3nonc23):c1OC,-5.319363,-2.746852,2.572511,0.3921865256307133,3.147238512445309
13749,COc1cc2c(ccn2C)c(C=Cc2scc3nc(S(=O)(=O)O)cnc23)c1OC,-5.244611,-2.991882,2.252729,0.9872719502505738,3.397114494170798
13750,COc1cc2cc(C(=O)O)n(C)c2c(C=Cc2scc3nc(C(F)(F)F)cnc23)c1OC,-5.263333,-2.704823,2.55851,0.9293109545316478,3.403035693444888
13753,COc1cc2cc(C(=O)O)n(C)c2:C(c2c(F)ccc3nccnc23):c1OC,-5.465101,-2.081487,3.383614,0.2081710314127952,2.789138313893432
13756,COc1cc2cc(C(=O)O)[nH]c2:C(c2cc(C)cc3nsnc23):c1OC,-5.563929,-2.408271,3.155658,0.7086107308264467,2.9154764863024383
13757,COc1cc2cc(C(=O)O)n(C)c2c(C=Nc2scc3nc(S)cnc23)c1OC,-5.339973,-2.473495,2.866477,0.916371359302322,3.632741844598148
13761,COc1cc2c(cc(C(=O)O)n2C)c(C=Nc2cccc3nonc23)c1OC,-5.553407,-2.521434,3.031973,0.9883333347126336,2.9977101736792164
13764,COc1cc2cc(C(=O)O)n(C)c2:C(c2nccc3nsnc23):c1OC,-5.557538,-2.722828,2.83471,0.3362079779900045,3.0167317023192988
13765,COc1cc(-c2c(OC)c(OC)cc3c2ccn3C)s:C:1c1c(S)ncc2nsnc12,-5.025058,-2.535174,2.489884,0.7039092029345626,3.446348983322677
13769,COc1cc2c(cc(C(=O)O)n2C)c(C=Cc2c(C)ccc3nonc23)c1OC,-5.456486,-2.384306,3.07218,0.9232968541762452,3.01525295570926
13773,COc1cc(-c2c(OC)c(OC)cc3[nH]ccc23)s:C:1c1c(C(F)(F)F)ncc2nonc12,-5.344051,-2.876502,2.467549,0.77392604235504,3.322780499492413
13781,COc1cc2[nH]ccc2c(C=Nc2cc(O)cc3nonc23)c1OC,-5.346164,-2.286615,3.059549,0.9796674597772792,3.179930082330489
13782,COc1cc2c(ccn2C)c(C=Nc2scc3nc(NC(C)=O)cnc23)c1OC,-4.917171,-2.170784,2.746387,0.9917892125058798,3.228346159795146
13783,COc1cc2c(cc(C(=O)O)n2C)c(C=Nc2occ3nc(NC(C)=O)cnc23)c1OC,-5.099541,-2.31359,2.785951,0.999138515057196,3.3718218979707
13784,COc1cc2ccn(C)c2c(C=Cc2scc3ncc(F)nc23)c1OC,-4.913455,-2.406335,2.507121,0.9547107978491004,3.372217015451187
13785,COc1cc2c(ccn2C)c(C#Cc2cncc3nsnc23)c1OC,-5.169683,-2.701688,2.467995,1.0,3.181549313099719
13786,COc1cc2ccn(C)c2:C(c2cccc3nc(OC(C)=O)cnc23):c1OC,-5.103019,-1.952248,3.150771,0.2023883548580314,2.819774828012225
13787,COc1cc(-c2c(OC)c(OC)cc3ccn(C)c23)s:C:1c1cc(C=O)cc2ccccc12,-5.338968,-1.831987,3.506981,0.3136810365190405,2.9182526656927177
13791,COc1cc2ccn(C)c2c(C=Nc2cccc3ncc(C)nc23)c1OC,-5.230379,-1.726767,3.503612,0.7207454087414554,2.9344386491507084
13793,CNc1cc(C2:c(OC)c(OC)cc3cc[nH]c:23)c2nonc2c1,-5.299629,-2.013922,3.285706,0.7363552020406156,2.93972778726761
13796,COc1cc2c(cc(C(=O)O)n2C):C(c2c(S(=O)(=O)O)ccc3nsnc23):c1OC,-6.05626,-2.891534,3.164726,0.1831248354305641,2.949077409848885
13799,CNc1ncc2nsnc2c1C=Cc1c(OC)c(OC)cc2cc(C(=O)O)n(C)c12,-5.14437,-2.285957,2.858413,0.4050481793333831,3.360596560210718
13802,COc1cc2cc(C(=O)O)[nH]c2c(C=Cc2c(C=O)ccc3nonc23)c1OC,-5.842363,-3.030118,2.812245,0.8542666664972784,3.180609011577511
13803,COc1cc2ccn(C)c2c(C=Cc2c(C(F)(F)F)ccc3nsnc23)c1OC,-5.180278,-2.596952,2.583326,0.8505135247213531,3.174408511264816
13805,COc1cc2cc[nH]c2c(C=Nc2occ3nc(C)cnc23)c1OC,-5.077035,-2.274645,2.80239,0.9999851022772192,3.3777820054074104
13808,COc1cc2ccn(C)c2:C(c2c(NC(C)=O)ccc3nccnc23):c1OC,-5.353854,-1.860523,3.493332,0.158884293984853,2.74183149792459
13816,COc1cc2ccn(C)c2:C(c2scc3ncc(C(F)(F)F)nc23):c1OC,-5.438962,-2.654075,2.784887,0.4003777056361888,3.1546256541457147
13818,COc1cc2[nH]c(C(=O)O)cc2:C(c2c(OC)ccc3nsnc23):c1OC,-5.398087,-2.136874,3.261213,0.3577138882571865,2.741325759408872
13826,COc1cc2c(ccn2C)c(C#Cc2cc(O)cc3nsnc23)c1OC,-5.106967,-2.239654,2.867313,1.0,3.201793314827486
13831,COc1cc2ccn(C)c2c(C=Cc2cc(C=O)cc3nccnc23)c1OC,-5.277255,-2.411955,2.865299,0.371068264384809,3.037335236970355
13832,COc1cc2cc[nH]c2:C(c2nc(S(=O)(=O)O)cc3nsnc23):c1OC,-5.501798,-3.207465,2.294333,0.7946667092072224,3.282777013172828
13834,COc1cc2cc(C(=O)O)n(C)c2c(C=Cc2c(NC(C)=O)ccc3nonc23)c1OC,-5.759714,-2.199149,3.560565,0.3799068231309119,3.1571816213933444
13835,COc1cc(C2:c(OC)c(OC)cc3cc(C(=O)O)n(C)c:23)c2nsnc2c1,-5.563949,-2.241706,3.322243,0.1287855926022151,2.959513461822425
13836,COc1cc2cc[nH]c2:C(c2c(C=O)ccc3nonc23):c1OC,-5.658912,-2.867934,2.790978,0.6131490144553591,2.9695511986388468
13837,COc1cc2[nH]c(C(=O)O)cc2:C(c2scc3ncc(F)nc23):c1OC,-5.602316,-2.27173,3.330585,0.4576570273025438,3.1187399214973803
13838,COc1cc2ccn(C)c2c(C#Cc2nc(OC(C)=O)cc3nsnc23)c1OC,-5.324172,-2.807976,2.516195,1.0,3.409043533153495
13839,COc1cc2cc(C(=O)O)[nH]c2c(C=Nc2c(S)ncc3nonc23)c1OC,-5.727689,-3.066128,2.661562,0.994252284206122,3.516879599190414
13846,COc1cc2c(ccn2C)c(C=Nc2c(Br)ncc3nonc23)c1OC,-5.394886,-2.905113,2.489773,0.941678453982729,3.3336442503784216
13848,COc1cc2c(cc(C(=O)O)n2C):C(c2nc(S)cc3nonc23):c1OC,-5.876732,-2.804763,3.07197,0.6240466786565121,3.265439192607252
13851,COc1cc2cc(C(=O)O)n(C)c2:C(c2scc3nc(S(=O)(=O)O)cnc23):c1OC,-5.854304,-3.105659,2.748645,0.2327341779302445,3.343179473638754
13852,COc1cc2c:C(c3c(F)ccc4nccnc34):n(C)c2cc1OC,-4.803942,-2.123234,2.680708,0.5787738580293827,2.545133793056383
13856,CNc1ncc2nsnc2c1C1:c(OC)c(OC)cc2[nH]c(C(=O)O)cc:12,-5.282761,-2.323237,2.959524,0.4944942139018345,3.0673425610283056
13858,COc1cc(-c2c(OC)c(OC)cc3cc[nH]c23)s:C:1c1c(S)ncc2nonc12,-5.235328,-2.748529,2.486799,0.7441636452619252,3.4747851239725387
13859,COc1cc2cc(C(=O)O)n(C)c2:C(c2c(C=O)ncc3nonc23):c1OC,-5.792663,-3.383927,2.408736,0.2608278279725973,3.2988968937750887
13860,COc1cc2ccn(C)c2c(C=Cc2c(O)ncc3nsnc23)c1OC,-4.953476,-2.632106,2.32137,0.9284493503763148,3.375807659941831
13861,COc1cc(-c2c(OC)c(OC)cc3[nH]ccc23)s:C:1c1occ2nc(F)cnc12,-4.726984,-2.07142,2.655564,0.9010758464662796,3.371967771557512
13862,CNc1ccc2nonc2c1C1:sc(-c2cc3cc(OC)c(OC)cc3n2C)cc:1OC,-4.802978,-1.976994,2.825984,0.714477628044919,3.0826971608236624
13863,COc1cc2[nH]ccc2c(C#Cc2cccc3nc(F)cnc23)c1OC,-5.123187,-2.110916,3.012271,1.0,3.0051679510021216
13867,COc1cc2cc(C(=O)O)[nH]c2:C(c2scc3nc(Br)cnc23):c1OC,-5.480048,-2.717234,2.762815,0.9586952475835624,3.1883064125405847
13868,COc1cc2ccn(C)c2c(C=Cc2cccc3ncc(F)nc23)c1OC,-4.959478,-2.159674,2.799804,0.9361376423548138,2.941973114685174
13870,COc1cc2c(ccn2C)c(C=Cc2occ3ncc(O)nc23)c1OC,-4.690602,-1.945606,2.744997,0.9855921665345208,3.41900765994183
13871,COc1cc2[nH]c(C(=O)O)cc2:C(c2occ3ncc(OC(C)=O)nc23):c1OC,-5.37181,-2.153614,3.218196,0.7582384253999445,3.160688853145156
13874,COc1cc(C#Cc2c(OC)c(OC)cc3c2ccn3C)c2nonc2c1,-5.127512,-2.173705,2.953807,1.0,3.031212475324536
13878,COc1cc2[nH]ccc2c(C=Cc2cccc3cc(C=O)ccc23)c1OC,-5.104158,-1.812986,3.291173,0.9083820847475972,2.6158537724889097
13881,COc1cc2[nH]ccc2:C(c2nccc3nonc23):c1OC,-5.541721,-2.575811,2.965911,0.6298693655433902,2.8188370591098337
13882,COc1cc(-c2c(OC)c(OC)cc3[nH]ccc23)s:C:1c1cccc2nc(NC(C)=O)cnc12,-4.69935,-1.75251,2.94684,0.8927664839452512,2.9725403311224614
13884,COc1cc2c:C(c3cc(Br)cc4nccnc34):n(C)c2cc1OC,-5.201188,-2.301203,2.899984,0.589649845667305,2.5898393185168374
13888,COc1cc2cc(C(=O)O)[nH]c2:C(c2cccc3ncc(Br)nc23):c1OC,-5.600095,-2.349031,3.251063,0.5895987634151251,2.783866245238832
13890,COc1cc2c(ccn2C)c(C#Cc2cc(S)cc3nonc23)c1OC,-5.325627,-2.481307,2.84432,1.0,3.3594804250145955
13894,COc1cc2[nH]c(C(=O)O)cc2:C(c2scc3ncc(C#N)nc23):c1OC,-5.850014,-2.853359,2.996655,0.5842709901035562,3.135952075198346
13895,COc1cc(-c2c(OC)c(OC)cc3[nH]ccc23)s:C:1c1cccc2ncc(S(=O)(=O)O)nc12,-5.413664,-2.563516,2.850148,0.7712623112123183,3.1490772462691705
13900,COc1cc2cc(-c3s:C(c4c(C(F)(F)F)ccc5nsnc45):cc3OC)n(C)c2cc1OC,-4.910725,-2.791369,2.119356,0.7182293019711439,3.1267527523420444
13903,COc1cc(-c2c(OC)c(OC)cc3cc(C(=O)O)[nH]c23)s:C:1c1c(O)ncc2nsnc12,-5.164729,-2.683875,2.480855,0.7332848278811872,3.428591913884471
13906,CNc1cnc2c(C=Cc3c(OC)c(OC)cc4ccn(C)c34)occ2n1,-4.622908,-1.824129,2.798779,0.9562813049101688,3.365544942857003
13907,COc1cc2cc[nH]c2c(C=Cc2cc(O)cc3nonc23)c1OC,-5.396131,-2.440458,2.955673,0.9687475010667184,3.136347390022795
13909,COc1cc2cc[nH]c2c(C=Cc2occ3ncc(S)nc23)c1OC,-4.925632,-2.257542,2.66809,0.977041623378638,3.6253993130997193
13910,COc1cc2c:C(c3c(C=O)ccc4nccnc34):n(C)c2cc1OC,-5.241426,-2.511593,2.729833,0.5291613046784834,2.688754021688192
13911,COc1cc2c(ccn2C)c(N=Cc2occ3ncc(C)nc23)c1OC,-4.792086,-2.217298,2.574788,0.8942648504641046,3.362564000898172
13912,COc1cc2c(ccn2C)c(C=Nc2occ3nccnc23)c1OC,-4.990069,-2.23325,2.756819,0.9995706212567864,3.251883928484334
13914,COc1cc2cc(C(=O)O)[nH]c2c(C=Cc2c(O)ncc3nonc23)c1OC,-5.35826,-2.953027,2.405233,0.9833035203261172,3.3481966391125173
13915,COc1cc2cc(-c3s:C(c4cc(OC(C)=O)cc5nonc45):cc3OC)n(C)c2cc1OC,-4.94711,-2.627473,2.319637,0.8619255669076787,3.0917916693460947
13916,COc1cc(-c2c(OC)c(OC)cc3[nH]ccc23)s:C:1c1occ2nc(F)cnc12,-4.72699,-2.071416,2.655574,0.9010830768503548,3.371967771557512
13917,COc1cc2c(ccn2C)c(C=Cc2cccc3nc(F)cnc23)c1OC,-5.002009,-2.016534,2.985475,0.9613480672471388,2.888884802996863
13918,COc1cc(-c2c(OC)c(OC)cc3cc[nH]c23)s:C:1c1occ2nc(Br)cnc12,-4.953396,-2.3629,2.590496,0.9038016831901242,3.42538816511744
13919,COc1cc2cc(-c3cc(OC):C(c4cccc5nc(NC(C)=O)cnc45):s3)n(C)c2cc1OC,-4.567988,-1.900364,2.667624,0.8903479902687522,2.941851125726391
13922,COc1cc2cc(-c3s:C(c4cc(C(F)(F)F)cc5nccnc45):cc3OC)n(C)c2cc1OC,-4.835542,-2.48305,2.352492,0.8226186794892388,3.0127261507014165
13926,COc1cc2c(ccn2C)c(C=Cc2occ3ncc(C)nc23)c1OC,-4.786132,-2.028282,2.75785,0.9685819454786536,3.196580425014596
13927,COc1cc2cc(-c3cc(OC):C(c4occ5ncc(O)nc45):s3)n(C)c2cc1OC,-4.722566,-1.969009,2.753557,0.8401458803995899,3.36635597632967
13929,COc1cc2cc(-c3s:C(c4cc(C=O)cc5c4SCS5):cc3OC)n(C)c2cc1OC,-4.893743,-1.932383,2.96136,0.7223580482933449,3.4116924270958524
13931,COc1cc2c(ccn2C)c(C=Nc2cc(S(=O)(=O)O)cc3nccnc23)c1OC,-5.505228,-2.292638,3.21259,0.8284311781371116,3.0606559008700582
13933,COc1cc2c:C(c3cc(Br)cc4nccnc34):n(C)c2cc1OC,-5.201669,-2.304537,2.897131,0.5951957837243987,2.5898393185168374
13934,COc1cc2[nH]ccc2c(C=Cc2c(C#N)ccc3ccccc23)c1OC,-5.104057,-1.74846,3.355598,0.8525737670788045,2.661315310950448
